-7.826991707 -1.581646063  5.659668246 -6.860187555 -1.977475022  4.180497154 1779097887 1779097887
-7.817597556 -1.555623682   5.70265847 -6.888482657 -1.971975272  4.232580075 1779097887 1779097887
-7.825469512 -1.540553203  5.710290071  -6.97144599 -1.954725044  4.382411547 1779097887 1779097887
-7.853252143  -1.54848812  5.684566504 -7.103765067 -1.924610165   4.61456109 1779097887 1779097887
-7.883658488 -1.573566918  5.650031501 -7.276836053 -1.880685446  4.905077287 1779097887 1779097887
 -7.86130861 -1.543719229  5.697790749 -7.478758374 -1.822996886  5.223916849 1779097887 1779097887
-7.854916224 -1.510885969  5.716975922 -7.693526945 -1.753426601  5.537422918 1779097887 1779097887
-7.845605833 -1.463159464  5.737141973 -7.903743621 -1.676380112  5.813377699 1779097887 1779097887
-7.866094957 -1.506324075  5.688730826 -8.091401217 -1.599041824  6.024931203 1779097887 1779097887
-7.870455966 -1.514296714  5.666841095 -8.239022759 -1.529587412  6.153550935 1779097887 1779097887
-7.839566594 -1.496438417   5.70132771 -8.332506018 -1.476393177    6.1914348 1779097887 1779097887
-7.819368263 -1.496945887  5.714479103 -8.363150095 -1.446553288  6.143203484 1779097887 1779097887
-7.805056455 -1.496586362  5.728664243 -8.328335612 -1.443948947  6.024704753 1779097887 1779097887
-7.817682408 -1.535502119  5.699526877  -8.23303053 -1.468480954  5.860734915 1779097888 1779097888
-7.832273659 -1.567749145  5.673880124 -8.088982912 -1.515562048  5.680948815 1779097888 1779097888
-7.840161211 -1.571026203  5.669116241 -7.914148323 -1.577148805  5.515929015 1779097888 1779097888
-7.846877197 -1.561101423  5.675199959 -7.730438256 -1.642890331  5.392401936 1779097888 1779097888
-7.840802583 -1.532609749  5.698973651 -7.560991669 -1.701911224  5.329185688 1779097888 1779097888
-7.861371662 -1.539253367   5.67555691 -7.426790384 -1.744608886  5.334579682 1779097888 1779097888
-7.877533982 -1.540558234  5.656226323 -7.344529917 -1.764803666   5.40600811 1779097888 1779097888
-7.877626013 -1.536934758  5.655994114  -7.32404755 -1.760288433  5.530390202 1779097888 1779097888
-7.852386002 -1.528527688  5.685375728 -7.366817299 -1.733226334  5.687015921 1779097888 1779097888
-7.829580105 -1.487225476  5.719594308 -7.465778068 -1.689509444  5.851128667 1779097888 1779097888
-7.828694991 -1.514291807  5.704358918 -7.606304767 -1.637551292  5.998137179 1779097888 1779097888
-7.825930375 -1.520823448   5.69585049 -7.768329029 -1.586662865  6.107577343 1779097888 1779097888
-7.826597054 -1.505637938  5.691310444 -7.928899901 -1.545168054  6.165723028 1779097888 1779097888
-7.827985805 -1.500386353   5.68592821 -8.065684027 -1.519162781  6.167468943 1779097888 1779097888
-7.822592413 -1.494544738  5.696163951 -8.159744778 -1.511687391  6.116460053 1779097888 1779097888
-7.832784957 -1.518048207  5.680578944  -8.19864732 -1.522543891  6.023841853 1779097888 1779097888
-7.844087901 -1.547082937  5.666261588 -8.177940878 -1.548363215  5.905294418 1779097888 1779097888
-7.861435006 -1.539062133  5.655120171 -8.101825104  -1.58390601  5.778758508 1779097888 1779097888
-7.863810937 -1.531120505  5.668768077 -7.982659383 -1.622985823  5.661335862 1779097888 1779097888
-7.857605881 -1.512575114  5.690909656 -7.838829734 -1.659622434   5.56679628 1779097888 1779097888
-7.872496452  -1.53499838  5.670776817 -7.691844438 -1.688755807  5.503805293 1779097888 1779097888
-7.887069475 -1.542758439  5.652472894 -7.563456364 -1.707084953  5.475708317 1779097888 1779097888
-7.894217501 -1.539432082  5.643788614 -7.472163678 -1.713016834  5.480714798 1779097888 1779097888
-7.872634771 -1.532105589  5.672475028 -7.430427315 -1.706666854   5.51321421 1779097888 1779097888
-7.854602202 -1.500755206  5.701851333 -7.442945098 -1.689364097  5.565074228 1779097888 1779097888
-7.856120398 -1.527259604  5.689027538 -7.505968037 -1.663394949  5.627334149 1779097888 1779097888
-7.867689066 -1.531830745  5.669133548  -7.60844581 -1.631686592  5.691960337 1779097888 1779097888
-7.866335665  -1.52152372   5.67390572  -7.73335555 -1.597377552  5.752107049 1779097888 1779097888
-7.860758322 -1.504005232  5.690983059 -7.860717231 -1.563687446  5.802497788 1779097888 1779097888
-7.850479119 -1.490508649  5.715328761 -7.970682492 -1.533863165  5.839533101 1779097888 1779097888
-7.863071198 -1.508437668  5.701654914 -8.046733848 -1.511065014  5.860887055 1779097888 1779097888
-7.870252422 -1.533306082  5.694488663 -8.077802612  -1.49795559  5.864897905 1779097888 1779097888
-7.884565893 -1.539718376  5.682087508 -8.060122655 -1.496587965  5.850685441 1779097888 1779097888
-7.882441015 -1.535976786  5.691748689 -7.99762261  -1.5080311 5.818400322 1779097888 1779097888
-7.875606058 -1.515153849  5.707520842 -7.901096081 -1.532027468  5.769763058 1779097888 1779097888
-7.882829001  -1.53398127  5.688510226 -7.786361582 -1.566593491   5.70848613 1779097888 1779097888
-7.891596729 -1.548255178  5.664012498 -7.671676999 -1.608043447  5.640696783 1779097888 1779097888
-7.894153752 -1.559527949  5.645017702 -7.575036315 -1.651279593  5.575090718 1779097888 1779097888
-7.870856378 -1.545848801  5.663776316  -7.51150243 -1.690378059  5.522257763 1779097888 1779097888
-7.843206592 -1.511754849  5.696808243 -7.490809843 -1.719385001  5.493198535 1779097888 1779097888
-7.839846923 -1.537853573  5.684575084 -7.516089037 -1.733267171  5.497220833 1779097888 1779097888
-7.851104665 -1.550258344  5.658259964 -7.583991813 -1.729246875   5.54048941 1779097888 1779097888
-7.849779179 -1.541144533  5.659769665  -7.68490498 -1.707200195   5.62343259 1779097888 1779097888
-7.835552394  -1.52523137  5.687263491 -7.804515336 -1.670027095  5.739567957 1779097888 1779097888
-7.830839368 -1.507281308  5.706577868 -7.926057581 -1.623437707  5.875501579 1779097888 1779097888
-7.837188772 -1.536808886  5.698714556 -8.032697757 -1.575201983  6.012308772 1779097888 1779097888
-7.845352058 -1.549860397   5.69329248 -8.109575187 -1.533746316  6.127807024 1779097888 1779097888
-7.856438428 -1.556161698  5.685557571  -8.14603035 -1.506722963  6.200374135 1779097888 1779097888
-7.861303634 -1.534740689  5.690299927 -8.136807947 -1.499541191  6.212932579 1779097888 1779097888
-7.858393935 -1.510864772  5.701209034  -8.08280733 -1.514299469  6.156830715 1779097888 1779097888
 -7.8582916  -1.5344627 5.691766755 -7.990808723 -1.549178928  6.034258852 1779097889 1779097889
-7.868841342 -1.545622681  5.668181171 -7.872602886 -1.598572191  5.858903708 1779097889 1779097889
-7.877794162 -1.562786766  5.642972984  -7.74358876 -1.654020112  5.654815834 1779097889 1779097889
-7.861631879 -1.550211014  5.661478782 -7.620900659 -1.705711156  5.453028187 1779097889 1779097889
-7.838174075 -1.517433575  5.698798566   -7.5210065 -1.744200638  5.286344679 1779097889 1779097889
-7.842414228 -1.528223361  5.690357845 -7.457490871 -1.762191954  5.183393925 1779097889 1779097889
-7.863920988  -1.54615135  5.659656275 -7.439595863 -1.756120299  5.163831455 1779097889 1779097889
-7.878605827  -1.54477252  5.647735871 -7.470595053 -1.726798215   5.23402771 1779097889 1779097889
-7.865990898 -1.541693038  5.677333582 -7.546967328 -1.679460913  5.385192927 1779097889 1779097889
-7.859722358 -1.510949864  5.706762601 -7.658747897 -1.622758969  5.594308375 1779097889 1779097889
-7.860628679 -1.526066813  5.708749208 -7.790695064 -1.567354426  5.828073911 1779097889 1779097889
 -7.86476423 -1.544835978  5.703220466 -7.923954645 -1.523792259  6.048370305 1779097889 1779097889
-7.871886324  -1.54981124   5.69421465 -8.038662774 -1.500490939  6.218835856 1779097889 1779097889
-7.869813994 -1.540668508  5.697405295 -8.116725169 -1.502142154   6.31149064 1779097889 1779097889
 -7.86531427 -1.521499492  5.702554855 -8.144658158 -1.528724683   6.31186962 1779097889 1779097889
-7.874038872 -1.537779765  5.680639752 -8.115840718 -1.575375559  6.221669635 1779097889 1779097889
-7.882260252 -1.557041226  5.658923164 -8.031807726 -1.633196456  6.058085389 1779097889 1779097889
-7.896502608 -1.557423837  5.634987243   -7.9027048 -1.690872398  5.851016031 1779097889 1779097889
-7.875170576 -1.540919511  5.668705216 -7.746192654   -1.7367044  5.637412351 1779097889 1779097889
-7.861506551 -1.513779791  5.698778841 -7.584957106  -1.76083539  5.454590787 1779097889 1779097889
-7.864580029 -1.527245081  5.696175602 -7.443388421 -1.757150391  5.333065285 1779097889 1779097889
-7.888751364 -1.544855811  5.664015511  -7.34409668 -1.724611675  5.291420976 1779097889 1779097889
-7.911494694 -1.534133972  5.642650488 -7.304150129 -1.667493525  5.333178339 1779097889 1779097889
-7.890430322 -1.531136497  5.678354834 -7.331913833 -1.594906143  5.446415056 1779097889 1779097889
-7.879182387 -1.506085813  5.703803821 -7.425499629 -1.518999151  5.606004034 1779097889 1779097889
 -7.86617806 -1.515183753  5.718274194 -7.572775616 -1.453171754  5.779200336 1779097889 1779097889
-7.881273662 -1.534309178  5.689139761 -7.752913233  -1.40939298  5.931739301 1779097889 1779097889
-7.884738185 -1.547903406  5.674406353 -7.939331347 -1.396127829  6.034366114 1779097889 1779097889
-7.870484971 -1.548406691   5.68577095 -8.103933917 -1.416706607  6.067980653 1779097889 1779097889
-7.859820599 -1.541636379  5.692337713 -8.221651979 -1.468687496  6.027235514 1779097889 1779097889
-7.857901936 -1.550839188  5.686421212 -8.274420436 -1.544196666   5.92125546 1779097889 1779097889
-7.868313119 -1.568170514  5.661424236  -8.25417647 -1.631211495  5.771467911 1779097889 1779097889
-7.875502403   -1.5895068  5.640354108  -8.16435557 -1.715647133  5.607430006 1779097889 1779097889
-7.862920423 -1.579349841  5.657191167 -8.019458978 -1.783973318  5.461383731 1779097889 1779097889
-7.854667206  -1.55596213  5.671500765 -7.842638527 -1.825476597  5.362270521 1779097889 1779097889
-7.850846137 -1.557050379  5.674052136  -7.66185743 -1.834155122  5.330248552 1779097889 1779097889
-7.861443277 -1.567578756  5.653686719 -7.505460357 -1.809906975  5.373340589 1779097889 1779097889
-7.877316813 -1.562300102  5.629042544 -7.397668519 -1.758419948  5.486017918 1779097889 1779097889
 -7.85963917 -1.551627573  5.652371807 -7.354608506  -1.69002016  5.650177488 1779097889 1779097889
-7.840324222 -1.518527587  5.682132771  -7.38175997 -1.617722847  5.838293365 1779097889 1779097889
-7.823538345 -1.516120343  5.703001342 -7.47351908 -1.55476711 6.018241458 1779097889 1779097889
-7.832858436 -1.524672777  5.685593235 -7.614432596 -1.512182854  6.158974622 1779097889 1779097889
-7.840461084 -1.517399267  5.676018647 -7.781797613 -1.496645089  6.235566812 1779097889 1779097889
-7.834725099 -1.514970246  5.685909571 -7.949552301 -1.509304179  6.233440496 1779097889 1779097889
-7.836007926 -1.500652695  5.692809362  -8.09251314 -1.545660009  6.150833886 1779097889 1779097889
-7.835572495 -1.508239967  5.696648056 -8.190220391 -1.596597613  5.999231256 1779097889 1779097889
-7.847844616 -1.525410231  5.681210639 -8.229793361 -1.650150681  5.801360942 1779097889 1779097889
-7.86275476 -1.54967735 5.661457925 -8.207478839 -1.693919361  5.587635203 1779097889 1779097889
-7.860484476 -1.558438803   5.66967959 -8.128668569 -1.717644027  5.391517901 1779097889 1779097889
-7.861759562 -1.545762186  5.678539177  -8.0065801  -1.7152548 5.244384592 1779097889 1779097889
-7.857626804 -1.538939727  5.689435245 -7.859696335 -1.686011225  5.170394728 1779097890 1779097890
-7.874954754 -1.549940923  5.664968371 -7.708710252 -1.634701885  5.182711171 1779097890 1779097890
 -7.88320585 -1.558010102  5.652761957 -7.573678809 -1.570764387  5.281565538 1779097890 1779097890
-7.874508518 -1.550778874  5.667682622 -7.471287077 -1.506368444  5.453937526 1779097890 1779097890
-7.859789343 -1.538496371  5.692302607 -7.412857455 -1.454102735   5.67534199 1779097890 1779097890
-7.846017203 -1.514498449  5.718727967 -7.403556905 -1.424492709  5.913487537 1779097890 1779097890
-7.864105816 -1.528398328  5.691601321 -7.442311242 -1.423968361  6.133041993 1779097890 1779097890
-7.871716012  -1.53587545  5.681254085 -7.522476665  -1.45367313  6.301151653 1779097890 1779097890
-7.871694178 -1.532424896  5.684353198 -7.632921001 -1.509174745  6.392054957 1779097890 1779097890
-7.863717155 -1.527778577  5.698348772 -7.759599511 -1.581375168   6.39122429 1779097890 1779097890
 -7.85416052 -1.532875166  5.709836166 -7.887116508 -1.658287534  6.297726657 1779097890 1779097890
-7.861959352 -1.538137799    5.6958076 -8.000319376  -1.72722495  6.124386014 1779097890 1779097890
 -7.86780115 -1.565955144  5.676155186 -8.085751008 -1.777124559  5.895954427 1779097890 1779097890
-7.872420907  -1.56602034   5.66311935  -8.13294066 -1.800581743  5.645522358 1779097890 1779097890
-7.864528562 -1.554537076  5.667753558 -8.135681022 -1.795019598  5.409677764 1779097890 1779097890
-7.852785205 -1.540199231  5.681266729 -8.092774562 -1.762962476  5.222958969 1779097890 1779097890
-7.862199303 -1.547244307  5.660199446  -8.00844218 -1.711296358  5.112582099 1779097890 1779097890
-7.865298686 -1.548913809  5.651298062 -7.892332515 -1.649910632  5.094551105 1779097890 1779097890
-7.865487131 -1.544580436  5.651837815 -7.758754695 -1.589659678  5.171170028 1779097890 1779097890
-7.856605177 -1.531627211  5.673231801  -7.62525665 -1.540375586  5.330806807 1779097890 1779097890
-7.853298463 -1.504700413  5.692725051 -7.510482235 -1.509214624  5.549723242 1779097890 1779097890
-7.871057511 -1.520687931  5.674481994 -7.431747739  -1.49953834  5.795690219 1779097890 1779097890
-7.886436931 -1.528041055  5.665418216 -7.402428981 -1.510754016  6.033143367 1779097890 1779097890
-7.898520466 -1.527867988   5.66308914 -7.429469846 -1.538706458  6.228160344 1779097890 1779097890
 -7.89583082 -1.524356777  5.684746896 -7.511803151 -1.576850028  6.353540113 1779097890 1779097890
-7.892273134 -1.509893791  5.701230653 -7.639859985 -1.617740182  6.392679467 1779097890 1779097890
-7.899732026 -1.528443784  5.690352603 -7.796419414 -1.654546052   6.34183796 1779097890 1779097890
-7.901150038 -1.554615757  5.681383625 -7.958653564 -1.682082542  6.210017885 1779097890 1779097890
-7.905710885  -1.55502926  5.669837245 -8.101487438 -1.697641736  6.017550605 1779097890 1779097890
-7.889776306 -1.549669585  5.681322244 -8.201595205 -1.700996955  5.792794336 1779097890 1779097890
-7.878123349 -1.541889031  5.688132177 -8.241246579 -1.694055625  5.567931311 1779097890 1779097890
-7.878772932 -1.545019333  5.673285767 -8.211528762  -1.67991444  5.374118233 1779097890 1779097890
-7.877155484 -1.555753744  5.659576713 -8.114276334 -1.661972498  5.237221401 1779097890 1779097890
-7.876083384 -1.557122415  5.649472896  -7.96228961 -1.643127631  5.174522948 1779097890 1779097890
-7.849107727   -1.5478354  5.677586372 -7.777738357 -1.625157641  5.192577374 1779097890 1779097890
-7.834754289 -1.528149388  5.697167357 -7.588634154 -1.608570336  5.286572631 1779097890 1779097890
-7.836857272 -1.553930574  5.682636777 -7.424478698 -1.592859013   5.44134684 1779097890 1779097890
-7.858053974 -1.560356404  5.647684369 -7.311693021  -1.57715369   5.63417389 1779097890 1779097890
-7.863842356 -1.540638793  5.641470692 -7.268923669 -1.560737382  5.837644827 1779097890 1779097890
-7.848046167 -1.522494773  5.664075719 -7.303769658 -1.543691727  6.023396022 1779097890 1779097890
-7.832284551 -1.505045799  5.688003349 -7.411582877   -1.5271765  6.165999378 1779097890 1779097890
-7.826391792 -1.527936449  5.688602681 -7.576113839   -1.5134994  6.246410588 1779097890 1779097890
-7.824100827 -1.543201839    5.6880074 -7.771867036  -1.50566731  6.254139319 1779097890 1779097890
-7.836326593 -1.541786996  5.675318682  -7.96843559 -1.506701548  6.188541302 1779097890 1779097890
-7.839058073 -1.532986023  5.682741896 -8.135288089 -1.518945117   6.05887644 1779097890 1779097890
-7.842439303 -1.528623187  5.691568301 -8.246867426  -1.54337159    5.8831735 1779097890 1779097890
 -7.85735624 -1.556433139  5.677642963 -8.286651444 -1.579012197  5.685661773 1779097890 1779097890
 -7.87538398 -1.571134525   5.66371392 -8.249680161 -1.622756283  5.493364055 1779097890 1779097890
-7.898078004 -1.578365411  5.645865139  -8.14341569 -1.669769919  5.332817345 1779097890 1779097890
-7.890808216  -1.57565445  5.672520866 -7.986339708 -1.714131414  5.226377356 1779097890 1779097890
-7.887559245 -1.556205861  5.691739731 -7.804729004 -1.749694796  5.188871331 1779097891 1779097891
-7.890514771 -1.555530538  5.691194346 -7.628278374 -1.771076922  5.225346743 1779097891 1779097891
-7.892644833 -1.562972879  5.685375703 -7.485350791 -1.774710534   5.33049658 1779097891 1779097891
-7.900532736 -1.552706942  5.671329233  -7.39834691 -1.759460278  5.489093146 1779097891 1779097891
-7.890640708 -1.536509479  5.679084005  -7.38012613 -1.726945855  5.678054588 1779097891 1779097891
-7.874457911 -1.507451158  5.697953904 -7.432102792 -1.681231445  5.869570722 1779097891 1779097891
-7.865219619 -1.521138447  5.698142864 -7.544218513 -1.628377786   6.03545859 1779097891 1779097891
-7.853939621 -1.537513823   5.70111514 -7.696677721 -1.575596723  6.151564412 1779097891 1779097891
-7.852982207 -1.551567232  5.692142112  -7.86329306 -1.530038249  6.201344271 1779097891 1779097891
-7.851812677 -1.547189688  5.692125498 -8.015706922 -1.497760982  6.178593117 1779097891 1779097891
-7.847796475 -1.532729123  5.702264509 -8.128106944  -1.48288639   6.08872862 1779097891 1779097891
-7.854681317 -1.540347429  5.693322908 -8.181485099 -1.486979517  5.948090241 1779097891 1779097891
-7.868788778   -1.5565552  5.673280611 -8.166438977 -1.508905288  5.781098378 1779097891 1779097891
-7.885035307 -1.576017325  5.650046095 -8.084950927 -1.544973767  5.616421833 1779097891 1779097891
-7.877060299 -1.580964111  5.664310912 -7.949999519 -1.589743364  5.482343435 1779097891 1779097891
-7.870431574 -1.553100594  5.684768296 -7.783562053 -1.636839111  5.401928771 1779097891 1779097891
-7.869759928 -1.548972532  5.687618009 -7.612842883 -1.679968944  5.388785468 1779097891 1779097891
-7.878082914 -1.549700124  5.675369194  -7.46601303 -1.713925994  5.444814482 1779097891 1779097891
-7.891427966 -1.541324388  5.656962146 -7.367643622 -1.735298075  5.559758941 1779097891 1779097891
 -7.87938519 -1.534170134  5.672244142 -7.334573218 -1.742917074  5.712905964 1779097891 1779097891
-7.862542971 -1.506367816  5.698255637 -7.373139018 -1.737684999  5.876433092 1779097891 1779097891
-7.857731227 -1.508008659  5.701548502 -7.477979478 -1.722273634  6.020451831 1779097891 1779097891
-7.861729368 -1.528448622  5.688128384 -7.633047007  -1.70050181    6.1184136 1779097891 1779097891
-7.869747586  -1.52776449  5.675216385  -7.81389634 -1.676469288  6.151691752 1779097891 1779097891
-7.862932637  -1.53288814  5.682433086 -7.991679219 -1.653623955  6.112887584 1779097891 1779097891
 -7.86126313 -1.518249009  5.688780752 -8.137817951 -1.634287265  6.007371258 1779097891 1779097891
-7.864658819 -1.522978068  5.683360512 -8.228693539 -1.619304561  5.852411835 1779097891 1779097891
-7.878329537 -1.535542289   5.66176353 -8.249382903 -1.608077714  5.674023371 1779097891 1779097891
 -7.89518263 -1.543987977  5.636815973 -8.196180306 -1.598887665  5.502414025 1779097891 1779097891
-7.876980893 -1.548739436  5.662134224 -8.077158133 -1.589672567  5.366889556 1779097891 1779097891
-7.871101649 -1.542188854  5.674383576 -7.910893749 -1.578718853  5.290649677 1779097891 1779097891
 -7.86640448 -1.541527458  5.683702521 -7.723344172 -1.565247763  5.286699374 1779097891 1779097891
-7.885075802 -1.553015285  5.658944464 -7.543614968 -1.549853941  5.355648508 1779097891 1779097891
-7.906167588 -1.557896689  5.634045638 -7.399414683 -1.534507285   5.48587452 1779097891 1779097891
-7.901695602  -1.55656777  5.648262623 -7.312613784 -1.522267614  5.655523258 1779097891 1779097891
-7.889186624 -1.539406078  5.680487018 -7.295828294 -1.516547242   5.83627198 1779097891 1779097891
-7.882527077 -1.522295359  5.699877772 -7.350716926 -1.520236032   5.99829626 1779097891 1779097891
-7.899339491 -1.530199514  5.678805329 -7.468101956 -1.534896215  6.115375753 1779097891 1779097891
 -7.90529134 -1.536887512  5.670312357 -7.629700506 -1.560190395  6.169180718 1779097891 1779097891
-7.899828538 -1.529220004  5.677072115 -7.811164936 -1.593576773  6.152015282 1779097891 1779097891
-7.892645413 -1.506873706  5.683977649 -7.986101234 -1.630547482  6.067862108 1779097891 1779097891
-7.873891948 -1.511055089  5.698321372 -8.130137975 -1.665381276  5.931417559 1779097891 1779097891
-7.880747259 -1.530724778  5.670544527   -8.2244769 -1.692099217  5.765231563 1779097891 1779097891
-7.880570826 -1.535343385  5.656001851 -8.258213894 -1.705612833  5.595778926 1779097891 1779097891
-7.867939458 -1.541086076  5.659257127 -8.229631689  -1.70290292  5.449248408 1779097891 1779097891
-7.856284174 -1.538933826   5.66560475 -8.145723685 -1.683728503  5.347375947 1779097891 1779097891
-7.842703556 -1.527618127  5.684000575 -8.020576361 -1.650878149   5.30435227 1779097891 1779097891
 -7.85376401 -1.540355589  5.665763649 -7.872828222 -1.609801148  5.324983139 1779097891 1779097891
-7.854301736 -1.557287208  5.664721822 -7.722764827 -1.567744589  5.404671522 1779097891 1779097891
-7.862276529 -1.553962626  5.662157617 -7.589445286 -1.532440251  5.530602795 1779097891 1779097891
-7.854102794 -1.549649206  5.685689185 -7.488263838 -1.510637713  5.684184658 1779097892 1779097892
-7.855560238 -1.526908664  5.695932818 -7.429304474 -1.506790134   5.84419182 1779097892 1779097892
-7.875261629 -1.552410978  5.666846072 -7.416642173 -1.522082834  5.989863011 1779097892 1779097892
-7.885341618 -1.558249814  5.653179151 -7.448475456 -1.554247217  6.103787042 1779097892 1779097892
-7.884208523 -1.550978439  5.654768857 -7.517816207 -1.597762732  6.173811444 1779097892 1779097892
-7.875122707 -1.530744161   5.66558024 -7.613899379 -1.644906065  6.194105111 1779097892 1779097892
-7.860289752 -1.518414821  5.682418677 -7.723755478 -1.687226069  6.165227153 1779097892 1779097892
-7.859353639 -1.530574318  5.672090045  -7.83388474 -1.717115225  6.093259086 1779097892 1779097892
-7.857298814 -1.552111707  5.661218282 -7.931703057 -1.729195325  5.988303316 1779097892 1779097892
-7.860577126 -1.546204908  5.652414977 -8.006859518 -1.721380241  5.862900009 1779097892 1779097892
-7.851898385 -1.534791799  5.665742544 -8.052270899 -1.695289803  5.730387698 1779097892 1779097892
-7.846671961 -1.528299434  5.677339308 -8.064655516  -1.65583733  5.603389366 1779097892 1779097892
-7.854892362 -1.545386353  5.667294497 -8.044695882 -1.610225227  5.492760058 1779097892 1779097892
-7.864942571 -1.559890505  5.657513015 -7.996864461 -1.566569072  5.407034707 1779097892 1779097892
 -7.87724113 -1.555897655   5.65105484 -7.928778678 -1.532342078  5.352175767 1779097892 1779097892
-7.870472734 -1.545284421  5.672599178 -7.850254969 -1.512921333  5.331457437 1779097892 1779097892
-7.865319722 -1.526825095  5.688189353 -7.771966314 -1.510712788  5.345696635 1779097892 1779097892
 -7.86590817 -1.546033503  5.681679016 -7.704193055 -1.524809728    5.3932827 1779097892 1779097892
-7.871708443 -1.555248299  5.664805325 -7.655504008 -1.551495225  5.470548465 1779097892 1779097892
-7.874203783 -1.536092975  5.657336206 -7.631514776 -1.585051597  5.571672873 1779097892 1779097892
-7.862103892 -1.518673798  5.661712911 -7.634180643 -1.619108963  5.688864163 1779097892 1779097892
-7.840416649 -1.498747832  5.681436528 -7.661543557 -1.647953396  5.812679095 1779097892 1779097892
-7.832511616 -1.513509675  5.673722368 -7.708089032 -1.667698078  5.932540026 1779097892 1779097892
-7.824813223  -1.52703878  5.668589448 -7.765432183 -1.676749464  6.037393953 1779097892 1779097892
-7.826468075 -1.524075251  5.657551713 -7.823724985 -1.675955471  6.116737168 1779097892 1779097892
-7.819742836 -1.510044738  5.665874346 -7.873095798 -1.668113952   6.16190042 1779097892 1779097892
-7.812472423 -1.494520626  5.681060008 -7.905231885 -1.657029673  6.167218625 1779097892 1779097892
-7.822543454 -1.526897729  5.662848022 -7.914610692 -1.646407154   6.13109233 1779097892 1779097892
-7.828664506 -1.547056278  5.655488436 -7.899396689 -1.638952874   6.05642745 1779097892 1779097892
-7.849670416 -1.555768034  5.632663348 -7.861847216 -1.635762373  5.950946263 1779097892 1779097892
-7.838651134 -1.561595126  5.656033811 -7.807994283 -1.636124374  5.826262725 1779097892 1779097892
-7.830630093 -1.532920581  5.681888072 -7.746710153 -1.638003972  5.696915331 1779097892 1779097892
-7.831714491 -1.553323629  5.679460679 -7.688285455 -1.638544839  5.578014364 1779097892 1779097892
  -7.8510007 -1.563075297  5.653729364 -7.643082562 -1.635421015  5.483528384 1779097892 1779097892
-7.864596618 -1.553991706   5.64031007 -7.619707365 -1.627374425  5.423946926 1779097892 1779097892
-7.862082206  -1.54017002  5.650172797 -7.623556143 -1.614861548  5.404725288 1779097892 1779097892
-7.858876546 -1.511729728  5.665042148 -7.655852955 -1.600107653  5.425331949 1779097892 1779097892
-7.860150241 -1.517784908  5.664601865 -7.713265464 -1.586782788   5.47943588 1779097892 1779097892
-7.870307743 -1.543055908  5.647366549 -7.788087906 -1.578967052  5.555947759 1779097892 1779097892
-7.879499786 -1.538870563  5.640636307 -7.869185835 -1.580042983  5.640809945 1779097892 1779097892
-7.867321215 -1.538367646  5.662845404 -7.943648703 -1.591850241  5.719707451 1779097892 1779097892
-7.856497051 -1.524081682  5.686976921 -7.998648269  -1.61375883   5.78047225 1779097892 1779097892
-7.855481568 -1.538717947    5.6877201 -8.023583469 -1.642552905  5.815418987 1779097892 1779097892
 -7.86450324 -1.566341138  5.669919503 -8.011833875 -1.672720954  5.822521685 1779097892 1779097892
-7.880094127 -1.579570448  5.645973682 -7.962286846    -1.697541  5.805677506 1779097892 1779097892
-7.870865252 -1.577947348  5.659269866 -7.879947521 -1.710372185  5.773654897 1779097892 1779097892
-7.857856357 -1.549899475  5.683456584 -7.775504988  -1.70613641  5.738241206 1779097892 1779097892
-7.858319487  -1.55353851  5.679882316 -7.663871181 -1.682431802  5.711335438 1779097892 1779097892
-7.870775251 -1.575338194  5.653992294 -7.562289702 -1.640646853  5.702361196 1779097892 1779097892
-7.885118951 -1.563711406  5.633444999  -7.48759345 -1.585931745  5.716029216 1779097892 1779097892
-7.866908136 -1.558124922   5.65644024 -7.453179293 -1.526488183  5.751064999 1779097893 1779097893
-7.856147928 -1.525642739  5.675137282 -7.466709147 -1.472334245  5.800246285 1779097893 1779097893
-7.845782337 -1.530508207  5.685059054 -7.528516681 -1.433660817  5.851963813 1779097893 1779097893
 -7.85381774 -1.549167535   5.66618263 -7.631054756 -1.418798236  5.892672283 1779097893 1779097893
-7.853919024 -1.548185178    5.6640177 -7.759640712 -1.432546725   5.90992011 1779097893 1779097893
-7.847071448 -1.547504792  5.672813404 -7.894722396 -1.475214347  5.895403231 1779097893 1779097893
-7.840556403 -1.531253204  5.687044354 -8.014799874 -1.542189186  5.847198745 1779097893 1779097893
-7.839532095 -1.543242658  5.687099946 -8.100111506   -1.6245779  5.770823365 1779097893 1779097893
-7.849790256 -1.563269146  5.670120745 -8.135852706 -1.710402382  5.678432745 1779097893 1779097893
-7.855612107 -1.572081022  5.663475442 -8.115071758  -1.78659376  5.586779082 1779097893 1779097893
-7.849896739 -1.568071872  5.676302198 -8.040103553 -1.841189488  5.514079985 1779097893 1779097893
-7.854744523   -1.5562826  5.676772592 -7.922385355 -1.865299806  5.476210111 1779097893 1779097893
-7.852792939 -1.556015942  5.681420408 -7.780895756 -1.854594972  5.483000169 1779097893 1779097893
-7.866654297 -1.568912856  5.659493424 -7.638961862 -1.810244788  5.536139281 1779097893 1779097893
-7.881069681 -1.570915385  5.638475845 -7.520719254 -1.738828797  5.628225518 1779097893 1779097893
-7.868425135 -1.568718198  5.655202587 -7.446835018 -1.651220054  5.743690252 1779097893 1779097893
-7.853436059 -1.544536283  5.679546575 -7.430944368 -1.560880316  5.861537253 1779097893 1779097893
-7.835786252  -1.53938041  5.703526109 -7.477320273 -1.481714948  5.959325057 1779097893 1779097893
-7.838126584 -1.553412772  5.694997057 -7.580118329  -1.42584871  6.017726791 1779097893 1779097893
-7.842653593 -1.553887395  5.687859276 -7.724057251 -1.401560189  6.024332613 1779097893 1779097893
-7.843959451 -1.549402516  5.687921749 -7.886812363  -1.41201311  5.976436917 1779097893 1779097893
-7.846852565 -1.526340346  5.692313306 -8.042629112  -1.45475974  5.881850017 1779097893 1779097893
-7.842905077 -1.524985256  5.700053102 -8.16655643 -1.52227771 5.757828351 1779097893 1779097893
-7.851784135  -1.54273831   5.68468379 -8.238284385 -1.603190955  5.627835502 1779097893 1779097893
-7.858806178 -1.561128035  5.670578647 -8.245470521 -1.684103512  5.517006568 1779097893 1779097893
-7.857969694 -1.562950545   5.66975584 -8.185653378 -1.752052686  5.447703131 1779097893 1779097893
-7.858240509 -1.544243506  5.669053423 -8.066656639 -1.796546517  5.435057221 1779097893 1779097893
-7.846560221 -1.543883437  5.679595914 -7.905224192 -1.811156853  5.483828971 1779097893 1779097893
-7.847823218 -1.555894265  5.667300929 -7.724373119 -1.794505906  5.587426933 1779097893 1779097893
-7.843883275 -1.560297535  5.662946283 -7.549916221 -1.750430865  5.729152933 1779097893 1779097893
-7.844825822 -1.557620758  5.654828225  -7.40654383 -1.687002381  5.884946818 1779097893 1779097893
-7.832441259 -1.538984211  5.669757407 -7.314255768 -1.615068953  6.027844023 1779097893 1779097893
-7.824071494 -1.513477753  5.686204593  -7.28543846 -1.546247007  6.132806622 1779097893 1779097893
-7.842441023 -1.536422644  5.654700919 -7.323417019 -1.490970467  6.181254476 1779097893 1779097893
-7.849677657 -1.538851061  5.646372217 -7.422080891 -1.456755958  6.164154971 1779097893 1779097893
-7.849584193 -1.530858149  5.652641656 -7.566924336 -1.446995131  6.083433386 1779097893 1779097893
-7.853013623 -1.514069974   5.65685475 -7.737417697 -1.460664238  5.951363503 1779097893 1779097893
-7.844022871 -1.515544945  5.671237239 -7.909843299 -1.492940686  5.788384602 1779097893 1779097893
-7.857248041 -1.525023904   5.65097768 -8.060811519 -1.536204023   5.61908557 1779097893 1779097893
-7.856379387 -1.547625075  5.644450259 -8.170358513 -1.581745355  5.468159212 1779097893 1779097893
-7.853108317 -1.547711563   5.64537432 -8.224755605 -1.621502624  5.356379953 1779097893 1779097893
-7.840312951 -1.541274413  5.658972671 -8.218303992 -1.649698968  5.297637779 1779097893 1779097893
-7.829935103 -1.528497872  5.672377036  -8.15393572 -1.663635706  5.297129368 1779097893 1779097893
-7.834239056 -1.543702164  5.659081935 -8.042623177 -1.664017332  5.351234531 1779097893 1779097893
-7.827738617 -1.556829814  5.662985803 -7.901936831 -1.654511991  5.449076325 1779097893 1779097893
-7.837136673 -1.554673393  5.651947612 -7.753315162 -1.640623927  5.574698882 1779097893 1779097893
-7.831578835 -1.544846929  5.668049562 -7.619102055 -1.628227152   5.70995987 1779097893 1779097893
-7.826278715 -1.527448789  5.687101223 -7.519134537 -1.622114142  5.837522256 1779097893 1779097893
-7.832453607 -1.554289639  5.681109379 -7.467982559 -1.624821187  5.943153115 1779097893 1779097893
 -7.84735641 -1.564280939  5.667295652 -7.472730714 -1.636165298  6.017311534 1779097893 1779097893
 -7.85699209 -1.548331572  5.670063314 -7.531726016  -1.65312803  6.055453937 1779097894 1779097894
-7.852706145 -1.530804022   5.69352179 -7.634852355  -1.67067508  6.057899513 1779097894 1779097894
-7.849217652 -1.509323192  5.711788725 -7.764945563 -1.683109337  6.028863842 1779097894 1779097894
-7.861486996 -1.531932481   5.69438908 -7.900379958 -1.685508826  5.975169075 1779097894 1779097894
-7.868696257 -1.551414907  5.683001383 -8.018149896 -1.674841816  5.904665628 1779097894 1779097894
-7.882403605 -1.555898541  5.664719039 -8.097800358 -1.651005985  5.825464403 1779097894 1779097894
-7.877344041 -1.541389016  5.675265803 -8.124589181 -1.617072237  5.745320345 1779097894 1779097894
-7.872377451 -1.525280429  5.684821114 -8.092100788 -1.578769076  5.671121837 1779097894 1779097894
 -7.87847275 -1.538661059   5.67055495 -8.003369756 -1.543307261  5.608803881 1779097894 1779097894
-7.877519117 -1.547683951  5.666835457  -7.87072274 -1.517932529  5.563522517 1779097894 1779097894
-7.888292873 -1.551249424  5.648169902 -7.713962961 -1.508370424  5.539446158 1779097894 1779097894
-7.867286728  -1.55418473  5.673415594 -7.557451905 -1.517543112  5.539608167 1779097894 1779097894
-7.855173782 -1.534410236  5.692590151 -7.426079353  -1.54485484  5.565315711 1779097894 1779097894
-7.850305077 -1.558040143  5.689641682 -7.341380026 -1.586112244  5.615521504 1779097894 1779097894
-7.858643892  -1.57179526  5.669732595  -7.31815705 -1.634483089  5.686579622 1779097894 1779097894
-7.860902183 -1.557728696  5.663486765 -7.361888189 -1.681641564  5.771583617 1779097894 1779097894
-7.839914432 -1.547349113  5.685661077  -7.46777184 -1.719377479   5.86057165 1779097894 1779097894
-7.826348381 -1.517527019  5.701029031 -7.621523419 -1.741268869  5.941385166 1779097894 1779097894
-7.830164847 -1.525641722  5.684514731 -7.801630743 -1.743853386  6.001046101 1779097894 1779097894
-7.823427528 -1.544708846  5.678865519 -7.982538054 -1.727214809  6.027386055 1779097894 1779097894
-7.825912803 -1.549353095  5.665724345 -8.138718292 -1.694791987   6.01132003 1779097894 1779097894
-7.819411092 -1.542813615  5.671115459 -8.248459799 -1.652597025  5.948806055 1779097894 1779097894
-7.820560401 -1.517662882  5.675930546 -8.297113088 -1.607930176  5.842464004 1779097894 1779097894
-7.828183923 -1.522909175  5.668331247 -8.279068586 -1.567860216  5.702131537 1779097894 1779097894
-7.836506242 -1.542850209  5.659261786   -8.1982737 -1.537793858  5.544195729 1779097894 1779097894
-7.860843162 -1.551018098  5.636380741 -8.067415693 -1.520614425  5.390039392 1779097894 1779097894
-7.853621871   -1.5548095  5.661141294 -7.905815009 -1.516373697  5.263328448 1779097894 1779097894
-7.861920196 -1.539021684  5.672950354 -7.736307587  -1.52255964  5.186174795 1779097894 1779097894
 -7.86955637 -1.540414946  5.675707376 -7.581881461 -1.535007695  5.175523928 1779097894 1779097894
 -7.88658485 -1.559177338  5.659746507 -7.462417721 -1.549166423  5.239898443 1779097894 1779097894
-7.903987455 -1.549818547  5.650067574 -7.392183599 -1.561205917  5.377269056 1779097894 1779097894
-7.892654523 -1.545476801  5.677023331 -7.377921638 -1.569121634  5.574163832 1779097894 1779097894
 -7.88725461 -1.510423678  5.701366434 -7.418396444  -1.57296643   5.80672414 1779097894 1779097894
-7.886358304 -1.531750017  5.699508052 -7.504995399 -1.574968436  6.044018763 1779097894 1779097894
-7.882328319 -1.550248234  5.701095373 -7.623236843 -1.578645742  6.252397313 1779097894 1779097894
-7.889910598 -1.555682275  5.688041963 -7.755008869 -1.587834144  6.400530778 1779097894 1779097894
-7.895012828 -1.546475537   5.68035052 -7.881198268 -1.605403825  6.464580185 1779097894 1779097894
-7.895580908 -1.521418869  5.680807272 -7.984362074 -1.632259657  6.432461878 1779097894 1779097894
-7.896791228  -1.53595401  5.670330409 -8.051104437 -1.666683703   6.30643493 1779097894 1779097894
-7.902865239 -1.551418786  5.652052591 -8.073611947 -1.704415636  6.103041653 1779097894 1779097894
-7.903064826 -1.569506896  5.640917423 -8.050711676 -1.739152719  5.851136607 1779097894 1779097894
-7.889265956 -1.566866182  5.655973584 -7.987818949 -1.763881565  5.587680701 1779097894 1779097894
 -7.88427288 -1.549760958   5.66427964 -7.895965595 -1.772232306  5.351934445 1779097894 1779097894
-7.878502461  -1.55215604  5.671452671 -7.790038533 -1.760011909  5.178949098 1779097894 1779097894
-7.889300986 -1.560544193  5.655762855 -7.686583656 -1.726425009  5.093917826 1779097894 1779097894
-7.903049328 -1.555074853  5.641878215 -7.601400842 -1.674647411  5.108076761 1779097894 1779097894
-7.889842912 -1.548234048  5.667787802 -7.547101907 -1.611665087  5.216744915 1779097894 1779097894
 -7.88648785 -1.530328543  5.684144621 -7.531254249 -1.547176231  5.399835244 1779097894 1779097894
 -7.87257711 -1.538770847  5.705194013 -7.555436378 -1.492126096  5.625707562 1779097894 1779097894
-7.872984903 -1.558732577  5.702370628    -7.615037 -1.456721632  5.856481587 1779097894 1779097894
-7.878632111 -1.560477576  5.695281642 -7.700059403 -1.448514028  6.054536759 1779097895 1779097895
-7.878450188 -1.562047802  5.693790999  -7.79680776 -1.470825405  6.188842169 1779097895 1779097895
-7.878685368 -1.538745638  5.695446729 -7.890108357 -1.521882002  6.240091388 1779097895 1779097895
-7.874544427 -1.544572997  5.695594765 -7.965863472 -1.594882714  6.203863223 1779097895 1779097895
-7.886033506 -1.555732399  5.672285547  -8.01311663 -1.678929669  6.090749209 1779097895 1779097895
-7.896245919 -1.566400766   5.65135762  -8.02584403 -1.760610929  5.923911728 1779097895 1779097895
-7.885623534 -1.565562967  5.665095484 -8.003754874 -1.826365765  5.734746784 1779097895 1779097895
-7.883434524 -1.549816547  5.674773678 -7.952165169 -1.864707924  5.557092003 1779097895 1779097895
-7.881428544 -1.556817714  5.680172615  -7.88081201 -1.868141054  5.420847279 1779097895 1779097895
-7.895606602 -1.565214352  5.664964672 -7.802075197 -1.834606092  5.347054055 1779097895 1779097895
 -7.90652086 -1.566516445  5.657911607 -7.728879669 -1.767884749  5.344565377 1779097895 1779097895
 -7.90306151 -1.561049495  5.672972661 -7.672458011 -1.677045795  5.409151775 1779097895 1779097895
-7.892255353 -1.550183328  5.699730753 -7.640535896 -1.575054837    5.5250521 1779097895 1779097895
-7.880460958 -1.533908655  5.722015931 -7.636378069 -1.476647008  5.668511647 1779097895 1779097895
-7.895450136 -1.551075889  5.694856152 -7.658548202 -1.396066264  5.812724665 1779097895 1779097895
-7.898134904 -1.563947516  5.680718678 -7.701470322  -1.34477887  5.932969767 1779097895 1779097895
-7.892476119 -1.559060348  5.676951477 -7.756558047 -1.329711117  6.010740251 1779097895 1779097895
-7.886626982 -1.548198724  5.668550938 -7.814016655  -1.35230608  6.036625784 1779097895 1779097895
-7.870696892 -1.543523009  5.674730134 -7.864418614 -1.408468659  6.011273002 1779097895 1779097895
-7.868956983 -1.551312873  5.657377757 -7.900363314  -1.48931838  5.944138274 1779097895 1779097895
-7.861405359 -1.574231893  5.644862797 -7.917438699 -1.582642328  5.850753665 1779097895 1779097895
-7.860252686 -1.567442719  5.633497301 -7.914690247  -1.67493229  5.749304003 1779097895 1779097895
-7.84799318 -1.54473955 5.645744267  -7.89456631 -1.753512327   5.65706966 1779097895 1779097895
-7.836006459 -1.528924303  5.662961171 -7.862145441 -1.808283204  5.587321488 1779097895 1779097895
 -7.84302445 -1.542026561  5.649229117  -7.82397214 -1.833041948  5.547511068 1779097895 1779097895
-7.840754027 -1.545891256  5.653640737  -7.78692888 -1.826274121  5.538992336 1779097895 1779097895
-7.851166019 -1.540713796  5.645056577 -7.756924519 -1.790990317  5.557878345 1779097895 1779097895
-7.839623493 -1.535436698  5.668298537 -7.738055749 -1.733988754  5.596738584 1779097895 1779097895
-7.837378896 -1.518220093   5.67914845 -7.731874928 -1.664661199  5.647011242 1779097895 1779097895
-7.849824266 -1.533565974  5.660187564 -7.737470407 -1.593424649  5.700705418 1779097895 1779097895
-7.856847624 -1.548234196  5.647530419 -7.751821767 -1.530311212  5.751965761 1779097895 1779097895
-7.856640243 -1.542667398  5.649312446 -7.770388426 -1.483469101  5.797388433 1779097895 1779097895
-7.852587658 -1.533504518  5.656857944  -7.78815043 -1.458311412  5.835663224 1779097895 1779097895
-7.839710882 -1.524541358  5.677274449 -7.800538986 -1.456993169  5.866745199 1779097895 1779097895
-7.848349301 -1.539979919  5.662561167 -7.804368581 -1.478408972  5.890611699 1779097895 1779097895
-7.844278015 -1.572819791   5.66251554 -7.798274385 -1.518502205  5.906511705 1779097895 1779097895
-7.855013607 -1.576675864  5.652728983 -7.783033379 -1.571009004  5.912500986 1779097895 1779097895
-7.85498137 -1.55734402 5.667723791 -7.761437362  -1.62857372  5.906066627 1779097895 1779097895
 -7.85787887 -1.550467665  5.674637735  -7.73766635 -1.683524183  5.884863358 1779097895 1779097895
-7.872416829 -1.563282143  5.660271864  -7.71645847 -1.728751312  5.847939306 1779097895 1779097895
-7.874219214 -1.573491922  5.662441087 -7.702292085 -1.758562742  5.796832523 1779097895 1779097895
-7.893623126 -1.569047491  5.642790482 -7.698426719 -1.769155895   5.73621832 1779097895 1779097895
-7.882473019 -1.557054788  5.664049006 -7.706314061 -1.758782306  5.673371345 1779097895 1779097895
-7.870086933 -1.533669597  5.684890235 -7.725073581 -1.727918351   5.61765885 1779097895 1779097895
-7.871938486 -1.557517953  5.669774862 -7.751869874 -1.679161614  5.578316415 1779097895 1779097895
-7.878275508 -1.574912886   5.64797538 -7.782461396 -1.617211721  5.562873433 1779097895 1779097895
-7.872618042 -1.561811478  5.649914011 -7.811778555 -1.548208068  5.575227848 1779097895 1779097895
-7.848138943 -1.539790551  5.680730659 -7.835109475 -1.479607931  5.614684832 1779097895 1779097895
-7.834590989 -1.521256178  5.701959167  -7.84920582 -1.419647013  5.675656881 1779097895 1779097895
-7.841497211 -1.533628478   5.69293885 -7.852861811 -1.376685263  5.748967097 1779097895 1779097895
-7.845475257 -1.548171115  5.693108269   -7.8470161 -1.358133987  5.823406883 1779097896 1779097896
-7.870387101 -1.546134394  5.677932708 -7.835061666 -1.369937846  5.887983005 1779097896 1779097896
-7.893058886 -1.524516634  5.676260035 -7.821977896   -1.4157257  5.934523892 1779097896 1779097896
-7.912339743 -1.498927414  5.681807114 -7.813440828 -1.495839211  5.959061841 1779097896 1779097896
 -7.93035405 -1.524866043  5.668215252 -7.814342306 -1.606371824  5.962197926 1779097896 1779097896
-7.939534415 -1.542884353  5.663431941 -7.828088554 -1.739595297  5.948804048 1779097896 1779097896
-7.950424519 -1.572208009   5.64780249  -7.85525455 -1.883438107  5.926205198 1779097896 1779097896
-7.923564231 -1.597680504  5.679255636 -7.893840246 -2.022612092  5.901721408 1779097896 1779097896
-7.888897775 -1.593895715  5.728606684 -7.938756435 -2.139570423  5.880791466 1779097896 1779097896
-7.876133352 -1.622591693  5.746439202 -7.983077874 -2.216906801   5.86443418 1779097896 1779097896
-7.885868186 -1.663463517  5.744812166 -8.020198086 -2.240171849  5.849918888 1779097896 1779097896
-7.916964399 -1.701409547  5.750848433 -8.045155963 -2.199950374   5.83104669 1779097896 1779097896
-7.970023758 -1.730603077  5.773364126 -8.056299824 -2.094023143  5.800292564 1779097896 1779097896
-8.091447742  -1.72417702  5.788161685 -8.056383439 -1.927972307  5.750179053 1779097896 1779097896
-8.234480283 -1.790247857  5.755762923 -8.054972307 -1.718971057  5.679876033 1779097896 1779097896
-8.416367056 -1.817406259  5.715360445 -8.061479669 -1.486817424  5.591190559 1779097896 1779097896
-8.657501715 -1.865618717  5.667437607 -8.090874069  -1.25993654  5.494058842 1779097896 1779097896
-8.853323177 -1.921126242   5.68719333 -8.15453133  -1.0662943 5.400777679 1779097896 1779097896
-9.076331159 -1.887570899  5.706200238   -8.26268873 -0.9338556154   5.326845972 1779097896 1779097896
-9.213603314 -1.999808656  5.680711361 -8.420732261 -0.883621714  5.289910583 1779097896 1779097896
-9.348003263  -1.97309613  5.630777809  -8.622886432 -0.9315512791   5.299252366 1779097896 1779097896
-9.415065602 -1.962384611  5.597292003 -8.856690866 -1.076445671  5.353878341 1779097896 1779097896
-9.394531252 -1.932358885  5.583042177 -9.101746345 -1.307440575   5.44285372 1779097896 1779097896
 -9.28461351 -1.818131446  5.555920632 -9.332095556 -1.601542143  5.546975584 1779097896 1779097896
-9.213554594  -1.77367282  5.413203053 -9.516072649 -1.919969808   5.63568852 1779097896 1779097896
-9.076384191 -1.741948577  5.315987343 -9.629562197 -2.222508058  5.673176364 1779097896 1779097896
-8.930065707 -1.679854115  5.125342973 -9.650373057 -2.469440152  5.636747975 1779097896 1779097896
-8.800194498  -1.60946864  4.904418441 -9.567836179 -2.626040258  5.511269226 1779097896 1779097896
-8.655415632 -1.563563404  4.659361744 -9.381160795 -2.671210469  5.301478631 1779097896 1779097896
-8.552603536 -1.558590322  4.485523275 -9.102268022 -2.599889508  5.030168188 1779097896 1779097896
-8.468322599 -1.586879285  4.345877563 -8.754229141 -2.424471818  4.737766349 1779097896 1779097896
-8.373800358 -1.649832732  4.233313949 -8.367676838 -2.173048659  4.477337599 1779097896 1779097896
-8.240727726 -1.708829291  4.265018496 -7.976463941 -1.883572848  4.304577201 1779097896 1779097896
-8.051601858 -1.769910926  4.459357735 -7.611557386 -1.599340413  4.267987134 1779097896 1779097896
-7.892346011 -1.797503844  4.690804137 -7.298143578  -1.36244066  4.401349456 1779097896 1779097896
-7.697483113 -1.838693663  5.025198688 -7.051402717 -1.205984061  4.711832574 1779097896 1779097896
-7.470619217 -1.870498274  5.464011616 -6.876640456 -1.149698563  5.177622986 1779097896 1779097896
-7.199873428 -1.861330811  6.027138055 -6.770125568 -1.196334099  5.747705545 1779097896 1779097896
-6.911797201 -1.814949741  6.635193737 -6.722902225 -1.331744259  6.350763093 1779097896 1779097896
-6.769454509 -1.805576338  6.975171946 -6.724377595 -1.527737363  6.904082941 1779097896 1779097896
-6.739286956 -1.781527472  7.138493712 -6.765481809 -1.745586372  7.326586847 1779097896 1779097896
-6.857950279 -1.681316314  7.087660612 -6.841331424 -1.940884648  7.552734987 1779097896 1779097896
-7.088698869 -1.495479067  6.822745431 -6.951875064 -2.074040315  7.547545689 1779097896 1779097896
-7.422267739  -1.27139124  6.311865688 -7.099824674 -2.115932668  7.308963634 1779097896 1779097896
-7.655460215 -1.059179895  5.892253256 -7.287381445 -2.055190646  6.869758641 1779097896 1779097896
 -7.845105712 -0.9380148519   5.521915893 -7.515016837 -1.902645942  6.279298257 1779097896 1779097896
 -8.078294068 -0.9033011658   5.115177697 -7.777506248 -1.679070671   5.60351495 1779097896 1779097896
 -8.318989759 -0.9178283111   4.739974006  -8.06339745 -1.417393707  4.922186552 1779097896 1779097896
 -8.519367466 -0.9921195194   4.453719981  -8.35270546 -1.157925538  4.317281062 1779097896 1779097896
-8.683164362 -1.118257309  4.156733443  -8.622185284 -0.9415197195   3.864066198 1779097896 1779097896
-8.773970759 -1.294110474  3.915939851   -8.83678555 -0.8009073017   3.604780455 1779097897 1779097897
-8.781958297 -1.421003272  3.785990564  -8.965583713 -0.7590155844   3.546561695 1779097897 1779097897
-8.681686396 -1.516812868  3.835007274  -8.987921966 -0.8227247705   3.665974322 1779097897 1779097897
-8.484925977  -1.61168496    4.0342535  -8.896840539 -0.9807204863   3.920347776 1779097897 1779097897
-8.246112245 -1.667507487   4.35361148 -8.702403165 -1.210569638  4.252683364 1779097897 1779097897
-8.033756716  -1.68173891  4.643167941 -8.430637703  -1.47922827  4.608418163 1779097897 1779097897
-7.852647596 -1.677188189  4.895287625 -8.118044012 -1.746742532  4.934505576 1779097897 1779097897
-7.736096582 -1.642831728   5.09511209  -7.80821596 -1.975518687  5.192367924 1779097897 1779097897
-7.683908456 -1.601209916  5.270413082 -7.544226303 -2.135699945  5.363587343 1779097897 1779097897
-7.750967157 -1.584486966  5.296983056 -7.359897471 -2.209190381  5.445806202 1779097897 1779097897
 -7.83444269 -1.579500215   5.33588397 -7.278208476 -2.192313333  5.462573651 1779097897 1779097897
-7.919615336 -1.578138145  5.398663808 -7.302782579 -2.093982827  5.443300225 1779097897 1779097897
-7.974143865 -1.565098696  5.528456496  -7.41953897 -1.932758319  5.420239619 1779097897 1779097897
-8.010418013 -1.569409589  5.667381924 -7.600318424 -1.733912831  5.418408731 1779097897 1779097897
-7.948507697 -1.570497966  5.849604516 -7.807544908 -1.522562428  5.456170439 1779097897 1779097897
-7.899015049 -1.532247193  5.968800807 -8.002248552 -1.322316151  5.539086506 1779097897 1779097897
-7.846509692 -1.489231982  6.033203883 -8.149820705 -1.151136419  5.662226662 1779097897 1779097897
-7.790774625 -1.384021999  6.048592399 -8.225327228 -1.020137451  5.808364381 1779097897 1779097897
-7.714196705 -1.274539536  6.040187217 -8.217894961 -0.930533258  5.952262179 1779097897 1779097897
-7.675535901 -1.204358503  5.966599328  -8.130972897 -0.8788643272   6.068981842 1779097897 1779097897
-7.650303272 -1.131013362   5.87148974  -7.982192589 -0.8597248921   6.135199644 1779097897 1779097897
-7.620801228 -1.052202496  5.790150689   -7.79933784 -0.8660976631    6.13704729 1779097897 1779097897
-7.593016304 -0.968040245  5.717610088  -7.613729407 -0.8913331782   6.074233719 1779097897 1779097897
 -7.574509951 -0.9027904829    5.64791691  -7.454692823 -0.9301314772   5.957563715 1779097897 1779097897
 -7.559305444 -0.8303318983   5.618027778 -7.344766661 -0.979300274  5.808036452 1779097897 1779097897
  -7.57202297 -0.7481904916   5.576190352 -7.294470432 -1.035803901   5.65128248 1779097897 1779097897
 -7.594889662 -0.7296442815   5.521594222 -7.302804581 -1.096519724  5.511815142 1779097897 1779097897
 -7.632854904 -0.7003524002   5.455982819 -7.360523113  -1.15766445  5.409917191 1779097897 1779097897
 -7.673094823 -0.7569636767   5.381027474 -7.449388498 -1.212420847  5.356024289 1779097897 1779097897
 -7.684670746 -0.7324875562   5.363291813 -7.550268166 -1.251482333  5.349302517 1779097897 1779097897
 -7.711253809 -0.7003953953   5.328779754 -7.644660966 -1.263669662  5.377328852 1779097897 1779097897
 -7.740887679 -0.7000301041   5.290826376 -7.719427068 -1.238425917  5.420023231 1779097897 1779097897
 -7.782272139 -0.6967765742   5.245664236 -7.768424995  -1.16807275   5.45359541 1779097897 1779097897
 -7.834780327 -0.7833313155   5.183513005    -7.792939 -1.050818566  5.456429782 1779097897 1779097897
-7.903030508 -0.729206542  5.126638721 -7.799602359 -0.893090513  5.412986428 1779097897 1779097897
 -7.960418128 -0.6124839367   5.096811716   -7.79945438 -0.7091417096   5.318926271 1779097897 1779097897
 -8.011516989 -0.5406166286    5.07837925  -7.804187992 -0.5197999598   5.181944675 1779097897 1779097897
   -8.0370913 -0.4706140232   5.103541562  -7.822964361 -0.3503299304   5.020892309 1779097897 1779097897
 -8.054573607 -0.5180701551   5.124474204  -7.859360028 -0.2260110968   4.862126243 1779097897 1779097897
 -8.066488458 -0.4846628518    5.14360015  -7.913622733 -0.1698635195   4.736615787 1779097897 1779097897
 -8.082513983 -0.4145885422   5.141350469   -7.97910725 -0.1950959611   4.670696665 1779097897 1779097897
  -8.08223732 -0.4479473081    5.14344918  -8.043072805 -0.3033515865   4.681275382 1779097897 1779097897
   -8.0800735 -0.4844122366   5.136952724  -8.093982071 -0.4851929112   4.776722255 1779097897 1779097897
-8.054719306 -0.666725097  5.144749452 -8.117575123 -0.719392222  4.949008564 1779097897 1779097897
 -8.010743823 -0.7771454031   5.193863331  -8.108271061 -0.9764853214   5.181973711 1779097897 1779097897
 -7.969591437 -0.7778722049   5.265162753 -8.061486276 -1.223009831  5.446667139 1779097897 1779097897
 -7.888476959 -0.8734212583   5.394128611 -7.978012514 -1.429829965  5.710495359 1779097897 1779097897
 -7.814289959 -0.9897070858   5.523740021 -7.867808256  -1.57348241  5.942224579 1779097897 1779097897
-7.736821522 -1.140775948  5.662515652 -7.744751307 -1.643175806  6.117419765 1779097897 1779097897
-7.663295103 -1.240110088  5.806127183 -7.624368384 -1.639986495   6.22195733 1779097897 1779097897
-7.597228111 -1.280830189  5.930356683 -7.521552422 -1.579937987  6.254972808 1779097898 1779097898
-7.524302772 -1.393460375  6.042375289 -7.448271002 -1.489313302  6.226816586 1779097898 1779097898
 -7.45507478 -1.541515362  6.134796501 -7.408902247 -1.399515978  6.156160676 1779097898 1779097898
-7.378767542 -1.716294505  6.220030679 -7.401689404 -1.343698517  6.067528581 1779097898 1779097898
-7.285068428 -1.900006389  6.324325447 -7.418696355 -1.350422115   5.98658049 1779097898 1779097898
-7.264126562 -1.978874403  6.370819097 -7.448904419 -1.439314921  5.937362703 1779097898 1779097898
-7.247078707 -2.094378589  6.421965539 -7.479666536 -1.617139164  5.938220246 1779097898 1779097898
-7.242159753 -2.263844806   6.48252007 -7.498620366 -1.876573541  5.999440424 1779097898 1779097898
-7.232611367 -2.475562532  6.572196521 -7.496493067 -2.197504271  6.122571854 1779097898 1779097898
-7.223434799 -2.722384802  6.704838608 -7.469482864 -2.549957438  6.300849294 1779097898 1779097898
-7.267823465 -2.787291707    6.8095463 -7.419492512 -2.898118653  6.519796082 1779097898 1779097898
-7.335531922 -2.855129246  6.916875051 -7.353519812 -3.207581935  6.760286608 1779097898 1779097898
-7.435542646 -2.903854118  7.021568181  -7.28375466 -3.448823773  7.001190771 1779097898 1779097898
-7.539417605 -2.973926694  7.112312898 -7.227268135 -3.602350126  7.222866369 1779097898 1779097898
-7.653164139 -3.062038246  7.173800458 -7.200903102 -3.659484517  7.408214143 1779097898 1779097898
 -7.73465572 -3.068902661  7.219428864 -7.214630492 -3.623351626   7.54091941 1779097898 1779097898
 -7.78372299 -3.086509879  7.256769096  -7.27652849 -3.509080039  7.612229871 1779097898 1779097898
-7.847221504 -3.096138306  7.248683791 -7.385073887 -3.339760409  7.615704366 1779097898 1779097898
-7.910744689 -3.189673388  7.150900113 -7.533735609 -3.143494892  7.555208633 1779097898 1779097898
-7.927650183 -3.307467268  7.023418366 -7.705453417   -2.9483943  7.429004554 1779097898 1779097898
-7.909597067 -3.426574164  6.897429022 -7.878339112 -2.779827949  7.243007213 1779097898 1779097898
-7.891557574 -3.454237971  6.771919167 -8.030208439 -2.656976905  7.008556814 1779097898 1779097898
-7.884073565 -3.468646779  6.590169319 -8.146877709 -2.590492978  6.745999719 1779097898 1779097898
-7.859715682 -3.500642623  6.371297182 -8.215660846 -2.582578874  6.474724992 1779097898 1779097898
 -7.80525135 -3.526474306  6.136576589 -8.230740985 -2.626328873  6.212191709 1779097898 1779097898
-7.756697813 -3.582220892   5.93424464 -8.191492908 -2.710238859  5.976717523 1779097898 1779097898
-7.708883868 -3.548803948  5.793430419 -8.104951794 -2.817695092  5.782086043 1779097898 1779097898
-7.675428822 -3.455200901  5.645470381 -7.984001316 -2.931233207  5.637820872 1779097898 1779097898
-7.645824692 -3.354082592  5.498929383 -7.843427532 -3.034199038  5.545532058 1779097898 1779097898
-7.608665449  -3.22726986  5.390659542 -7.698450586 -3.112380489  5.500916557 1779097898 1779097898
-7.572392447 -3.206454005  5.307297283 -7.563203739 -3.155508441  5.492934506 1779097898 1779097898
-7.552443648 -3.128468161  5.265432623 -7.449254242 -3.157057267  5.507650943 1779097898 1779097898
-7.553212567 -2.995835749  5.231474281 -7.362942624 -3.115813664  5.527840489 1779097898 1779097898
-7.552971974 -2.925657236  5.198776144 -7.306253665 -3.034776129  5.536939996 1779097898 1779097898
-7.560856471 -2.847662034   5.16500459 -7.277431829 -2.920574214  5.522157097 1779097898 1779097898
-7.566387681 -2.813432112  5.137210725 -7.272052899 -2.783173853  5.475526461 1779097898 1779097898
-7.571662597 -2.785094228  5.115739255  -7.28385255 -2.634949059  5.395577331 1779097898 1779097898
-7.589979015 -2.739660166  5.080639216 -7.306740302 -2.489716332  5.287497088 1779097898 1779097898
 -7.59104138 -2.729537138  5.046738307 -7.335814133 -2.361392532  5.162510112 1779097898 1779097898
-7.578002665 -2.733089262  5.017688049 -7.368332574 -2.262545256  5.036121894 1779097898 1779097898
-7.557485457 -2.762344987  4.991278223 -7.403632608 -2.202715677  4.925441512 1779097898 1779097898
-7.544224583 -2.769419083  4.963196831 -7.442674852  -2.18680486  4.846500274 1779097898 1779097898
-7.534362206  -2.73800958  4.940981487 -7.487348714 -2.214035745  4.811825723 1779097898 1779097898
-7.515028683  -2.67554915  4.941238077  -7.53923947 -2.277404595  4.828623458 1779097898 1779097898
-7.496680764 -2.574897202   4.95251244 -7.598881352 -2.363774079  4.896409448 1779097898 1779097898
-7.474476321 -2.533522383  4.958212486 -7.664515126 -2.455310851  5.007713699 1779097898 1779097898
 -7.46905863 -2.431219762   4.96922085 -7.731708965 -2.530661562  5.148650479 1779097898 1779097898
 -7.47055097 -2.182806403  5.012371004 -7.794057962 -2.570873114  5.301394855 1779097898 1779097898
-7.438376698 -2.266090677  5.019010978 -7.842805947 -2.557873591  5.447386843 1779097898 1779097898
-7.428033153 -2.077911271  5.091937227  -7.86994432 -2.481568488  5.567662673 1779097898 1779097898
-7.387885785 -1.908899659  5.199866764 -7.867368286 -2.341063534  5.647610141 1779097899 1779097899
-7.368435261 -1.865166257   5.25039341 -7.830695866 -2.142152673  5.679712288 1779097899 1779097899
-7.373188822 -1.803958842  5.289646062 -7.759149439 -1.900107233   5.66422957 1779097899 1779097899
-7.386285575 -1.724605782  5.346831064 -7.656594613 -1.636553441  5.608203945 1779097899 1779097899
-7.413417781  -1.56890743  5.439608922 -7.532248004 -1.376201321  5.525446787 1779097899 1779097899
-7.470831964  -1.52736267  5.455210594 -7.398916856 -1.141526462  5.434405367 1779097899 1779097899
-7.513920804 -1.490335896   5.50311115  -7.272772793 -0.9516696593   5.354160537 1779097899 1779097899
-7.578583823 -1.418557185  5.566096243  -7.171540305 -0.8187886918   5.303254763 1779097899 1779097899
-7.639310048 -1.339817482  5.650252124  -7.111505684 -0.7461892979   5.295738671 1779097899 1779097899
 -7.73129652 -1.130976307  5.773042696  -7.10625326 -0.728446082  5.339589099 1779097899 1779097899
-7.794437339 -1.066976319  5.852090973  -7.162169454 -0.7528904607   5.433621356 1779097899 1779097899
-7.862418984 -1.032057807  5.918484974  -7.280117419 -0.8017128429    5.57037111 1779097899 1779097899
 -7.933797437 -0.9841639389   6.000831251  -7.453614662 -0.8541188237    5.73583104 1779097899 1779097899
 -8.006780183 -0.9064776786   6.091120471  -7.668805794 -0.8900908098   5.912084482 1779097899 1779097899
 -8.100918372 -0.7037285517   6.193423339  -7.906382077 -0.8928123342    6.07997164 1779097899 1779097899
 -8.156795239 -0.6372847823   6.251802145   -8.14198341 -0.8519921549   6.221594446 1779097899 1779097899
 -8.207091715 -0.5757426935   6.300992115  -8.351729455 -0.7636009165   6.324465538 1779097899 1779097899
 -8.247625054 -0.5112198765   6.353285878  -8.513549931 -0.6310434033   6.382251199 1779097899 1779097899
 -8.254188234 -0.4020740008   6.443212633 -8.610860897 -0.464397893  6.395615915 1779097899 1779097899
 -8.220951621 -0.2460294494     6.5567512   -8.63438141 -0.2790082667   6.372354631 1779097899 1779097899
 -8.181570912 -0.2019286033   6.631568154  -8.583541078 -0.0923905074    6.32583844 1779097899 1779097899
 -8.167907761 -0.2274230606   6.656405723  -8.467592892 0.07684200303   6.273042202 1779097899 1779097899
 -8.151489133 -0.2554655089   6.673437615 -8.304224331 0.2112187705  6.230965562 1779097899 1779097899
 -8.135475075 -0.2253406994   6.682978362 -8.117687779 0.2959052872  6.214464535 1779097899 1779097899
 -8.110941669 -0.1715632431   6.695248023 -7.934384016 0.3219187149  6.233578156 1779097899 1779097899
 -8.09380702 -0.189986023  6.700873029 -7.779390676 0.2867231913   6.29148765 1779097899 1779097899
 -8.074309917 -0.2393326963   6.709622159 -7.673795875 0.1930579937  6.384948888 1779097899 1779097899
-8.046899267 -0.318228374  6.725043788   -7.63022149 0.04977185013   6.504592324 1779097899 1779097899
-8.010870891 -0.349205128  6.747740934  -7.653196072 -0.1309932985   6.636569263 1779097899 1779097899
 -7.963863743 -0.3628433599   6.769241077   -7.73508057 -0.3314056681   6.763167379 1779097899 1779097899
 -7.944034889 -0.3361533456   6.757888853  -7.857475014 -0.5315871973   6.867063491 1779097899 1779097899
 -7.920162232 -0.3516306437   6.737123361  -7.995710003 -0.7099392042   6.930797761 1779097899 1779097899
  -7.91806074 -0.3851908098   6.667403966  -8.122262731 -0.8502321523   6.944373015 1779097899 1779097899
 -7.893265221 -0.3684107617   6.612918819  -8.215009717 -0.9410511984   6.902095004 1779097899 1779097899
 -7.852464018 -0.3784937764   6.513551112  -8.252263897 -0.9747574152    6.80583058 1779097899 1779097899
 -7.834873371 -0.3153104808   6.428038045 -8.223713083 -0.952107851  6.664251856 1779097899 1779097899
 -7.783097439 -0.2788796682   6.382689413  -8.129494218 -0.8799686115   6.490519054 1779097899 1779097899
 -7.742752233 -0.2920824076   6.305240911  -7.979713018 -0.7732671388   6.303374059 1779097899 1779097899
 -7.697908538 -0.2991137907   6.225747977  -7.795152824 -0.6515030102   6.122987535 1779097899 1779097899
 -7.663808979 -0.3449549253   6.122209505   -7.60135047 -0.5350891354    5.96675458 1779097899 1779097899
 -7.662909178 -0.3435966824   6.025752552  -7.425085465 -0.4434990041   5.848628474 1779097899 1779097899
 -7.664891823 -0.3678681397   5.948572742  -7.289703464 -0.3925840837   5.776652555 1779097899 1779097899
 -7.678856727 -0.4161192793   5.866409804  -7.211596354 -0.3910243518   5.750942224 1779097899 1779097899
 -7.680852902 -0.4711009917   5.806137063  -7.197135257 -0.4393994124   5.764216064 1779097899 1779097899
  -7.68377297 -0.5507340109   5.743357718  -7.242887743 -0.5305952311   5.802781485 1779097899 1779097899
  -7.68508076 -0.5717994952   5.701295972  -7.336180203 -0.6507684363   5.849373435 1779097899 1779097899
 -7.675570998 -0.5718440329   5.675982592 -7.458050348 -0.781857222  5.885760235 1779097899 1779097899
  -7.67685681 -0.5963197322   5.624656814  -7.586816428 -0.9039635542   5.895586047 1779097899 1779097899
 -7.663252639 -0.6187350863   5.587211416  -7.702305127 -0.9988674805   5.867109852 1779097899 1779097899
 -7.646283487 -0.6610620238   5.528531825 -7.789330892 -1.053111536  5.795826318 1779097899 1779097899
 -7.623570558 -0.6568061862   5.485070782 -7.840078097 -1.060383078  5.685638957 1779097900 1779097900
 -7.601403479 -0.5604239035   5.464432479 -7.855655639 -1.022062482  5.547286074 1779097900 1779097900
 -7.598454339 -0.5196784664   5.417015295  -7.840585168 -0.9459316319   5.394044855 1779097900 1779097900
 -7.605235863 -0.5126950812   5.359994083  -7.807436768 -0.8483004588   5.245206641 1779097900 1779097900
 -7.637372796 -0.5209546759   5.282106091  -7.770432026 -0.7492155012   5.119500349 1779097900 1779097900
 -7.686405386 -0.5269485768   5.207347579  -7.742820183 -0.6689015939   5.031254967 1779097900 1779097900
 -7.718510797 -0.4797535631    5.18319842  -7.733587299 -0.6247112314   4.988970711 1779097900 1779097900
-7.754693616 -0.491559352  5.164679818  -7.745058361 -0.6287735016   4.992664574 1779097900 1779097900
 -7.797992171 -0.5194840289   5.150270221   -7.77447856 -0.6847836173   5.036208544 1779097900 1779097900
 -7.830563129 -0.5967454672   5.157015204  -7.813328313 -0.7883630206   5.106832356 1779097900 1779097900
-7.845787316 -0.723243008  5.190783466  -7.849956338 -0.9269014602   5.187959985 1779097900 1779097900
 -7.862715314 -0.7373153615   5.211715728 -7.871679479  -1.08181825  5.261873172 1779097900 1779097900
  -7.86251538 -0.8051911561   5.245679876 -7.869146061 -1.234278962  5.316024254 1779097900 1779097900
-7.849073919 -0.916361775  5.285583828 -7.838329286 -1.364496839  5.341305328 1779097900 1779097900
-7.815056303  -1.06202659  5.339668866 -7.781948999 -1.457009878  5.335273193 1779097900 1779097900
-7.773505279 -1.223245561  5.387172085 -7.709230801 -1.503865212  5.303907887 1779097900 1779097900
-7.734138465 -1.328704647  5.434348149 -7.633997888 -1.504112446  5.257842477 1779097900 1779097900
-7.703520267 -1.401797897  5.473763574 -7.574015674 -1.466282649  5.212415974 1779097900 1779097900
-7.690298097 -1.451958017  5.493859073 -7.545489652 -1.405847983  5.183896026 1779097900 1779097900
 -7.67219235 -1.518079471  5.519997088 -7.558681554 -1.342181527   5.18643894 1779097900 1779097900
-7.665411948 -1.608789851  5.529380966 -7.615692815 -1.294923442   5.22878348 1779097900 1779097900
-7.673769276  -1.56085932  5.554184719 -7.711426303  -1.28122949  5.314281851 1779097900 1779097900
-7.700489786 -1.546291447  5.544332692 -7.827558497 -1.310637662  5.433557488 1779097900 1779097900
-7.735480467 -1.550732223  5.512053517 -7.940406635 -1.384628934  5.571872212 1779097900 1779097900
-7.745123308 -1.567097423  5.500247133 -8.023691679 -1.496043894  5.707995026 1779097900 1779097900
-7.742556705 -1.629217784   5.47001317 -8.053550073 -1.630458978  5.818687712 1779097900 1779097900
 -7.72680705 -1.600841026  5.464633051 -8.013159813 -1.768909652  5.882559894 1779097900 1779097900
-7.695236379 -1.605861463  5.451557498 -7.897184406 -1.892475409  5.886016958 1779097900 1779097900
 -7.62576874 -1.672387843  5.451450869 -7.715887012 -1.985923096  5.826303213 1779097900 1779097900
-7.538131076 -1.733703472  5.461560114  -7.48982826 -2.038823962  5.710839235 1779097900 1779097900
 -7.37348087 -1.909495713  5.524785345 -7.254589339 -2.052577121  5.561358096 1779097900 1779097900
-7.305100957 -1.980828995  5.537137961  -7.04172316 -2.031876979  5.393191311 1779097900 1779097900
-7.25950637 -2.04909815 5.549786029  -6.88597906 -1.992765862  5.239030116 1779097900 1779097900
-7.231389484 -2.139900403  5.579563606 -6.815939224 -1.957267952  5.125952132 1779097900 1779097900
-7.240649817 -2.257006956  5.620078116  -6.84629904 -1.947706069  5.076631527 1779097900 1779097900
-7.274110435 -2.471467679   5.69810071 -6.977650475 -1.985524794  5.104719841 1779097900 1779097900
 -7.34165029 -2.604089952  5.790746154 -7.195857576 -2.084474428  5.216013982 1779097900 1779097900
-7.445393049 -2.719910681  5.893647322 -7.474787703  -2.25103466  5.407364905 1779097900 1779097900
-7.584337417 -2.837071543  6.005501124 -7.777618739 -2.479556836  5.665418772 1779097900 1779097900
 -7.73441854 -2.946291604  6.148842598 -8.062626869 -2.752600872  5.967524471 1779097900 1779097900
-7.863980665 -3.126345762  6.354266034 -8.287694306 -3.041078165  6.284788643 1779097900 1779097900
 -7.99918869 -3.077164523  6.496387122 -8.424773756 -3.314589169  6.590787234 1779097900 1779097900
-8.129431162 -3.057496569   6.60431629  -8.45316973 -3.538039966  6.852839642 1779097900 1779097900
-8.210109023 -3.065638218  6.721533675 -8.375093526 -3.686292997  7.048147268 1779097900 1779097900
-8.223443193 -3.098117419  6.844929585 -8.211536863 -3.745999643  7.167021253 1779097900 1779097900
 -8.15415256 -3.165791721  6.974847705 -7.999802062 -3.716591629  7.211378366 1779097900 1779097900
-8.083656889 -3.236000994  7.025469235 -7.782304797 -3.610716938  7.190924136 1779097900 1779097900
-7.995008197 -3.321180872  7.041556322 -7.598909942 -3.450919947  7.122208807 1779097900 1779097900
-7.904077024 -3.398373172  7.025456251 -7.477862673 -3.264778359  7.024151013 1779097900 1779097900
-7.818127855 -3.465595023  6.969366865 -7.435436709 -3.081288095  6.915463591 1779097900 1779097900
-7.737117744 -3.520508493  6.881165217 -7.476342732  -2.92799143  6.806618792 1779097901 1779097901
-7.680959527 -3.577634178  6.791814211 -7.585876123  -2.82281954  6.705475347 1779097901 1779097901
  -7.6624822 -3.587950115  6.692703416 -7.741572093 -2.774489548  6.615049767 1779097901 1779097901
-7.673290177 -3.564826538  6.577571388 -7.916053647 -2.781324299  6.540659767 1779097901 1779097901
-7.691595521 -3.514322656  6.466056773 -8.079602248  -2.83214887  6.483462798 1779097901 1779097901
 -7.69670046 -3.473992736  6.357952535 -8.205939065 -2.908533481  6.440787359 1779097901 1779097901
-7.678787782 -3.457426374  6.293959878 -8.275358996 -2.989220712  6.408224364 1779097901 1779097901
-7.688494998 -3.378227387  6.227708138 -8.278552853 -3.053824765  6.381827511 1779097901 1779097901
-7.683148349 -3.272650347  6.171785355 -8.213847008 -3.085152223  6.353739314 1779097901 1779097901
-7.653541792 -3.182711614  6.106172395 -8.088645666 -3.072942894  6.316577598 1779097901 1779097901
-7.595637495 -3.119988775  6.040718218 -7.917566619 -3.015630591   6.26439026 1779097901 1779097901
-7.533543455 -3.108539249  5.975864403 -7.719360839   -2.9194992  6.193694351 1779097901 1779097901
 -7.47094228 -3.052643783  5.919532776 -7.513314153 -2.796032005  6.103890469 1779097901 1779097901
-7.406794844 -2.988913564  5.856276338 -7.317474954 -2.660352669   5.99766522 1779097901 1779097901
-7.339380238 -2.939489067  5.775262636 -7.146998766 -2.528603373  5.881082254 1779097901 1779097901
-7.279591978 -2.888342013  5.680205959 -7.012897188 -2.414281999  5.761541573 1779097901 1779097901
-7.235810804 -2.888320598  5.583086482 -6.922121052 -2.326654441  5.647005201 1779097901 1779097901
 -7.18611158 -2.877685577  5.526780055 -6.876804507 -2.268139455  5.545347349 1779097901 1779097901
 -7.15544505 -2.820706167   5.47929886 -6.876722258 -2.236365228  5.461225272 1779097901 1779097901
-7.146161445  -2.74961046  5.427134914 -6.919364272 -2.225071504  5.397653857 1779097901 1779097901
-7.156319084 -2.648128583   5.38657939 -6.999178699 -2.224292518  5.354653749 1779097901 1779097901
-7.169865286 -2.612091899  5.341461288 -7.108939863 -2.223970851  5.329419752 1779097901 1779097901
-7.193680332 -2.562316269  5.311292066 -7.238161528 -2.214880136  5.316450496 1779097901 1779097901
-7.215756788 -2.490845924  5.308098889 -7.374932884 -2.191542836   5.30907831 1779097901 1779097901
-7.252630601 -2.397612497    5.3075511 -7.506236248 -2.152392062  5.300928886 1779097901 1779097901
-7.288034187 -2.306347656  5.318466327 -7.618084018 -2.100044826  5.287123415 1779097901 1779097901
-7.306557184 -2.283939178  5.326475765 -7.697734942 -2.041117781  5.265763788 1779097901 1779097901
-7.305546889  -2.25862029   5.36302382 -7.735882612 -1.983659075  5.239354185 1779097901 1779097901
-7.316471983 -2.219197246  5.389509979 -7.728587689 -1.936921664  5.213406767 1779097901 1779097901
-7.338202908 -2.181306429  5.402594064 -7.677412143  -1.90956326   5.19590696 1779097901 1779097901
-7.365720253 -2.158491189  5.401978666 -7.590313562 -1.907564665  5.196410788 1779097901 1779097901
-7.374496357 -2.185717176  5.404078927 -7.480887867 -1.933035163  5.223521927 1779097901 1779097901
-7.358549279 -2.212949485  5.436627274 -7.367470313 -1.983067428  5.282944712 1779097901 1779097901
-7.349295922 -2.221038261  5.468447321 -7.269071247 -2.050604999  5.374310356 1779097901 1779097901
-7.348840824 -2.214323069  5.497718689 -7.202255973 -2.124557082  5.492709664 1779097901 1779097901
-7.366180571 -2.181831259   5.51727396 -7.179255243 -2.191139066  5.628518141 1779097901 1779097901
 -7.39812669 -2.134522439  5.527591178 -7.204982138 -2.235436909  5.767858908 1779097901 1779097901
-7.435517946  -2.12662777  5.509066264 -7.276583054 -2.243913929  5.894896856 1779097901 1779097901
-7.488674117 -2.084142325  5.484104583 -7.383677478 -2.206981162  5.992779949 1779097901 1779097901
-7.542365244 -2.000107839  5.477270771 -7.509471972 -2.119245822  6.046609104 1779097901 1779097901
-7.596905568 -1.876490887  5.483339666 -7.634504654 -1.981514155  6.047124901 1779097901 1779097901
-7.645036605   -1.7122027  5.509621598 -7.740041038 -1.800257473  5.992050779 1779097901 1779097901
 -7.67058582 -1.624641669  5.528282943 -7.811905096 -1.587520413  5.886933186 1779097901 1779097901
-7.686871975 -1.557339853  5.551470592 -7.843178896 -1.358834804  5.744370714 1779097901 1779097901
-7.708196146 -1.421334916  5.589800101 -7.835725127 -1.129523099  5.582251954 1779097901 1779097901
-7.740019016 -1.246545461  5.626569387  -7.800145933 -0.9151931324   5.420515197 1779097901 1779097901
-7.774593706 -1.057845789  5.674781615  -7.753413314 -0.7292520761   5.279235069 1779097901 1779097901
  -7.77864172 -0.9915108445   5.734743176  -7.715747177 -0.5802866063   5.174334201 1779097901 1779097901
 -7.805141075 -0.9576438782   5.776246141  -7.706390763 -0.4713925237   5.115209552 1779097901 1779097901
 -7.868763253 -0.8765605267   5.809516742  -7.740177893 -0.4001320082   5.107559103 1779097901 1779097901
-7.969664096 -0.770423762  5.832902891 -7.823494335 -0.362043137  5.150594891 1779097902 1779097902
 -8.087521132 -0.6913285452   5.869744562  -7.951878449 -0.3492844742   5.238036457 1779097902 1779097902
 -8.181485238 -0.7305535393   5.875428575  -8.111038292 -0.3524573969    5.36130747 1779097902 1779097902
 -8.267854182 -0.7717693534   5.889759362   -8.27925576 -0.3634905948   5.508491348 1779097902 1779097902
 -8.358845544 -0.7599302874   5.913835605  -8.430835163 -0.3776186332     5.6666232 1779097902 1779097902
 -8.435081689 -0.6786012346   5.955436376   -8.53999475 -0.3903071354   5.823288153 1779097902 1779097902
 -8.454047135 -0.5614952922    6.01475761   -8.58637957 -0.3972432044    5.96670223 1779097902 1779097902
-8.442848176  -0.54478556  6.044745285  -8.557413295 -0.3922294438   6.087897544 1779097902 1779097902
 -8.403722998 -0.5639559962   6.070977999  -8.454383627 -0.3789244304   6.180542221 1779097902 1779097902
 -8.336522194 -0.5778056611   6.100306731  -8.291377315 -0.3626420374   6.241540579 1779097902 1779097902
 -8.237893913 -0.5199449736   6.126472908  -8.093212733 -0.3495766607   6.271708629 1779097902 1779097902
-8.130329145 -0.445292614  6.152209615  -7.892048586 -0.3443596695   6.272936417 1779097902 1779097902
 -8.085770882 -0.4183048215   6.129550092  -7.720196716 -0.3521826811   6.248694816 1779097902 1779097902
-8.058537766 -0.432469845  6.101008843  -7.608995457 -0.3779719557   6.205184526 1779097902 1779097902
 -8.033580881 -0.4450521004   6.092904307  -7.582018921 -0.4240037961    6.15026731 1779097902 1779097902
 -8.051415381 -0.4037570816   6.071601112  -7.648369855 -0.4904206193   6.091506835 1779097902 1779097902
 -8.093041395 -0.3873767292   6.069751026  -7.801830732 -0.5726082332   6.034640756 1779097902 1779097902
 -8.125701323 -0.3270003228   6.098733621  -8.022826306 -0.6634435406   5.985578162 1779097902 1779097902
 -8.177127255 -0.3310948966   6.107866399  -8.277408021 -0.7515913363   5.949085729 1779097902 1779097902
 -8.239596186 -0.3569133473   6.108608385 -8.527848956 -0.826519003  5.931023297 1779097902 1779097902
 -8.300229469 -0.3063320426   6.110367893     -8.735698 -0.8790379556   5.934601349 1779097902 1779097902
 -8.334265389 -0.2331707751   6.104374822  -8.866374184 -0.8976881571    5.95880697 1779097902 1779097902
 -8.330717792 -0.1303291799   6.092113838  -8.896901466 -0.8745028019   5.998621287 1779097902 1779097902
 -8.303137405 -0.1007844873    6.07613704  -8.818817569 -0.8060545537   6.045247303 1779097902 1779097902
  -8.241802247 -0.09513132257    6.063245394  -8.640435502 -0.6972986328   6.088295113 1779097902 1779097902
  -8.122981642 -0.05191944005    6.053798774  -8.385435018 -0.5585594132   6.117362429 1779097902 1779097902
   -8.048523516 -0.004051026385     6.010952655  -8.088870381 -0.4042618977   6.122408272 1779097902 1779097902
  -7.96773898 0.02330139435   5.990457081  -7.793092916 -0.2536609818   6.098343899 1779097902 1779097902
    -7.92272956 -0.006223964744     5.951723418  -7.540220352 -0.1268716947   6.043028506 1779097902 1779097902
  -7.894056971 -0.09110811746    5.907436272   -7.366865237 -0.04210407607    5.960971896 1779097902 1779097902
 -7.902755217 -0.1759363635   5.851472285    -7.2981597 -0.0116271988   5.860458874 1779097902 1779097902
 -7.963157318 -0.2706827445   5.775858772   -7.342585984 -0.04246032279    5.752324274 1779097902 1779097902
 -8.010152628 -0.2634002429   5.753061575 -7.492373324 -0.132892578  5.649170476 1779097902 1779097902
 -8.069595391 -0.3014461769   5.721989822  -7.722547857 -0.2741953109   5.560517918 1779097902 1779097902
 -8.142404466 -0.3885340477    5.67921151  -7.997789615 -0.4504733715   5.497101559 1779097902 1779097902
  -8.20137946 -0.4529766359   5.644288721  -8.276566798 -0.6420165647   5.465311276 1779097902 1779097902
 -8.240454783 -0.5177923533   5.595779476  -8.517380912 -0.8266121685   5.467077095 1779097902 1779097902
 -8.241113723 -0.5216965603   5.559662574  -8.685271949 -0.9846751747   5.497604995 1779097902 1779097902
 -8.213987905 -0.5614552182   5.523902441   -8.7567957 -1.099754813  5.546838571 1779097902 1779097902
 -8.161315494 -0.5951550738    5.48122526  -8.72344562 -1.163602075  5.601144901 1779097902 1779097902
 -8.073417766 -0.6119450831   5.452886741 -8.592133053 -1.174633868  5.643907991 1779097902 1779097902
-7.96779217 -0.65910304 5.409683772 -8.384376455 -1.137114254  5.662179994 1779097902 1779097902
 -7.906512597 -0.6113273537   5.361821817 -8.131831763 -1.064416198   5.64558739 1779097902 1779097902
 -7.838736533 -0.5825538601   5.344197567 -7.870600868  -0.97302926  5.590237552 1779097902 1779097902
 -7.773614032 -0.5997356675   5.332617041    -7.6368063 -0.8832326646   5.501004813 1779097902 1779097902
 -7.729074311 -0.6182867396   5.320156145   -7.46067398 -0.8137458471   5.388584989 1779097902 1779097902
 -7.710766111 -0.6609362261   5.301427868  -7.360634728 -0.7796038797    5.26780402 1779097902 1779097902
 -7.712931241 -0.6616309507   5.290828634  -7.342644061 -0.7896653747   5.155773807 1779097902 1779097902
 -7.701703338 -0.6429401243   5.318481078  -7.398789917 -0.8457791809   5.068348038 1779097902 1779097902
 -7.700258977 -0.6851566992   5.333565572  -7.509310246 -0.9431292697   5.015163698 1779097902 1779097902
 -7.708575114 -0.7542779043   5.333328503 -7.647832216 -1.069596331  5.002529749 1779097903 1779097903
 -7.715358963 -0.8768403108   5.325558822 -7.784893148 -1.209234078  5.030622915 1779097903 1779097903
 -7.729078501 -0.9265719274   5.307601774 -7.893229804  -1.34511423  5.093258754 1779097903 1779097903
 -7.734633637 -0.9964896948   5.293562678 -7.952292309 -1.462639337   5.18011367 1779097903 1779097903
-7.733712794 -1.074100149  5.285425243 -7.951681626 -1.551329459  5.277914396 1779097903 1779097903
-7.737802277 -1.187172909  5.265009102 -7.892924605 -1.606571907  5.372019775 1779097903 1779097903
-7.745413736 -1.319185404  5.242512548 -7.787677146  -1.63112117  5.450404181 1779097903 1779097903
-7.761443585 -1.415686078  5.222530651 -7.65664322 -1.63422056 5.504284191 1779097903 1779097903
-7.783336175 -1.497925458  5.205456137  -7.52491682 -1.629599748  5.529243293 1779097903 1779097903
-7.789890048 -1.615215412  5.214933352 -7.417855686 -1.633248421  5.525653298 1779097903 1779097903
-7.787199944 -1.754628069  5.243427028 -7.356353679 -1.660441708  5.498315709 1779097903 1779097903
-7.778291923 -1.915630518   5.28816634 -7.352829511 -1.723418246  5.456164899 1779097903 1779097903
-7.769600827 -2.061340072  5.340741809 -7.409531691 -1.829071707  5.410602884 1779097903 1779097903
-7.762161822 -2.161631639   5.40750623 -7.518291717 -1.977881495  5.373724059 1779097903 1779097903
-7.756062963 -2.255781523  5.474605681  -7.66121913 -2.163333921  5.356348364 1779097903 1779097903
-7.749131964 -2.378677632  5.548766504 -7.814029636 -2.372821733  5.367274685 1779097903 1779097903
-7.73545489 -2.52660067 5.652017855 -7.950035347 -2.589341229  5.412151938 1779097903 1779097903
-7.742989596 -2.623535585  5.753401362 -8.044549236 -2.793984163  5.491824627 1779097903 1779097903
-7.751916381  -2.65288812  5.861563759 -8.078674968 -2.969121501  5.603133325 1779097903 1779097903
-7.762314567 -2.699516319  5.970692354 -8.044969152 -3.101408464  5.739167451 1779097903 1779097903
-7.766287624 -2.781325574  6.080935124 -7.949311668 -3.183886855  5.890267836 1779097903 1779097903
 -7.77127624 -2.880590313  6.184900723 -7.808866214 -3.215734975  6.045180019 1779097903 1779097903
-7.764523259 -2.985467897  6.285856628 -7.651602848 -3.203498977  6.190214966 1779097903 1779097903
-7.738199005 -3.071547493  6.354777175 -7.508846166 -3.158028369  6.316563017 1779097903 1779097903
-7.719333692 -3.154442808  6.389128104 -7.404706231   -3.0910478  6.412920998 1779097903 1779097903
-7.681504421 -3.246349464  6.401209091 -7.359844779  -3.01646653  6.471582505 1779097903 1779097903
-7.648426371 -3.300334208   6.37782368 -7.376580735 -2.944334015  6.490421987 1779097903 1779097903
 -7.60519896 -3.306785603  6.334342533 -7.450021507 -2.883276548   6.46847522 1779097903 1779097903
-7.569754299 -3.305774085  6.277909859 -7.562075155 -2.837196355  6.412499445 1779097903 1779097903
-7.55947098 -3.22583218 6.210001486 -7.687096142 -2.806045709  6.331018882 1779097903 1779097903
-7.556664004 -3.121651065  6.129267676 -7.798728377 -2.786702619   6.23879226 1779097903 1779097903
-7.559530339 -2.985084113  6.049067867  -7.87159085 -2.773657048   6.14911472 1779097903 1779097903
-7.544668007 -2.884170528  5.976240643 -7.887138088 -2.760181862  6.073147516 1779097903 1779097903
-7.541145445 -2.823570423  5.926523733  -7.83698841 -2.741034409  6.018116052 1779097903 1779097903
 -7.54633908 -2.751367189  5.886014705 -7.725135115 -2.712999766  5.985833698 1779097903 1779097903
-7.541376983 -2.711613241  5.863222747 -7.567343502 -2.676063115  5.972026271 1779097903 1779097903
-7.539896155 -2.686064907  5.849594438 -7.389280709 -2.633325134  5.968348853 1779097903 1779097903
-7.525175678 -2.716302121  5.850010618 -7.222014026 -2.590595675  5.964527928 1779097903 1779097903
-7.495909819  -2.79991996  5.857210477 -7.096884816 -2.554508749  5.951121273 1779097903 1779097903
-7.484286805 -2.846628413   5.86357594 -7.037991266 -2.530057235  5.920031236 1779097903 1779097903
-7.486759804 -2.885038841  5.859837781 -7.059346938   -2.5203067  5.869684613 1779097903 1779097903
-7.503339883 -2.904378358  5.848419916 -7.161661104 -2.525231442  5.803782784 1779097903 1779097903
-7.528983249 -2.932090958  5.818738623 -7.332934967 -2.541767896  5.731306236 1779097903 1779097903
-7.560233126 -2.919535745  5.794786464 -7.547429398 -2.563272204  5.663530764 1779097903 1779097903
-7.599675347 -2.871621839  5.777124801 -7.774440002 -2.582351246  5.613866858 1779097903 1779097903
-7.642381303 -2.806388023  5.763830039 -7.980624404  -2.59153269  5.594472365 1779097903 1779097903
-7.683773408 -2.713098918   5.76857838 -8.135944702 -2.585112315  5.612576354 1779097903 1779097903
-7.714102565 -2.645922218  5.779738852 -8.219226836 -2.560079104  5.668891373 1779097903 1779097903
-7.730254918 -2.608811263  5.791938998 -8.220577424 -2.517482729  5.756723283 1779097903 1779097903
-7.745070177 -2.566772891  5.808801955  -8.14352901 -2.461997775  5.862926978 1779097903 1779097903
-7.758053584 -2.521725017  5.828704857 -8.003782761 -2.401165753  5.969681231 1779097904 1779097904
   -7.758023 -2.485396737  5.858704859 -7.826359459 -2.343707716  6.058048118 1779097904 1779097904
-7.74761782   -2.488316 5.877021989  -7.64125354 -2.298081607  6.111704455 1779097904 1779097904
-7.720367475 -2.547031493  5.881868556 -7.478353217 -2.270289544  6.120557953 1779097904 1779097904
-7.680352403 -2.593642584   5.89963544 -7.362195655 -2.262552375  6.081934032 1779097904 1779097904
-7.641164421 -2.620693317  5.911578669 -7.308148229 -2.272934566  6.001144988 1779097904 1779097904
-7.609839339 -2.629089946  5.903045372 -7.320300216 -2.295622334  5.891342184 1779097904 1779097904
-7.592476124 -2.639681066  5.859881644 -7.39194198 -2.32243511  5.77013144 1779097904 1779097904
  -7.5593435 -2.654823506  5.837094468 -7.505964754 -2.342723901   5.65646527 1779097904 1779097904
-7.548357336 -2.646228442  5.794294136 -7.639089898 -2.346421623  5.566796988 1779097904 1779097904
-7.56308586 -2.59679278 5.731337846 -7.766497603  -2.32619753  5.512749628 1779097904 1779097904
-7.587565592 -2.529771085  5.655758946 -7.866212475 -2.278818312  5.498961386 1779097904 1779097904
 -7.60740982 -2.453925541  5.586270787 -7.921217635 -2.205271589  5.521224099 1779097904 1779097904
-7.618512128 -2.455616272   5.51230107 -7.924192129  -2.11071507  5.567330559 1779097904 1779097904
-7.631277376  -2.43336635  5.449336586 -7.876385702 -2.004056473  5.619973063 1779097904 1779097904
-7.635870667 -2.371555747  5.413608269 -7.789604328 -1.896043075  5.660852247 1779097904 1779097904
-7.630726305 -2.294628328  5.392646948 -7.682687737 -1.797857115  5.674920315 1779097904 1779097904
-7.610906897 -2.223641047  5.382561973  -7.57685352 -1.719562754  5.652649539 1779097904 1779097904
-7.578523785 -2.255949048  5.367499852 -7.492860024 -1.668127726  5.592427601 1779097904 1779097904
-7.555807318  -2.19509435  5.378615547 -7.448200647 -1.646800674  5.501994059 1779097904 1779097904
-7.538220281 -2.134365399  5.388901303 -7.451151031 -1.654111518  5.394803292 1779097904 1779097904
-7.530177002 -2.057704111  5.402309164 -7.501120119 -1.684561149  5.289550187 1779097904 1779097904
 -7.53731919 -1.987574805  5.410190741  -7.58843021 -1.729414972  5.204774318 1779097904 1779097904
-7.546420313 -1.951523547  5.424758908 -7.697032074 -1.778377169  5.157536993 1779097904 1779097904
-7.562246264 -1.879997298  5.459430466 -7.806616356 -1.820915769  5.159120463 1779097904 1779097904
-7.596089738  -1.78859196  5.493479133 -7.89537817 -1.84731874 5.211778648 1779097904 1779097904
-7.648884025 -1.687108371  5.527300753 -7.945793148 -1.850524084  5.309421066 1779097904 1779097904
-7.714113753  -1.59338297  5.562291343 -7.947084279 -1.827142053  5.439473871 1779097904 1779097904
-7.751656859 -1.559643148  5.594711935 -7.897692152 -1.777444087  5.584527181 1779097904 1779097904
-7.785715548 -1.522503392  5.629483023 -7.805152508  -1.70495244  5.724974569 1779097904 1779097904
 -7.81272603 -1.501281904  5.661371551 -7.684318794   -1.6159446  5.843201546 1779097904 1779097904
-7.831525707 -1.475249391  5.692164778 -7.555291939 -1.518297182  5.926398292 1779097904 1779097904
-7.837815054  -1.47036582  5.708834014 -7.439905814 -1.420667609  5.967768835 1779097904 1779097904
-7.839142489 -1.507225543   5.69171656 -7.357954865 -1.331131812  5.967915448 1779097904 1779097904
-7.829207534  -1.53519146  5.673953887 -7.324327756 -1.256514802  5.933348868 1779097904 1779097904
-7.808836127 -1.544981882  5.660970725 -7.346667613 -1.201639187  5.874742977 1779097904 1779097904
-7.783292818 -1.515026465  5.653213001 -7.424612228 -1.168982001  5.804433777 1779097904 1779097904
-7.752968066 -1.475304282  5.640912299 -7.549758028 -1.158660182  5.733736556 1779097904 1779097904
-7.740133844 -1.457448604  5.615164389 -7.707650728 -1.168576115  5.671120986 1779097904 1779097904
-7.727960077 -1.452252176  5.605417709 -7.879716872 -1.194726224  5.620865907 1779097904 1779097904
-7.730020583 -1.450258753   5.58573904 -8.046138897 -1.232029588  5.582658883 1779097904 1779097904
-7.741686014 -1.442591021  5.571467614 -8.188584746 -1.273842763  5.552842274 1779097904 1779097904
-7.780822821 -1.385915972  5.551457472 -8.292451908 -1.313986073  5.525869853 1779097904 1779097904
-7.818647743 -1.371723169  5.538082868 -8.34857922 -1.34624252 5.496525532 1779097904 1779097904
-7.840693087 -1.384119447  5.539358611 -8.353955482 -1.364487266  5.461522684 1779097904 1779097904
-7.864753206 -1.406664798  5.539095018 -8.312164208 -1.363872441    5.4207285 1779097904 1779097904
-7.897319951   -1.3587472  5.551698463 -8.231852204 -1.340999945  5.377916064 1779097904 1779097904
-7.925571542 -1.318177779  5.567869224 -8.125746475 -1.294659748  5.339951924 1779097904 1779097904
 -7.95343365 -1.284922848  5.579749278 -8.008545193 -1.225612679  5.315444738 1779097904 1779097904
-7.963314982 -1.273627039  5.603973967 -7.895372374 -1.137168773  5.312443584 1779097904 1779097904
-7.975464316 -1.266105003  5.625158363 -7.799542094 -1.034776041  5.337473117 1779097905 1779097905
-7.989738809  -1.19295461  5.665807706  -7.732077677 -0.9270730329   5.393306621 1779097905 1779097905
-8.008611155 -1.109870752  5.716755672  -7.698567333 -0.8216630567   5.477598235 1779097905 1779097905
 -8.018645738 -0.9998663981   5.787857246  -7.701680323 -0.7286834304   5.584088511 1779097905 1779097905
  -8.02386777 -0.9409555404   5.846103596  -7.737943846 -0.6539474711   5.702085729 1779097905 1779097905
 -8.036871488 -0.9066817414   5.889408151 -7.799513234 -0.602936058  5.821081307 1779097905 1779097905
  -8.04817847 -0.8287656652   5.948502687   -7.87825096 -0.5793785291   5.929921283 1779097905 1779097905
 -8.075889003 -0.7249448854   5.994641664  -7.962645293 -0.5821912375   6.020181824 1779097905 1779097905
 -8.092374003 -0.6283219128   6.042641586  -8.043771001 -0.6069437402    6.08572539 1779097905 1779097905
 -8.080476642 -0.5701333589   6.102873902  -8.114180961 -0.6469290731   6.125367153 1779097905 1779097905
 -8.082220118 -0.5583241194   6.133994359   -8.16834142 -0.6943479677   6.142542131 1779097905 1779097905
 -8.081941587 -0.5552406064   6.166979513  -8.205218261 -0.7411186879   6.143799818 1779097905 1779097905
 -8.077518844 -0.5375239077    6.20173346  -8.225585639 -0.7794746565   6.137578346 1779097905 1779097905
 -8.067613249 -0.5082735002   6.242362822  -8.231879368 -0.8026527751   6.131963022 1779097905 1779097905
 -8.065877421 -0.5004431096   6.263945955 -8.226961578 -0.806399849   6.13343168 1779097905 1779097905
-8.070060503 -0.517171895  6.275266594  -8.213301966 -0.7897119828   6.146046547 1779097905 1779097905
 -8.071680612 -0.5294700633   6.291047195  -8.192951985 -0.7545745354   6.170448755 1779097905 1779097905
  -8.07712417 -0.4853620374   6.305944653  -8.166709961 -0.7066888437    6.20490348 1779097905 1779097905
 -8.091595211 -0.4569036288    6.30230909  -8.133994337 -0.6518419799   6.244651344 1779097905 1779097905
 -8.092057508 -0.4252836269   6.305721684  -8.094905858 -0.5976000038   6.283712152 1779097905 1779097905
 -8.097543865 -0.4257525729   6.290837761 -8.048592904 -0.550572945  6.316520155 1779097905 1779097905
 -8.094187968 -0.4372212626   6.272466463  -7.996626979 -0.5174923123   6.338367972 1779097905 1779097905
 -8.085867105 -0.4086182742   6.239708718 -7.941969706 -0.503752986  6.346592016 1779097905 1779097905
 -8.070989645 -0.3827970298   6.194878402   -7.88887821 -0.5101011319   6.338586585 1779097905 1779097905
 -8.048178512 -0.3655877674   6.160283501  -7.843336705 -0.5357557343   6.313223252 1779097905 1779097905
 -8.024729164 -0.3988580696   6.118025484  -7.811204552 -0.5783372505   6.270746876 1779097905 1779097905
 -7.985580429 -0.4492506502   6.075165951  -7.798325891 -0.6345405497    6.21244987 1779097905 1779097905
-7.940494302 -0.469584619  6.037534082  -7.808097031 -0.6993873919   6.139891486 1779097905 1779097905
 -7.895282707 -0.4984194947   5.998906789 -7.840792523 -0.767045275  6.054557429 1779097905 1779097905
 -7.885631857 -0.5007578594   5.947453512  -7.893646742 -0.8320351816   5.958682401 1779097905 1779097905
 -7.890155527 -0.5373847256   5.889435003  -7.960773648 -0.8901160187   5.855957064 1779097905 1779097905
 -7.900477781 -0.5787520447   5.829906406   -8.03431666 -0.9385226732   5.752003446 1779097905 1779097905
 -7.907611652 -0.5917239685   5.794428127  -8.105579787 -0.9762098927    5.65384723 1779097905 1779097905
 -7.92616094 -0.597826205  5.765226609 -8.165891553 -1.003972129  5.569433913 1779097905 1779097905
 -7.933458982 -0.5911100341   5.767349015 -8.208855596  -1.02360252  5.506581171 1779097905 1779097905
  -7.94966509 -0.6382392855   5.758707578 -8.230263558 -1.037772272  5.472188739 1779097905 1779097905
 -7.971939146 -0.7156095987   5.746657995  -8.22979629 -1.050039028  5.471270199 1779097905 1779097905
 -7.975768731 -0.7681275733   5.766774636 -8.210234858 -1.063768507  5.504812205 1779097905 1779097905
 -7.993029253 -0.7965854208   5.770515986 -8.175815145 -1.080930039  5.569554269 1779097905 1779097905
-7.996518234 -0.827415635  5.779412842 -8.131693556 -1.101453918  5.656511398 1779097905 1779097905
-7.991978499 -0.875892691  5.787442388 -8.082995635 -1.124624505  5.753823451 1779097905 1779097905
 -7.976479801 -0.9459579035   5.798940497 -8.033338655 -1.148468998  5.848031149 1779097905 1779097905
 -7.942171778 -0.9959712449   5.824724999 -7.984207129 -1.169934212  5.925731599 1779097905 1779097905
-7.906860435 -1.028037719  5.835837946 -7.934995229 -1.185783698  5.975739364 1779097905 1779097905
-7.87666583 -1.01953032 5.838531055 -7.883622287 -1.193669997  5.991219048 1779097905 1779097905
-7.862365658 -1.044714651  5.809496417 -7.827930073 -1.193217845  5.970812001 1779097905 1779097905
-7.843606761 -1.086878789  5.767685346 -7.766412698 -1.185216315  5.918594381 1779097905 1779097905
-7.810826569 -1.106216834  5.729472154 -7.699556514 -1.172264997  5.842968572 1779097905 1779097905
-7.780405121 -1.151429154  5.661024706 -7.630740988 -1.159248061  5.754627249 1779097905 1779097905
-7.764862776 -1.142281243  5.608908703 -7.565594804  -1.15144066  5.664822995 1779097905 1779097905
-7.739071598 -1.156962969  5.568241423 -7.511641188 -1.154261593  5.582499632 1779097906 1779097906
-7.712060909 -1.177424356  5.520700992 -7.476918288 -1.171734827  5.513127561 1779097906 1779097906
-7.683478622  -1.19143464  5.476167735 -7.468030579 -1.206061332  5.458286795 1779097906 1779097906
 -7.65532303 -1.226273194  5.433759921  -7.48815983 -1.256547786  5.415805798 1779097906 1779097906
 -7.64243806 -1.199698157  5.412624717 -7.536815507 -1.320162526  5.381318035 1779097906 1779097906
-7.633740022 -1.184510509  5.399118137 -7.607892256 -1.390732284   5.34878159 1779097906 1779097906
-7.628189342 -1.184650759  5.387657586  -7.69114213 -1.460974926  5.314491035 1779097906 1779097906
-7.618578477 -1.197867485  5.392029201 -7.773290784 -1.523354695  5.277125708 1779097906 1779097906
-7.608972637 -1.236296361  5.404634515 -7.839837926 -1.571406123  5.239421831 1779097906 1779097906
-7.609841963  -1.19810959  5.426454784 -7.878575452 -1.601552478  5.207060794 1779097906 1779097906
-7.610184351 -1.216085232  5.438783902 -7.880599907 -1.614177206  5.186473952 1779097906 1779097906
-7.608143636  -1.25601497  5.453630393 -7.843757806 -1.613524207  5.185833926 1779097906 1779097906
-7.606269323 -1.324955562  5.464745392 -7.772059743 -1.607269476  5.210861902 1779097906 1779097906
-7.610150365  -1.43608477  5.461722597 -7.675790898 -1.605106913  5.263356421 1779097906 1779097906
-7.621318913 -1.451418624  5.465185576 -7.569479486 -1.616671043  5.340947691 1779097906 1779097906
-7.620488314 -1.526534429  5.471100418 -7.469476336 -1.650657449  5.436059557 1779097906 1779097906
 -7.63233143 -1.624077674  5.457940152 -7.391574279 -1.711035204  5.537435241 1779097906 1779097906
 -7.64816448 -1.718555243  5.445394514 -7.347603615 -1.797453027  5.632451861 1779097906 1779097906
-7.672658093  -1.82353794  5.424328976 -7.343862102  -1.90467821  5.708478194 1779097906 1779097906
-7.696325563 -1.858714546  5.419737831 -7.379775866 -2.022845499  5.755785166 1779097906 1779097906
-7.723258498 -1.856810245  5.422379242 -7.448242082 -2.139150646  5.768837203 1779097906 1779097906
-7.739385259 -1.894485877  5.426624543  -7.53672984 -2.239899653  5.747531094 1779097906 1779097906
-7.748994552 -1.930657858   5.43944706 -7.630290913 -2.312342422  5.697198478 1779097906 1779097906
-7.743985516 -1.975613079  5.467993692 -7.713852949 -2.347896785  5.627281459 1779097906 1779097906
-7.741772081 -1.961590742  5.502522906 -7.775120015 -2.343239365  5.549730156 1779097906 1779097906
-7.724557236 -1.971346097  5.547612735  -7.80681558 -2.302009461  5.478097363 1779097906 1779097906
-7.695984431 -2.005209794  5.601569001 -7.807943381 -2.233136923  5.423601684 1779097906 1779097906
 -7.66232506 -2.043031137  5.666841171 -7.782906895 -2.149819538  5.394031692 1779097906 1779097906
-7.629226708 -2.105504105   5.73679335 -7.740705981 -2.067800517   5.39368041 1779097906 1779097906
-7.614587684 -2.137913417  5.793943736 -7.692699859 -2.002225629  5.422347076 1779097906 1779097906
-7.604594632 -2.171443713  5.847935581 -7.650614988 -1.965616234   5.47618645 1779097906 1779097906
-7.609084506 -2.218356173  5.889513042 -7.624372294 -1.965766043  5.547658414 1779097906 1779097906
-7.643762111 -2.265889769   5.91006436 -7.620229192  -2.00481004  5.628201627 1779097906 1779097906
-7.693739283 -2.323753485  5.912918899 -7.639765547 -2.079177254  5.709814159 1779097906 1779097906
-7.745071337 -2.339407111  5.917867219 -7.679743062 -2.180124946  5.785408288 1779097906 1779097906
-7.778652462 -2.367270049  5.932335917 -7.732769032 -2.295340442  5.849465258 1779097906 1779097906
-7.815627133 -2.380560582  5.936865117 -7.789278377 -2.411189301  5.899496558 1779097906 1779097906
-7.846398289 -2.417969757  5.934817428 -7.838880324 -2.514469828  5.935320157 1779097906 1779097906
 -7.86821582 -2.440921315  5.936677199 -7.872685912 -2.594805736  5.958938789 1779097906 1779097906
-7.891219797 -2.452907837  5.924480002 -7.885140614 -2.645975431    5.9739851 1779097906 1779097906
-7.892938668 -2.470012008  5.925525317 -7.874407954 -2.667111165  5.985349205 1779097906 1779097906
-7.881759133 -2.494756909  5.934659023 -7.842488408 -2.661711154  5.998360705 1779097906 1779097906
-7.845316067 -2.538763292  5.965092037 -7.795559753 -2.636920106  6.017114905 1779097906 1779097906
 -7.80672385 -2.571910555  6.001340598 -7.740174141 -2.601552607  6.044465203 1779097906 1779097906
-7.775871598  -2.59422897  6.032664108 -7.684301016 -2.564564134   6.08154074 1779097906 1779097906
-7.711166468 -2.642559278  6.096276708 -7.636106485 -2.533812491  6.127481976 1779097906 1779097906
-7.671802391 -2.674255774  6.133802862 -7.599420607 -2.512952943  6.175856462 1779097906 1779097906
-7.634207189 -2.716133176  6.161999467 -7.579054636 -2.504094855   6.22050612 1779097906 1779097906
-7.621995993 -2.745677145  6.158366861 -7.575660966 -2.504914366  6.254068643 1779097906 1779097906
-7.620262221 -2.766570032  6.137628516 -7.589991629  -2.51221633    6.2693806 1779097906 1779097906
-7.608165887  -2.77259121  6.130782025 -7.620362609 -2.521066608  6.261597464 1779097907 1779097907
-7.613837225  -2.76883435  6.097685233 -7.664063576 -2.526918927  6.228119447 1779097907 1779097907
-7.621459367 -2.765504974  6.054096096 -7.717209174 -2.526290679   6.17020414 1779097907 1779097907
-7.636660409 -2.742480248  5.999805387 -7.774332354 -2.517242708  6.092245874 1779097907 1779097907
  -7.6504493 -2.707219593  5.944614412 -7.828956536 -2.499834864  6.001809096 1779097907 1779097907
-7.622185143 -2.719657319  5.933796551 -7.873788882 -2.475672764  5.908050747 1779097907 1779097907
-7.606966917 -2.698025495   5.92282258 -7.901021024 -2.447981253  5.821008755 1779097907 1779097907
-7.605651691 -2.661531981  5.901538272 -7.904011806 -2.420285234  5.750149757 1779097907 1779097907
 -7.60494535 -2.621000697  5.888981997 -7.877920261 -2.395704014  5.702040301 1779097907 1779097907
-7.612385238 -2.598779826  5.866673583 -7.821181005 -2.377004772  5.680646362 1779097907 1779097907
-7.618491758 -2.603605623  5.846488553 -7.735865828 -2.365986968  5.686110888 1779097907 1779097907
-7.615279014 -2.604366523  5.846274863 -7.628731251 -2.363323369  5.715776424 1779097907 1779097907
-7.611582647 -2.598308894  5.853405827 -7.511087259 -2.369155606  5.764133055 1779097907 1779097907
-7.608661545 -2.601783023   5.85638541 -7.396962887 -2.383044973  5.823669168 1779097907 1779097907
-7.599675993 -2.635142318  5.850491745 -7.301552726 -2.404565249  5.886235647 1779097907 1779097907
-7.556164238 -2.723351356  5.858401634 -7.238505467 -2.432821376   5.94370795 1779097907 1779097907
-7.517415865 -2.784603326  5.865868597 -7.217250973 -2.465957096  5.988089369 1779097907 1779097907
-7.496275829 -2.844506368  5.840770621 -7.242431741  -2.50298539    6.0139045 1779097907 1779097907
-7.474574962  -2.89228306   5.80962655 -7.311144509 -2.541897611  6.018617579 1779097907 1779097907
-7.458051728 -2.934690736  5.762167039 -7.414202357 -2.580187698  6.001771034 1779097907 1779097907
-7.448976806  -2.98850789  5.705716401 -7.536775673 -2.614356729  5.964779592 1779097907 1779097907
-7.441363588 -3.010373786  5.663739588 -7.660393473 -2.640159394  5.910165216 1779097907 1779097907
-7.453479598 -2.974892946  5.622195448 -7.767211564 -2.652805137  5.841626435 1779097907 1779097907
-7.461823951  -2.92849768  5.595360542 -7.842480587 -2.647373592  5.763262834 1779097907 1779097907
-7.486133805 -2.822312648  5.577578847 -7.876874305 -2.619838783  5.679326683 1779097907 1779097907
-7.512238427 -2.746022299  5.556769033 -7.868302112 -2.567696272  5.594003326 1779097907 1779097907
-7.537465667  -2.66472219  5.542067637 -7.822014905 -2.491194055  5.511762523 1779097907 1779097907
-7.575535616  -2.55708794   5.51975752 -7.749703592 -2.393369168  5.436945422 1779097907 1779097907
-7.602245157 -2.447520122  5.508940919 -7.666682723  -2.28007508  5.374090783 1779097907 1779097907
 -7.63251461 -2.310252135  5.489695291 -7.589690685 -2.159198295  5.327041947 1779097907 1779097907
-7.626347285 -2.255715102  5.484621332 -7.533453049  -2.03924692  5.299274792 1779097907 1779097907
-7.625830431  -2.17214419  5.476693276  -7.50854269 -1.928538813  5.293069749 1779097907 1779097907
-7.632393104 -2.068126123  5.452898253 -7.518561805 -1.834181214  5.308765695 1779097907 1779097907
-7.627576653  -1.97309861  5.432930406 -7.560272864 -1.760325893  5.344598962 1779097907 1779097907
-7.622433037  -1.86065123  5.408472848 -7.624436235 -1.707669107  5.396447734 1779097907 1779097907
-7.598234506 -1.800801753  5.413083272 -7.697719448 -1.673391885  5.457813931 1779097907 1779097907
-7.591700925 -1.729247077  5.409149997  -7.76541169 -1.651588259  5.520543596 1779097907 1779097907
-7.598277821 -1.642615875  5.400388226 -7.813566092 -1.633879557  5.575178167 1779097907 1779097907
-7.604800849 -1.545177635  5.411610081 -7.832373842 -1.611285155  5.613018308 1779097907 1779097907
-7.617786053 -1.489980086  5.424982835 -7.817959577 -1.575914891  5.627508763 1779097907 1779097907
-7.63290522 -1.44457597  5.44633235 -7.773441469 -1.521994266   5.61569217 1779097907 1779097907
-7.648401556  -1.40669968  5.474453166 -7.707522963 -1.447381103  5.578658593 1779097907 1779097907
-7.674676318 -1.354061254  5.507296689 -7.633650498 -1.353906596  5.522019376 1779097907 1779097907
-7.703048807 -1.299192013  5.543266335 -7.567510384  -1.24698214  5.455499579 1779097907 1779097907
-7.737343119 -1.243581168  5.584044897 -7.524127963 -1.134938357  5.391377677 1779097907 1779097907
-7.758717491 -1.234241329  5.609124726 -7.515390932 -1.026916302  5.342689213 1779097907 1779097907
-7.786575224 -1.234978867  5.617914591  -7.547698447 -0.9320670682   5.321065002 1779097907 1779097907
-7.814657125 -1.223837514  5.628924701  -7.620832137 -0.8575686089   5.334534106 1779097907 1779097907
-7.848415828 -1.146728944  5.647429178  -7.728193021 -0.8076216652   5.385545367 1779097907 1779097907
-7.889637473  -1.06236633  5.656369994  -7.857554475 -0.7824371322   5.470139477 1779097907 1779097907
-7.906102519 -1.037286254  5.673443568  -7.993353633 -0.7778850581   5.578283858 1779097908 1779097908
-7.942300017  -1.00271751  5.663689439  -8.119467231 -0.7866724963   5.695807329 1779097908 1779097908
 -7.986146804 -0.9330779783    5.65413584  -8.221555796 -0.7990694921   5.805260543 1779097908 1779097908
 -8.029062606 -0.8170561658   5.659044029  -8.289575982 -0.8045223248   5.889959941 1779097908 1779097908
 -8.071892856 -0.7157975501    5.66631073  -8.318847071 -0.7930395315   5.937044264 1779097908 1779097908
 -8.096720128 -0.6610270192   5.683264915  -8.311388657 -0.7584409405   5.939426072 1779097908 1779097908
 -8.118123147 -0.6357633749   5.704137713  -8.274575931 -0.6983397693   5.897620013 1779097908 1779097908
 -8.13706643 -0.616912657  5.728550833  -8.219981139 -0.6153035076   5.820125026 1779097908 1779097908
 -8.152784583 -0.5610412349   5.770088363  -8.161270305 -0.5162013504   5.721750208 1779097908 1779097908
 -8.174903381 -0.5038427321   5.818090662  -8.110831503 -0.4109668111   5.621668075 1779097908 1779097908
 -8.185222755 -0.5122223053   5.851938479  -8.078751199 -0.3113991387   5.540099767 1779097908 1779097908
 -8.192282275 -0.5075102379   5.892956386  -8.070692507 -0.2295059813   5.495370757 1779097908 1779097908
 -8.198554696 -0.5239580624   5.937644094   -8.08682411 -0.1746286146   5.499905676 1779097908 1779097908
 -8.198539315 -0.4761645777   6.003559108  -8.124094228 -0.1548385867   5.559336225 1779097908 1779097908
 -8.206106972 -0.4417238133    6.06231023  -8.173124838 -0.1714974808   5.670702251 1779097908 1779097908
-8.218930241 -0.422348371  6.092325871  -8.224551663 -0.2224455436   5.822450698 1779097908 1779097908
 -8.225101572 -0.3825494608   6.126860102  -8.269381901 -0.3017360147   5.996832179 1779097908 1779097908
 -8.237557323 -0.3891694056   6.147851369  -8.298380305 -0.3975173632   6.172171255 1779097908 1779097908
 -8.249477846 -0.3359705881   6.167895254  -8.308993555 -0.5012161129   6.327966371 1779097908 1779097908
 -8.259702789 -0.3194550276   6.181637514  -8.299077917 -0.5981740549   6.444677235 1779097908 1779097908
 -8.263553586 -0.2726875035   6.185604697  -8.272125245 -0.6785025967   6.509819887 1779097908 1779097908
 -8.261222105 -0.2488199354   6.185873903  -8.233588922 -0.7321751913   6.516519333 1779097908 1779097908
 -8.255970474 -0.2985105565   6.176042244  -8.189889841 -0.7542895267    6.46758498 1779097908 1779097908
 -8.248978473 -0.2965976377   6.155278571  -8.149400233 -0.7456151554   6.373313077 1779097908 1779097908
 -8.239052354 -0.3128215517   6.115626795  -8.117171149 -0.7075285192   6.247461986 1779097908 1779097908
 -8.242714462 -0.3106127955   6.063093654  -8.096519869 -0.6457979533   6.106786932 1779097908 1779097908
-8.229767249 -0.326536651  6.029063332  -8.088106328 -0.5688727533   5.968020002 1779097908 1779097908
 -8.216794022 -0.3837547132   5.988540273    -8.0896684 -0.4868043705   5.845271362 1779097908 1779097908
 -8.19174679 -0.405962946  5.959583921   -8.09740801 -0.4096882412   5.748394803 1779097908 1779097908
 -8.161871531 -0.4400889455   5.926432856    -8.1064191 -0.3474954808    5.68171241 1779097908 1779097908
 -8.144997503 -0.4430283403   5.897249321  -8.112161427 -0.3088701154   5.644918814 1779097908 1779097908
 -8.113387993 -0.4524019148   5.893784441  -8.111465108 -0.3000823682   5.633569543 1779097908 1779097908
 -8.085443627 -0.5060141635   5.880136669   -8.10212285 -0.3245817598   5.640299179 1779097908 1779097908
 -8.044566404 -0.5421314573   5.876190867  -8.084848114 -0.3834382879   5.658232347 1779097908 1779097908
 -8.007886262 -0.6079799996   5.852775359  -8.060146914 -0.4741684445   5.680321179 1779097908 1779097908
 -7.985034247 -0.6419024051   5.815308759  -8.030269341 -0.5920324747   5.701939571 1779097908 1779097908
 -7.948589183 -0.6393182101   5.803911129 -7.997415115 -0.729895147  5.719657795 1779097908 1779097908
 -7.914560642 -0.6944493518    5.77212093 -7.961339147 -0.878026631  5.731929061 1779097908 1779097908
 -7.880434665 -0.7334611578   5.726776056 -7.923124203 -1.028795573  5.740151852 1779097908 1779097908
 -7.837795473 -0.8265113345   5.665047926  -7.88084612 -1.172230811  5.744298619 1779097908 1779097908
 -7.819736789 -0.8546467884    5.59158066 -7.833327896 -1.301280639  5.745067306 1779097908 1779097908
 -7.777523587 -0.8632817718   5.565525354 -7.778436821 -1.409474727  5.738714055 1779097908 1779097908
 -7.745118613 -0.9085736416   5.523840606 -7.715065572 -1.493270728  5.724053572 1779097908 1779097908
 -7.696526766 -0.9759549369   5.492310186 -7.644232644 -1.552619563  5.698019465 1779097908 1779097908
-7.648935148 -1.048118749  5.465213567 -7.568228107 -1.588463985  5.658039754 1779097908 1779097908
-7.616586842 -1.092976057  5.433431553 -7.491785882 -1.603770779  5.602867047 1779097908 1779097908
-7.611794819 -1.089100368  5.394409049 -7.420868648 -1.602546911  5.532485083 1779097908 1779097908
-7.60586999 -1.10059108 5.368609201 -7.361915863 -1.589772361  5.449868055 1779097908 1779097908
-7.591734212 -1.164942481  5.356531352 -7.321883398 -1.571078134   5.36145494 1779097908 1779097908
 -7.58137563 -1.262906521  5.350625985 -7.306647059  -1.55197631  5.275729105 1779097908 1779097908
 -7.57794787 -1.381368914  5.353517287 -7.319608813 -1.537414747  5.202231297 1779097909 1779097909
-7.579980708 -1.402273005  5.380171235 -7.360640597 -1.531830389  5.151177146 1779097909 1779097909
-7.591490462 -1.451795287   5.39897748 -7.426417147 -1.539813283  5.129096267 1779097909 1779097909
-7.599498442 -1.518861849  5.428286049 -7.509673166 -1.564537153  5.140655207 1779097909 1779097909
 -7.61263642 -1.598788719  5.455415001 -7.600308743  -1.60765312  5.185229656 1779097909 1779097909
-7.630910907 -1.672332682  5.474012451 -7.686531453  -1.66958165   5.25818735 1779097909 1779097909
 -7.63699826 -1.688934858  5.510221307 -7.756155487 -1.748348776  5.351660986 1779097909 1779097909
-7.642519993 -1.718921895  5.530588841 -7.799408891 -1.841263436  5.453628823 1779097909 1779097909
-7.644777201 -1.768932023  5.546003832  -7.8094989 -1.94239657 5.551317853 1779097909 1779097909
-7.641031567 -1.848766457  5.555318281 -7.784651437 -2.044735695   5.63253112 1779097909 1779097909
-7.644298608 -1.886243633  5.557805395 -7.728372704 -2.140006132  5.687770667 1779097909 1779097909
-7.653760205 -1.869710276  5.562495337 -7.649136051 -2.219817633  5.710847993 1779097909 1779097909
-7.663757246 -1.881914604  5.554770157 -7.558963614 -2.276401877  5.699468012 1779097909 1779097909
-7.674612179 -1.900813931  5.542095946 -7.472116883  -2.30362398  5.656675088 1779097909 1779097909
-7.671949491 -1.937103725  5.541414583 -7.402600905 -2.298344258  5.589817936 1779097909 1779097909
-7.668575532  -1.96414408  5.544524637 -7.362675695 -2.260999614  5.509766151 1779097909 1779097909
-7.682134367  -1.92919204  5.543574456  -7.36012796 -2.195997911  5.428959258 1779097909 1779097909
-7.695356537 -1.903257408  5.540073818 -7.397227631 -2.111423845  5.360802719 1779097909 1779097909
-7.693345088  -1.89811259   5.55335954 -7.470367675  -2.01749157   5.31771525 1779097909 1779097909
-7.683293637 -1.892786176   5.58388821  -7.57041461 -1.925488435  5.308442152 1779097909 1779097909
-7.667343646 -1.906385325  5.628772457 -7.684010137 -1.846643762  5.337630443 1779097909 1779097909
-7.660031297 -1.880647605  5.679067814  -7.79521862 -1.790231844  5.404939289 1779097909 1779097909
-7.671377727 -1.890547974  5.702249102   -7.8892012 -1.763003012  5.505015963 1779097909 1779097909
-7.682788602 -1.954670361  5.729012094 -7.953047238 -1.767710522  5.627730121 1779097909 1779097909
-7.689917995 -1.993378728  5.779412381 -7.977721289 -1.803249051  5.759883632 1779097909 1779097909
-7.692218468 -2.100416116  5.842301883  -7.96241162 -1.865899149  5.887617582 1779097909 1779097909
-7.706315486 -2.141636751  5.892689166 -7.911500034  -1.94889932  5.997374565 1779097909 1779097909
-7.732523986 -2.188495197  5.921953149 -7.835859417 -2.044569146  6.079212139 1779097909 1779097909
-7.751197021 -2.252580433  5.963690142 -7.749629843 -2.144919086  6.127251199 1779097909 1779097909
 -7.76326638 -2.317082739  6.014151182 -7.668242476 -2.243073054  6.140876061 1779097909 1779097909
-7.769236558 -2.398305741   6.06043664 -7.605745491 -2.334345925  6.124510507 1779097909 1779097909
-7.774243891 -2.429490016   6.10409171 -7.572304572 -2.416255938  6.086982352 1779097909 1779097909
-7.792007253  -2.46838558  6.120398282 -7.573154637 -2.488950424  6.039958046 1779097909 1779097909
-7.80692225 -2.52567885 6.132309327 -7.607805934 -2.554155321  5.996514652 1779097909 1779097909
-7.812615796 -2.586420789   6.15204101 -7.670320947 -2.614324496  5.968991095 1779097909 1779097909
-7.809972718 -2.636500122  6.193983975 -7.749932574 -2.671543158  5.966742703 1779097909 1779097909
-7.795946206  -2.67520953  6.245399728 -7.835289609  -2.72695275  5.995154448 1779097909 1779097909
 -7.79713614 -2.724196269  6.268286215 -7.913612302 -2.779519972  6.055079215 1779097909 1779097909
-7.812917926 -2.781841228  6.274285862 -7.973307339 -2.826187383  6.141737705 1779097909 1779097909
-7.823337887 -2.825295684  6.285206324 -8.005817905 -2.862155268  6.246493944 1779097909 1779097909
-7.831318486 -2.847470522  6.304232277 -8.007674131 -2.881953243  6.356667398 1779097909 1779097909
-7.816999711 -2.876443707  6.322204973  -7.97939979 -2.880062943  6.460751678 1779097909 1779097909
-7.804668955  -2.88593085  6.332650159 -7.926039559 -2.852903381  6.544311431 1779097909 1779097909
 -7.79637225 -2.881750112  6.326352542 -7.856271117 -2.799421036  6.597443051 1779097909 1779097909
-7.783554566 -2.856857175  6.311709252 -7.780354338 -2.721876171  6.614245388 1779097909 1779097909
-7.768305838 -2.807746629  6.288802594 -7.710286544 -2.626881227  6.590745126 1779097909 1779097909
-7.725365948 -2.813474807  6.277136543 -7.656594154  -2.52404074  6.530028339 1779097909 1779097909
-7.699020057 -2.812144177  6.238628885 -7.626232393 -2.424766257  6.437344774 1779097909 1779097909
-7.677891817 -2.810923962  6.189034106 -7.623031484 -2.341105067  6.322399367 1779097909 1779097909
-7.653889158 -2.828579766  6.132507487 -7.646964121 -2.283946269  6.196380292 1779097909 1779097909
-7.636368668 -2.839638707  6.070623003 -7.693433726 -2.260904997  6.070289467 1779097910 1779097910
-7.601080632 -2.902893986  6.032164733 -7.754568776 -2.275395969  5.954777815 1779097910 1779097910
-7.576833601 -2.952761153  6.001042296 -7.819416975 -2.325351642  5.857473748 1779097910 1779097910
-7.570647179 -2.975671784  5.965307487 -7.876290893 -2.403879398  5.783846996 1779097910 1779097910
-7.563950179 -3.024602743  5.922666174 -7.914552796 -2.500236745  5.736547099 1779097910 1779097910
-7.572270398 -3.054629333  5.870825094 -7.924791617 -2.600564431  5.714304957 1779097910 1779097910
-7.553262097 -3.131640203  5.832996019 -7.901522228 -2.690525756  5.713436661 1779097910 1779097910
-7.548697011 -3.148849671   5.80192997 -7.842988092 -2.756136613  5.727457587 1779097910 1779097910
 -7.56325807 -3.111342303  5.761133327 -7.753509339 -2.787427319  5.749438993 1779097910 1779097910
-7.581991412 -3.038917272  5.714013525 -7.641999776 -2.778820463  5.771915085 1779097910 1779097910
 -7.60249306 -2.925274941  5.661388833 -7.520752912 -2.729630168  5.787926596 1779097910 1779097910
-7.581737259 -2.898634125  5.626436886 -7.404532484 -2.644197216  5.791366968 1779097910 1779097910
-7.563374839 -2.821584061  5.612032431 -7.307738267 -2.530366438  5.777633439 1779097910 1779097910
-7.548830112 -2.704789423  5.605146508 -7.243541827 -2.400383403  5.745003296 1779097910 1779097910
-7.538402317 -2.559944857  5.596526965 -7.221159518 -2.267409718   5.69424136 1779097910 1779097910
-7.511990683  -2.42431971  5.599962728  -7.24331558 -2.144938984  5.628881805 1779097910 1779097910
-7.470221229  -2.40341519  5.594097659  -7.30696468 -2.043814401  5.554487355 1779097910 1779097910
-7.449849484 -2.387223206  5.567853151 -7.402652585 -1.971918051  5.478339361 1779097910 1779097910
 -7.42537934 -2.372129574  5.549177872 -7.515478569 -1.933220315  5.408053178 1779097910 1779097910
-7.406513066 -2.353112429   5.52516927 -7.628314732 -1.927095279  5.351135308 1779097910 1779097910
-7.390490637 -2.340582453  5.491009378 -7.723517417 -1.948563487  5.313479707 1779097910 1779097910
-7.368906678 -2.390763884   5.44612156 -7.785745212 -1.989543746  5.298368252 1779097910 1779097910
-7.354219139 -2.392912736  5.418329454 -7.805169252 -2.039845489  5.306374535 1779097910 1779097910
-7.350703538 -2.382557649  5.382026755  -7.77817415 -2.088972812  5.334083185 1779097910 1779097910
-7.365512372 -2.337076961  5.333612779 -7.708534987 -2.127304346  5.374675496 1779097910 1779097910
-7.384101159 -2.283174052   5.28654037 -7.606667582 -2.147278382  5.418932513 1779097910 1779097910
-7.399626815  -2.25407619  5.243928209 -7.488623378 -2.144344001  5.456789751 1779097910 1779097910
-7.418920801 -2.205277841  5.217451607 -7.373911577 -2.116769715  5.479300883 1779097910 1779097910
-7.452947531 -2.133659361  5.189793827 -7.281788745 -2.066290922  5.479249908 1779097910 1779097910
-7.490138292 -2.038831168  5.179388015  -7.22825626 -1.997194468  5.453566157 1779097910 1779097910
-7.536913559 -1.932291155  5.177866849 -7.223904649 -1.915056571  5.403473646 1779097910 1779097910
-7.575300622 -1.873600138  5.186381038 -7.271822161 -1.825601556  5.334649805 1779097910 1779097910
-7.603764124 -1.796522787  5.223410635 -7.367822916 -1.732858104  5.256815223 1779097910 1779097910
-7.642349333 -1.711669452  5.259196295 -7.499890867 -1.640215573   5.18071222 1779097910 1779097910
-7.699643045 -1.590063806  5.292560292 -7.651196312 -1.548622888  5.117769303 1779097910 1779097910
-7.769516285 -1.471303651  5.316134658 -7.802160368 -1.457333194  5.077502658 1779097910 1779097910
-7.853389205 -1.361274483  5.323751308 -7.934304962   -1.3642511  5.066500467 1779097910 1779097910
-7.891759469 -1.324266094  5.345629402 -8.033048398  -1.26708097   5.08729328 1779097910 1779097910
-7.944327805 -1.268637015  5.350123569 -8.090333793 -1.164510613  5.138391172 1779097910 1779097910
-7.993124671 -1.171180242   5.37255436 -8.105442451 -1.057320527    5.2135386 1779097910 1779097910
-8.030458234 -1.087556772  5.405976113  -8.085197806 -0.9480035569   5.304180047 1779097910 1779097910
-8.050320407 -1.028663619  5.457604481  -8.042799675 -0.8418027273   5.400308786 1779097910 1779097910
-8.056474387 -1.062852873  5.492413118  -7.995064629 -0.7454430215   5.492316951 1779097910 1779097910
-8.060647779 -1.098301686  5.532984788   -7.95904884 -0.6661103461   5.572104548 1779097910 1779097910
-8.065192986  -1.08785516  5.591832604  -7.949221726 -0.6106021324    5.63411723 1779097910 1779097910
-8.070957263 -1.019111683  5.677905588  -7.974356414 -0.5823247418   5.676295192 1779097910 1779097910
 -8.082329498 -0.9555332404   5.758229222   -8.03541815 -0.5800572732   5.699832171 1779097910 1779097910
 -8.077932939 -0.9193973376   5.838591252  -8.125969086 -0.5983511508   5.709048086 1779097910 1779097910
 -8.072965191 -0.8959059441   5.913481896  -8.232332053 -0.6275653077   5.711107156 1779097910 1779097910
 -8.066647839 -0.8509568879   5.983621166   -8.33720903 -0.6562380286   5.714733465 1779097910 1779097910
 -8.067272483 -0.7233161083   6.060230815  -8.421771648 -0.6719008569   5.728515371 1779097911 1779097911
 -8.074127441 -0.5909847267    6.10983675 -8.469124159  -0.66201209  5.758450719 1779097911 1779097911
 -8.069505508 -0.5084605233   6.145617355 -8.467990804 -0.619142231  5.809553137 1779097911 1779097911
  -8.06736335 -0.4468249099   6.171995622  -8.413867518 -0.5420144592   5.884404361 1779097911 1779097911
 -8.068604162 -0.3480699095   6.195477174  -8.312954376 -0.4375714709   5.982903589 1779097911 1779097911
 -8.070439036 -0.2154881508   6.225177146 -8.178835678  -0.31788759  6.100825259 1779097911 1779097911
  -8.070040788 -0.08257174374    6.264510019  -8.031222683 -0.1997709847   6.230972846 1779097911 1779097911
   -8.063993623 -0.003752486224      6.30930906  -7.892810303 -0.1008874619   6.362999974 1779097911 1779097911
 -8.064307568 0.02413227946   6.349394704   -7.785053811 -0.03863443359    6.486223766 1779097911 1779097911
 -8.075467474 0.01892691464    6.38627074  -7.725424975 -0.0256046835   6.589967289 1779097911 1779097911
 -8.086490058 0.02881756748   6.430252429  -7.724330495 -0.0664381301   6.664353468 1779097911 1779097911
 -8.104730073 0.01861965345   6.463410197  -7.781008493 -0.1556206693   6.701331171 1779097911 1779097911
    -8.1249693 -0.00356190253    6.467641086  -7.885251524 -0.2790328918   6.696367333 1779097911 1779097911
   -8.13870141 -0.05692754749    6.467653038  -8.018849895 -0.4164064575   6.649380889 1779097911 1779097911
 -8.156476881 -0.1295069623   6.449053051  -8.158384337 -0.5443617868   6.564828955 1779097911 1779097911
 -8.162928648 -0.1954684402   6.422396366  -8.279708791 -0.6404158065   6.450937769 1779097911 1779097911
 -8.160452121 -0.2218410434   6.384893068 -8.361799746 -0.686824514  6.318836312 1779097911 1779097911
  -8.16736477 -0.2684930532   6.327582762  -8.390814358 -0.6747795231   6.181314256 1779097911 1779097911
 -8.169398017 -0.3225946744   6.272115369  -8.362885922 -0.6066792214   6.051777363 1779097911 1779097911
 -8.149428693 -0.3901249821   6.230629275  -8.284570327 -0.4954845311   5.942159888 1779097911 1779097911
 -8.123747688 -0.4245695008   6.182606359  -8.171635659 -0.3631772889   5.861194518 1779097911 1779097911
 -8.094643616 -0.4373504434   6.124882438  -8.045994255 -0.2374688137   5.813616025 1779097911 1779097911
 -8.074420453 -0.4338018734   6.082914088  -7.931724623 -0.1461055042   5.799200567 1779097911 1779097911
-8.059234797 -0.458426038  6.043213047  -7.850074207 -0.1117275852   5.812410543 1779097911 1779097911
 -8.037243925 -0.5119593206    6.00332319  -7.815945911 -0.1487054794   5.844264212 1779097911 1779097911
 -8.020651254 -0.5329457239   5.948097764  -7.834881485 -0.2617668318   5.885100262 1779097911 1779097911
 -7.996279563 -0.5653439368   5.892829492  -7.901193889 -0.4412139684   5.922897902 1779097911 1779097911
 -8.008495216 -0.5326981694   5.820045172   -7.99909054 -0.6663827112   5.947709826 1779097911 1779097911
 -8.001090109 -0.5233783634   5.770654226  -8.106420291 -0.9067136417   5.949005332 1779097911 1779097911
 -7.988146716 -0.5630005993   5.711600317 -8.196448461 -1.129535013  5.923787574 1779097911 1779097911
 -7.968291145 -0.5651571351   5.657747751 -8.246845923 -1.305737565  5.873042982 1779097911 1779097911
 -7.931661112 -0.6355407076   5.600747198   -8.2389506 -1.410432156  5.800065376 1779097911 1779097911
-7.903362103 -0.600825611   5.56482686 -8.167019458 -1.433316015  5.712494773 1779097911 1779097911
 -7.883860487 -0.6261929747   5.514293565 -8.035399976 -1.377302013  5.618298683 1779097911 1779097911
 -7.848457016 -0.7031212336   5.470182611 -7.860967475 -1.259990054  5.528008985 1779097911 1779097911
 -7.799595898 -0.7823775011   5.440275652 -7.668491283 -1.108326481   5.45042976 1779097911 1779097911
 -7.737922909 -0.8873001715    5.42249654  -7.486630956 -0.9549399353   5.391341425 1779097911 1779097911
 -7.702259078 -0.9123372274   5.406357371  -7.343186609 -0.8316050549   5.353090316 1779097911 1779097911
 -7.679834502 -0.9520389471   5.381584161  -7.259891756 -0.7649343287   5.334360628 1779097911 1779097911
-7.653960701 -1.014436001  5.365432043  -7.248833029 -0.7703173244   5.330616702 1779097911 1779097911
-7.629808151 -1.068354151  5.361823622  -7.311007443 -0.8507782815    5.33524514 1779097911 1779097911
-7.608985877 -1.179988733  5.356053496  -7.435046697 -0.9964939947   5.341032749 1779097911 1779097911
-7.628364659 -1.158872681  5.338481409 -7.601820506 -1.187736378  5.343327989 1779097911 1779097911
-7.639330364 -1.126385177    5.3447324  -7.78386637 -1.396969123  5.335282562 1779097911 1779097911
-7.663378629 -1.115621009  5.336748606 -7.951367094 -1.594845762  5.314816818 1779097911 1779097911
-7.683322318 -1.136195608  5.333526918 -8.076936212 -1.755666917  5.281825291 1779097911 1779097911
-7.698163418 -1.193943115  5.333301417 -8.139817265 -1.861837438   5.24082929 1779097911 1779097911
-7.711395131 -1.182186049  5.340998496 -8.130088084 -1.906010716   5.19678704 1779097911 1779097911
-7.703471946  -1.18405859   5.36682672 -8.047793055 -1.893517349  5.154717102 1779097911 1779097911
  -7.6934012 -1.234754273  5.377437517 -7.905653005 -1.839135919   5.12063299 1779097911 1779097911
 -7.67359822 -1.318954814  5.384722058 -7.724857764 -1.763508194  5.099803254 1779097912 1779097912
-7.648384374 -1.404281882  5.390602601 -7.531475851 -1.688566113  5.094885521 1779097912 1779097912
-7.631204703 -1.479312226   5.38411561 -7.352915502 -1.634721885  5.106603332 1779097912 1779097912
-7.614988333 -1.564813335  5.376016248 -7.213333123 -1.617172052  5.135084222 1779097912 1779097912
-7.603200611 -1.637185492  5.370979811 -7.129962172 -1.641007261  5.175947834 1779097912 1779097912
-7.590475924 -1.715680054  5.375682362 -7.112424754  -1.70495258  5.224986702 1779097912 1779097912
-7.581989598 -1.825837408  5.381928286 -7.161862339 -1.798978551  5.277219731 1779097912 1779097912
-7.591716707 -1.882234172  5.395674251 -7.269925427 -1.908243279  5.329720948 1779097912 1779097912
-7.609683645 -1.966593209  5.424783403 -7.421165336 -2.016808196   5.38120272 1779097912 1779097912
-7.654282578 -1.896883417  5.419932818 -7.593580019 -2.109718695  5.429260252 1779097912 1779097912
-7.680238924 -1.969508742  5.429552461 -7.762948566 -2.174783226  5.474394866 1779097912 1779097912
-7.710921865 -2.050714556  5.470689945 -7.909188436 -2.205960147  5.519487764 1779097912 1779097912
-7.760625448 -1.999096762  5.498456836 -8.011763484  -2.20236149  5.564014313 1779097912 1779097912
-7.814284187 -1.919010459  5.510490476 -8.057106919  -2.16988643  5.606358964 1779097912 1779097912
-7.859949663 -1.857212567  5.511980781 -8.040613892 -2.118333074  5.646081759 1779097912 1779097912
-7.869298387   -1.8189137  5.543512633 -7.967866143 -2.058995181   5.68307214 1779097912 1779097912
-7.86129281 -1.78238416 5.584740444 -7.853301588 -2.001344585  5.714224841 1779097912 1779097912
-7.841603021 -1.717524266  5.631837524 -7.717679139 -1.953146573  5.734429824 1779097912 1779097912
-7.798938118 -1.683033303  5.690432424   -7.5866714 -1.918961416   5.74417103 1779097912 1779097912
-7.754184476 -1.710677384   5.72672389 -7.481179033  -1.89606092  5.741584714 1779097912 1779097912
-7.718664834 -1.747526889  5.744808623  -7.41633658 -1.879789822    5.7245431 1779097912 1779097912
-7.692152187 -1.771029083  5.757653316 -7.399982321 -1.865053281  5.695029971 1779097912 1779097912
 -7.67723938 -1.802228851  5.763043229 -7.43458178 -1.84970703 5.656343573 1779097912 1779097912
-7.663207254 -1.838470016  5.780088084 -7.514343862 -1.833882044  5.616454263 1779097912 1779097912
-7.663081752 -1.895095959  5.787140366 -7.624499701 -1.820503815  5.583973581 1779097912 1779097912
-7.671728753 -1.974573239  5.799133595 -7.748073196 -1.816823973  5.567900515 1779097912 1779097912
-7.690528038 -2.025568804   5.82973144 -7.866353415 -1.831986817   5.57670076 1779097912 1779097912
 -7.71969048 -2.139840911    5.8707318 -7.963669314  -1.87599662  5.616965675 1779097912 1779097912
-7.723140256 -2.258648338  5.941817987 -8.026862308 -1.955833196  5.691802661 1779097912 1779097912
-7.740807728  -2.39913142  5.997516083 -8.048970478 -2.074289408  5.799950852 1779097912 1779097912
-7.771099417 -2.566145518  6.068438855 -8.030456815 -2.229009447  5.935549106 1779097912 1779097912
-7.802824842 -2.707793602  6.160486446 -7.978246838 -2.412098253  6.088736024 1779097912 1779097912
-7.838878375 -2.898958652  6.276028592   -7.9043843 -2.609935282   6.24732463 1779097912 1779097912
-7.843214471 -3.015963763   6.37995976 -7.823897375 -2.805192891  6.398145241 1779097912 1779097912
-7.851601925  -3.13818382  6.474924051 -7.751539674   -2.9803526  6.529298579 1779097912 1779097912
-7.847483973 -3.268954065  6.558576781 -7.699150426 -3.119481882  6.631733181 1779097912 1779097912
-7.851309435  -3.30688841  6.642040341 -7.671015401 -3.210941866   6.69988799 1779097912 1779097912
-7.824196935 -3.325328396  6.721249215 -7.670187214 -3.248047216  6.732415845 1779097912 1779097912
-7.782406764 -3.308417691  6.767814795 -7.691345528 -3.231470375   6.73305423 1779097912 1779097912
-7.720463308 -3.297156107  6.790920106 -7.726073258 -3.168516691  6.708133973 1779097912 1779097912
-7.655717641 -3.260428288  6.780154576 -7.761667842  -3.07157174  6.664779777 1779097912 1779097912
-7.600795619 -3.178633043  6.741268708 -7.784672766 -2.955055432  6.611188294 1779097912 1779097912
-7.534062091 -3.090529444   6.66048929 -7.788299337  -2.83560557  6.553837128 1779097912 1779097912
-7.459061571 -3.064509762  6.602621398 -7.767392102 -2.727071493  6.496981881 1779097912 1779097912
-7.386262961 -3.053971683  6.525561219 -7.722001346 -2.640079279  6.440305251 1779097912 1779097912
-7.337395076 -3.044229865  6.423939747 -7.655308382 -2.577998167  6.384673656 1779097912 1779097912
-7.311840925 -3.021213515  6.312638593 -7.576659712 -2.540554265   6.32933266 1779097912 1779097912
-7.314505853 -2.993682537  6.188928993 -7.499212887 -2.524552963   6.27325452 1779097912 1779097912
-7.291902344 -3.039581524  6.127193002 -7.436813395 -2.524863284   6.21582899 1779097912 1779097912
-7.315482419 -3.055969033  6.047962649 -7.399964424 -2.535116864  6.157223044 1779097912 1779097912
-7.363901246 -3.060055016  5.975235822 -7.396400924 -2.550560349  6.100951535 1779097913 1779097913
-7.427021711 -3.057254766  5.921161038 -7.428187219  -2.56870314  6.050795995 1779097913 1779097913
-7.529330045 -3.018082468  5.874944306  -7.49200615 -2.589003479  6.009471718 1779097913 1779097913
-7.576986735 -3.047765348  5.867365483 -7.579833216 -2.612318421  5.979115557 1779097913 1779097913
-7.632302916 -3.082231193    5.8515018 -7.680273636 -2.639077352  5.959754297 1779097913 1779097913
-7.715627077  -3.07558006  5.837417269 -7.779536632 -2.669429233  5.949633347 1779097913 1779097913
-7.764128942 -3.084367446  5.839243875 -7.864559595 -2.701261928  5.944625891 1779097913 1779097913
-7.822971574 -3.031854554  5.847669658 -7.925524915 -2.729209945  5.939118754 1779097913 1779097913
-7.821213904 -3.052516788  5.850048351 -7.956491475 -2.745841072  5.927121258 1779097913 1779097913
-7.825130529 -3.041492306  5.825670259 -7.955633767 -2.742564419   5.90277733 1779097913 1779097913
-7.818946841 -2.979267975  5.792730932 -7.924942201 -2.711708312  5.861825819 1779097913 1779097913
-7.783587824 -2.926409943  5.751946423 -7.870139753 -2.648255404  5.802806774 1779097913 1779097913
-7.731077232 -2.807851005   5.70389204 -7.799032112 -2.551069264    5.7270212 1779097913 1779097913
-7.655156302 -2.757962742  5.648127267 -7.720989062 -2.424641139  5.638865661 1779097913 1779097913
-7.582833665 -2.716619951  5.578045449 -7.644655264 -2.278237623  5.544427155 1779097913 1779097913
-7.519073776 -2.629008048  5.514872694 -7.577089141 -2.125238264  5.451418151 1779097913 1779097913
 -7.45172072 -2.535317338  5.440229459 -7.523213259 -1.983407799  5.367491385 1779097913 1779097913
 -7.40425296 -2.430472039   5.36394028  -7.48547323 -1.868695243  5.298702812 1779097913 1779097913
-7.364316202 -2.415259059  5.302119603 -7.463232325 -1.794691661  5.248789074 1779097913 1779097913
 -7.35272093 -2.369021679  5.255090072 -7.455505832 -1.768063659  5.219326801 1779097913 1779097913
-7.363419464 -2.300904764  5.218167077 -7.458734174 -1.789053204  5.208191051 1779097913 1779097913
-7.387729337 -2.216586163  5.202783189 -7.468808998 -1.849252166    5.2106722 1779097913 1779097913
-7.422055714 -2.153354801  5.198196168 -7.481812024 -1.932928642  5.219962071 1779097913 1779097913
-7.446569691 -2.150484113  5.197781989 -7.495461324  -2.01936609  5.229400462 1779097913 1779097913
-7.487908063 -2.104114956  5.196439127 -7.509313024 -2.086445083   5.23284244 1779097913 1779097913
 -7.53529559 -2.029811343  5.198476125  -7.52281302 -2.114847931  5.224759346 1779097913 1779097913
-7.565808034 -1.970095276  5.209891683 -7.537060911 -2.091902783  5.202487627 1779097913 1779097913
-7.580903621 -1.906468519  5.235589411 -7.554123161 -2.014124135  5.166862006 1779097913 1779097913
-7.574955673 -1.903374749  5.253287253 -7.575904637 -1.887542623    5.1220787 1779097913 1779097913
-7.545888388 -1.912712261  5.292075151 -7.602909412 -1.726634312  5.075581575 1779097913 1779097913
-7.523177476 -1.893070965  5.329356492 -7.634527237 -1.551501766  5.035674059 1779097913 1779097913
-7.506858063 -1.833873557  5.373838904 -7.668263458 -1.386145344  5.011967672 1779097913 1779097913
-7.492465588  -1.79966933  5.417465058 -7.700029082 -1.253762004  5.012946942 1779097913 1779097913
-7.491067149 -1.799763026  5.444675827 -7.725258171 -1.170364043  5.044723807 1779097913 1779097913
 -7.48954706 -1.774694398  5.490957533 -7.739703844 -1.143995372  5.111153733 1779097913 1779097913
-7.511992937 -1.734660105  5.521918164 -7.739772215 -1.174082929  5.210840931 1779097913 1779097913
-7.558306547 -1.665044205  5.548607942 -7.724092947 -1.249350094  5.337883608 1779097913 1779097913
-7.606639682 -1.601475253  5.583014024 -7.693323271 -1.350053057  5.482547247 1779097913 1779097913
-7.651771383 -1.552639785  5.609622387 -7.652473792 -1.451552131  5.631792531 1779097913 1779097913
-7.696681451 -1.521562943   5.61726511 -7.609277637 -1.528483175  5.770480667 1779097913 1779097913
-7.743327878  -1.47898568  5.619105698 -7.573599772 -1.558864734   5.88375555 1779097913 1779097913
-7.777607606 -1.382258074  5.644311886 -7.557033426 -1.528028762  5.958852916 1779097913 1779097913
 -7.80639466 -1.253962497   5.67752533 -7.568479523 -1.429664565  5.987066176 1779097913 1779097913
 -7.80671974 -1.156687675  5.727063474  -7.61486354 -1.268148962  5.966369854 1779097913 1779097913
-7.799135307  -1.07983546  5.772802495 -7.698256609 -1.057382626  5.902556153 1779097913 1779097913
-7.804823799 -0.988277608  5.805689198  -7.813574383 -0.8170309679   5.807578331 1779097913 1779097913
 -7.822720807 -0.7953211623   5.849824576  -7.950942521 -0.5710623935   5.698543787 1779097913 1779097913
 -7.851852334 -0.6263068043   5.887349435 -8.093943648 -0.341689657  5.595471779 1779097913 1779097913
 -7.882924235 -0.4753389219   5.940427792  -8.224471921 -0.1482516747   5.518497839 1779097913 1779097913
 -7.892900312 -0.3777815357   6.012110842    -8.325205703 -0.004311152428     5.485044141 1779097913 1779097913
 -7.916423855 -0.3213549944   6.071814461  -8.379943942 0.08557862005   5.507339277 1779097914 1779097914
 -7.941436968 -0.2221259165    6.15542022 -8.380561298 0.1227708014  5.590300537 1779097914 1779097914
 -7.978341791 -0.1576969345   6.226278761 -8.324492026 0.1172704515  5.729792697 1779097914 1779097914
-8.028078202 -0.137309776  6.279931156   -8.21833695 0.08339145443   5.913399423 1779097914 1779097914
 -8.046579375 -0.1316686472   6.337180692  -8.079084548 0.03634786578   6.122220937 1779097914 1779097914
 -8.077002393 -0.1519151701   6.364122216     -7.92509396 -0.007761504752     6.333100896 1779097914 1779097914
  -8.11511355 -0.1119136963   6.377413966   -7.781797116 -0.03890806241    6.522604266 1779097914 1779097914
  -8.179616401 -0.06869107164    6.353299629   -7.670751878 -0.04885866422    6.667722382 1779097914 1779097914
  -8.238676948 -0.01882188199    6.322115453   -7.612844804 -0.03657122963    6.750448843 1779097914 1779097914
 -8.293185587 0.02998855837   6.279481143    -7.620637038 -0.006790018973     6.760523455 1779097914 1779097914
 -8.360263249 0.05471382557   6.223725635  -7.698604725 0.03047107289   6.696642422 1779097914 1779097914
-8.437855066 0.1054850637  6.163771976  -7.842719591 0.06025844089   6.567124563 1779097914 1779097914
-8.525225867 0.1326295822  6.098204733   -8.03878436 0.06900214269   6.388162384 1779097914 1779097914
-8.596990138 0.1369745765  6.060682562  -8.266599022 0.04393797671   6.181062391 1779097914 1779097914
-8.641279747 0.1049334351  6.045777477    -8.50081156 -0.02316737583    5.970909215 1779097914 1779097914
  -8.663095657 0.009718703079    6.053961563  -8.714911222 -0.1343599997   5.782598263 1779097914 1779097914
 -8.656054029 -0.1022000307   6.085713694 -8.884757536 -0.285509941   5.63754346 1779097914 1779097914
 -8.617039196 -0.2616026356   6.133571205  -8.991580452 -0.4646840545   5.551225864 1779097914 1779097914
 -8.552010968 -0.4236043851   6.170262799  -9.024551587 -0.6555208525   5.530709496 1779097914 1779097914
 -8.479782171 -0.5008531062   6.192026157  -8.982208403 -0.8385703141   5.572716301 1779097914 1779097914
 -8.407554769 -0.6039765168   6.181415659 -8.870968147 -0.992940458  5.665735125 1779097914 1779097914
 -8.320354428 -0.6878404318    6.13724965 -8.706407372 -1.103902894  5.790127271 1779097914 1779097914
 -8.233417483 -0.6951344001   6.044597565  -8.50854953 -1.161381243  5.922214068 1779097914 1779097914
 -8.156425676 -0.6792274247   5.891074903 -8.299358965 -1.161194425  6.034544627 1779097914 1779097914
 -8.086664089 -0.6143292132   5.771540954 -8.100965904  -1.10764421  6.101361093 1779097914 1779097914
 -8.026690225 -0.5922171145   5.632752413 -7.931675055 -1.011880492  6.103060032 1779097914 1779097914
 -7.967891521 -0.5545837171   5.486110077 -7.805349589 -0.890745914   6.02952705 1779097914 1779097914
  -7.90647075 -0.4886525039    5.33749541   -7.72766977 -0.7621687695   5.881020818 1779097914 1779097914
 -7.854106925 -0.4385656304   5.192905513   -7.69609749 -0.6431724878   5.669072114 1779097914 1779097914
 -7.817319415 -0.3373135259    5.11989312  -7.701559861 -0.5479557078   5.415556801 1779097914 1779097914
 -7.794713967 -0.2981321459   5.057182045  -7.729802063 -0.4871133562   5.149953082 1779097914 1779097914
-7.757754769 -0.298190673  5.043150684  -7.763910889 -0.4659359051   4.906037422 1779097914 1779097914
-7.704949445 -0.332214397  5.085462872  -7.787751629 -0.4855070801   4.716527362 1779097914 1779097914
 -7.655386297 -0.4130608314   5.158095044  -7.788513362 -0.5445507787   4.608420907 1779097914 1779097914
 -7.586200735 -0.3997072389   5.289377876  -7.759271897 -0.6402701473   4.600023831 1779097914 1779097914
 -7.521268634 -0.4493654029   5.416077069  -7.696993641 -0.7690478459   4.694747404 1779097914 1779097914
 -7.463111384 -0.5514841515   5.537987646  -7.606102498 -0.9262190273   4.884292437 1779097914 1779097914
  -7.39308605 -0.6943511555   5.675160309 -7.496478246 -1.106608293  5.147528951 1779097914 1779097914
 -7.335270194 -0.8649948649   5.786958904 -7.379553363 -1.303205438  5.453801477 1779097914 1779097914
-7.297545333 -0.893390564   5.87331296 -7.269627508  -1.50671699  5.768400463 1779097914 1779097914
 -7.294304282 -0.9639645119   5.901383925 -7.172520142 -1.702505624  6.049544489 1779097914 1779097914
-7.310432762  -1.05348435  5.902520226  -7.09884136 -1.876306459  6.266816731 1779097914 1779097914
-7.327856535 -1.169719417  5.901274072 -7.052010901 -2.012141159  6.397226029 1779097914 1779097914
-7.363214568  -1.31740318  5.880222593 -7.032053651 -2.095642824  6.427509723 1779097914 1779097914
-7.380594679 -1.270889737  5.917743843 -7.034608003 -2.116275846  6.361934716 1779097914 1779097914
-7.409343426 -1.290572589  5.932955157 -7.054748898 -2.077416966  6.214732805 1779097914 1779097914
-7.446632495 -1.355636302  5.932852228 -7.090576457 -1.988390284  6.015929131 1779097914 1779097914
-7.477670906 -1.463635849  5.932662381 -7.140675281 -1.866664581  5.800759615 1779097914 1779097914
-7.514416395 -1.585066605  5.917951409 -7.202114857 -1.734423657  5.602834996 1779097914 1779097914
-7.528193918  -1.63143293   5.91500612 -7.276097213 -1.620530001  5.453134485 1779097914 1779097914
-7.492882212 -1.771402219  5.931274819 -7.360888136 -1.550649277  5.371989326 1779097915 1779097915
-7.464645433  -1.93553193  5.910531279  -7.44867977 -1.541192762  5.356751334 1779097915 1779097915
-7.438501782 -2.125974899  5.852103103 -7.533889729 -1.603911243  5.397741064 1779097915 1779097915
 -7.42842762 -2.284680511  5.760595919 -7.611207538 -1.739600476  5.473309695 1779097915 1779097915
-7.444664505 -2.327286756  5.689938539 -7.679470832  -1.93970172  5.560093494 1779097915 1779097915
 -7.48825913 -2.364189944  5.588242442 -7.738983165 -2.184484384  5.633896721 1779097915 1779097915
-7.524638343 -2.411279177  5.503755502 -7.789132663 -2.446381698  5.674924393 1779097915 1779097915
-7.571871914 -2.470013644  5.421267579 -7.829213848 -2.693946407  5.671448687 1779097915 1779097915
-7.619132579 -2.551423868  5.363305097 -7.856622335 -2.896495612  5.623838086 1779097915 1779097915
-7.663688626 -2.518569928   5.37349991 -7.868851196 -3.029226074  5.540827487 1779097915 1779097915
-7.725826825 -2.515374279   5.36103413 -7.861164727 -3.077108246  5.439499064 1779097915 1779097915
-7.793353995 -2.495915353  5.371306038 -7.834357446 -3.036732871   5.34231636 1779097915 1779097915
 -7.86075352 -2.451359403  5.397193271 -7.790879981 -2.916465041  5.270180292 1779097915 1779097915
-7.899209189 -2.370684627  5.492537541 -7.736370018 -2.734147912  5.241983782 1779097915 1779097915
-7.933085097 -2.242461072  5.578701219 -7.680598808 -2.514869618  5.266950213 1779097915 1779097915
 -7.96588518 -2.137546251  5.656129867 -7.634810823 -2.285560632  5.346074851 1779097915 1779097915
-8.003583832 -2.021525076  5.730217398 -7.608839721 -2.071524473  5.471391226 1779097915 1779097915
-8.025976226 -1.959437865  5.808690633 -7.610793382 -1.894467673  5.627924343 1779097915 1779097915
-8.043394191  -1.87302975  5.917932794 -7.644619908 -1.768997107   5.79572094 1779097915 1779097915
-8.064133118 -1.759734819  6.010162777 -7.711607792 -1.702953025  5.954827217 1779097915 1779097915
-8.088617535 -1.687815791  6.086002397 -7.807839066  -1.69616536  6.088982266 1779097915 1779097915
-8.129811169 -1.663102494  6.146067443  -7.92507971 -1.742426065  6.187793156 1779097915 1779097915
-8.181913385 -1.617292097  6.184929818 -8.051473893 -1.830552007  6.247877808 1779097915 1779097915
-8.224294442   -1.6365537  6.223721177 -8.172270008 -1.946746186  6.271927517 1779097915 1779097915
-8.266641221  -1.59503838  6.239313523 -8.272962785 -2.075078437  6.268889705 1779097915 1779097915
 -8.28894034 -1.638727043  6.247350644  -8.34217253 -2.199478565  6.249978539 1779097915 1779097915
-8.297762976 -1.752211885  6.238204655 -8.372410077 -2.307176049  6.227060083 1779097915 1779097915
-8.306732663 -1.855462421  6.196701146 -8.363425625 -2.386861631  6.210268844 1779097915 1779097915
-8.284478271  -2.02380909  6.146927532 -8.319261031 -2.431243898  6.207841349 1779097915 1779097915
-8.252375849 -2.161636751   6.09118137 -8.249476832 -2.436370195  6.218194799 1779097915 1779097915
-8.218988568 -2.266762427  6.037027264 -8.167805641 -2.402575788   6.23837362 1779097915 1779097915
-8.165444184 -2.362547092  5.981998495 -8.085984585 -2.334016344  6.262560176 1779097915 1779097915
-8.115875168 -2.453304042   5.93403585 -8.018958934 -2.238033117  6.284376416 1779097915 1779097915
-8.064953509 -2.515506727  5.893503028 -7.970530808 -2.124582873  6.298313534 1779097915 1779097915
-8.018485821 -2.521937216  5.878228078 -7.946237223 -2.007408666  6.294021583 1779097915 1779097915
-7.976505225 -2.510700658  5.890120285 -7.945452458 -1.900940031  6.268428716 1779097915 1779097915
-7.946856775 -2.466503125  5.907232687 -7.960572289 -1.819169282  6.221882787 1779097915 1779097915
-7.920196342 -2.493372697  5.909672346 -7.982912649  -1.77413136  6.159673732 1779097915 1779097915
-7.899645149 -2.548885009  5.895377847 -7.998904319 -1.774075175  6.088698522 1779097915 1779097915
-7.864794151 -2.589312388  5.902488965 -7.998309646 -1.822658475  6.014463613 1779097915 1779097915
-7.809506744 -2.674602117  5.908352322 -7.976514447 -1.917708415  5.945134861 1779097915 1779097915
-7.764143449 -2.694779373  5.910883607 -7.929406078 -2.049711597  5.886020559 1779097915 1779097915
-7.705406846 -2.764875647   5.89112941 -7.867267047 -2.205909124  5.843424981 1779097915 1779097915
-7.671194483 -2.823266542  5.813262937 -7.797688559 -2.366813876  5.822099227 1779097915 1779097915
-7.635780065 -2.858533599  5.729289799 -7.735109057 -2.512500249  5.819418162 1779097915 1779097915
-7.561593173 -2.965486749  5.677094595 -7.693128667 -2.623388681   5.83426089 1779097915 1779097915
-7.539631594 -2.924540236  5.624649156  -7.67655117 -2.677511154  5.854842768 1779097915 1779097915
 -7.52216937 -2.905516915  5.567391554 -7.696623402 -2.669193533   5.87568366 1779097915 1779097915
-7.545319147 -2.851838498  5.497738479 -7.750543349 -2.594033445  5.883246536 1779097915 1779097915
 -7.58921796 -2.741511606  5.461553191 -7.831375551 -2.459779945   5.86756952 1779097915 1779097915
-7.600114199 -2.766212692  5.437798113 -7.926941442 -2.281756212  5.821483272 1779097916 1779097916
-7.651602353 -2.686007122  5.431781969 -8.021963685 -2.083724581  5.745701579 1779097916 1779097916
-7.722154457 -2.641548936  5.391621767 -8.099572269 -1.896730279  5.645580554 1779097916 1779097916
-7.788127901 -2.575199169  5.375108582 -8.142326668 -1.751224891  5.527232919 1779097916 1779097916
-7.815120212 -2.580197017  5.366180447 -8.138817158 -1.671733398  5.399807694 1779097916 1779097916
 -7.82900388 -2.645808455  5.322180966 -8.087437014 -1.675956756   5.27523867 1779097916 1779097916
-7.819746093  -2.66050716  5.317520232 -7.990750078 -1.766513938  5.163395805 1779097916 1779097916
-7.815066503 -2.647746428  5.297607952 -7.861137519 -1.933184092  5.074597102 1779097916 1779097916
-7.778568585 -2.675614406  5.284408361 -7.712124722  -2.14963545  5.016868811 1779097916 1779097916
-7.722711462 -2.688472131  5.275328606 -7.563395777 -2.384372565  4.996529928 1779097916 1779097916
-7.66003054 -2.73453031 5.269562378  -7.43497652 -2.602931192  5.014283101 1779097916 1779097916
-7.609634577 -2.753104082  5.255631258 -7.341391406 -2.771265238  5.064625392 1779097916 1779097916
-7.575973143 -2.727756123  5.228643453  -7.28944492 -2.861831587  5.137020918 1779097916 1779097916
-7.548933727 -2.655142836  5.195130614 -7.278024961 -2.858519479  5.217140459 1779097916 1779097916
-7.521130145  -2.57941663  5.153461405 -7.299008361 -2.758486361  5.289961536 1779097916 1779097916
-7.491869303 -2.546786735  5.123030408 -7.338553211 -2.568864899  5.343311893 1779097916 1779097916
-7.465091997 -2.492359035  5.105108749 -7.379670134 -2.310674211  5.367878543 1779097916 1779097916
-7.459242349 -2.369059269   5.08882069 -7.407023267 -2.013389091  5.359795498 1779097916 1779097916
-7.458579412 -2.189563034  5.084886218 -7.410401648 -1.714762835  5.323441613 1779097916 1779097916
-7.461025987 -2.019371692  5.078938178  -7.38687202 -1.451373757  5.269007415 1779097916 1779097916
-7.440849383 -2.018913434  5.068064676 -7.341559695 -1.253788601  5.211296027 1779097916 1779097916
-7.431603438 -1.972298632  5.071732806 -7.288284824 -1.141984248  5.166447762 1779097916 1779097916
-7.434018988 -1.898477501  5.078391571 -7.245120876 -1.129661061  5.148707595 1779097916 1779097916
-7.441146829 -1.837403351  5.088695147 -7.230560667 -1.215273453  5.168444339 1779097916 1779097916
-7.452091855 -1.769343158  5.120920652 -7.259497689 -1.383008606  5.229510023 1779097916 1779097916
-7.416050425 -1.874619899  5.165253509  -7.34103416 -1.606789808  5.326648544 1779097916 1779097916
-7.430469996 -1.860211203  5.200184556 -7.475626806 -1.855312003  5.452003638 1779097916 1779097916
-7.470611497 -1.790446435  5.253755469 -7.650448187 -2.088766493  5.587268817 1779097916 1779097916
-7.535236529 -1.686968675  5.311645795 -7.845751194  -2.26838019  5.712836498 1779097916 1779097916
-7.631374685 -1.522047879   5.38603657 -8.036896986 -2.359850598  5.807225122 1779097916 1779097916
-7.719635559 -1.517097718   5.38916626 -8.198934685 -2.339281414  5.852516881 1779097916 1779097916
-7.813919443 -1.459891955  5.411261832 -8.310338452 -2.195213909  5.838289563 1779097916 1779097916
-7.916093807 -1.340743472  5.463865663 -8.357680004 -1.929267639  5.765440327 1779097916 1779097916
-7.996254565 -1.218920078  5.540179285 -8.337897346 -1.558549699  5.646196826 1779097916 1779097916
  -8.07968399 -0.9438328078   5.656033763 -8.259793002 -1.112752785  5.502507238 1779097916 1779097916
 -8.098262898 -0.9889958917   5.735453748  -8.139933252 -0.6372316838   5.362069889 1779097916 1779097916
-8.075913706 -1.045215144  5.856228071  -8.002640506 -0.1741403517   5.253640268 1779097916 1779097916
-8.039967567  -1.09679276  5.996624257 -7.873939048 0.2310867672  5.201499421 1779097916 1779097916
-8.004331919 -1.133101006  6.135183815 -7.77598487 0.537411872 5.224685734 1779097916 1779097916
 -7.966468557 -0.9840654164    6.32596439 -7.726140599 0.7082400099   5.33283354 1779097916 1779097916
 -7.97791615 -1.077799545  6.384994493 -7.722993328 0.7340774464  5.520743814 1779097916 1779097916
-7.986314352 -1.183445752  6.450809009 -7.764402479 0.6114416426  5.774261708 1779097916 1779097916
-7.993585381 -1.265960511  6.537770038 -7.836842002 0.3557502331  6.070303663 1779097916 1779097916
-8.022706921 -1.255782315  6.621559899   -7.920858433 -0.00467541866    6.382854278 1779097916 1779097916
-8.086470335 -1.082508494  6.691226261  -7.997511962 -0.4285939377   6.682717094 1779097916 1779097916
 -8.13116916 -1.036171564  6.715287786  -8.047657186 -0.8495053594   6.936232907 1779097916 1779097916
-8.150145236 -1.038345349   6.74086102 -8.062249555 -1.224432542  7.123524554 1779097916 1779097916
-8.157020851 -1.046840757  6.754671395 -8.039068431 -1.518224691  7.233979139 1779097916 1779097916
-8.154116076 -1.023568339  6.746182451 -7.984138437 -1.709346009  7.266038756 1779097916 1779097916
 -8.146695216 -0.9266847619   6.705186239 -7.911079918 -1.790709353  7.225666583 1779097916 1779097916
  -8.09052031 -0.8590347649   6.698831958 -7.837367946 -1.767035102  7.123282009 1779097917 1779097917
 -8.024329511 -0.8530866948   6.673950172 -7.778373266 -1.659923203  6.976525556 1779097917 1779097917
  -7.95642527 -0.8798327914   6.627475559 -7.747311633 -1.501596199  6.806847658 1779097917 1779097917
 -7.892077615 -0.8598232849   6.560886103 -7.751954965 -1.327709624  6.635330836 1779097917 1779097917
-7.849438229 -0.780490115   6.46540444 -7.791380916 -1.169776663  6.479423685 1779097917 1779097917
 -7.826472727 -0.7089613027   6.390307668 -7.857356472 -1.047988523  6.348626458 1779097917 1779097917
 -7.814761669 -0.6740145009   6.314561898   -7.93588266 -0.9737672838   6.247501262 1779097917 1779097917
  -7.81084731 -0.6746134605   6.234392649  -8.009880773 -0.9465720736   6.174268171 1779097917 1779097917
 -7.815467771 -0.6395440052   6.165902214  -8.063136088 -0.9557060705    6.12206691 1779097917 1779097917
-7.848871741 -0.580001021  6.069137217  -8.082014303 -0.9813388028   6.081028137 1779097917 1779097917
 -7.862971664 -0.4593318472   6.023313794  -8.059831354 -0.9999025518    6.03714475 1779097917 1779097917
  -7.85819307 -0.3994069129   5.993372675  -7.995597788 -0.9925687086   5.980252995 1779097917 1779097917
-7.851826308 -0.389478753  5.950452773  -7.897250707 -0.9490779053    5.90349472 1779097917 1779097917
 -7.840140166 -0.3672266654    5.90053596  -7.779470124 -0.8670604293   5.804713156 1779097917 1779097917
 -7.813068441 -0.3979017842   5.808028872   -7.65982126 -0.7550952989   5.686890845 1779097917 1779097917
  -7.75404453 -0.3754279632    5.77328711  -7.556036065 -0.6300067826   5.559166388 1779097917 1779097917
 -7.676848215 -0.3786666777   5.753399207   -7.48289052 -0.5162044718   5.432717219 1779097917 1779097917
 -7.607803402 -0.4413967802   5.708064422  -7.449851204 -0.4395271196   5.320500553 1779097917 1779097917
 -7.537657274 -0.5346495032   5.651153757  -7.458696308 -0.4220027493   5.237004298 1779097917 1779097917
 -7.477855139 -0.6380290786    5.59369625  -7.504004656 -0.4800738785   5.194225672 1779097917 1779097917
  -7.44858684 -0.6718006988    5.56208937  -7.574733079 -0.6215117324   5.199721381 1779097917 1779097917
 -7.441602749 -0.6803557961   5.545655123 -7.655996375 -0.840285665  5.254751764 1779097917 1779097917
  -7.47495342 -0.7280934518   5.509457609 -7.730956236 -1.114493332  5.354778133 1779097917 1779097917
-7.534581498 -0.806802169  5.478459095  -7.78584886 -1.413991436   5.48531885 1779097917 1779097917
 -7.624788083 -0.9177502167    5.45799616 -7.811751266 -1.701804959  5.627199635 1779097917 1779097917
 -7.720339403 -0.8673873915    5.44998419 -7.806999997 -1.940137737  5.757260389 1779097917 1779097917
 -7.808741975 -0.8193085442   5.445307025 -7.772143884 -2.092297745  5.848456611 1779097917 1779097917
 -7.887081065 -0.8188044974    5.43450319 -7.715559886 -2.138695075  5.880235592 1779097917 1779097917
 -7.939806296 -0.8560091055   5.437588923 -7.651075805 -2.076544537  5.842533416 1779097917 1779097917
 -7.965898465 -0.8980575312   5.437251143 -7.594221961  -1.91873229  5.733967502 1779097917 1779097917
 -7.952992775 -0.9224337482   5.444097151 -7.557505251 -1.692551795  5.566495321 1779097917 1779097917
 -7.913806011 -0.9312035548   5.452998473 -7.548973593 -1.436295346  5.362419129 1779097917 1779097917
-7.867457994 -0.991877019   5.43644103 -7.570584364 -1.192390848   5.14905026 1779097917 1779097917
-7.793921483 -1.097993909  5.415716697  -7.616154695 -0.9968124592   4.957606764 1779097917 1779097917
-7.722831573  -1.21214119  5.358473273  -7.673223362 -0.8762439162   4.813919957 1779097917 1779097917
-7.665023881 -1.266025753  5.304007463  -7.726197739 -0.8462877083   4.739590708 1779097917 1779097917
-7.608765694 -1.280914261  5.287646849 -7.760105982 -0.908867696   4.74500125 1779097917 1779097917
-7.571465575 -1.317018832  5.250312714 -7.764417334 -1.050717979  4.826028182 1779097917 1779097917
-7.554804276 -1.350168947  5.199471501 -7.735265539  -1.24657819  4.968338336 1779097917 1779097917
-7.550761113 -1.374072002   5.15155338 -7.677070446 -1.465157531  5.146450961 1779097917 1779097917
-7.567112056 -1.369824549  5.103799278 -7.601991046 -1.673824317  5.327806754 1779097917 1779097917
-7.603508142 -1.315688019  5.055115296 -7.527121913 -1.844186716  5.477770789 1779097917 1779097917
-7.624998571  -1.30096284  5.025880661 -7.469201256 -1.956582145  5.564793916 1779097917 1779097917
-7.627133852 -1.347073483  5.015631266 -7.443395415  -2.00320878  5.569934371 1779097917 1779097917
-7.612617426 -1.384671833   5.03604826 -7.458356314 -1.988597623  5.489625559 1779097917 1779097917
-7.575186564 -1.488193313  5.079838967 -7.513623076  -1.92834375  5.336550865 1779097917 1779097917
-7.541781973 -1.541286476  5.132973563 -7.598366249 -1.846261559  5.138143343 1779097917 1779097917
 -7.51006113 -1.613042475     5.187223 -7.694165661 -1.769479576  4.931893392 1779097917 1779097917
 -7.47336288 -1.730920713  5.248621877 -7.777174188 -1.724171547  4.759383624 1779097917 1779097917
-7.437956175   -1.8522637  5.325202656 -7.823614866 -1.729846023  4.659001874 1779097917 1779097917
-7.409191713 -2.013955352  5.411376975 -7.814874185 -1.797625476  4.658262783 1779097918 1779097918
-7.397108787 -2.052915079  5.507252897 -7.741754636 -1.927489463  4.770012893 1779097918 1779097918
-7.403686045 -2.136273373  5.589642803 -7.609139011  -2.10856879  4.987848279 1779097918 1779097918
-7.430153684 -2.228083569  5.669966952 -7.435017237 -2.320070012  5.288624045 1779097918 1779097918
-7.46425739 -2.29905169 5.759577861 -7.248039131 -2.535862899  5.637277591 1779097918 1779097918
-7.532897388 -2.374123974  5.841150503 -7.085392362 -2.728330178  5.988180804 1779097918 1779097918
-7.596543489 -2.396596984  5.913691687  -6.98458145 -2.873387189  6.298912573 1779097918 1779097918
-7.672689532 -2.456435103  5.983377378 -6.975771636  -2.95284655  6.534265447 1779097918 1779097918
-7.753118999 -2.532209327  6.056106626 -7.076295233 -2.957754969   6.67163213 1779097918 1779097918
-7.848436661 -2.597354593  6.132495112 -7.283070801 -2.887895641  6.707459896 1779097918 1779097918
-7.989784964  -2.61212065   6.22657083 -7.578282361 -2.755745649  6.648468236 1779097918 1779097918
-8.075974643 -2.571530206  6.326533599 -7.928634327 -2.581354215  6.524282396 1779097918 1779097918
-8.185302334 -2.561393459   6.40830879 -8.295101127 -2.394031977  6.366519771 1779097918 1779097918
-8.305438319 -2.549398007  6.477622624 -8.631241508 -2.223019243  6.213861021 1779097918 1779097918
-8.418071184 -2.543175623  6.537134053 -8.896387933 -2.095704145  6.102828214 1779097918 1779097918
-8.524270798 -2.528252079  6.592744159 -9.061601682 -2.032701281  6.058680801 1779097918 1779097918
-8.605110301  -2.51766887  6.607541763 -9.112735306 -2.043067641  6.096569134 1779097918 1779097918
-8.655070513 -2.522743098  6.634565285 -9.051653059 -2.123732054  6.214421657 1779097918 1779097918
-8.672546676 -2.546132637  6.649523575 -8.896236511 -2.260286793  6.396201288 1779097918 1779097918
-8.652138823 -2.600833638  6.655016011  -8.67661165 -2.429828591  6.613432015 1779097918 1779097918
-8.607880019  -2.62442209  6.651108445 -8.429868361  -2.60407314  6.830130713 1779097918 1779097918
 -8.53905617 -2.657952675  6.643117592 -8.193997274 -2.753760159  7.010323053 1779097918 1779097918
-8.453161368 -2.697416337  6.626546018 -8.002128071  -2.85332259  7.122857792 1779097918 1779097918
-8.350335679 -2.748210788  6.582420034 -7.876015105 -2.887085389  7.147745676 1779097918 1779097918
-8.241054831  -2.81958638  6.517433965 -7.823902304 -2.850158478  7.078070727 1779097918 1779097918
-8.121729066 -2.879577907  6.417268179 -7.840365866 -2.749630466   6.91969268 1779097918 1779097918
-8.018432994 -2.977348871  6.326209871 -7.909172783 -2.603722033  6.692366629 1779097918 1779097918
 -7.9367737 -3.02830747  6.23824064 -8.003505999 -2.438187701  6.423150889 1779097918 1779097918
-7.856416377   -3.0583314  6.139864686 -8.097065038 -2.282564593  6.146706124 1779097918 1779097918
 -7.78841001 -3.090221257  6.029581853 -8.164438122  -2.16409454  5.898884398 1779097918 1779097918
-7.736108455 -3.111729131   5.91120449 -8.189147247 -2.106429335  5.705110715 1779097918 1779097918
-7.659731068 -3.193854882  5.857183208 -8.163380233 -2.121890019  5.586457521 1779097918 1779097918
-7.620514544 -3.223250238   5.80570388 -8.087261448 -2.209346608  5.544758876 1779097918 1779097918
-7.614711208  -3.19120713  5.757249967 -7.972546174 -2.355035502  5.577661653 1779097918 1779097918
-7.613193786 -3.160453054  5.727473441 -7.838689629 -2.535901315  5.671549242 1779097918 1779097918
 -7.65087394 -3.042257474  5.715134033 -7.707211302 -2.721004274  5.801513195 1779097918 1779097918
-7.639376509  -3.05426347  5.720734373 -7.600233636 -2.879554091  5.941243877 1779097918 1779097918
-7.669369297 -3.015228954   5.70483536 -7.534223784 -2.981867714  6.061666456 1779097918 1779097918
-7.727301833 -2.923720305  5.679999927 -7.518953294 -3.009366253   6.14057214 1779097918 1779097918
-7.769870756 -2.852187783   5.65531052 -7.554343015 -2.954962616  6.161462631 1779097918 1779097918
-7.804195213  -2.75439424  5.632097891 -7.632006325 -2.824053819  6.116205143 1779097918 1779097918
-7.797764271 -2.738087529  5.603379857 -7.736393721 -2.633632324  6.006259687 1779097918 1779097918
-7.788689347  -2.70836691  5.563025805 -7.847813441 -2.408580842  5.841895385 1779097918 1779097918
-7.781774466 -2.621280066  5.504481165 -7.945245599 -2.178139148  5.640096792 1779097918 1779097918
-7.755948871 -2.557133181  5.437610218 -8.009877033  -1.97090929  5.421955463 1779097918 1779097918
-7.722304307 -2.438858821  5.349011428 -8.029250955 -1.808353456  5.209266828 1779097918 1779097918
-7.650714091  -2.43251185  5.278389393 -7.997756384 -1.704679454  5.021798658 1779097918 1779097918
-7.581817036 -2.422947837  5.202677826 -7.918837847 -1.661902688  4.873763573 1779097918 1779097918
-7.520889196  -2.37611999  5.117697792 -7.802878125 -1.672615142  4.772876565 1779097918 1779097918
-7.458976945 -2.304392427  5.036695803 -7.665352492 -1.721709852  4.719893394 1779097918 1779097918
-7.400525943 -2.176734605   4.96133634 -7.524597795 -1.788701058  4.708769126 1779097919 1779097919
-7.339696222 -2.192184162  4.895138107 -7.397871656 -1.854064415  4.729021831 1779097919 1779097919
-7.298935699  -2.17525878  4.835459752 -7.298997791 -1.898254206  4.767548397 1779097919 1779097919
-7.270984146 -2.132265749  4.781277362  -7.23597863 -1.910142969  4.811939986 1779097919 1779097919
 -7.25778729 -2.058690777  4.738924645 -7.210332181 -1.885320639  4.852557592 1779097919 1779097919
-7.259571808 -1.924020336  4.721120266 -7.217092005 -1.828445754  4.883823015 1779097919 1779097919
-7.260857325 -1.928927527  4.696328385 -7.247012472 -1.750229547  4.904947942 1779097919 1779097919
-7.276899514 -1.876132859   4.69562393 -7.288810936 -1.663808053  4.920439421 1779097919 1779097919
-7.308672898 -1.799460277  4.701865505 -7.330860276 -1.584971366  4.936931568 1779097919 1779097919
-7.352639325 -1.710147374  4.718008885 -7.364024595 -1.526741343  4.961792924 1779097919 1779097919
-7.412758143  -1.58723803   4.76236902 -7.383282899 -1.497336216  5.000534385 1779097919 1779097919
-7.452006818 -1.600174157   4.78535065  -7.38888095 -1.498724278  5.054870227 1779097919 1779097919
-7.486337249 -1.587964725  4.833373233 -7.386538753 -1.525485176  5.122714397 1779097919 1779097919
-7.534120781 -1.569265078  4.884758546 -7.384754923 -1.567608193  5.195536398 1779097919 1779097919
-7.579014459 -1.540090492  4.953977236 -7.393530366 -1.610660569  5.261854569 1779097919 1779097919
-7.634909487 -1.501336108  5.042174666 -7.421492729  -1.63964378  5.307980648 1779097919 1779097919
-7.670015036 -1.537607883  5.112444534 -7.474257686 -1.640907313  5.322317594 1779097919 1779097919
-7.695727476 -1.547613406  5.179089262 -7.553274062 -1.603465045   5.29842428 1779097919 1779097919
-7.734609606 -1.546360072  5.226064202  -7.65375332 -1.524342331  5.235017012 1779097919 1779097919
-7.753650803 -1.529890141  5.283276296 -7.765744218 -1.406280474  5.140595849 1779097919 1779097919
-7.768165827 -1.480373098   5.33321083 -7.876338817 -1.259721172  5.030208684 1779097919 1779097919
-7.758311051 -1.482037732   5.35570433   -7.9708334 -1.100531847   4.92525878 1779097919 1779097919
-7.718343481 -1.485976249  5.384701832  -8.035501991 -0.9463800481   4.849971886 1779097919 1779097919
-7.671687427 -1.513098938   5.39633483  -8.060610764 -0.8164489851   4.826165969 1779097919 1779097919
-7.628639522 -1.433354486  5.407830431  -8.041996612 -0.7267424365   4.870784047 1779097919 1779097919
-7.562599316 -1.305535973  5.430960201  -7.979383266 -0.6894369263   4.990159275 1779097919 1779097919
 -7.51323891 -1.270199628  5.435484442  -7.880174176 -0.7079999096   5.179179219 1779097919 1779097919
  -7.4903845 -1.249442857  5.437611725  -7.758361493 -0.7783042728   5.422389188 1779097919 1779097919
-7.483404363 -1.207411817  5.455747559 -7.630202183 -0.888071825  5.694028107 1779097919 1779097919
-7.500622381 -1.088794982  5.506795238  -7.51430687 -1.018399728  5.962323776 1779097919 1779097919
 -7.545951695 -0.9597087779   5.588990262 -7.425834553 -1.144683869   6.19557768 1779097919 1779097919
  -7.60568344 -0.8636120404   5.712030038 -7.379196023 -1.240371371  6.364442419 1779097919 1779097919
 -7.662130896 -0.8635265641   5.817908982 -7.381534813 -1.282219163  6.452396608 1779097919 1779097919
-7.734135043 -0.857090795  5.947588761 -7.434121996 -1.253712553  6.456005034 1779097919 1779097919
 -7.806778713 -0.8451715497   6.098185935 -7.531269676 -1.147927315  6.386601912 1779097919 1779097919
 -7.898012776 -0.8167434518   6.263950336  -7.660335407 -0.9696453439   6.269243559 1779097919 1779097919
 -7.957225346 -0.7204297451   6.487138167  -7.807570113 -0.7361263442   6.137618807 1779097919 1779097919
 -8.034561852 -0.7337929366   6.592493952  -7.953795957 -0.4712603687   6.027529707 1779097919 1779097919
-8.105773849 -0.790457679  6.698865453  -8.084544131 -0.2088755553   5.973470599 1779097919 1779097919
  -8.15023894 -0.8327824484   6.814571014  -8.188683788 0.01440190575   6.001158267 1779097919 1779097919
-8.188849868 -0.815532918  6.936332946 -8.258794003 0.1638314614  6.122629734 1779097919 1779097919
 -8.198926723 -0.7111136775   7.075754027 -8.296401717 0.2138479562  6.331852161 1779097919 1779097919
 -8.214511625 -0.7220105715   7.145971859 -8.303186716  0.158431124  6.606220286 1779097919 1779097919
 -8.230189694 -0.7630077019   7.192707509    -8.290214671 0.0001503666885     6.911176742 1779097919 1779097919
 -8.223542727 -0.7864392113   7.242418327  -8.270200661 -0.2464347063   7.205100425 1779097919 1779097919
 -8.203642257 -0.7036729158   7.294569214 -8.253920414 -0.554730167  7.445986298 1779097919 1779097919
 -8.187807336 -0.6186703208   7.308739683  -8.246515097 -0.8793361111   7.596824583 1779097919 1779097919
 -8.18889132 -0.579123717  7.271898539 -8.248507454 -1.175564127  7.633733886 1779097919 1779097919
 -8.199004577 -0.5946684228   7.190058924  -8.25848703 -1.404199179  7.547942601 1779097919 1779097919
 -8.200712726 -0.6141102495   7.084753316 -8.269900032 -1.539963963  7.349541213 1779097919 1779097919
 -8.194860873 -0.5873688592   6.948768963 -8.272328595  -1.57026746  7.064910329 1779097920 1779097920
-8.158808555 -0.523827382  6.801424102 -8.256064978 -1.495362247  6.730942108 1779097920 1779097920
 -8.135061316 -0.4812145655   6.646671215 -8.212059471 -1.332554265  6.391593786 1779097920 1779097920
 -8.098443904 -0.4958138169   6.483930598 -8.137769961 -1.112296055  6.089480525 1779097920 1779097920
 -8.040382251 -0.5053342714   6.349032044  -8.036610046 -0.8725649136   5.860304041 1779097920 1779097920
 -7.959963507 -0.5223906937   6.229192529  -7.918354027 -0.6518061856   5.726622749 1779097920 1779097920
 -7.880039788 -0.5222236647   6.113954593  -7.798439564 -0.4836116994   5.694691404 1779097920 1779097920
 -7.835742504 -0.4805917723   6.043329396  -7.694745981 -0.3914857913    5.75417775 1779097920 1779097920
 -7.800302893 -0.4962329512   5.990360681  -7.623621434 -0.3840799174   5.879975701 1779097920 1779097920
 -7.777048701 -0.5114808657   5.960761179  -7.597053678 -0.4579441303   6.038408132 1779097920 1779097920
 -7.760866452 -0.4875825861   5.959509064 -7.619161103  -0.59727718   6.19320516 1779097920 1779097920
 -7.777919148 -0.4913021998   5.949033053  -7.682931879 -0.7723974212   6.310182925 1779097920 1779097920
 -7.792262091 -0.4341173829   5.959829727  -7.775540724 -0.9506897545   6.363285563 1779097920 1779097920
 -7.800753925 -0.4204299279   5.972774337 -7.875290541 -1.098880846  6.339160487 1779097920 1779097920
 -7.802391184 -0.4452959313   5.982340818 -7.958852588 -1.193129939  6.240809685 1779097920 1779097920
 -7.780347818 -0.4578902394   5.997180246 -8.004857546 -1.219675889  6.084961092 1779097920 1779097920
-7.744501203  -0.48154514   5.98896498 -7.998212032 -1.177360098   5.89657149 1779097920 1779097920
 -7.694365299 -0.5015403341   5.971062583 -7.933674154 -1.078470419  5.705882898 1779097920 1779097920
 -7.632186165 -0.5438542059   5.949603923  -7.816470762 -0.9457489112   5.542624829 1779097920 1779097920
 -7.565396502 -0.6386761144   5.899504188  -7.661906519 -0.8073130722    5.42921573 1779097920 1779097920
 -7.499978405 -0.7440182838   5.817751452  -7.492400624 -0.6910116333   5.377185622 1779097920 1779097920
-7.443412827 -0.827347753  5.710318378   -7.33346318 -0.6210302952   5.385241505 1779097920 1779097920
 -7.412911917 -0.8707965845    5.62122218  -7.209017871 -0.6140276489   5.438737394 1779097920 1779097920
 -7.388230541 -0.9077679432   5.549365562 -7.137120045 -0.675456055  5.513858273 1779097920 1779097920
 -7.373977816 -0.9912126881   5.461949046  -7.126126288 -0.7998577691   5.582044829 1779097920 1779097920
-7.380077439 -1.045621355  5.368844709  -7.174409676 -0.9728690167   5.617350494 1779097920 1779097920
-7.409913593 -1.066278411  5.271707359 -7.269417735 -1.173157854  5.600278963 1779097920 1779097920
-7.427852814 -1.028292878  5.228225185 -7.391525713 -1.375830507  5.520574417 1779097920 1779097920
-7.442862223 -1.003373916  5.198175678 -7.516859439 -1.557596733  5.380578936 1779097920 1779097920
-7.456408677 -1.023759928  5.169494737 -7.623296097 -1.701881323    5.1963716 1779097920 1779097920
-7.465236134 -1.059625545  5.157063607 -7.694529951 -1.800660186  4.995069082 1779097920 1779097920
-7.476759622 -1.102882351  5.162153867 -7.721670933 -1.854287743  4.808260616 1779097920 1779097920
-7.467654656 -1.111401989  5.223535312 -7.705288665 -1.871274881  4.666445395 1779097920 1779097920
-7.461253757 -1.157064457  5.301509772 -7.655668036 -1.865872046  4.594436803 1779097920 1779097920
-7.470691772 -1.218505189   5.37820358 -7.589759343 -1.853537092  4.607402092 1779097920 1779097920
-7.510360581 -1.326441112  5.443042663 -7.527506978 -1.847790101  4.707339008 1779097920 1779097920
-7.597691923 -1.482552071  5.506373377 -7.487575224 -1.856694757  4.883161189 1779097920 1779097920
-7.678807867 -1.432446587  5.580690261 -7.484175614 -1.881997653  5.112475356 1779097920 1779097920
-7.775878215 -1.387932582  5.625946223   -7.5241474 -1.920320154  5.365134698 1779097920 1779097920
-7.891966529 -1.358043478  5.641285089 -7.606213165 -1.962808887  5.608798954 1779097920 1779097920
-7.987632113 -1.355343372  5.651641405  -7.72097821 -1.997990073  5.813136946 1779097920 1779097920
-8.077636815 -1.394874841  5.632913754 -7.853775798 -2.017672014  5.955822819 1779097920 1779097920
-8.130380633 -1.359037667  5.607008163 -7.986132121 -2.016018436  6.024204429 1779097920 1779097920
 -8.14066106 -1.402203078  5.581252593 -8.099339248 -1.994847261  6.018367144 1779097920 1779097920
-8.120623781 -1.484012843  5.556474614 -8.177622132 -1.958520983  5.947957215 1779097920 1779097920
-8.069399874 -1.607018176  5.526325175 -8.210279357 -1.915231341  5.829868344 1779097920 1779097920
 -8.00935292 -1.749989746  5.475012388 -8.193399974 -1.875897472   5.68518667 1779097920 1779097920
-7.967397579 -1.827344144  5.416560823 -8.130017527 -1.849673898  5.534410726 1779097920 1779097920
-7.929436899 -1.844426468  5.389121594 -8.030083313 -1.843709469  5.395790414 1779097920 1779097920
-7.881934852 -1.875226515  5.376936814 -7.908957629 -1.860575259  5.281452068 1779097920 1779097920
-7.842802358 -1.898895243  5.366151476  -7.78417038 -1.897720318  5.197465207 1779097921 1779097921
 -7.81294631 -1.952809304  5.344482579 -7.672326675 -1.948765422  5.144108296 1779097921 1779097921
-7.799436276 -1.925293449  5.354116452 -7.588130746 -2.003976023  5.119988054 1779097921 1779097921
-7.802797377 -1.868230548  5.367827436 -7.540380708 -2.053534399  5.118316205 1779097921 1779097921
-7.796910947 -1.823457885  5.403908922 -7.531185212 -2.090273997   5.13487274 1779097921 1779097921
-7.801152812  -1.81340393  5.430699711 -7.558015229 -2.109522935   5.16576369 1779097921 1779097921
 -7.80571029 -1.805289163  5.474589009 -7.613240111 -2.110806536    5.2106468 1779097921 1779097921
-7.813277223 -1.768762617  5.534599701 -7.685599734 -2.097801497  5.269686586 1779097921 1779097921
-7.822352577 -1.744866274  5.588888811 -7.762581638 -2.078283774  5.343659597 1779097921 1779097921
 -7.83111188 -1.725513291  5.644451792 -7.832569495 -2.059886787   5.43369662 1779097921 1779097921
-7.843090551 -1.796112582  5.675238371 -7.887139403 -2.050770283  5.539248668 1779097921 1779097921
-7.844827115 -1.881953417  5.725559331 -7.919094716 -2.055250276  5.655069068 1779097921 1779097921
-7.849948686 -1.936249392  5.777740629  -7.92692449 -2.075464992  5.772668393 1779097921 1779097921
-7.85728984 -1.97082129 5.814570424 -7.914431437 -2.110941956  5.883519646 1779097921 1779097921
-7.864240376 -2.007419851  5.855858407 -7.887080028 -2.157297534  5.976375923 1779097921 1779097921
-7.870351633 -2.081627528  5.885552735 -7.855356837 -2.209161978  6.044310847 1779097921 1779097921
-7.881838987  -2.14218418  5.921610874 -7.826798232 -2.259845969  6.082029748 1779097921 1779097921
-7.899106761 -2.195195774   5.97079051 -7.810725001  -2.30381741  6.089819615 1779097921 1779097921
-7.905329301 -2.234652482  6.022935279  -7.81591878 -2.338213689  6.074890521 1779097921 1779097921
-7.923908183 -2.240503976  6.077013403 -7.842291623 -2.360868043  6.046087169 1779097921 1779097921
-7.954491031 -2.294828796  6.115175228 -7.889829637 -2.372527029  6.018309123 1779097921 1779097921
 -8.00054438 -2.362063082  6.137559522 -7.952061417 -2.374301105  6.003710365 1779097921 1779097921
-8.059760847 -2.414884585  6.165700496 -8.019993015 -2.367944231  6.011480804 1779097921 1779097921
-8.089539901 -2.485398335  6.191083913 -8.086023215 -2.355410224   6.04770072 1779097921 1779097921
-8.120214674 -2.499540787  6.222600803 -8.138778521 -2.337599062  6.110440108 1779097921 1779097921
-8.153278487 -2.518003037  6.242057514 -8.172624582 -2.315555691   6.19595866 1779097921 1779097921
-8.173432279 -2.568700185  6.243173148 -8.184079556 -2.290424411   6.29516418 1779097921 1779097921
-8.182508917 -2.598484878  6.239511351 -8.173021379 -2.264143494  6.393795031 1779097921 1779097921
-8.171160859 -2.664752803  6.216513551 -8.144001869 -2.239417963  6.479380193 1779097921 1779097921
-8.157900768 -2.671949781  6.202249818 -8.101892277 -2.221784439  6.540545684 1779097921 1779097921
 -8.14058257 -2.664955437  6.181142562 -8.055215284 -2.216295337  6.570923575 1779097921 1779097921
-8.110585998 -2.671041555  6.158483662 -8.011189217 -2.228731619  6.569053438 1779097921 1779097921
-8.069140191 -2.682396779  6.138675043 -7.975712767 -2.263261275    6.5381203 1779097921 1779097921
-8.032972123 -2.741402585  6.116777935 -7.952393566 -2.321557926  6.485549611 1779097921 1779097921
-8.014642343  -2.76255589  6.099195441  -7.94105951 -2.401674512  6.420500817 1779097921 1779097921
-8.002532512 -2.778605016  6.083224788  -7.94050447 -2.497409617  6.352694351 1779097921 1779097921
-7.998236464 -2.819325744  6.060658903 -7.946949166 -2.598822194  6.290904724 1779097921 1779097921
-7.993288742 -2.855316194  6.052856553 -7.956709577 -2.693310841  6.238859276 1779097921 1779097921
-7.982176469 -2.945066336  6.029142292 -7.967208417 -2.767768124  6.195539858 1779097921 1779097921
-7.983197286 -2.957662774  6.022729724 -7.974595842 -2.809318511  6.154798719 1779097921 1779097921
-7.993487056 -2.947201478  6.003207236  -7.98063148 -2.810636447  6.109851808 1779097921 1779097921
-8.010146808  -2.94943417  5.949367285 -7.987202089  -2.76944038  6.053251075 1779097921 1779097921
-8.021023396 -2.895066944  5.892591377  -7.99815913 -2.689491844  5.975767224 1779097921 1779097921
-8.016381949 -2.929248777  5.798882042 -8.017526358 -2.581005195  5.874053808 1779097921 1779097921
-8.003498704 -2.913052842   5.72569983 -8.045242655 -2.456183354  5.747261599 1779097921 1779097921
-7.986276494 -2.844716551  5.647266512 -8.081096107 -2.330887213  5.602889845 1779097921 1779097921
-7.960189485 -2.755381892   5.55323316 -8.120453184  -2.21971573  5.453277249 1779097921 1779097921
-7.912001585 -2.627695463  5.466640116 -8.154934118 -2.132693829  5.313351389 1779097921 1779097921
-7.837081604  -2.64793119  5.400972904 -8.173374801 -2.074766896  5.199259035 1779097921 1779097921
-7.755860548 -2.604848476  5.380295876 -8.164157508 -2.043741043  5.125099725 1779097921 1779097921
-7.680315949 -2.536658689  5.350142354 -8.117897709  -2.03310709  5.100151804 1779097922 1779097922
-7.610780686 -2.472528831  5.300888515 -8.028928056 -2.032570009  5.126102865 1779097922 1779097922
-7.533032431 -2.408622081  5.267996688 -7.897686588 -2.030661408   5.19644727 1779097922 1779097922
-7.497780879  -2.44093239  5.190299399 -7.733125677 -2.017880975  5.297032029 1779097922 1779097922
-7.478720881  -2.41806847  5.129724296 -7.549618075 -1.988366231  5.407595068 1779097922 1779097922
-7.456730987 -2.323819736  5.105573681 -7.367335803 -1.942465095  5.505996067 1779097922 1779097922
-7.431865078  -2.22964186  5.082347834 -7.210388461 -1.887524257  5.571251745 1779097922 1779097922
-7.396656173 -2.160514311   5.05945519 -7.099606468 -1.835294236  5.587762074 1779097922 1779097922
-7.35443072 -2.21515349 5.019470694 -7.048955687 -1.798103606  5.547288502 1779097922 1779097922
-7.300887713 -2.221707859  5.009573717 -7.062611491 -1.786044027  5.451113789 1779097922 1779097922
-7.243722289 -2.186798098  5.013929592 -7.134342107 -1.806787847  5.310319088 1779097922 1779097922
-7.181503182 -2.149256289  5.007239239 -7.245954734 -1.862811578  5.144197157 1779097922 1779097922
-7.097384962 -2.141995909  5.004650965 -7.368894848 -1.948517892  4.977569848 1779097922 1779097922
-7.020926546 -2.197593161  4.985616202 -7.471024406 -2.050671855  4.836595462 1779097922 1779097922
-6.953346708 -2.170232486  4.995731608 -7.522568115 -2.150748723  4.745470664 1779097922 1779097922
-6.905786713 -2.134174889  4.990748699 -7.498874463    -2.229118     4.719133 1779097922 1779097922
-6.872062985  -2.07025596  4.986090084 -7.388559259  -2.26638575   4.76336259 1779097922 1779097922
-6.867751368 -2.004609714  4.965878852 -7.196375915 -2.248613962  4.871866227 1779097922 1779097922
-6.888978455 -1.987137731  4.933467308 -6.944885461 -2.170117128   5.02877424 1779097922 1779097922
-6.921440264 -1.976732199  4.912243231 -6.672312726 -2.033244057  5.209887337 1779097922 1779097922
-6.970143694 -1.932078819  4.915317549 -6.424639365 -1.850545243  5.386056427 1779097922 1779097922
-7.056135696 -1.830392423  4.935170951 -6.249257935 -1.640811557  5.527568623 1779097922 1779097922
-7.159767869 -1.720134786  4.987748126 -6.186227719  -1.42572058  5.610258896 1779097922 1779097922
-7.233544595 -1.722884522   5.02933492 -6.261065533 -1.225453759  5.618606327 1779097922 1779097922
-7.302022736 -1.682386821  5.095093437 -6.478898277 -1.056367799  5.550038421 1779097922 1779097922
-7.399282996 -1.608626727  5.154415809  -6.822128201 -0.9326995122    5.41333013 1779097922 1779097922
 -7.51802274 -1.461365196  5.221296584  -7.253179403 -0.8602496285   5.230067274 1779097922 1779097922
-7.631895794 -1.352568474  5.275155445   -7.71992724 -0.8356767351   5.030065512 1779097922 1779097922
-7.712701609 -1.330171865  5.303576521  -8.164923954 -0.8486953444     4.8468891 1779097922 1779097922
-7.762298913 -1.292214692   5.36403085  -8.534031493 -0.8832292241   4.711869215 1779097922 1779097922
-7.811618102 -1.241984394  5.418584685  -8.786899706 -0.9192040994   4.653356651 1779097922 1779097922
-7.856004842 -1.149695749  5.498437594  -8.901101806 -0.9388136192   4.688099744 1779097922 1779097922
-7.896264025 -1.053720456  5.602385987  -8.875261123 -0.9271570167    4.82224263 1779097922 1779097922
-7.929742952 -1.000438056  5.706267243 -8.728841142 -0.878787459  5.048736425 1779097922 1779097922
 -7.943702413 -0.9599462451   5.837847969  -8.497922916 -0.7960540003   5.349069506 1779097922 1779097922
 -7.966955853 -0.9096015226   5.981584445  -8.226584028 -0.6882106136   5.697917937 1779097922 1779097922
 -7.992098657 -0.8328644536   6.144233041  -7.961649476 -0.5702968982   6.064434394 1779097922 1779097922
 -8.044314399 -0.6938654713   6.312876337  -7.742604496 -0.4593301242   6.418362697 1779097922 1779097922
 -8.086334286 -0.6099392639   6.475846746   -7.59769641 -0.3690543495   6.731116169 1779097922 1779097922
 -8.093111864 -0.5765241752   6.624191055  -7.540724757 -0.3124958717   6.982860377 1779097922 1779097922
 -8.099777826 -0.5586604582   6.769398718  -7.567032365 -0.2959749488   7.162304587 1779097922 1779097922
 -8.098040869 -0.5330644407   6.903934021  -7.660290698 -0.3213047215   7.267225498 1779097922 1779097922
 -8.117861535 -0.4298230473   6.995755455  -7.794204516 -0.3848957232    7.30384597 1779097922 1779097922
  -8.13263372 -0.4036361734   7.052912091 -7.939337476 -0.472696256  7.281642274 1779097922 1779097922
 -8.131982613 -0.4153709025   7.091989175  -8.06996707 -0.572261644   7.21515462 1779097922 1779097922
 -8.131982419 -0.4683395029   7.111155929  -8.165262387 -0.6691915361   7.120139289 1779097922 1779097922
 -8.128821783 -0.4962484393   7.118882842  -8.214990094 -0.7529723681   7.011887821 1779097922 1779097922
 -8.153877691 -0.4961015322    7.08079148  -8.217243358 -0.8142153034   6.902619743 1779097922 1779097922
-8.175349558 -0.500138849  7.026308263  -8.181475603 -0.8464048209   6.800366581 1779097922 1779097922
 -8.174095716 -0.5228880361   6.985705337  -8.122602816 -0.8481032298   6.710122671 1779097922 1779097922
 -8.166107734 -0.5805630158   6.929648998  -8.057510752 -0.8215039982   6.633256203 1779097923 1779097923
 -8.152163498 -0.6113157214   6.856968769 -8.003224428 -0.774610777  6.569606103 1779097923 1779097923
 -8.156400453 -0.5809195813   6.734489884  -7.971697675 -0.7172270155   6.517105701 1779097923 1779097923
 -8.156650622 -0.5528542247   6.567928466  -7.971064408 -0.6556142544   6.470647616 1779097923 1779097923
 -8.109570662 -0.5014056762   6.455712481  -8.004831239 -0.5976527735   6.424570476 1779097923 1779097923
   -8.0740685 -0.4849430679   6.358261748 -8.064921251 -0.546792999  6.373779783 1779097923 1779097923
 -8.032993901 -0.4647200504   6.233554278  -8.142416865 -0.5084951386   6.314560301 1779097923 1779097923
-8.009267505 -0.406634684  6.080997124  -8.223085072 -0.4860772371   6.246128341 1779097923 1779097923
-8.003993252 -0.332733959  5.939416795  -8.294433651 -0.4768530582   6.166190829 1779097923 1779097923
 -7.997364052 -0.2441071678   5.879747631  -8.345429369 -0.4775649583   6.075079667 1779097923 1779097923
 -8.015384913 -0.2261242303   5.842720236   -8.36655662 -0.4828811977   5.976088911 1779097923 1779097923
 -8.070832155 -0.2315373927   5.813343835  -8.356610758 -0.4931355083   5.876055945 1779097923 1779097923
 -8.178356155 -0.2111575806   5.800212188  -8.320085258 -0.5080348946   5.783549069 1779097923 1779097923
 -8.309292519 -0.1622506457   5.820770672  -8.267168674 -0.5268623429   5.705455406 1779097923 1779097923
 -8.412329812 -0.1155841387   5.873293861  -8.211433311 -0.5515088256   5.648628578 1779097923 1779097923
 -8.512794972 -0.1544317267   5.932089124  -8.168921179 -0.5856693693   5.619724142 1779097923 1779097923
 -8.611516393 -0.2617367466   5.994835582  -8.155071409 -0.6322268828   5.622451161 1779097923 1779097923
 -8.688827679 -0.3975720992   6.055039775   -8.1803214 -0.691495358  5.655999116 1779097923 1779097923
 -8.718821804 -0.5346575019   6.102873397  -8.247137754 -0.7629788111   5.714962571 1779097923 1779097923
 -8.743287903 -0.5785887586   6.049969422  -8.349126436 -0.8449375494   5.791627687 1779097923 1779097923
 -8.711889282 -0.6847284452   5.992654496  -8.468696573 -0.9308671904   5.870781144 1779097923 1779097923
 -8.623365284 -0.7649543016   5.922739783 -8.581786874 -1.014818005  5.936702318 1779097923 1779097923
 -8.471487288 -0.7875416965   5.836678859 -8.660728091 -1.090451044  5.974269822 1779097923 1779097923
 -8.260298289 -0.7936076038   5.693464604 -8.678471067 -1.151496656  5.971984885 1779097923 1779097923
 -8.108121946 -0.6952041179   5.578963862 -8.613278779  -1.19379373  5.919266408 1779097923 1779097923
 -7.926949752 -0.6925869549   5.447381978 -8.452542622 -1.215992123  5.812217322 1779097923 1779097923
 -7.728718193 -0.7239459577   5.305185885 -8.199283883 -1.223145722  5.655739517 1779097923 1779097923
 -7.517877764 -0.7552546776   5.164502236 -7.872052873 -1.222658608   5.46212035 1779097923 1779097923
  -7.31046316 -0.8249934698   5.010062335  -7.50062131 -1.223897227  5.247914065 1779097923 1779097923
  -7.17558694 -0.7507431663   4.928619846 -7.127317961 -1.234932259   5.03602973 1779097923 1779097923
-7.059226608 -0.726631544  4.889240506 -6.790086108 -1.266464472  4.841734428 1779097923 1779097923
 -6.963543318 -0.7908254517   4.844021981 -6.528327317 -1.323736533  4.680000582 1779097923 1779097923
 -6.905634376 -0.8807173973   4.805834737 -6.371825394 -1.406285905   4.56423029 1779097923 1779097923
-6.903298033 -1.028077121  4.762523692 -6.333889416 -1.510354808   4.49857115 1779097923 1779097923
 -6.94452384 -1.038751654  4.759929535 -6.412438698   -1.6242568  4.482882042 1779097923 1779097923
-7.005775114 -1.093237055   4.75815704 -6.587247104 -1.738408344  4.509128914 1779097923 1779097923
  -7.1004497 -1.182083618   4.75135982 -6.827629755 -1.835209269   4.56877509 1779097923 1779097923
 -7.20654976 -1.277441111  4.772958139 -7.093706484 -1.900059995     4.649287 1779097923 1779097923
-7.337414483 -1.391777496  4.794970692 -7.346706292 -1.923818499  4.737544001 1779097923 1779097923
-7.441113924 -1.306283927  4.836912485 -7.553235084 -1.902954089  4.821383667 1779097923 1779097923
-7.534251753 -1.284536967  4.853675514  -7.69114144 -1.841365789  4.890112032 1779097923 1779097923
 -7.60509302 -1.346065153  4.881259502 -7.751766612 -1.750902106   4.93508786 1779097923 1779097923
-7.651151197 -1.428624346  4.921340089 -7.742645109 -1.651048129   4.95361549 1779097923 1779097923
-7.673697421 -1.544703114  4.970864536 -7.683875774 -1.565817314  4.947655124 1779097923 1779097923
-7.714113932 -1.524848632  4.984205666 -7.602968177 -1.518724886  4.924007034 1779097923 1779097923
-7.74090647  -1.5593993 5.001273822 -7.527083203 -1.531791996  4.891801425 1779097923 1779097923
-7.757594623 -1.681126894   5.02932531 -7.481918515 -1.617546509  4.865906629 1779097923 1779097923
-7.779027215 -1.833069786  5.072538621 -7.484478155 -1.777496185  4.862012557 1779097923 1779097923
-7.809888632 -2.046906694  5.141412842 -7.539478056 -2.002232018  4.893421329 1779097923 1779097923
-7.860012385 -2.100821095  5.242968155 -7.639184947 -2.270491752  4.970358749 1779097923 1779097923
-7.892823058 -2.194479882   5.36412809 -7.764292047 -2.559834525  5.093917183 1779097924 1779097924
-7.94101671 -2.33949698 5.499842364 -7.893709456 -2.836783062  5.262287616 1779097924 1779097924
-8.012060937 -2.441610661  5.637218863 -8.002878705 -3.071510181  5.468094864 1779097924 1779097924
-8.082173951 -2.506397782  5.805816706 -8.070936835 -3.239769102  5.698578812 1779097924 1779097924
-8.158762787 -2.497932693  5.921851304 -8.088316303 -3.329347546  5.939573909 1779097924 1779097924
-8.205285741 -2.513288648  6.029473811 -8.055416274 -3.337617519  6.177159101 1779097924 1779097924
-8.215581083 -2.581764075  6.146837899 -7.983275976 -3.272736094  6.396424706 1779097924 1779097924
-8.196136694 -2.655391221  6.268910296 -7.888029767 -3.153007736   6.58451858 1779097924 1779097924
-8.142729775 -2.692511265  6.410652697 -7.793490938 -3.003849089  6.726371998 1779097924 1779097924
-8.076775513  -2.70694069  6.531718539  -7.72328609 -2.852364048  6.822758472 1779097924 1779097924
-7.992021503 -2.739361714   6.64956384 -7.694605639 -2.721810773  6.873435844 1779097924 1779097924
-7.896466743 -2.818085413  6.751010632 -7.717297583 -2.629871395  6.879803773 1779097924 1779097924
-7.826773092 -2.880461396  6.822260116 -7.785059475 -2.582849169  6.848165312 1779097924 1779097924
 -7.78009643 -2.946817032  6.867541144 -7.890296723  -2.58035171  6.786688717 1779097924 1779097924
-7.797808578  -2.95991864   6.86073171 -8.012717965 -2.611045727  6.706821301 1779097924 1779097924
-7.832131543 -2.975909814  6.837305749 -8.135377024 -2.659781973  6.623939892 1779097924 1779097924
-7.892695059 -2.985827448   6.79028041  -8.23808505 -2.708434999  6.551839239 1779097924 1779097924
 -7.96494048 -2.980049841  6.736540708 -8.305141101 -2.740322582  6.503786136 1779097924 1779097924
-8.057889304  -2.95428565  6.665417877 -8.328356365 -2.744593409  6.487929899 1779097924 1779097924
-8.104918317 -2.951946115  6.619863794 -8.306620803 -2.716642361  6.508611474 1779097924 1779097924
-8.134388027 -2.955332396  6.580723988 -8.247547685 -2.659802274  6.561400795 1779097924 1779097924
-8.161337482 -2.957533709  6.527549686 -8.163926021 -2.584416023  6.637578189 1779097924 1779097924
-8.180083608 -2.958110152  6.464185386 -8.072129829 -2.506128943  6.721641659 1779097924 1779097924
-8.185044249 -2.953752869  6.383601081 -7.989413256 -2.441644706  6.794635832 1779097924 1779097924
-8.169042628   -2.9951326    6.3070677  -7.92985784 -2.405516382  6.836337882 1779097924 1779097924
-8.129203994 -3.033616332  6.250595105 -7.90208622 -2.40675687 6.829090557 1779097924 1779097924
-8.085704698 -3.060192792  6.187905307 -7.908942315 -2.446475358  6.762233675 1779097924 1779097924
 -8.04724626 -3.072683918  6.110235829 -7.946703944 -2.517611996  6.633494866 1779097924 1779097924
-8.011883903 -3.063257205  6.007936755 -8.007603139 -2.606382505  6.449632868 1779097924 1779097924
-7.988727243 -3.080777637  5.888755382 -8.080786412 -2.695152423  6.225278418 1779097924 1779097924
-7.966051025 -3.116554108  5.777576537 -8.154091197 -2.765746798  5.982050503 1779097924 1779097924
-7.951942169 -3.103625737  5.675135082 -8.217374907 -2.803094276  5.743365574 1779097924 1779097924
-7.942160152  -3.06893973  5.578404732 -8.263679482 -2.798773973  5.533292429 1779097924 1779097924
-7.951328466 -2.946303251  5.482964596 -8.289585287 -2.751286927  5.369861274 1779097924 1779097924
-7.946280252 -2.877278568  5.399080114 -8.295105049 -2.666740655   5.26454847 1779097924 1779097924
-7.924227656 -2.863059746   5.33922806 -8.281694638 -2.554614824   5.21793683 1779097924 1779097924
-7.923666214 -2.760562345  5.292836027 -8.251485324 -2.428013003  5.222395753 1779097924 1779097924
-7.929131879  -2.65504216  5.234982888 -8.207162308 -2.299485813  5.263667268 1779097924 1779097924
-7.924681293 -2.483333534  5.210443495 -8.147151994  -2.17871897  5.321048043 1779097924 1779097924
-7.923069507 -2.372542572   5.16045031 -8.070964204 -2.068927304  5.374859635 1779097924 1779097924
-7.913437101 -2.345551162  5.100579459 -7.974833218 -1.967763397  5.407652084 1779097924 1779097924
-7.883121929 -2.252569035  5.095826038 -7.855528132 -1.867479017  5.410415358 1779097924 1779097924
-7.815118045 -2.159940718  5.145483681 -7.714320234 -1.759579202  5.385549387 1779097924 1779097924
-7.747878881 -2.003924098  5.214897805 -7.557268519  -1.63436502  5.340905105 1779097924 1779097924
-7.670641056 -1.899602204  5.293058285 -7.394639764  -1.48986928  5.292750724 1779097924 1779097924
-7.572710453 -1.858323291  5.404116197 -7.240921472 -1.327956644  5.260765927 1779097924 1779097924
 -7.52770513 -1.760139481  5.478820025 -7.113775153 -1.156098036  5.254794557 1779097924 1779097924
-7.509348194 -1.647844285  5.542409225  -7.031115803 -0.9940259094   5.285785248 1779097924 1779097924
-7.515017441 -1.504365264  5.615475982  -7.008103935 -0.8593504534   5.356931582 1779097924 1779097924
-7.550629883 -1.432425375    5.6586539  -7.053620294 -0.7716935388   5.460320938 1779097924 1779097924
-7.570390281 -1.536602956  5.677056375  -7.167179971 -0.7445125031   5.581361006 1779097925 1779097925
-7.620487668 -1.563628503  5.689487682  -7.341305257 -0.7815351311   5.702044518 1779097925 1779097925
-7.639184268 -1.606557233  5.710570674  -7.556923937 -0.8814660688   5.802219748 1779097925 1779097925
-7.652422787 -1.553196628   5.75640672 -7.785422371 -1.031028867  5.865436661 1779097925 1779097925
 -7.63239846 -1.521464068  5.785904272 -7.991455025 -1.205692925  5.880843009 1779097925 1779097925
-7.603074182 -1.506802916  5.762304047 -8.142521226 -1.378154315   5.84762943 1779097925 1779097925
-7.536696088 -1.470569127  5.745612979 -8.205371497 -1.515417445  5.768904947 1779097925 1779097925
-7.434481914 -1.404561419   5.70783603 -8.155455982 -1.587291587  5.657130927 1779097925 1779097925
-7.262292283 -1.352246987  5.678766156 -7.982356994 -1.572835432  5.524664848 1779097925 1779097925
-7.054653666 -1.282501974  5.632079371 -7.692466561 -1.464110084  5.391941334 1779097925 1779097925
-6.891072889 -1.223254535  5.592275455 -7.312669941  -1.26663734   5.27969166 1779097925 1779097925
-6.724913462 -1.140375066  5.567556398 -6.881267781 -1.000249548   5.20685401 1779097925 1779097925
-6.518919341 -1.005296064  5.586698201  -6.450876441 -0.6959060631   5.189235561 1779097925 1779097925
-6.366340508 -0.861304952  5.569781524  -6.066643466 -0.3911417962   5.225456948 1779097925 1779097925
 -6.286040768 -0.7306015929   5.521054742  -5.773946262 -0.1249763549   5.308432126 1779097925 1779097925
 -6.186913548 -0.6005579549   5.579664567 -5.616163369 0.0737555226  5.430600293 1779097925 1779097925
 -6.195219004 -0.4957911622   5.566786852 -5.593138302 0.1872192157   5.54676975 1779097925 1779097925
 -6.291239661 -0.3999799066   5.511186718 -5.708715274 0.2046129526   5.63604088 1779097925 1779097925
 -6.483500123 -0.3332560192     5.4209979 -5.947385674 0.1291442131  5.677969401 1779097925 1779097925
  -6.69736343 -0.3295869184   5.356536922  -6.277522555 -0.0263092036   5.661145094 1779097925 1779097925
 -6.821697202 -0.3176192756   5.381465855  -6.660926279 -0.2373013995   5.585039286 1779097925 1779097925
 -6.963258573 -0.3534750817    5.37385434   -7.05387354 -0.4757044423   5.462697241 1779097925 1779097925
 -7.11953589 -0.424502116  5.345817961  -7.414593987 -0.7127037712   5.317349062 1779097925 1779097925
 -7.248582153 -0.5243953676   5.332659369  -7.706205098 -0.9249144528   5.171473475 1779097925 1779097925
-7.300817792 -0.642626828  5.360561745  -7.90076863 -1.089751051  5.049105886 1779097925 1779097925
 -7.313706122 -0.6914817963   5.388837116 -7.985438599 -1.197143606   4.97199557 1779097925 1779097925
 -7.325168106 -0.7373000894   5.391800058 -7.960251543 -1.242927359  4.948637143 1779097925 1779097925
  -7.32899943 -0.7954775301   5.387515787 -7.839680997 -1.232993777  4.977947436 1779097925 1779097925
 -7.323381458 -0.8610977661   5.390328205 -7.650670995 -1.181878662  5.052695335 1779097925 1779097925
 -7.335750031 -0.9301708854   5.381323551 -7.428512224 -1.109790257  5.159668758 1779097925 1779097925
 -7.337709008 -0.9620156123   5.410649442 -7.211456815 -1.038308276   5.28220175 1779097925 1779097925
  -7.36836648 -0.9958541059   5.422197969  -7.035669453 -0.9866653454   5.400951309 1779097925 1779097925
-7.436281117 -1.039956934  5.413964494  -6.930063342 -0.9691735357   5.499865386 1779097925 1779097925
-7.517556909 -1.087989524  5.419647491  -6.912212879 -0.9926058016   5.568854218 1779097925 1779097925
-7.622819791 -1.146143484  5.416692659 -6.986641017 -1.055409656  5.601620647 1779097925 1779097925
-7.666428324 -1.198629017  5.476950973 -7.144063514 -1.150025493  5.600459493 1779097925 1779097925
-7.710273738 -1.258228853   5.52479071 -7.364407067 -1.263755483  5.570810109 1779097925 1779097925
-7.755898695 -1.322487344  5.560074587 -7.618892586 -1.382302994  5.524619448 1779097925 1779097925
-7.786524247 -1.376284992  5.600297686 -7.874831431  -1.49133017  5.475205175 1779097925 1779097925
-7.816372976 -1.443449992  5.609438768 -8.101399019 -1.579394445  5.433801745 1779097925 1779097925
-7.795999168 -1.443523366  5.664198524 -8.273529338 -1.638296832  5.407995478 1779097925 1779097925
-7.795632106 -1.470646941   5.66656698 -8.376582987 -1.665553496  5.399085414 1779097925 1779097925
-7.806128851 -1.496397299  5.641773172 -8.407347093  -1.66219586    5.4031815 1779097925 1779097925
   -7.808612 -1.529621508  5.620705894 -8.374707703 -1.633911643  5.412078309 1779097925 1779097925
-7.855379614 -1.555223748  5.545272074 -8.298554014 -1.589039501  5.415320146 1779097925 1779097925
-7.855407814 -1.565785863  5.553934914 -8.203200617 -1.536695673  5.403782087 1779097925 1779097925
-7.869405828  -1.57507927  5.558635625 -8.116283666   -1.4862442  5.370170142 1779097925 1779097925
-7.925237843 -1.557298704  5.534164642 -8.061541308 -1.444175334  5.311770038 1779097925 1779097925
-7.985509026 -1.545712059  5.525196485 -8.054384097 -1.415729825  5.231664886 1779097925 1779097925
-8.085870298 -1.503236988  5.489416615 -8.100925061 -1.403215983  5.137792409 1779097925 1779097925
-8.109626736 -1.474427192  5.546312593 -8.194452898 -1.407308213  5.042104474 1779097926 1779097926
-8.141421717 -1.463195705  5.586150278 -8.319439998 -1.427751756  4.959199105 1779097926 1779097926
-8.172936641 -1.438897839   5.62039205 -8.452261417 -1.462439187  4.903039599 1779097926 1779097926
-8.211038246 -1.464023882   5.62666527 -8.566242663 -1.508485619  4.884498235 1779097926 1779097926
-8.257449545 -1.494619946   5.60354674 -8.637578644 -1.564610461   4.90978083 1779097926 1779097926
 -8.24157142 -1.544908445  5.641561607  -8.64991076 -1.628288348  4.977278189 1779097926 1779097926
-8.216042227 -1.599573687  5.681786597 -8.597924474 -1.698003048  5.082116422 1779097926 1779097926
-8.199052913 -1.650263987  5.706050288 -8.487746978 -1.770616331   5.21568344 1779097926 1779097926
-8.178978782 -1.744490395  5.720547238 -8.336648474 -1.841802568  5.366299707 1779097926 1779097926
-8.163231953  -1.82035883  5.738255673 -8.170379452 -1.907285463  5.522164021 1779097926 1779097926
-8.140459915  -1.85807111   5.78123428 -8.017880727 -1.961232632  5.672369088 1779097926 1779097926
-8.125469119 -1.883127789  5.823558256 -7.905876429 -1.999264693  5.808978726 1779097926 1779097926
-8.147590981 -1.885493651  5.835631328 -7.854327122 -2.017804881   5.92677134 1779097926 1779097926
-8.195823719 -1.892216163  5.824932006 -7.873601809 -2.015223109  6.022880861 1779097926 1779097926
-8.257473268 -1.879673153  5.817913033 -7.959519534 -1.993319771  6.097357708 1779097926 1779097926
-8.317761615 -1.879679215  5.813547265 -8.096453676 -1.956995944  6.152838432 1779097926 1779097926
-8.350286966 -1.892359967  5.856115655 -8.258731133 -1.912600636    6.1913082 1779097926 1779097926
-8.385842192  -1.89550603  5.917894595 -8.415517429 -1.868981066  6.216883442 1779097926 1779097926
-8.405245706 -1.927197307  6.002418829 -8.538030376  -1.83255425  6.233112911 1779097926 1779097926
-8.403702813 -1.957060586  6.136297156 -8.60249145 -1.81040106 6.243562115 1779097926 1779097926
-8.395968181 -1.983275642   6.28170345 -8.596508626  -1.80585297  6.252527869 1779097926 1779097926
-8.365946198   -1.9922572  6.452306672  -8.52185161 -1.818503713  6.261316005 1779097926 1779097926
-8.325793827 -1.996679583  6.662159051 -8.392525048 -1.845473786   6.27129375 1779097926 1779097926
-8.283551066 -2.007193135  6.871879338 -8.233806628 -1.880464656  6.281080093 1779097926 1779097926
-8.236431425 -1.993800675  7.089122668 -8.075880244 -1.917461452   6.28551573 1779097926 1779097926
-8.217094868 -1.988539876  7.281860223 -7.948624562  -1.95078806   6.27876619 1779097926 1779097926
-8.206282848 -1.955369582   7.42979498 -7.876147753 -1.976142516  6.250158784 1779097926 1779097926
-8.193014569 -1.923690794  7.557173788 -7.870123484 -1.992447409  6.192885369 1779097926 1779097926
-8.221356239 -1.914446028  7.612799292 -7.932243302 -1.999273532  6.100191776 1779097926 1779097926
