-0.00376916641499278 -0.00739841086253145 -0.00267920145916975 0.00872474751574796   0.163203472394026 -0.0137389866751959    9.80785661053452 1779097886.99122
-0.000117906135540403   0.00163243501990283   0.00268608266299281 0.00314543892381234   0.101552447952617 -0.0201157843983732    9.77848281689081 1779097887.01034
 0.00603212929184378 -0.00186817279965752 0.000642860626167216 0.00634743437835919   0.119306862193947 -0.0175277402848105    9.79573696263467 1779097887.02882
-0.00278011092918791   0.0044302437241639 -0.00196573585630974 0.00558750335041202   0.104200362737172 -0.0119730162130777    9.77595982144653 1779097887.04836
0.00445624571943559 0.00306368138286253 0.00225389466227189 0.00585869530495521 0.0702630635033271  0.019117757578972   9.90825666016095 1779097887.07253
 -0.0103769204603237 -0.00330748104847633  0.00491735674230688 0.0119499082196068   0.177317329176784 -0.0212865071001744    9.72337953743897 1779097887.09201
0.000986187380663846  0.00331337965281768 0.000846404697232214 0.00355913629761261   0.076375326065577 -0.0241049916702728     9.8770376856949 1779097887.11041
 0.00671072892439939  0.00209807296395458 -0.00463609369494726 0.0084219450014339    0.13402746688254 -0.0139722288315561    9.79359351986835 1779097887.13027
 0.0116919931436658 0.00408820934674373 0.00695823773573681 0.014206802304578  0.0835133885259553 0.00710571166001596    9.89390305913945 1779097887.14903
-0.00605186972231953  0.00510027136838108  0.00140898792111705 0.0080388520404912    0.162794492206986 0.000489255389359639     9.78530811764059 1779097887.17253
   0.0029279201803607 -1.72026630925982e-05  -0.00497218592377711 0.00577023789585734   0.119326325904662 0.00858060651997259    9.81120857176031 1779097887.19134
-0.00865308915134645  0.00724556670257898  0.00065932878442332 0.0113052599770479   0.159249136874674 -0.0172178482704612    9.78790553965107 1779097887.21037
 0.00635448288543842 0.000919327799774019   -0.004039750578373 0.00758578941707665   0.120668104220513 -0.0401019218928287    9.80073428432063 1779097887.22862
 0.00514260026156593 -0.00135350961924113 -0.00510687021574793 0.00737281826306126   0.156601265447017 -0.0297664329343186    9.75118530007109 1779097887.24845
  0.00324241953558119 -5.96390694519505e-05  -0.00110298962847474 0.00342540908270041    0.111371994181232 -0.00985569485454741     9.79958256498282 1779097887.27254
-0.00627626934190966 -0.00825301819086125 -0.00474976806089342 0.0114045676263138     0.139617187831642 -0.000325346992653485      9.81658365504641 1779097887.29195
  0.00249111927212862    -0.002370126033122 -0.000300839342392586 0.0034516194678418     0.1407169007483 -0.0123270998579811    9.79830487141279 1779097887.31063
2.33288059599469e-05 -0.00994002360228065 -0.00312939863479072 0.0104210243864274    0.113569991242759 -0.00966246076292591     9.84617832509505 1779097887.33046
-0.0125044029167731 0.00175880659528121 0.00933081795608051 0.015700880761095  0.0785063534654712 -0.0192174840205428    9.90642616185684 1779097887.34993
 -0.00553018318013002   0.00427662879470789 -0.000679792204490023 0.00702385914542733  0.136430798596805 0.0260883721140282   9.72787049838462 1779097887.37264
 0.0127017541851983  0.0110599304769618 -0.0104398058164841 0.0198153013356428   0.115178223969655 -0.0343237994150728    9.88671474697348 1779097887.3921
  0.00588384896284834 -0.000488571561548419   0.00190536748810483 0.00620393472347125    0.194018220161202 -0.00851996432303781     9.76279942554027 1779097887.41068
0.00594842811455143 -0.0080637062377623 0.00205368287760705 0.0102286249654921    0.102620306800817 -0.00361572060937935     9.83615708490149 1779097887.43044
-0.00431079160615214  0.00338523573704819  0.00528652578339408 0.00761512311952672    0.131569344152697 -0.00484539613743818     9.75891542715571 1779097887.44858
-0.00802189356408993   0.0116675817299044 -0.00794395471809642 0.0162354444454334   0.164180466774863 -0.0412568315126225    9.73732854024224 1779097887.4726
 0.00262591049706177 -0.00253761142997418  0.00256189203272323 0.00446073631763251   0.138388480739354 -0.0273431460166384    9.80628773984988 1779097887.49203
 0.00382198792706072 -0.00152825344137377  0.00176032048104176 0.00447681566424661   0.15353368644914 0.0191200878791276   9.76778178947598 1779097887.51047
-0.00416086010670017 -0.00558442922925902  0.00840377224372213 0.0109143022941682    0.109953425070966 -0.00450522841047413       9.781449636247 1779097887.53003
   0.0105041482577832 -0.000890055655195185  1.56305276486609e-05 0.0105418012694335  0.0748833004804231 -0.0286190373641691     9.8398944614881 1779097887.54827
-0.00320306619077284 -0.00127500612702787  0.00494845560266699 0.00603096066128747    0.126243850856213 -0.00455264619760147     9.82648041233806 1779097887.57252
 0.00131684057095297 -0.00344840523033538 -0.00522688018360703 0.0063988939806576    0.109252611583352 -0.00237487468863325     9.85219565108487 1779097887.59099
 0.00247028877438126  0.00496532615997789 -0.00232528617909948 0.00601363004503153 0.0885985226155796  0.010139104673877   9.78800387478615 1779097887.61051
  0.00345210878096895  -0.00688974519411643 -0.000533212565599016 0.00772463329327716 0.0918609544612708 -0.014566814091035   9.86538989946052 1779097887.62895
0.00608790325951048 0.00731221177344541 0.00592394296794383 0.0112082160669896   0.106502823167181 -0.0341196726196676    9.73367167891276 1779097887.64817
-0.000303873079855076   0.00534011273536951  -0.00812902919982062 0.00973089197384559   0.147207679470947 0.00165890633602251    9.71778331218759 1779097887.6727
 0.000690949818327431  -0.00429893347549885 -0.000961056992072309 0.00445890919622977   0.112174849956666 -0.0299760901629975    9.86596862054402 1779097887.69208
-0.00516414504941291 -0.00189753690976337 -0.00378116401967381 0.00667579521547553  0.137234715533875 0.0269997844328983   9.83869723226851 1779097887.71079
 -0.0161769686737363 -0.00493699911583823  0.00499726066400778 0.0176363513767693    0.154690223028906 -0.00799215369334332     9.75764895274571 1779097887.73029
-0.00118153971918965 -0.00362844141745544  0.00437613313233312 0.00580621773789379   0.106124037624296 0.00454340079651636     9.7883985383019 1779097887.74857
 0.0035522286161691 -0.0104640049877039 0.00257961530375654 0.011347605194031  0.149863509957208 0.0314456631261023    9.6961005696588 1779097887.77256
-0.00224624299815351 -0.00456531867348998 -0.00198108120731636 0.00546007554409754   0.110648291426712 -0.0644975066381948    9.87424401802763 1779097887.79187
-0.00434724320828705  0.00670014343442088  0.00998204990201957 0.0127840434057547    0.142946531406656 -0.00930865268701242      9.7340715162674 1779097887.81054
  0.0084621534747608 -0.00212538080115423  -0.0112989854369237 0.0142755860434566 0.0539943444160387 0.0231718336447607   9.86191095100598 1779097887.83014
 0.00775271380518383 -0.00230471803642671  0.00317975013185194 0.00869063331832214    0.110392628330816 -0.00304096014352795     9.75499219187478 1779097887.84855
  0.0103597038041315 -0.00616918033894734  0.00156514495916847 0.0121586153696464 0.0846319891919043 0.0118537748191517   9.87145920553259 1779097887.87253
 -0.0103154122719479 -0.00101204904944008  0.00797180368967281 0.0130759943287463    0.135072579230649 -0.00948862406679402     9.76119210028413 1779097887.89209
  0.00267991744475322  -0.00254334130853599 -0.000649003494121675 0.00375123287170769  0.104835784032249 0.0248204271269884   9.83950005919569 1779097887.91092
   0.0149563973256844 -0.000591485377261322   0.00310449922781168 0.0152866474863109   0.0788166763956114 -0.00308704651345202      9.8834142700543 1779097887.93039
 -0.00538140318736211   0.00425792230819448 -0.000259536095859182 0.00686707810008195    0.15188569225002 -0.0313099837083007    9.74286082112168 1779097887.94895
0.00401083672615608 0.00188943122811101  0.0004381493986965 0.00445519208398714 0.0973723307044136 0.0145172051228209   9.86445446646454 1779097887.97233
 0.00824332521056503  -0.0015396615132176 -0.00294882002570599 0.00888923549279831   0.118938603292849 0.00637794518131384    9.74696392554108 1779097887.99216
0.00545396927028035 0.00212312347493643 0.00758276261246671 0.00957871196602191   0.146216288457491 -0.0338033476273503     9.8396249504212 1779097888.01106
0.00831220855659738 0.00307113448102706 0.00582260983910521 0.010603181759612  0.118363458277144 0.0171157309446266   9.84035508720753 1779097888.03049
  0.00191001639156359  0.000317172817262068 -0.000731949078837857 0.00206990595584996    0.127600522607996 -0.00273822868499149     9.73910771684118 1779097888.04907
0.000148514045385212  0.00402561432041211 -0.00752692484079074 0.00853710868135673   0.100759813367851 -0.0169477646330839    9.85421531532733 1779097888.07251
 0.00856514751673228 0.000777477138827566 -0.00474312720568167 0.00982158227446384   0.116683287109506 0.00399373744686747    9.80368637440571 1779097888.09262
  0.00505200445373223 -0.000995402834381286   0.00356725368777874 0.00626409408264241   0.144714769029047 -0.0289434828694011    9.86004402951132 1779097888.11213
 0.00426402917478345 -0.00793113581033843  0.00220037162436236 0.00926965454214643  0.124118402548884 0.0276075421398942   9.82424913987448 1779097888.13113
-0.00153965248660808 -0.00663233816699609 -0.00359772086523278 0.00770078143859718  0.0942977297903814 0.00877201563546306    9.85642523256118 1779097888.15158
-0.0147789091211735 -0.0068158120818755 0.00210188902405391 0.0164100392021709    0.13957619829034 0.00114555449682877    9.74343030339769 1779097888.17268
0.00922368121894519 -0.0115512617580172 0.00758641607278168 0.0166151031372157   0.092163891172047 -0.0441233632428593    9.91047382716317 1779097888.19269
-0.00177385281167455 -0.00138935059598924 -0.00128458648500707 0.00259364826326242  0.101975713120537 0.0158890918638316   9.84641942200183 1779097888.21239
 0.00689550455844961 -0.00187047375613277 -0.00219683554195314 0.00747480712703474   0.0864680215576257 -0.00445089249244484     9.85170222252653 1779097888.2313
-0.00206487825303521 -0.00844085481198728  0.00891512558569166 0.012449546833743  0.127250125080996 0.0100630321769209   9.75423000495119 1779097888.25015
  -0.0148471125660895 -0.000556648975269866   0.00845529981181281 0.0170949906270651   0.127815245197023 -0.0184165669098404    9.78654108304522 1779097888.2725
 0.00227017253297257  -0.0118203779568485 -0.00766527688147229 0.0142699505269586  0.125090330917033 0.0261755621117519   9.83002678893625 1779097888.29399
-0.00705397236649762  -0.0045575933410327  0.00321579211694892 0.00899285839702641  0.0922612687806361 -0.0149670769981395     9.7507775830941 1779097888.3125
 0.00838703548773357 -0.00153608956019301  0.00550041152875967 0.0101467463945419  0.128466254783819 -0.021851911207945   9.80667343206264 1779097888.33111
 -0.00142985758463249  -0.00322136166481131 -0.000298334426760615 0.00353704214253061    0.12905660383328 -0.0610288208326879    9.82523625496754 1779097888.35048
-0.00205439657686408 0.000642633174214929 -0.00680579700026974 0.00713809466878333  0.133584450909679 0.0127778966388425   9.73079919359872 1779097888.37229
-0.00181698032189427 -0.00619613666430358 -0.00625644336177959 0.00899091822852561  0.138612978756754 0.0298420980378891   9.79320650013738 1779097888.39411
  0.0118462303887465  0.00384458041814407 -0.00168091755108635 0.0125673965811694   0.158342771629116 -0.0782449359893071    9.82398347795148 1779097888.413
-0.00670542742842368  -0.0026306092340005  0.00391039950222878 0.0081959798808255     0.12183447874825 -0.00740096456748095     9.82054438384788 1779097888.43124
 0.00623002653047233  -0.0061024319119354 -0.00402095006875637 0.00960317370797949    0.0858703595196755 -0.000780071225961808      9.88851685854545 1779097888.45079
 -0.0112782111520899 -0.00526367939845113   0.0077103133164552 0.0146408093710255  0.0835103930027504 -0.0160788963926603    9.82712939319486 1779097888.4714
 0.00459498288423828 -0.00753555679039799 -0.00161519018263462 0.0089725873177047    0.142000803471249 -0.00170175052641319     9.76446513526492 1779097888.49417
 -0.0048201825917145 -0.00408883662804455  0.00833710092570212 0.0104623131779568   0.109707171586522 -0.0300206426465005    9.83704262795185 1779097888.51308
-0.0023023878113088 0.00458915468895373 -0.0126302830924488 0.013633978927232 0.0934739924474083 0.0037630896047299   9.84041604279761 1779097888.53218
 0.00941434093890951  0.00299933503528763 -0.00940250586830502 0.0136393893767808 0.118413227053756 0.045561814970947  9.76459773172146 1779097888.55193
0.00465800582196166 0.00153730092999679 -0.0012625288297377 0.00506500655801318   0.159516974035435 0.00374021485198572    9.74732540608418 1779097888.57311
 0.0113308277684097 0.00334966480927606 0.00301089642067958 0.0121931706093176   0.145323220636216 -0.0124442389239005    9.84249689707183 1779097888.59459
-0.00541581080295811  0.00506788175917765  0.00183618240771379 0.00764107309301782   0.131652735596504 0.00140620623351198    9.77738311073908 1779097888.61421
0.000519411911248985 -0.00100671573340709  0.00146481447142462 0.00185174154166604  0.125265527315276 0.0386474889477562   9.79976817067538 1779097888.63277
 0.00515419480443252  0.00215558511330976 0.000625438550745196 0.00562169410796426   0.119973788856766 -0.0298588692727026    9.77810057711623 1779097888.65219
-0.00626112253772495 -0.00179190586905322 0.000567425762320244 0.00653716712894044 0.0996229097456479 -0.064665017990135   9.88313874356196 1779097888.6726
-0.000536344187655913  -0.00613430161393577  0.000312009474052512 0.00616560388690887    0.14063280528395 0.00900591332545509    9.79125311204732 1779097888.69601
0.00120012107490819 0.00232915835092879 -0.0162995496332414 0.0165088033323024  0.0721612501282753 0.00151303696201875    9.90997622502222 1779097888.7148
-0.000118430959810315   0.00221323210757046   0.00818222443908566 0.00847709968242636  0.0707531297914782 -0.0397757242283556    9.89407851841305 1779097888.73313
-0.000369533822920762  -0.00114598688201049    -0.010447279840204 0.0105164393803014   0.139121746388529 -0.0541087619973056    9.75950481517796 1779097888.75278
-0.00972660123970261  0.00663125548250481 -0.00574296867744046 0.0130981681994276    0.153758161353927 -0.00291805729606007     9.78683652378289 1779097888.77251
 0.00737261122551171 -0.00381928855243154 0.000615250587855702 0.00832591704349333 0.0685506541966442 0.0180447947402482   9.88161133867458 1779097888.79596
  0.00104402873475202  -0.00166768533436037 -8.07951321065903e-05 0.001969187199532  0.132450351006101 0.0138168010222795   9.77524084281203 1779097888.81511
 0.0010469941540061 0.00562527958375517 -0.0168731027692237 0.0178168898580735   0.109827928930836 0.00896997408269044    9.82523064598878 1779097888.83336
-0.00434118726024835 8.99279861915201e-06  0.00390669459302915 0.00584022690844909  0.126172639861035 0.0340562788280439   9.72443694999083 1779097888.85256
-0.00548381273143589  0.00436446245039577  0.00799914760246835 0.0106351820351345   0.101330100992129 -0.0109729373833332    9.80690882789462 1779097888.8725
 -0.0013582409034709 5.06213741678651e-05  -0.0049848181555477 0.00516679716258167     0.1021678308035 -0.0169311843909626    9.91000126605649 1779097888.8963
-0.00350395635950199   0.0025492581188169  0.00534970986435498 0.00688446241608052   0.143777807392653 -0.0046293199222132    9.87292663769907 1779097888.91592
-0.00814098228110701 -0.00362556400809674  0.00265418960745703 0.00929865739504568   0.12801722182517 0.0231422054194497   9.78955501261509 1779097888.93413
-0.00203831420101171 0.000395216428247494 -0.00695074434664226 0.00725422413353641  0.0922872039785671 0.00814086611917204     9.8414161550872 1779097888.9539
-0.00193484865529475 -0.00178331344827748  0.00159021889404423 0.00307451497063821   0.118764139441071 -0.0210053466133961    9.82973118531801 1779097888.9727
 -0.0169662366811664  0.00769143013002874 -0.00635957907334482 0.0196838901276296   0.107596907967008 0.00829150955893825    9.89626950010823 1779097888.99696
-0.00514573697271192 -0.00342062047258761   -0.001168982179687 0.00628854297482697   0.133739568678677 0.00350608563332841    9.74339658370782 1779097889.01617
  0.0119712971422224  -0.0109677497773717 -0.00525451759497177 0.0170649771638373   0.13174017354926 0.0080144758783633   9.85312194114601 1779097889.03414
  0.0020854027883862 -0.00887738349849935  0.00259247724999048 0.00948038927792291  0.0754087788903257 -0.0111295234259832    9.88842359640657 1779097889.05299
-0.00235787864196097   0.0100676552610506 -0.00498965325162686 0.0114810240709201   0.149684775647551 -0.0640618094141094     9.7340565763963 1779097889.07255
 -0.00667441567978907 -0.000692066316947542    0.0074189209543972 0.0100033578653001   0.121851508771193 -0.0578422862059018    9.78628133103695 1779097889.09625
  0.0069162564422311 8.60152179203668e-05 -0.00103173967870032 0.0069933174214404  0.0961193430794415 -0.0235130967676232    9.82176019496153 1779097889.11484
-0.00167992920283351 -0.00319951315958233 -0.00990551403335477 0.0105441099600612  0.0927647274386227 -0.0254498133693559    9.83508200218992 1779097889.13407
-0.00265853845881699 -0.00225492274770866 0.000143137604561944 0.00348898147157343   0.118699750602067 0.00761671042254002    9.78534739717927 1779097889.15378
  0.00531837893242391 -0.000634603519154971  -0.00157388757074846 0.00558256197285179  0.0920327637458226 -0.0147143138919959    9.81257378369331 1779097889.17263
  0.0101082543829858 -0.00991318672097345  0.00350820861023671 0.0145861442913806  0.0768571851373939 -0.0194229494399565    9.88117004565608 1779097889.19654
 0.00103446474137629 -0.00285429152796893 -0.00383877775889526 0.00489421210308409   0.135703515957672 -0.0510512742743912    9.76568654574434 1779097889.21595
  0.00027077336038474 -1.03542809907602e-05  -0.00177748676161015 0.0017980224168592  0.135400638245719 -0.012377974432108   9.77165760719439 1779097889.23429
 0.00307516455093886  0.00104069217145656 0.000146895048827717 0.00324980851227454   0.11953020276615 0.0042216927323889   9.76059160888801 1779097889.2539
0.0012868103751914 0.0118774927189093 0.0058530527514079 0.0133037190567228  0.0795976562357386 -0.0379274289789145    9.79045216372709 1779097889.27251
0.00794181898639944 0.00164737677192535 0.00339067908101295 0.00879107750345955  0.0969369777422347 0.00444992775829335    9.86041642881987 1779097889.29778
 -0.0101424329671623 0.000422604918385479 -0.00286997915517995 0.0105491384369337    0.12999280911529 -0.0101818080036063    9.77079396705906 1779097889.3161
-0.00486833421538978  0.00123046761134065  0.00351060043612129 0.00612691145663035     0.127212541694639 -0.000763812419234096      9.82760904718487 1779097889.33431
-0.00394657955531429  0.00946124779269089 -0.00520321364327786 0.0114962660111323  0.143510008920721 0.0123787871877623   9.74148167550722 1779097889.35405
-0.00496145641957506  0.00672921183370754 -0.00491411837279642 0.00969777815213916   0.144752511570072 -0.0263451196306089    9.77078330161908 1779097889.37255
-0.00333424047381608  0.00276239854688125 0.000238682862167773 0.00433647031325449    0.143660228566074 -0.00609720066288522     9.76999023846553 1779097889.3964
-0.00116230314109768   -0.015705786970411 -0.00180006067347694 0.0158512747556761 0.0973155329615074 0.0315531647266652   9.81462830076247 1779097889.4159
-0.00203482955859192   0.0012107458068866 -0.00236491907177473 0.00334653237806789  0.137665871900048 0.0195242620192108   9.86124226194985 1779097889.4342
 0.0112275812314667 -0.0111948096665464 0.00465027245913935 0.0165229349004229  0.0801858435440237 -0.0278846139734513    9.79786766387527 1779097889.45304
-0.00132647775678007  0.00502438466635485 0.000192917305329369 0.00520011553731546   0.123932668886697 -0.0331145146610729    9.76919175761585 1779097889.47258
   0.010781955998586  0.00249611760838922 -0.00574142388240163 0.0124677634910102   0.044279895352063 -0.0379786982311751    9.90754059133777 1779097889.49638
-0.00666398646155232 -0.00493202373758756  0.00718948036898704 0.0109737050117055    0.17288669861846 -0.0219724370332111    9.76404744896141 1779097889.51504
-0.00169453216070197   0.0131279863254095  -0.0126849759872661 0.018333687026927    0.150023246052465 -0.00660670673205416     9.87700076725068 1779097889.53445
 0.00910046429919632  0.00105044905002167 -0.00122808194113182 0.00924283933224918   0.135463465464825 0.00393981233548674    9.73844749187952 1779097889.55309
-0.00372816126213237  0.00351056108877269    0.002726801267389 0.00580160932037857    0.120137240943676 -0.00869527472037442     9.81122715667452 1779097889.57263
 0.00755968680380931  5.5076211157578e-05 -0.00184301370499438 0.00778129793013487    0.103131083105405 -0.00228525725755892     9.86450634626548 1779097889.59645
 -0.00709941898455664   0.00360668963406823 -0.000912162723675345 0.00801511078334176   0.129691316891314 -0.0259236591842691    9.73520747492533 1779097889.61614
 0.00150002645180349 -0.00152742766117805  0.00186287246779139 0.00283785278820047   0.122462987279923 0.00451718854512847    9.87502084459792 1779097889.63455
 0.00740083709850104 -0.00136435761687015  0.00419784877239988 0.00861718026857975  0.0849765642144992 -0.0127008462627425    9.89808420665764 1779097889.65394
-0.00441899869160474 -0.00170264774888011   0.0146516113362007 0.0153979308200893    0.13664926523803 0.00914685232087079    9.75169675364056 1779097889.67269
  0.00285377586876767  -0.00476346286088214 -0.000865167097880772 0.00561988694222754   0.158576022110972 -0.0624935013409257     9.7660231630177 1779097889.69665
 -0.0100380713202568 -0.00171269618670302 -0.00275648397186121 0.0105496164833437  0.129180715355312 0.0169712393943833   9.86000491681069 1779097889.71627
-0.00413792502591877  0.00189429193365449 -0.00335508456658868 0.00565396833197665    0.12474463080914 -0.0241288090022311    9.80823443659791 1779097889.73494
-0.00835577205498885  0.00181225855725084   0.0107144970521361 0.0137077954023794  0.0656892295807674 -0.0287884688223058    9.96645329645488 1779097889.75318
-0.00228206714829123 -0.00234658449115911  0.00607378639804366 0.00689965002391561    0.15090477272061 -0.0129281827864114    9.71350462097335 1779097889.77265
 -0.0010428734722579 -0.00384706278637847  0.00673185543380184 0.00782338512046318   0.107971240894955 -0.0244228449912744    9.75342014057669 1779097889.79596
-0.00655101187062959 -0.00657358976806829 -0.00784023987662275 0.0121489588150988    0.130062425428101 0.000603798866825719     9.75014588694299 1779097889.81501
0.00336229241342487 -0.0036351072771124 0.00340780665531801 0.00601100335963304   0.064457601819202 -0.0271478140106026    9.87639556429519 1779097889.83437
-0.000744742959131385   0.00119869177273967  -0.00469001486073569 0.00489772839540242  0.101398866244287 0.0337300093269816   9.84922545192402 1779097889.8539
-0.00469277696134679  0.00902964152884264  0.00985726704610838 0.0141676496062911   0.129633251998442 -0.0117882703578522    9.79592162270085 1779097889.87255
-0.00531768961363998  0.00686717311319914   0.0047711971696994 0.00990960200138266  0.152215061444198 0.0610386613800826   9.72813387823733 1779097889.89688
0.00401068811143395 0.00246669306614602 0.00739816921486532 0.00876944134717551  0.0533395199920111 -0.0400080293698392    9.87658685880434 1779097889.91621
-0.0124184088637315 0.00286519546406021  0.0106117234352936 0.0165841761333277    0.153925207960968 -0.00752371880404925     9.80790131111473 1779097889.93498
0.00084897741928991 0.00652634650131856 0.00463003500022652 0.00804681212761052 0.0820399495432761 0.0348965148860012   9.81360097099974 1779097889.95412
  0.00166882483039909 -0.000583337318357031   0.00490483593615116 0.00521370063410859   0.107336214898241 -0.0269747664329391    9.79182019527637 1779097889.97265
-0.00526310812776213   0.0020279474760935 -0.00620446465327127 0.00838500207298737   0.0533012407166926 -0.00824522817151435     9.90675821737294 1779097889.99693
0.00836744726225989 0.00659845813337683 0.00849557539126764 0.0136282289624639   0.110146235146719 -0.0227373793752131    9.89271640440624 1779097890.0163
 0.00968219203971854  0.00101037040545906 -0.00158611608087423 0.00986313617832707 0.0939585907965004 0.0408744182594641   9.81329890606792 1779097890.03499
0.00572438642025256 -0.0024186688618523 0.00243628667065618 0.0066748821482692  0.081231886039573 0.0132801925842312   9.90085318527785 1779097890.05394
-0.00544465281549461  0.00239356641445492  -0.0044684595125356 0.00743912191571357   0.134346033954971 -0.0513345731046501     9.7686006925455 1779097890.07258
 -0.0044419888410539  0.00342943933715375 -0.00290090045787508 0.00631724168429266   0.100942775715824 -0.0466090179113687    9.84569785539637 1779097890.09568
-0.00111470231256756 -0.00938271936174119   0.0142637435546278 0.017109423253255  0.127556553525619 0.0351520731789795    9.8268810861813 1779097890.11504
0.00199828368537265 0.00996988171611873 0.00317976641538816 0.0106537595982383  0.119985139514787 -0.027176638075299   9.82858107146073 1779097890.13487
  0.0116640761701114 -0.00138169106811207 -0.00621669273211101 0.0132893570813393   0.128526407819638 0.00137399903328461    9.82160436706743 1779097890.15404
  0.011864331803424  0.0129595946880593 -0.0134672382134626 0.0221377498567189   0.176345081665991 0.00168374576882711    9.66567965139727 1779097890.17266
 0.00987681726521817 -0.00265681477525384  0.00482864947680562 0.0113104394172098  0.0840230223593285 -0.0106444457414699    9.86067866608965 1779097890.19698
  -0.014222320185179 -0.00463516142506384  0.00927432499996996 0.0176003470730329  0.166823555044797 0.0140246042659089   9.72069045704993 1779097890.21633
 0.00931866333747433  0.00555615219303314 -0.00236810090743454 0.0111047834511587   0.101872242550862 -0.0585145527232871     9.8787882189435 1779097890.2358
-0.00201216202322021  0.00251288021858748  0.00215862086834235 0.00387595240604177  0.113375495486394 0.0128775454077989    9.8059286612007 1779097890.25395
 0.00468312477450154 -0.00452798081477588  0.00170897630438754 0.00673460228383879  0.0959487113482569 0.00843670032651218    9.83790609654532 1779097890.27261
 0.00948476749901049 0.000581678899076126  0.00051767718504274 0.00951667770389593  0.102142427273159 0.0129702583100931   9.81080629713102 1779097890.29611
-0.00766488276702254 -5.4392473178186e-05 0.000899359416647599 0.00771765726977107   0.198257063887288 -0.0725696269922228    9.74945824162856 1779097890.31617
 0.0171954378692295 0.00190614053537908 0.00237681658383635 0.0174632675157986  0.0882638766094784 0.00327509745620898    9.80017501753476 1779097890.33527
0.00315294978182231 0.00872039506238486 0.00202224054282331 0.00949082921476295   0.145057655979176 0.00614518442776236    9.73038374250558 1779097890.35298
0.00314093340225693 0.00124243516613102 0.00988745227719778 0.0104484841155699   0.135269542487709 -0.0102388087977102    9.78013242604024 1779097890.37254
-0.00537746035260692 -0.00349665687480539  0.00393177145078915 0.00752346435395448   0.124429837205617 -0.0431926628206927    9.82680304042451 1779097890.39375
  0.00208950555741244 -0.000829116328468892   0.00459096655444683 0.00511179432925863   0.134807947580382 -0.0119571975566735    9.76923920526926 1779097890.41491
 0.00345061854242965 -0.00403293373746135  0.00146193387136899 0.00550532228851039   0.15090538450765 0.0225300230645822    9.8016947841951 1779097890.43494
 0.00169319884654191 -0.00117073265593036 0.000388203274833198 0.00209481241837636  0.100399865847967 0.0034725989475166   9.85293699310615 1779097890.45375
  0.00370624757929998  -0.00162124785148934 -0.000130367232663967 0.00404743268386001   0.100169514812852 -0.0600590736708801    9.91335835732672 1779097890.47266
 0.00431742326623754 -0.00708633979899166 -0.00350557197235813 0.00900807361537444  0.0771142189800177 -0.0528867596126029    9.90902286933635 1779097890.49433
0.00486108027302354 -0.0110679928189499 0.00861076902920365 0.0148416949751502   0.12718377128485 0.0203765057441117   9.78310870401693 1779097890.51582
  0.00253753611052466     0.003982123046703 -0.000127212631467739 0.00472361900717075   0.103669452917039 0.00646688682617483    9.83945079704896 1779097890.53477
 0.00925044989773577  0.00284300279031861 -0.00433942892409064 0.0106058536461481   0.114209662922009 -0.0174537533205378    9.83867071221966 1779097890.55301
-0.000967424098709082   0.00918157247614077   0.00586533672439005 0.0109379777569653  0.120802842104228 0.0027166430377169   9.81443300752416 1779097890.57261
  0.00670491548446991  -0.00799116476535069 -6.15937908793071e-06 0.0104314257845616  0.109413542411016 0.0201882295647242   9.84769358295017 1779097890.594
-0.00444436126735837 -0.00106040103067189 -0.00447372090022469 0.00639460523517696    0.15058032414257 -0.0381169428802859    9.75184349961524 1779097890.61573
 0.00420423642466453 -0.00289561287456072  -0.0127518354518452 0.0137357011187902    0.121903894076064 -0.00708653805266604     9.83386689475052 1779097890.63424
  -0.0116888525443747 -3.78654535724134e-05   0.00792739962965207 0.0141235396584892    0.168251517011117 -0.00368797394529421     9.76352565794293 1779097890.65281
 0.00441384317556978 -0.00304246801511012 -0.00282297519367657 0.00605869723171618  0.0672550010460988 0.00729775174542076    9.86720668648324 1779097890.67252
-0.00147683419468104 -0.00139511000222915  0.00354841977320842 0.00408884507456513  0.0935995209240138 -0.0531749153067596    9.88431576413496 1779097890.69232
 0.00470056771884888 -0.00253829778597944  0.00119568428582867 0.00547429935618887   0.112730040038788 -0.0496802146176049    9.86737739766971 1779097890.71602
0.00794931097571101  0.0103052012759265 0.00316603729175962 0.0133944955283403    0.14662972754516 -0.0113331103566619    9.70002022362818 1779097890.73489
-0.0039440776718928 0.00252428310117433 0.00310425334529128 0.00561819745902097  0.111440383175698 0.0257432135876112    9.8343780656353 1779097890.75386
-0.000608100169160106  -0.00165495301348654  -0.00720235594212668 0.00741502437013313   0.123584343349246 -0.0349999765281007    9.84718291026624 1779097890.77263
-0.00344191378111665   0.0046553196624854 -0.00460330416097283 0.00739656547561053   0.122722757857914 -0.0177822282100516    9.71778751211171 1779097890.7924
-0.00123353934309592 -0.00500662821751011 -0.00205410278334517 0.00555043094397906     0.11276130556378 -0.00368120909239054      9.8413568928442 1779097890.8162
-0.00387629241581769  -0.0103605551083688  0.00727093389302479 0.0132375686862509   0.111887958084383 -0.0229669865377499    9.95181624961812 1779097890.83498
0.00391780424897336 0.00244056125239932  0.0049445307385862 0.00676416392356146 0.125988347151813 0.028663700384834  9.78229721535225 1779097890.85389
  0.00166543570123888 -0.000652461173741662  -0.00147594441498469 0.00231900702334552  0.0961636962334838 -0.0311541607327399    9.84828775124247 1779097890.87269
 0.00539042377752411  0.00585781758212477 -0.00302503684413787 0.00851595815132619 0.0845828117166541 0.0432563768647668   9.81274677335465 1779097890.89221
 -0.00877521335501695 -8.64438127155494e-05  -0.00819756701249113 0.0120088278729902   0.132764798943763 0.00798618308690788    9.77212733422765 1779097890.91615
  0.00291364803487907 -0.000840282278830816    0.0021649270519643 0.00372589966579866    0.12070017218317 -0.0233523885275446    9.83423188821879 1779097890.93506
  0.00104850999987986   0.00256631626915605 -0.000909622214455185 0.00291766430320787   0.119518598811704 0.00881418209100646    9.73415975987593 1779097890.95316
 -0.0074245899674839  0.00188507243176235 -0.00354741987073439 0.00844169544567524   0.10809400588379 0.0105638933396148   9.86671500469058 1779097890.97253
  0.00359537134304008 -0.000770006466750561  0.000909564431391761 0.00378773184215099   0.128910112970272 0.00833658920161308    9.76383780283139 1779097890.99212
0.00989461860414865 0.00351279706196934 0.00312648048062189 0.0109552772998156   0.105408387217165 -0.0420195406759429    9.90780454969462 1779097891.01478
 -0.0164656137546371 0.000313538775238412  0.00278760918721764 0.0167028592720268  0.101058926394723 0.0164490959214908   9.77033582451501 1779097891.03406
 -0.00662902039175112 -0.000674447085168493  -0.00468628185957751 0.00814616645375908   0.104526744171913 -0.0247964036112205    9.86709342409047 1779097891.05381
-0.00809640929823836  0.00418069136507013 -0.00101497128357106 0.00916843446402091    0.145311296284116 -0.00848295354673565     9.74863195543345 1779097891.07263
 -0.00760026496837359   0.00686261884054413 -0.000651876383073171 0.010260823931775  0.0658772584766865 -0.0523265624749661    9.90603396177752 1779097891.09235
 0.00871411165591224 -0.00276383673556743  0.00091447568154992 0.00918753510059819   0.119877106235374 0.00773766911791255    9.77207869883662 1779097891.11583
  0.00284554899661848 -0.000839800971440107  -0.00394703845009832 0.00493776541467319  0.0878015804621455 0.00992088608384928    9.82601324508288 1779097891.13439
-0.00304619111815956 -0.00321679135289315 -0.00269820932929417 0.00518723052515429 0.0993596819452444 0.0304565976034925   9.89505362624656 1779097891.15406
  0.0038166871170936   -0.012526041450583 -0.00705778235754051 0.014875520386794    0.136154576701059 -0.00238353856055075     9.70585310990249 1779097891.17261
-0.00213823212590889  0.00297155860607295 -0.00518759587255121 0.00634927933788595   0.110189636416518 -0.0259324388784967     9.7774630628501 1779097891.19201
-0.00614602886845534  0.00373183451099859  0.00388049132903104 0.00817058581890256  0.0697252474390148 -0.0179483930919755     9.9108095262068 1779097891.21628
 0.00274370793839184  0.00461414172785001 0.000851437287258632 0.00543536407152413  0.0847573599611503 -0.0328104914567853    9.85275590254215 1779097891.23502
 0.00331977007068628   -0.005736490387458 -0.00130294204847628 0.00675469120458589   0.121349155157431 -0.0033228916963635    9.82806171023535 1779097891.25391
0.000404102159161264 -0.00151322528579445  0.00629011394617767 0.00648218194564957 0.0801818307407646 0.0159275588704837   9.89152407548947 1779097891.2725
 -0.00616061645160018   0.00289951918930116 -0.000690225575484089 0.00684374297719492   0.0662752389141462 -0.00233101129540882     9.89562668173298 1779097891.29209
 -0.00869656311890336    0.0054247113751898 -0.000511392492111937 0.0102625155720307  0.144595852373353 0.0165315907913496   9.74849649415862 1779097891.31464
  0.0117555083174373  0.00263430229673437 -0.00354810117596989 0.0125586841009254  0.0942523252035181 -0.0162203461582567    9.84438872118085 1779097891.33411
-0.00561918213556052 -0.00377749162368006  0.00279466798994003 0.00732494505191479    0.167140488477579 -0.00437701976228976     9.80079237801115 1779097891.3538
-0.00447673100150786 -0.00296433513260929 -0.00619113246584777 0.00819503047266803 0.0906205927344496 0.0274055964178197   9.82734717469812 1779097891.37259
 0.00762549162392523 -0.00296200164566045 -0.00257004379139407 0.00857477121240749   0.154001627221453 0.00867844414839319     9.6656290733429 1779097891.39214
 0.00413669358904879 0.000701312067235817 -0.00346426649900252 0.00544106743584741   0.124575076901871 -0.0285169439181538    9.81434927498831 1779097891.41485
 -0.00253258234675166   0.00680766392205912 -0.000933297227591645 0.00732320320172899   0.0540967938495254 -0.00573672205393403     9.87924338165833 1779097891.43429
 0.00428916160017252 -0.00527690822923442   0.0091400442588866 0.0113922375654023   0.158118105691776 -0.0144442621230202    9.79164284073046 1779097891.45397
-0.00414799759510274  0.00147735311015823 -0.00393819549514401 0.00590743937921032   0.124104249363679 -0.0282873316508804    9.78178960557038 1779097891.47257
 -0.00166589509307969   0.00727701484829782 -0.000705507413106467 0.00749852600671906   0.099724213928367 -0.0270007864309355    9.86381978874678 1779097891.49194
 0.000491156275382576  0.000859257173530899 -0.000516117230261445 0.00111621430401368  0.0930739518937433 -0.0051715924860127     9.7782697262939 1779097891.51608
 0.00454760568805697 0.000253375635556193 -0.00283445915657521 0.0053646132588505 0.0867474107381165  -0.01142395225557   9.89159551724617 1779097891.53448
 -0.0017859959378537  -0.0122634978121835 -0.00946296097254489 0.0155926518093417   0.154230168175151 -0.0334558060538196    9.73902253937408 1779097891.55409
  -0.010209498369995    -0.00201496297777 -0.00476770017345648 0.0114466107522136   0.113205515760255 -0.0407245985546987    9.79017308957275 1779097891.57251
0.000899112893513579   0.0027977525090919  0.00272796916911264 0.0040096931160678  0.0905125023265901 0.00480856417480906    9.81836300205898 1779097891.59202
 0.00106494301551227 -0.00318507180880692 -0.00767081466077243 0.00837377952978619  0.0882617743270309 -0.0201680339663666    9.91287480012739 1779097891.61581
0.00509391261601313 -0.0105450782502594 0.00218400325785494 0.0119128708241965     0.17292058155556 -0.00611619470442877     9.71321002426741 1779097891.63466
-0.00825775257569531 -0.00815091334481268  0.00728014537457284 0.0136977510063135  0.0701936464215013 -0.0144951041069246    9.84996645044593 1779097891.6541
 0.00644961738756054  0.00375770550718968 -0.00529760941235867 0.0091532825046864   0.127072909745733 0.00601958464402606     9.7623206073554 1779097891.67261
  0.00367570543100189   0.00650452201860708 -0.000991826994588287 0.0075367989155367    0.105456052065879 -0.00226936486635183     9.81286356736038 1779097891.69235
 0.00252659464260739 -0.00842934982375399 0.000516239339715493 0.00881499415740837 0.0922753104192845 0.0144828104847167   9.80894368115184 1779097891.71473
 0.00898992886401073 -0.00275570395946399  0.00145030014631792 0.0095139947344209   0.135832534463897 -0.0427982429832282    9.79994059391683 1779097891.73425
0.000304458643980399  0.00585867151088898  -0.0150616416687418 0.0161638416441134  0.160576318615828 0.0214830402177254   9.74212593270271 1779097891.75398
  0.0022087044995459  0.00210707374942249 0.000738819210996368 0.00314069883598491  0.124952534520223 0.0100135736355283   9.79343745185968 1779097891.77254
-0.00029706807653678  0.00285547327998892  0.00918024279136398 0.00961867115578957   0.114215780578325 -0.0251713553042667    9.82942920690047 1779097891.79209
0.000881921281827436 0.000828456730892261  0.00487459375071783 0.00502252824151723   0.131424204652175 -0.0114012615258522     9.8124837062271 1779097891.81487
-0.00306881554719154  0.00588068484711662 -0.00378873122707141 0.00763901613067923  0.0513147176508713 -0.0105661617513706    9.91619072283379 1779097891.83417
 -0.0109177545142943 0.000622243813778747 -0.00324593471126233 0.01140704357614   0.111034549747806 -0.0241643994890184    9.87397001364557 1779097891.85387
-0.00759647907869704  0.00772548977647137 -0.00187630172323814 0.0109959171893968   0.134286283013658 0.00627698062076224    9.77054497517266 1779097891.87469
-0.00163012358740307 -0.00986002027824568  -0.0011328944738124 0.0100578701863972   0.135030997783206 -0.0100741502752036    9.71637897974333 1779097891.89208
0.00641061615537804 0.00386856377199774 0.00578740369838046 0.00946339403795673  0.129226800999163 0.0266080170533763   9.80021485148419 1779097891.91448
-0.0135745935064892 0.00302792679104121 0.00318370307291357 0.0142679323931256   0.15740833123506 0.0105733596476596   9.71501831206835 1779097891.9344
   0.0125567193784199   0.00255194248104416 -0.000625366061926775 0.0128286669099464 0.0848495427573942  0.018745080428085   9.82984038290534 1779097891.95418
 0.00549058131389642  0.00435386932418396 0.000969350071103348 0.00707405829894882   0.133907126442163 0.00851763707489889    9.76271252423051 1779097891.97251
 0.00057270847860847 -0.00557335167256435  0.00290492669581902 0.0063110096637248  0.104875920424002 0.0468146597669796   9.75612531552567 1779097891.99217
-0.00683880060063433 0.000870995095828351  0.00218143127285014 0.00723093828699721   0.123652467219779 0.00770926741649071    9.79432431891774 1779097892.01481
0.00268105332774276 0.00118686721790706 0.00536843235957373 0.00611692461441707   0.158085729342312 -0.0469131414481395    9.76800620861547 1779097892.03496
  -0.0116790005885343 -0.000235793884853342   0.00648176765678572 0.013359190299553    0.161074541118566 -0.00170953201546778     9.69393693213976 1779097892.05433
-0.00283435335798711 -0.00407041181521781  0.00415664775648647 0.00647143970650284    0.110933540651269 -0.00111199911156667     9.89388262054164 1779097892.07256
-0.00221699663590441   0.0125508568970843 0.000992586805747708 0.012783751855447  0.117705039668695 0.0223093821545727    9.7145140691099 1779097892.0921
-0.00850898068695626  0.00529912426806733 -0.00321737897290241 0.0105278201824827   0.125611513057667 -0.0448656749296995    9.81963676992385 1779097892.11428
 0.00515142422447891 -0.00521798259832481  0.00232945088175421 0.00769355934190892  0.122456009590647 -0.009815701169405   9.81559297043959 1779097892.1357
-0.00639857339766519  0.00309042492176441  0.00382807043169764 0.0080713438132946   0.0978121132298245 -0.00662756661966421     9.79823416989032 1779097892.15442
  0.00743936385978811  -0.00636596720908535 -0.000474156219385215 0.00980278007841924 0.118726135317095 0.033542043756989   9.8152710226553 1779097892.17271
-0.00743157668792951  0.00209198741901154 -0.00654894869735341 0.0101239059888191   0.149992286559596 -0.0570443414815698    9.76598535505649 1779097892.19219
-0.00167452983283422 -0.00679086443238761  0.00216230818481319 0.0073208924719756   0.130175050275823 -0.0122286886187474    9.71815556216289 1779097892.21316
 0.00516967688364645 -0.00260227238226479  0.00326238907711361 0.00664383647625954   0.0517207298480382 -0.00989456110303124     9.85712201455443 1779097892.23487
-0.00280148552427407  -0.0038328283918426 -0.00298789034385196 0.00560949046981236   0.168668659730262 -0.0174065561789907    9.75899595284081 1779097892.25399
 -0.0126207927060135 -0.00663229735815129 -0.00185781059013198 0.0143778731724797  0.116897489903092 0.0191727168817231    9.7477999596647 1779097892.27262
-0.00698770429216552  0.00337331038592442 0.000957079048647074 0.00781813497836237    0.0418251637870364 -0.000728819609510667      9.93322932879161 1779097892.29238
  0.00112381623543591  -0.00120104357054569 -0.000564043913203288 0.00173885425651495  0.148609658610101 0.0129208475893827   9.79734363262657 1779097892.31219
  0.0162236999489411  -0.0107412108878746 -0.00413640740717642 0.0198920063746524   0.086206877451481 -0.0387652444169111    9.91841038766543 1779097892.33497
 -0.00662534795119566  0.000403587807300644 -0.000563861299312251 0.00666153572064853   0.158330618902105 -0.0240715987505831    9.74136768274615 1779097892.3546
-0.00071713606672051   0.0059938827953136  -0.0023855800122554 0.00649090957393648   0.112199152145376 0.00575520496031515    9.73595226409978 1779097892.37253
  0.00754731050574122 -0.000793066375701697   0.00391352210621006 0.00853853063601315  0.0933306698393275 -0.0174524040056263    9.86195356029689 1779097892.39197
   0.0011223250390249 -0.000394436489314685    0.0101452352442567 0.0102147438440048   0.136263186907433 -0.0229808431040974    9.75713444405623 1779097892.41194
-0.00926097591423781  0.00459953862705956 -0.00367788733886562 0.0109748934274231   0.136582449694446 -0.0305037375436731    9.79361491703274 1779097892.43576
0.00648052584469293 0.00587981511442104 -0.0101149526585114 0.0133746666607969  0.0951426935601447 -0.0120627424989438     9.8792759346694 1779097892.45447
-0.00327123573676844  0.00240902263534598   -0.010515651484418 0.0112731228789924    0.141450833702367 -0.00936016527896212     9.76971338221381 1779097892.47269
 -0.00086132579535497 -0.000101514333898279     0.004289090342548 0.00437589799381443  0.0911369098330975 -0.0478241258299595    9.85324507065384 1779097892.49215
 0.00526119358121134  -0.0051565253185815 -0.00736923075338188 0.0104199555256604  0.0928988509718108 -0.0400923740934273    9.80804633190007 1779097892.51106
  0.0092219753825243 -0.00200067775703522 -0.00444494545484424 0.0104309674306806   0.106816025360515 -0.0254901881359939    9.81951867260732 1779097892.53514
-0.000637415704915735  -0.00566235653771421   0.00423155985913938 0.00709751218262764  0.152147700126255 -0.012542285196362   9.75538624554538 1779097892.55425
0.00104676220041514  0.0129029068147236 -0.0115034351943842 0.0173179022010477   0.131905029772028 -0.0415380080375158    9.79849379833964 1779097892.57261
-0.000589081244069641  -0.00323822467698384 -0.000345643013873595 0.0033094689700587   0.134910047744335 0.00836168266998125    9.76973271786892 1779097892.59224
-0.00404275014346146  0.00108276545344134  0.00034904920817868 0.00419976726728444  0.144637950230442 0.0133715997791691    9.7565019453961 1779097892.61197
0.00217808220681186 0.00232414928110376 0.00128023179650206 0.00343288587536207   0.105700305893886 -0.0102647051853644    9.86935129207412 1779097892.63501
4.35033983562849e-05 -0.00164010242643129  0.00777429312437778 0.00794553095133371   0.127127213665524 -0.0343141239193143    9.85020413116833 1779097892.65431
-0.00514145129582171  0.00603831974270522 -0.00159631694674357 0.00808974996751514   0.118924072242198 -0.0156592644689697    9.79283024720458 1779097892.67255
-0.00620425257898848 -0.00217871427275137   0.0105870718074005 0.0124629705688985   0.134517679091748 0.00088075974257554    9.74900220391795 1779097892.69214
0.000965310246464617  0.00543425902166466 -0.00143834742808742 0.0057036688464846   0.110759684877368 -0.0208081163139418    9.81041414128071 1779097892.71109
0.000579964436394174  0.00390717031531363 0.000145852136592643 0.00395267143411879   0.143210310821555 -0.0276919580909304    9.80124098987781 1779097892.7343
-0.00175518800829843  0.00807560042905632 0.000811907544708683 0.00830392684790781  0.130609996575895 0.0555210744770306   9.83214214896869 1779097892.75379
 0.00610984605145145 -0.00263824350675698  0.00299492918248338 0.00729795508217698   0.145369429851569 -0.0209442961303373    9.76660802942724 1779097892.77251
 0.00272666806540266 -0.00336052304821691 -0.00195939129504709 0.0047504787278326  0.0862311008271132 -0.0395048962061374    9.86306042499097 1779097892.79186
  -0.014641916868676 0.000768253487135681  -0.0143466817497143 0.0205134887388104   0.088456818622299 -0.0503380006616724    9.79307726462339 1779097892.81054
-0.00415774819347435  0.00262198080443105 -0.00349158811973025 0.00602933171893748   0.123417115362486 -0.0243011450238116    9.86438690160952 1779097892.83581
 -0.0026487589322171 0.000490525839555029 -0.00157440013175187 0.00312014026209261    0.149642816615269 -0.00771641328445079     9.76631073106943 1779097892.85416
-0.00362464884660853 -0.00787794779702967  0.00131380664697281 0.00877075986785496   0.128341321298349 -0.0468631199929416    9.82460631420158 1779097892.87258
 0.00322225917748576  0.00196146741058984 0.000942130924102214 0.00388817685912651   0.145267689420091 -0.0192036312145745    9.74764693246407 1779097892.89219
 0.00290882946306395  0.00260415369412263 1.05105497386001e-05 0.00390423049773669   0.162622490836071 -0.0129305412219478    9.74413124513638 1779097892.91171
 0.000917903793941303   0.00215077526397649 -0.000418299918906869 0.0023755749689754  0.0727242991188468 -0.0301312828709468    9.90210920434425 1779097892.935
0.00312522271748436 0.00265871302960832 0.00559302261618222 0.00693669042071326   0.166810234519319 -0.0098343723046022    9.72002769039647 1779097892.95405
 0.00563073518737234 -0.00263649413179356 -0.00368245373228963 0.00722611552272373  0.129172716587755 0.0175598242364931   9.88357081489618 1779097892.97262
-0.00123294257270463 0.000641557794699205 -0.00209195977359267 0.00251158107292134   0.151496539754123 0.00458529791894634    9.77138750243562 1779097892.99188
 0.00148345028411181 -0.00611055292430854  0.00718311788149062 0.00954655248168665    0.080048821552566 -0.00974109870435597     9.84347542208144 1779097893.01066
0.00323209954829576 0.00180352108550395 0.00123579287104383 0.0039020942859026  0.120096285496639 -0.027682814027499   9.81292469089724 1779097893.03492
0.00329152070364319 0.00108187740807781 0.00321112209500513 0.0047239678637403    0.13445599717204 -0.0312851128420514    9.82251037762727 1779097893.05399
 0.00640087389772648  0.00492816939951763 0.000270157653087698 0.00808276100367071  0.143781379348494 0.0154244345342036   9.75242145802837 1779097893.07302
 0.00239933426503887  0.00472533182722246 -0.00209669241380033 0.00569927055603074  0.0871690309996086 -0.0309327929924995    9.82594427806258 1779097893.09211
0.000177534137926593 -0.00234404206453326  0.00863137058330107 0.00894575931470916   0.132575528692534 -0.0397063535172436    9.71572750588472 1779097893.1105
-0.000268050115124579  -0.00786455113667398  -0.00249655517943414 0.00825565280335466   0.134976924946521 -0.0148273721912458    9.74694276033338 1779097893.13489
-0.00204803781802049   0.0001747925166915 -0.00716791123950309 0.00745680647900482   0.145951643088814 0.00548828388762706     9.7905706236446 1779097893.15403
 0.00179465261398543  0.00139261333934044 0.000907449572322314 0.002446142809425  0.0876433874548078 -0.0168093912666708    9.77696335960021 1779097893.17269
-0.00828995268891581  0.00704797002712378 -0.00156508061160894 0.0109930284457256     0.12522597088064 -0.00122480617131471     9.78591705091452 1779097893.19196
 0.00588416920230413 0.000593135282428307 -0.00522449186022538 0.00789117050013286  0.0704301412387678 -0.0139173181584683    9.81609879947943 1779097893.21172
 -0.0122165800971202 -0.00435681784573009  0.00216037060720508 0.0131489122048442  0.143757928885569 0.0100739797853661   9.78591765828348 1779097893.23415
-0.00967389286764092 -0.00558888025803893   0.0134225132139274 0.0174637809975774 0.0617281527074222 0.0242387833518269   9.88485897002458 1779097893.25365
  0.0026081887449873 -0.00221926724859156 0.000809158565227634 0.00351888238419968     0.16127223892561 -0.00177575745099963     9.79833850540725 1779097893.27253
0.00135047577814014  0.0024267941547339 -0.0059998938150982 0.00661149306051572   0.130886992471566 -0.0203523020369082    9.77321369981375 1779097893.29196
-0.00388188621860647  0.00162490084350583 0.000189391554297889 0.00421250667967092   0.14338439664761 0.0180647765506545   9.66021730314636 1779097893.31093
-0.00284986183006741  0.00419051667069697  0.00365952855057698 0.00625094325924915   0.138290432985476 0.00255702126709079     9.7439376199084 1779097893.33396
 0.00593986797068106   0.0100113086854598 -0.00250743791364152 0.0119077948418443   0.120177758618545 -0.0659609138045451    9.86264239302536 1779097893.35388
 0.00262030543563323  0.00365893226260544 -0.00393236253317605 0.00597639196929642    0.121485633531659 -0.00459978650605363     9.73920504311575 1779097893.37268
-0.00640739164180155 -0.00989133598922733 -0.00682553545268369 0.013619145697108 0.0809122505438809 0.0365808455428872   9.84053833195671 1779097893.39101
-0.00589909982245755  0.00108925432335213 -0.00973850842419841 0.0114378494492821    0.13981677762204 -0.0168606054473956    9.78029935469217 1779097893.41036
-0.000268331353180714  -0.00471340280436877  -0.00532315187297202 0.00711506244344045 0.140679656051446 0.010224572532308  9.77698087316674 1779097893.43298
 0.00010374506514228 -0.00129924269381385 -0.00528516016447377 0.00544350186737457   0.136837648085253 -0.0486776329730762    9.80804918622049 1779097893.45231
 0.00295678047598802 -0.00409183046886766  0.00214511860329448 0.00548517649591494  0.166216915495821 0.0154117291133198     9.748855938184 1779097893.47287
-0.00374689513535439  -0.0133604365676532  0.00203953463434627 0.0140249844904843   0.139254805505998 -0.0290216327049401    9.84993297487406 1779097893.49019
  -0.0107021309354229 -0.000413021080169189   0.00680961018304946 0.0126916107652532   0.148563287220544 -0.0168164038475202    9.79120246416673 1779097893.50995
 0.00486279860779815 -0.00342236218217976 0.000457409595765439 0.00596394137666662   0.100674927117977 -0.0302725699604037    9.86167051824184 1779097893.53319
-0.00130913723870519  0.00582091174363699 -0.00536715980571908 0.00802516406169382 0.121378847953525 0.013576723110927  9.74902919759989 1779097893.55379
 0.00151568919892377  0.00603090085222582 4.46809746979115e-05 0.00621860717738404   0.157591854314819 -0.0498404946568847     9.8254322649026 1779097893.57261
-0.000381977865847093 -0.000490833186961036   -0.0092817883551479 0.00930260282808949  0.101505976024518 0.0133578780538134   9.85052796703428 1779097893.59073
0.000608884180246666 0.000122275094389404 -0.00548927912456123 0.00552429872934169 0.0934329084069042 0.0133676716442388   9.88260030571406 1779097893.6105
0.000316703611010166   0.0041124035789534  0.00178566839328541 0.00449452733712836  0.145826667242929 0.0029254500586857   9.75669508828599 1779097893.63378
  0.0103761256894354 -0.00435893878015279 -0.00181875824670014 0.0114005356528552  0.0555388679890327 -0.0173971391797215    9.87172305494691 1779097893.65399
-0.00599819721610249 -0.00170353249594136 -0.00160471081713839 0.00643859376064594    0.166203450454927 -0.00741621271943416     9.77263333482347 1779097893.67298
-0.000540909531609531  -0.00176655592098119   0.00735864300766023 0.00758702378126802 0.0766158686063016 0.0217637336473559   9.82552129818897 1779097893.69165
-0.00243154180458816 -0.00559357563004438  0.00596094944893939 0.0085283880193913  0.141706185950189 0.0269281468968501   9.79908819304436 1779097893.71037
-0.00326175809919722 -0.00115262924607601  0.00393685077538828 0.00524084097299887   0.165194179882809 -0.0500614979269504    9.79184612789216 1779097893.73282
 0.00563298248582416 -0.00173109105782762 -0.00539816644169177 0.00799170625513098   0.101037049723901 -0.0123530421511907    9.84408766553756 1779097893.75404
-0.00495971239088659 -0.00250331594747585  0.00596285058995211 0.00814990336699112   0.132871485762795 -0.0170738328134704    9.76325717479856 1779097893.7727
0.00113714987384252 0.00627927301587409 -0.0016365418505172 0.00658791686893201   0.155431629191659 0.00095868564406982    9.87461445022276 1779097893.79108
 -0.00586171991536239 -0.000398339093047356  0.000405980907947249 0.00588924909447916   0.132450168573313 -0.0106720073585254    9.72199622869156 1779097893.8104
-0.00351932072376506  0.00121957444859429  0.00453534120206276 0.00586875625763367  0.0977555674920575 -0.0428892870023946    9.85720185810927 1779097893.83148
  0.00724973331974939 -0.000627330821479271  0.000289409770286663 0.00728257750952228    0.152626577534234 -0.00131832986376854     9.79709228747908 1779097893.854
   0.0100420166931123  -0.00278588341860928 -0.000800573468036982 0.0104519932818842   0.136560528656983 -0.0215189084537489    9.78837922799904 1779097893.87247
 0.00311478814124354 0.000187716098524634 -0.00341827366108976 0.00462836227196799   0.149262529892251 -0.0120875421213229    9.77188298243042 1779097893.89171
-0.00423646418090992 -0.00186127377913398  0.00373437670592865 0.0059462204986703   0.15138452822333 0.0182424959030389   9.74654858014018 1779097893.91058
0.000752694851551592 -0.00611341636730516 -0.00229237238769262 0.00657231925452823  0.144100186954208 0.0221970058125626    9.7214187065486 1779097893.93079
  0.0058881341986907 -0.00606717064888851  0.00794553555035153 0.0116022506095337  0.110257844675747 -0.022644888217179   9.81114875559522 1779097893.95285
 -0.00974418300332642 -0.000522717879323639   0.00364793622089506 0.0104177624783539   0.159195290381865 -0.0116794811445246    9.73424735697372 1779097893.97252
 0.00759216111474712  0.00626716442941047 -0.00538802441045689 0.0112227032138084    0.145935939503068 -0.00332518155137653     9.82150801807872 1779097893.99087
 0.00187582766455962 -0.00133475853784067  0.00527011343538704 0.00575103515928331 0.103517172654493  0.01583352390977  9.80469085130284 1779097894.01076
-0.00562007506051001  0.00608112867816288  -0.0035325641204022 0.00900246515966013   0.100320420334894 -0.0196985561052706    9.80071408997636 1779097894.0306
0.000810072992728016 -0.00312859274583165 -0.00268561929477375 0.00420200687996566  0.0980987156121819 -0.0331786248358568    9.93955518312377 1779097894.05369
 0.00395141158570932  0.00629004931967983 -0.00912492201282441 0.0117661623184371     0.12932218084043 -0.00175287869233716     9.77314563691824 1779097894.07293
 0.00421289317662345 -0.00158689026566747  -0.0094752040737342 0.0104902898850232 0.0999344212011766 0.0310771639499567   9.85893355551724 1779097894.09159
-0.00806665417020646 -0.00082835259370043 -0.00668677789228619 0.0105104745897589  0.126386442373351 0.0362028538580214   9.76085826237625 1779097894.11029
-0.00151013695844616  0.00323477504401264  -0.0083093539644085 0.00904376285206901   0.115446562529885 -0.0296865338467077    9.86665110265612 1779097894.1302
-0.00534288286715874 0.000841033317774355 -0.00179114381043718 0.00569753723317824  0.0977325078880729 -0.0281654376088743    9.82828343581375 1779097894.1539
-0.0035243986960136 -0.0066779887683577 0.00921249622893643 0.0119116332602604     0.14848288358025 0.000965611665737492     9.80568105329716 1779097894.17253
 -0.00560298536249504   0.00185271986676289 -0.000919674368506713 0.0059725887872111   0.0945283304157489 -0.00105432556331221     9.85333694384986 1779097894.19093
 0.00452348149879826 -0.00795504467911741 -0.00605996315467985 0.010975781254781  0.0890047648362939 0.00900275629178581    9.84863634759295 1779097894.21081
-0.0121294963853748 0.00840216743838027 0.00943542876875181 0.0175142346757027   0.060836664066833 -0.0266646199850895    9.85932670865283 1779097894.23068
-0.000282500440923473  -0.00424639262248894   0.00491590457417107 0.00650213615558814   0.0601061804922196 -0.00563828295139319     9.90182880664763 1779097894.25408
-0.00692333512139431 -0.00884483132344666   0.0183425941357114 0.0215084720510498  0.116699172866262 0.0144528017417821   9.79021307652791 1779097894.27297
 0.00430307603477942  0.00577747880877509 -0.00657932635778632 0.0097561908585882  0.0933052165999559 0.00515120016090204    9.82400874266689 1779097894.29198
-0.00496961289807366 -0.00576702330094637  0.00578712169897615 0.00956276046281193  0.0951708785272144 -0.0101935924150312    9.79383232377321 1779097894.31087
-0.00965619935744775 0.000735671276206024   0.0130219114886034 0.0162281723269884   0.100413775900917 -0.0118249704521915    9.81417221143297 1779097894.33052
-0.00496228491359142  0.00366104799366676 -0.00844495785410652 0.0104568091277035 0.0949433097845762 0.0268721056183196   9.85867600502782 1779097894.35398
 0.0152758856931786 0.00667276821138138 -0.0014554654327309 0.0167331078685268   0.162619916621419 -0.0144381734658723    9.81862908836034 1779097894.37297
 0.00267691849763054 -0.00444794846672593 -0.00536990048872114 0.00746900056663364   0.121924487902318 -0.0162403073855861    9.82613328054302 1779097894.39189
-0.000128996242799877  -0.00397806340946921    0.0109581078373657 0.0116585486187496   0.127670369126632 0.00983527632297525    9.74189835181485 1779097894.41079
-0.00425496190027999 -0.00271028925957424 -0.00860585426867363 0.00997552486524122  0.0888265161243686 -0.0354124772723285    9.91609645288167 1779097894.43069
 0.00883015180121902  -0.0051988562840815 -0.00469834142471195 0.0112727148299897   0.135743227233039 -0.0342749701547486    9.82309096722103 1779097894.45399
 0.00873683681372795 -0.00431314734583307  -0.0123472624388581 0.0157286505228712    0.11531506021536 0.00258195628439147    9.86801586610909 1779097894.47268
-0.00210866575241678 -0.00203637203640933 -0.00470675879352903 0.00554498518181502  0.102121143907519 0.0171414926277057   9.82602110555447 1779097894.492
 -0.00469765967207565  -0.00824284764811332 -0.000765997737281093 0.00951836626098055   0.100423811541595 -0.0427143271800112    9.88849760908063 1779097894.51071
-0.000657565477146508 -0.000609603586695729   0.00455071720195362 0.00463821473649117    0.16270115818461 -0.0467285015131826    9.73056511565597 1779097894.53042
 0.00577157877617948  0.00693852682144578 -0.00588676949938144 0.0107753575885172  0.0951637953691466 -0.0373012481316274    9.87241307695493 1779097894.55414
-0.00646977002732367  -0.0103986916405115 -0.00414989366748789 0.0129310606483906  0.125655334163609 0.0137886408600539   9.81836816892979 1779097894.57298
0.000276733196028287 0.000623899245932435 -0.00588630038577544 0.00592573740241999   0.102376338676175 -0.0121428654366421    9.86299703376696 1779097894.59207
 0.00262225813351078 -0.00777623566954212 0.000591873325737877 0.00822778177522609   0.0885808831680603 -0.00323374089417708     9.85690510726493 1779097894.61167
-0.00431375092636351  0.00981097802685179 -0.00421035385798593 0.0115148085745065    0.102863492209695 -0.00977703620167164     9.74156405484691 1779097894.63076
-0.00360855609008277 -0.00111290198858807  0.00512255242098299 0.00636402162136455  0.0718947049657559 -0.0193045472271643    9.89699150098781 1779097894.65409
-0.000659074878395029   0.00642121305334067  -0.00246309374918653 0.00690892087007847   0.161238689008653 -0.0114853825507436    9.77324380580581 1779097894.67301
  0.00673167712754137    -0.010001690217893 -0.000985434100429121 0.0120962954878942  0.133286912008648 -0.022599100760727   9.90172062686279 1779097894.69206
 0.00233958753797135 4.98338192687592e-05 0.000236104107157874 0.00235199881096708  0.132317842884492 0.0243276962818829    9.7712401656176 1779097894.7104
 -0.0029894336612469 0.000882210726471752 0.000104414612423718 0.00311863941362022  0.0990660290894371 -0.0174575761688443    9.88940199619077 1779097894.72902
 0.00669081907767616 -0.00673533502204932 -0.00243114272041707 0.00980011493384013   0.105310235977967 -0.0466183097342028    9.90651826257162 1779097894.75395
0.000115312699856353  0.00515448720825885 -0.00561369000094965 0.00762204374335482   0.132508192275486 -0.0216913461631688    9.77908905801668 1779097894.77262
 0.00197775374251325 -0.00435546546680255  0.00173042299463003 0.00508684116509245  0.121297010945865 0.0033323212937578   9.84712630792101 1779097894.79191
 0.00295266427545413 0.000705588123587483  0.00788336058023631 0.00844768932677537  0.0821175812792927 -0.0445309985609834    9.87612440771417 1779097894.81041
-0.00325232112389594 -0.00816905204063936  -0.0039637402577915 0.00964480382210291  0.0696408975359548 -0.0333946693889356    9.84937122709678 1779097894.8303
 0.00423692310332981   0.0027737224584174 -0.00286929436172751 0.005820472815339  0.0888843574355107 -0.0613874212826713    9.81500963111895 1779097894.85286
0.000114635313632509 -0.00332265110391905 -0.00667094540514249 0.00745350013160916 0.159645692330699 0.000736449991337   9.7727609625116 1779097894.8725
-0.00425509838371852  0.00320989929050495   0.0163958116289307 0.0172404163140479  0.0885438199493218 -0.0298385858129247    9.79784783843867 1779097894.89171
-0.00558564749336382 -0.00105527489142641  0.00159806655171231 0.0059048183477816  0.136900228826135 -0.028030086735804   9.76072054960831 1779097894.91019
-0.00769105018482306  0.00186683367878393  0.00122214649959733 0.00800818100420981   0.157859667567546 -0.0152059854263479    9.68868509918801 1779097894.9299
0.00194497745106353 0.00542604022930822 0.00122506109346081 0.00589284519887704  0.0747100048616239 -0.0232676335223793    9.87575713775251 1779097894.95287
-0.00663108057059814  0.00175847739566067 0.000674547691526008 0.0068933654243016   0.10223132893459 0.0205740989222092   9.75706943069752 1779097894.97249
  0.00263255954659162 -0.000459474929123191  -0.00599255139086373 0.00656141441679965 0.0885729584039576 0.0136711842893833   9.81606495840615 1779097894.99171
-0.00111843182813306  -0.0168172387297602 -0.00521784276377065 0.0176435906593686 0.0946639944931512 0.0308793804176099   9.82002549719035 1779097895.01022
-0.00494064608597505 -0.00241292965199646  0.00298996730702266 0.0062587632763517   0.152340935549655 -0.0192624743343476    9.77489682887509 1779097895.02994
-0.00598770529561378 -0.00421002225643941  0.00153093317185021 0.00747801166644636  0.153972194553114 0.0103702566887538   9.75863261721712 1779097895.0538
-0.0136826901378053 0.00463313904177008 0.00639255703230701 0.0157970494776356   0.199645190236947 -0.0521320080750081    9.77554004741182 1779097895.07262
 0.00776527504305703  0.00771301768790733 -0.00632951790211529 0.0126432960584451 0.092471336522701  0.01291849974025  9.84437311017327 1779097895.09211
 0.00851144931907389  0.00180182903323838 -0.00118480493535211 0.00878038268590947  0.138314585753621 0.0304433758023667   9.72926797602353 1779097895.11053
-0.00458638547433544  0.00124330344513964 6.61889661371832e-05 0.00475238005162987   0.0839738308651676 -0.00529271507451183     9.81571225949635 1779097895.13018
-0.00993047037503955  0.00494331249607413  0.00652590440402344 0.0128700430688414 0.129012407389204 -0.04218733544072  9.76827017669745 1779097895.15358
  0.0019868110218953 0.000763282775132287  -0.0048048183758042 0.00525512114570197   0.108029316261781 -0.0453044362587095    9.82228392768174 1779097895.17259
-0.00813596565848346 -0.00349336403868321   0.0041258880468735 0.00976834078429499  0.0884433055525089 -0.0223422632853482    9.78124384913537 1779097895.19199
  0.0115838481518565  0.00497016815204414 -0.00746298179990782 0.0146486930069074  0.111798618660885 0.0100541513796895   9.85996863751603 1779097895.21037
-0.000200625423584075   0.00160707606074627   0.00633124024825607 0.00653510115505105   0.133533134302219 -0.0478092312876926    9.73331038717096 1779097895.23021
 0.00325833747464986 -0.00119106448726961  0.00137530860923497 0.00373187238289016   0.127440039008555 -0.0429825630153304     9.8566711272385 1779097895.25268
 0.00131394737343583 -0.00289946915801296 -0.00781949423559469 0.00844262217554037  0.119240121539595 0.0382457848673605   9.78505791256439 1779097895.27295
-0.00529946481207795  0.00836984472880457  0.00661001558364824 0.0119092793272651  0.153835056034695 -0.063921017977186   9.83721105958034 1779097895.29313
  0.00667950390158653 -0.000737282359610906  -0.00585329035796334 0.00891181045936962  0.134423315179767 0.0157512838584591   9.75343379235378 1779097895.31083
 -0.00550599217246814   0.00344979224309336 -0.000232760574128635 0.00650163008857442    0.12183498140041 -0.0290591218053837    9.83371595767507 1779097895.32995
 0.00656613840143135  0.00319618841052017 -0.00282540554445269 0.00783024331377505   0.0840917980523163 -0.00795536025385365     9.87334932105806 1779097895.35195
 0.00015603436418259   0.0134715827727738 -0.00476400343902095 0.0142899831313233   0.137544461268172 -0.0191003769527431    9.74657266621428 1779097895.37252
 0.00275199051961477   -0.002235568073885 -0.00382058551287881 0.0052123018038332  0.0723231012359118 -0.0366724151533304    9.86329551116637 1779097895.39205
-0.00603361465577794 -0.00459113125118474  -0.0017093708917589 0.00777206155570169   0.0931655602117832 -0.00330732355766223     9.82798242551438 1779097895.41021
-0.00260272588181519  0.00487361977708146 -0.00332578007244262 0.00644881111815865 0.0730531787388276 -0.014370835000616   9.87327492232201 1779097895.42884
0.00616528586704187 -0.0112499623134878  0.0111309645225273 0.0169844273697703  0.119567759489881 0.0265286755203617   9.76807316917703 1779097895.45095
0.00643847369504891 -0.0119653483071949 0.00690797188092476 0.0152428205769791   0.138973096214241 -0.0329032119089075    9.81142523448108 1779097895.47288
-0.00183368243516156  0.00343139600003849 -0.00892950473855198 0.00974027333589373   0.167227278923487 0.00306944536846831    9.75179030936606 1779097895.49204
-0.00304343860558288   0.0017042327308227  -0.0153314581063284 0.0157232482462392   0.144891937177116 -0.0220063073775585    9.79108673452504 1779097895.51021
-0.00107613273479833  -0.0189587414386881 -0.00173320449537797 0.0190681917450169  0.147544503963645 0.0319916031071561   9.80726327442997 1779097895.53016
  0.00265410922005375 -0.000346476344155213  -0.00252322418852157 0.00367845102109214   0.129049081201881 -0.0105149255168173    9.87756022120816 1779097895.55062
   0.016105849851872   0.0161564655435102 -0.00843760364831153 0.0243233002208927   0.20559290532014 0.0182691703890778   9.86395940379585 1779097895.57261
0.0120474293148428 0.0270403472588387  0.044470013881594 0.0534219343304216   0.090503678442815 -0.0412877614853535     9.9547380936746 1779097895.59213
0.0708422346530991 0.0204225089899462 0.0449556392043634 0.0863522471066161 0.0963154465743542 0.0893557465423839   9.75444262068402 1779097895.61029
0.00322579848639916  0.0333127628674561  0.0645598521388554 0.0727194640651943  0.180225625689072 0.0633053671781795   9.83846080162175 1779097895.63
-0.0451360778737855  0.0359503970824882 -0.0180180832084989 0.0604512026243101 0.0211799061113586  0.108760038617784   9.89275039609873 1779097895.65002
 -0.033163618223319  0.0276452861919589 0.00432664283906097 0.0433913270199722 0.00804084916156537 -0.0963353259943205    9.82643609622463 1779097895.67307
   0.0611104067610974    0.0135149148227884 -0.000819630965535499 0.0625923839783537 -0.151645327687266  -0.34362613462572   10.0522700712149 1779097895.69225
   0.118548161040104 -0.00336934894654628  0.00457046226013353 0.118684068533167 -0.0288559735834149  -0.316391680226739    10.1223217515956 1779097895.71052
 0.158023058958094 0.0019238207467859 0.0251377477437627 0.160021544206923 0.0657613088939211 0.0435461829223747   10.2057592975534 1779097895.73033
    0.197267439547138    0.0172182717053515 -0.000895340643402824 0.198019476872531 0.297338136236427 0.191925670352568  9.98582035502162 1779097895.75009
 0.269729066499498 0.0313390239184668 -0.010376060990383 0.271741727337796  0.264554617543226 0.0208975734791991   9.98079995810554 1779097895.77298
  0.420273745708775  0.0305054241927157 0.00554752872801718 0.421415919623654  0.0782089654387058 -0.0191607441410651    10.2422605216501 1779097895.79217
  0.553253932878738  0.0616137981620651 -0.0453430334693133 0.558517828769992 -0.282941824061633 0.0364816376508669   10.6458923948547 1779097895.81045
  0.73983287025574  0.152257461849564 -0.187122555528523 0.778170843316069 -1.18660092602355 0.375869421126761  10.5105426450056 1779097895.83042
 0.703854831734786   0.17591924436704 -0.163000248337083 0.743591477662987   0.15017220432456 0.0584570430408317   10.7971347383552 1779097895.85016
  0.527868363518585 -0.0364058270853956  -0.202284202674826 0.566470910198706  -1.2671883833975 0.804736077608494  11.2557200611454 1779097895.87264
 0.434635754222757 -0.045356975752705 -0.159545254959047 0.465209826291496 -1.16333189909333 0.722854713170033  11.4728414797464 1779097895.89204
 0.380905501812645 -0.200922357375691 -0.092794796894974 0.440533391850524 -0.833392436250106   0.78679863242083    11.199479176479 1779097895.91042
  0.247054669530464  -0.409059940393547 -0.0632145483110451 0.482039545773735 -0.688786771122188  0.879160188930381   10.7645704849178 1779097895.93014
  0.139068317436031  -0.607887281865853 -0.0201476347573071 0.623917359555781 -0.809689684317495    1.0186100092312   10.7512928573354 1779097895.94876
0.0287842950763719  -0.65316972024416 0.0294049626573996 0.654464568113325 -0.595054963233109   1.04553170124779   10.7163174016141 1779097895.97264
-0.0795397711203948  -0.545752442332548  0.0385590235299325 0.552864451558796 -0.649674767377634  0.860359974187777   10.7972259796496 1779097895.99197
-0.174229332283263  -0.43577126659288 0.0609238375674413 0.473248529844286 -0.337741702611332  0.755653167388196    10.231540875986 1779097896.01046
-0.241951459770987 -0.344747540460755 0.0837167390664913 0.429418057304276 -0.251700496871689  0.780420132464698   9.86378005940949 1779097896.0302
-0.245166571163416 -0.267000716213838 0.0774653014874805 0.370670882332663 -0.229945523601954   0.70566436530879   9.64329124484861 1779097896.0497
-0.188400879520032 -0.148691393018223 0.0950253727400028 0.258135319601944 -0.313395903398979  0.681096836332832   9.47949078876157 1779097896.07252
 -0.164179681209234 -0.0712837000420706   0.110777876159175 0.210494825257038 -0.321939397024407  0.200970855617241   9.75406973093001 1779097896.09273
 -0.26013335880765 -0.152496900096728  0.165168075100376 0.34380977580055 -0.179613769700002  0.151365518926863   9.53030160054121 1779097896.11104
 -0.31928709670412 -0.253324684823196  0.202415761832927 0.455071188607807 -0.44082298977727 0.132511981049053  9.45122802485183 1779097896.13047
-0.303496230845564 -0.298267080905982  0.229223263746692 0.483338926978083 -0.376326033312416  0.344728774005173   9.29676009247643 1779097896.15027
-0.255963642707583 -0.338342368120354   0.23732888122324 0.486125438869536 0.0107691911717264  0.212365456200561    9.4878014901597 1779097896.17268
-0.250470284019519 -0.359249169661415  0.247159660948278 0.502874961674672 0.494669758190328  0.11364445825057  9.57257186343318 1779097896.19278
-0.209495918418403 -0.378222346254767  0.253996495558316 0.501452792191186   0.294248029886317 -0.0444507064889169    9.66339028891515 1779097896.21161
-0.230965656699833 -0.268900597781031  0.244433060438817 0.43058122009357   1.31523312327372 -0.315335623221486   8.77994649239714 1779097896.23039
 -0.19155916869101 -0.239403338029346  0.131689175688059 0.333692841341532  1.97100762849269 0.159408963683729  9.07587759657246 1779097896.25028
0.0590003296182426 -0.329458521633821  0.110168470890337 0.352364936323862  3.93183774976666 0.835575073481373  9.50606730920595 1779097896.27263
0.0837039254149612 -0.609520541161907  0.301148427945666 0.684990520286466   4.66222204645392 0.0229551891788197   9.50972640439282 1779097896.29262
-0.135276954467555 -0.691123361999146  0.360946370450938 0.791349251754701   4.60912194992338 -0.931023763962858   9.51409905358433 1779097896.31185
-0.506937580359251 -0.488269042522694  0.328296764250722 0.776640929699185   3.72096466288428 -0.361501074168139   9.68377550583086 1779097896.33058
 -0.604039022504246 -0.0639734585803942  0.0968074548350518 0.615083268689909 3.00476967417076 1.09344157523923 9.36168347446455 1779097896.35043
-0.315362433252434  0.430733949398603 -0.105541215589418 0.544172902356876 0.908988365542872  1.34301421675201  9.67235172104423 1779097896.37299
-0.0373001336756221   0.840812019305958  -0.146897369038803 0.854362328764619 0.0173338110316961   0.94497535026424   10.1710404763473 1779097896.39275
 0.091664293090877  0.932256977631684 -0.141143247127635 0.947326148261804 -0.654639955457485  0.570897346005388    9.6327498253509 1779097896.41176
 0.104191213120515  0.720973934489841 -0.117483082300741 0.737876343117306 -1.79942461232694 0.628840066556501  9.23636708173522 1779097896.43066
  0.16576403310235   0.29194841308094 -0.102051314780776 0.350893233647104 -1.64826398375935 0.424779826699707  8.60757318765803 1779097896.45032
 0.240491331155684  -0.43455524490408 -0.152800827482092 0.51963682905842 -0.314356509330563 -0.255995825682592   9.13424112158837 1779097896.47288
 0.189765293872221 -0.727279639449515 -0.183054169624871 0.773598972164052 -0.0202677966412334 -0.0601874375216084    9.84115301267171 1779097896.49264
 0.165140217603944  -0.62161679922615 -0.152389670103374 0.660985134556486 0.260393470809343 0.382621722766952  10.2568360354552 1779097896.51183
  0.127289116071892  -0.371787688467805 -0.0288106377449269 0.39402875176041 0.185089688797827 0.487975859013345  10.0544751359841 1779097896.53056
  0.165399605390754 -0.0603932220594129  0.0981244859867785 0.20157575619182 0.369447247300076 0.233378977962329  10.1140796059061 1779097896.55035
 0.18745965332864 0.131272060992859 0.204954137938473 0.307212750844605  0.396662571159795 0.0651101396237159   9.62253265317983 1779097896.57303
0.133658979051356  0.16169710445336 0.221453564694398 0.305044845203959    0.35904532960507 -0.0150824645153363      9.236387849919 1779097896.59344
0.0253422894530837 0.0467563459022298  0.167027585357747 0.175290050451508  0.42197934559633 0.111105590808268  8.78210222028751 1779097896.61197
-0.0146771401157693  -0.122843921106501    0.12955157155424 0.179135862090681 0.481191506481812 0.301576896654117  8.92401163401648 1779097896.63077
0.0193717651571997 -0.199413102052738  0.131836784473031 0.239837003599924 0.629864500032551 0.223714263409752  9.16458771087514 1779097896.65024
0.0882157347863995 -0.138605062405777  0.137316385030315 0.214124190100529    1.07424237188747 -0.0117824525885627    9.25322377287514 1779097896.67292
  0.100783061172828 -0.0275395000287392   0.132442990576077 0.168691420155069   1.27216943133475 0.0832527910535418   9.51051450966128 1779097896.69259
0.0535544866793101    0.1268081824479  0.137425155912488 0.194509824062426  1.37669390620674 0.625695040142372  9.79036771742635 1779097896.71194
0.107313647004316 0.299749328824231 0.142677266305896 0.348887777493663    1.515789618586 0.700900418608138  10.2510221152715 1779097896.73052
0.132415284478756 0.474819606819554 0.143761066174682 0.513473184043283  1.33789115042525 0.519567015445226  10.4786468511125 1779097896.75033
0.0933285846529447  0.545625439308224 0.0966499620060272 0.561923980525285  1.33765321044239 0.183784808093203  10.2029731304691 1779097896.77293
-0.00668052478512181    0.458271027484069   0.0206755760895362 0.458785836190856  1.28225766754496 0.266658741851879  9.59215605199515 1779097896.79274
-0.0105138914869782   0.228703300818407 -0.0152703681090345 0.229453537478986  1.43806395365436 0.675281817338263  9.41189623231534 1779097896.81216
 0.0496927465772634  0.0440886681371805 -0.0227277913502152 0.0702120518156354  1.45081365008454 0.715953642007163  9.60393922629325 1779097896.83094
   0.0865210881362731   -0.0578101865817418 -0.000627026456668739 0.104059163590132  1.28571001321943 0.572184577691319  9.96524698405132 1779097896.8516
   0.010392108396647 -0.00351280195987549   0.0975839227769961 0.0981985625102716 0.964765888170138 0.512308581196907  9.76795760873105 1779097896.87303
-0.0674783745934441  0.0454511454430429   0.175526785119123 0.193465216393316  1.27282159237249 0.866210503559729  9.29818007314018 1779097896.893
-0.0971349553877323  0.0534861700509192   0.224777992194105 0.250641408629351 1.47321882668393 1.17437016832995 9.21760736942384 1779097896.91238
-0.134982484208065  0.034500578109692  0.213081030851601 0.254586108500964 1.20862766870812 1.05872444545814 9.57009920707469 1779097896.93109
-0.279961454540569  0.114524207013941  0.159205619698194 0.341819600614314 0.794366289722617 0.874173354018831   9.6227720209354 1779097896.95066
-0.411579668187055   0.18861933399283 0.0922688473873305 0.46204828386117   1.0756983683513 0.860543512203127  9.21952905892479 1779097896.97271
-0.483143031239612  0.152666801054183  0.111342995190528 0.518778954235343  1.13683712934502 0.721744222235865  9.21586485439997 1779097896.99357
-0.534883913775905 0.0893279665167262 0.0932309919625514 0.550247494024793  1.09221708021514 0.611584126914291  9.20569260139641 1779097897.01202
-0.579891032643104  0.111981564009652  0.060617818346416 0.593706998711496 0.833030510717975 0.692243345510134  9.58078022137146 1779097897.03078
-0.579515446308373  0.194978953918809 0.0246571737935597 0.611933755565708 0.536338590382481 0.673589496294604  9.76251855024658 1779097897.05026
-0.584912875425494  0.245488361616617 0.0254443229783419 0.634850392690717 0.665802968432821 0.135114378776325  9.34898931744983 1779097897.07245
-0.656987364979989  0.185799591982118 0.0392036559137807 0.683879238434006 0.447489794083592 0.146086899796915   9.0240788976226 1779097897.09288
-0.654616942837085 0.0789380118496209 0.0902907266398775 0.665512559521831 0.23135834338424 0.22709264552393 9.37658891004936 1779097897.11234
  -0.58468532608802 -0.0072921552863363  0.0965057173785973 0.59264108831411 0.332839362013104 0.173120213642256  9.39859062779438 1779097897.13123
-0.557211036427876 -0.115771773705111 0.0913796964815559 0.576400461166468  0.551142150675548 -0.110353017732653   9.28482240666027 1779097897.15162
-0.582199292626481 -0.137511602977361 0.0932500453281548 0.605442836477468 0.421885089569165 -0.11693980175295  9.27583272483568 1779097897.17301
  -0.599541183029916 -0.00460045184683824   0.0961083852267214 0.607212990652369   0.226936692565266 -0.0494644638608188    9.63194097708451 1779097897.19397
-0.583512232224733  0.153950949921633  0.116288745670383 0.614581558873397  0.112650403947413 0.0155885827975042   9.83727120437949 1779097897.21267
-0.594162819181909  0.191807201585293  0.149054366718198 0.641900819843641  0.358075756874707 -0.400079179688992   9.47076853522681 1779097897.23179
-0.669601865425617  0.100235544648055  0.119137509095973 0.687464594481745  0.199749280650538 -0.556564351880217   9.34955419508226 1779097897.25166
 -0.756568965537864 -0.0199597764824103  0.0582429074850559 0.759069976065826  0.116599027970307 -0.505682710954494   9.38522202213904 1779097897.27312
 -0.782872015866346 -0.0856910913863428  0.0431924773364642 0.788731352532711 0.0373638816060547 -0.557961175714809   9.77193609432508 1779097897.29411
-0.760419585492962 -0.102977434525072  0.046028941007106 0.768739852897512   0.21349072101595 -0.699426330680867   9.74218644669542 1779097897.31299
-0.844041891499624 -0.121689345921744 0.0794404148899403 0.856461202294075 0.508362326165012 -1.23440230220431   9.5283832396569 1779097897.33195
 -0.98945957210011 -0.135568042386206  0.122101187287462 1.00613996982228 0.286565017592552 -1.35674426572729  9.30412724539653 1779097897.35108
   -1.05801592953752 -0.00884637202315952    0.132559883807995 1.0663245698418 0.0983267110676701  -1.43672586389345   9.47926715829499 1779097897.37261
-0.963893219600186 0.0919254006933033   0.16458685006753 0.982155409952513 0.441181730395492 -1.53525227372459  9.37801264369283 1779097897.39508
-0.888208189720451  0.129666845156989  0.199979803460979 0.919629926009228 0.556471748028545 -1.96679020090206  9.40923935834123 1779097897.41408
-0.924120718335799  0.124143462563038   0.26731248359628 0.969982816982355 0.552341290547455 -2.74222285580933  9.03774223537917 1779097897.43271
-0.981492784867046  0.111336058651046  0.321179819078113 1.0386916197241 0.583988700768318 -3.09433239091492  9.09955063673928 1779097897.45204
-0.859992959560201  0.118222787310807  0.326232284401126 0.927357547722682  0.69948232691419 -3.18688734253484  9.32678658027956 1779097897.47299
-0.596743396383164 0.0747109036244182  0.337561437748623 0.689660876447409  1.17863108945614 -3.23812400855229   9.1615410885322 1779097897.49556
-0.470329703723666 0.0307390145686121  0.301581173215813 0.559558863087403  1.39358470718166 -3.56966268642189  9.07052786959084 1779097897.51429
-0.489566654818561 0.0155196617623399   0.24280213180395 0.546689349283481  1.26449216546503 -3.82848944583489   8.9327498073358 1779097897.533
-0.573694835830096 0.0591415945150751  0.230309092665381 0.621019944143711  0.98641195046631 -3.90658043796503  9.12443580027838 1779097897.55224
-0.534177460063699 0.0914746339338105  0.229655721863372 0.588604211739957 0.996337740851567 -3.91962179656954  8.76975482744317 1779097897.57253
 -0.560277368929796 0.00196900563447669   0.229516000605555 0.60546858023522  1.28173013154639 -4.14783208741052   8.5510366464701 1779097897.59565
 -0.538349932286036 -0.0384322253372223   0.265936523041706 0.601680911966021  1.36232108207959 -4.38487205001486  8.59456932856868 1779097897.61433
 -0.508364182594866 0.00913363802674193   0.314642116802008 0.597927443051913  1.22712050328376 -4.92116913627655   8.7630700789898 1779097897.63289
-0.520665093085165  0.108247643626536  0.370370369332372 0.648061649835476 1.35547153713578 -5.3297675802628 8.69752537943104 1779097897.65228
-0.578019739953826  0.119661115817912  0.338435230275558 0.680414585019124 1.50824718695594   -5.65690461464 8.37968783881811 1779097897.6725
-0.660460414052157  0.100626104288935  0.281848107849329 0.72510132208717  1.40293486479804 -5.91657500559213  8.60479763746659 1779097897.69602
-0.587888024061017 0.0945909274628945  0.284525325293485 0.659935173426922  1.31817524016549 -6.01323617760509  8.63746131391229 1779097897.71488
-0.436580668939235  0.117739661134756  0.293338525859948 0.538992392385315  1.34274181636288 -6.20138627649692  8.58163777647436 1779097897.73392
-0.286431291257647 0.0806978480188565  0.296583558304197 0.420139065480439   1.3060227079166 -6.39080953627551  8.54445084577296 1779097897.75295
-0.188846604206398 0.0109664658788568  0.260012701328262 0.321543011347129  1.11557321183833 -6.47509526358711  8.66867413539818 1779097897.77304
 0.0193206288570726 -0.0332012023084327   0.176067914389357 0.180209647387636 1.00445764050429 -6.4549425879695 8.87976475802805 1779097897.79579
  0.235078003969085 -0.0338284281382014   0.137933059808891 0.274648064782248  1.03763877361093 -6.21054514815204  9.10536372215778 1779097897.81554
  0.455271314248332 -0.0302685940434851  0.0870435626907311 0.464504832233926  1.1919977700379 -6.1676342734652 9.16077129811537 1779097897.83397
  0.566142461885018 -0.0330028310756872  0.0473170946502268 0.569074144074722 0.981850200998575 -6.23729815786916  9.18759384061067 1779097897.85278
   0.616764628443391  -0.0252247126697629 -0.00725208248252867 0.617322837523867 0.811495430191847  -6.3398358812474  9.11967536567624 1779097897.87292
  0.601791147458159 -0.0563359351918701 -0.0677100645012442 0.608203071011412 0.794922775181334 -6.32978236786442  9.00112267440801 1779097897.8957
 0.633289501690291  -0.12032135765103 -0.119124846411543 0.655533028222605 0.833763903856421 -5.99905300592457  9.00565462981202 1779097897.91482
 0.666223389734218 -0.189737596874021 -0.169330747690146 0.713110694639888 0.617811938739438 -5.72583619041691  9.12578785535745 1779097897.93388
 0.718002331134286 -0.228145565247066 -0.195247532649629 0.778266885754457 0.416414596100755 -5.66084798177408  9.01922313878878 1779097897.95289
   0.7702281746245 -0.247092583731251 -0.218433979448194 0.837866092700945 0.340036194754135 -5.71021760948419  8.76926758698654 1779097897.97296
   0.7835175320953 -0.241101879846774 -0.236155491953269 0.853111514367289 0.397918867635537 -5.40996173715702  8.71615068864959 1779097897.99603
 0.726657903609838  -0.22917086296163 -0.269817278048748 0.808302144524471 0.381831793959361 -5.06401384829787  8.84384439970887 1779097898.01586
 0.706405361850954 -0.226114243996787 -0.302343167958345 0.800966652115495 0.319738810908084 -4.68694767669343  8.89219590605447 1779097898.03405
 0.751188646950192 -0.209192777987924 -0.333471255653973 0.848085538148484  0.25786224402529 -4.60819441371523  8.73984867987586 1779097898.05293
 0.804022449198807 -0.170626080438805 -0.318334714884896 0.881420642396356 0.241988564708939 -4.55993131381379  8.85906106303587 1779097898.07284
 0.756118719969231 -0.165542119421009 -0.303218056394012 0.831300728806171  0.26111467750348 -4.28244914353251   8.7854045946296 1779097898.0959
 0.656723078262963 -0.160034910138108 -0.296325197292609 0.738041324409818 0.381863639477812 -3.93029008421561  8.80291117863457 1779097898.11572
 0.581870063139145  -0.16172544067841 -0.307080565379209 0.6775148427701 0.507484346167526 -3.69953247561195  8.74989693367544 1779097898.13407
 0.569621673223235  -0.15418326443835 -0.297247859017572 0.660755339992826 0.430721170441799 -3.56190536561867  9.00224207408073 1779097898.15422
 0.607730832873489 -0.132146141115106  -0.31261571770787 0.696080422648651  0.49988489734879 -3.35387521547617  9.01987806018974 1779097898.17263
 0.575792427285243 -0.160118727047167 -0.309710970749698 0.673123919849055 0.503037481156521  -3.2428068491801  8.86551388655284 1779097898.19553
 0.531169938825477 -0.183676861884537 -0.323580751477807 0.648523859415021  0.42244819578581 -3.21503150964273  9.00332413337127 1779097898.21597
 0.503638567223115 -0.190175436980564 -0.350606940517855 0.64245134443364 0.420725747841307 -3.14271937415835  8.87755414758402 1779097898.23397
 0.538231731321089 -0.160919745608935  -0.37836433468498 0.677309479403138 0.437587125407086 -2.96731312927243  9.09160844703021 1779097898.25289
  0.59544126233971 -0.138616675284335 -0.359024506691546 0.70898764161916  0.56264248330846 -2.75922431243185  9.07163335462412 1779097898.27287
 0.654760356767966 -0.144023452008394  -0.32565119370533 0.745320454224244 0.608628565388864 -2.80958728427118  8.99275748463845 1779097898.29585
 0.669097030063494  -0.16175649926453 -0.356031089337262 0.774992991754623 0.680420066900604   -2.671560449609  8.93964056750293 1779097898.31564
 0.658276166584927 -0.164350722167057 -0.395505451987519 0.785342749328235 0.621638331837343 -2.51561331814828  9.06290578340803 1779097898.3339
  0.65333482368422 -0.141995391238306 -0.429318016226931 0.794558394347727   0.6282246184947 -2.20683437119636  9.23280953541249 1779097898.3526
 0.675933306181782 -0.101273079415248 -0.427292873385429 0.806052895699815  0.80102509388901 -1.98682672460157  9.07353478612291 1779097898.37253
 0.710583626880614 -0.109444701953946 -0.413780109444223 0.829530718266822 0.913171111522794 -1.83104691485462   8.8578490006582 1779097898.3956
  0.698979411536739 -0.0963005231611786  -0.414866121942089 0.818510786519415 0.884858336767468 -1.65954322929122   8.9842990172517 1779097898.41472
  0.682916367626027 -0.0797049381888039  -0.407722082014233 0.799352824793425 0.923640935315226 -1.35526650478968  9.01339588633126 1779097898.43394
  0.722640932741349 -0.0153616995567319  -0.433116793944648 0.842636372751289  0.970767458745712 -0.950725131860538   9.38280201428316 1779097898.46637
   0.73256438163257 0.00275740016941699  -0.424319171800525 0.846584275810676  0.972909678676501 -0.912993886971335   9.34181762957546 1779097898.47266
  0.783168107323701 0.00262363217178578  -0.449156304124332 0.902829193873011   1.10784156770932 -0.562213933928422   9.15774056496305 1779097898.49574
  0.79373857947481 -0.052988883486371 -0.474375465713039 0.926207771933643   1.21159214396975 -0.366650430100337   9.06114394912236 1779097898.51476
 0.770295128278067 -0.141361641793046 -0.461269318691409 0.908904330931142  1.23023893257839 -0.13028999559029   9.0934455136629 1779097898.53398
 0.698659886649267 -0.175748555642796 -0.466394270723475 0.858217226456669   1.32282661159525 0.0873634316777031   9.00095730669077 1779097898.55264
 0.619903538113549 -0.169532827874025 -0.495968732030619 0.811792312999279  1.29822287834818 0.313865697363423  9.33327478685083 1779097898.57287
 0.517236469538361 -0.104021390888928 -0.502178509029083 0.728379894089374  1.50188952011585 0.591349148866313  9.29301649603273 1779097898.59617
 0.469496896914771 -0.062685776720215  -0.50637174964774 0.693375217077254   1.4286624205434 0.700181689636548  9.40318972939513 1779097898.61598
  0.408284370241494 -0.0568948953947776  -0.522522274591419 0.66555441817305  1.63206007885976 0.797192511412363  9.15742229536774 1779097898.63432
   0.42154115702942 -0.0538696479846883   -0.51643035378803 0.668804303482959  1.43134329238572 0.992381496512077  9.49685696789428 1779097898.65366
  0.468167131354845 -0.0230400109739162  -0.513678765891734 0.695397137982863  1.4994515687055 1.13425929521748 9.49958224230467 1779097898.67252
 0.470181279305566 0.0124510950479615 -0.480726126913707 0.67254968164052 1.44490962063934 1.32424859933243 9.86171168833141 1779097898.6963
 0.464288375408414 0.0217309642415009 -0.456813049778352 0.651700922812028 1.54615475967275 1.76208840549033  9.8036223082837 1779097898.71631
   0.47973320933452 -0.0194095500889327  -0.452637719379361 0.659849670590205 1.53033503312833 2.02054257268409  9.7894488921827 1779097898.73494
  0.506389076998829 -0.0542393306573439  -0.450079043012697 0.679663848717223 1.53876380142518 2.20567286117893 9.61596570787544 1779097898.75366
    0.4589529533254 -0.0717067781998073  -0.412383903904604 0.621160333251814 1.49870134789625 2.32428870299443  9.6042385531671 1779097898.77285
  0.440917417174205 -0.0606233667321049  -0.341579003640019 0.561034381378909 1.56399372056402 2.61711754582426 9.81091025280425 1779097898.7966
    0.43564427107513 -0.00626842071462114   -0.294280934175468 0.525762771825871 1.63004828373347 2.75217379275214 9.93254094415051 1779097898.81625
 0.374907528287143  0.062425415343442 -0.295452635155153 0.481398843857461 1.74759942614573 3.05905115684794 9.85482388740843 1779097898.83463
 0.353762482665098  0.107307520678141 -0.319198891884358 0.488416554506157 1.72647532111427 3.16011392409794 9.96870421368168 1779097898.85236
 0.326680924760084  0.107621357166959 -0.370519834575818 0.505556852326871 1.61755782850972 3.33363867602696 9.88574612182209 1779097898.87251
 0.343839954619951 0.0509011936867468 -0.402568700483137 0.531863144540461 1.61915826096696 3.50293004710394 9.95676956838804 1779097898.89589
  0.351660734180676 -0.0422469592245945   -0.36680560587906 0.509898450706139 1.52166260380987 3.46142345063576 9.87793719941986 1779097898.91646
  0.33268429854097  -0.12723550170004 -0.318001117653135 0.477485524615356 1.62467491745594 3.53608842568001 9.56720387431315 1779097898.93493
 0.288572133567838 -0.181592724218138  -0.27857534719972 0.440288562000313  1.6323534508112 3.62381474495952 9.67457626636132 1779097898.95379
 0.249447409635498 -0.169376748743511 -0.229276974150113 0.378788099158638 1.73249788166005 3.75329724706065 9.67529618715442 1779097898.97258
  0.195815998479835 -0.0963774749385223  -0.200684205634075 0.296490595680807 1.78393530244991 3.82254181232381 9.66267909767993 1779097898.99606
  0.114134875797241 -0.0194639605428989  -0.180717771119573 0.214626485857858 1.89527315757281 3.75799059965104 9.57633498620946 1779097899.01669
 0.0521881964592402 0.00822150177235645  -0.152113069530414 0.161026665068323  1.9019966416342 3.78829834540747  9.5559525311232 1779097899.03563
-0.037132402593591 0.0266669506841706 -0.128339295581457 0.136238454085141 1.99850558155092 3.71574171187101 9.48654752987275 1779097899.05389
 -0.123718365330204 -0.0142975238490076 -0.0771388301472963 0.146495911972602 1.94420187396639 3.61137194670781 9.74773036207091 1779097899.07296
  -0.20815940493259 -0.0714604771458454  -0.014411413065942 0.220555268543644 1.94236390201022 3.49461468412181 9.65667373960514 1779097899.09671
-0.279387730733181 -0.113492391976224 0.0434767388812958 0.304677294763613 1.83070621884619 3.40287767176795 9.79087900949805 1779097899.1169
-0.329170732259818 -0.149736129440334 0.0888617225081789 0.372385130158762 1.86701859697689 3.30107228530682 9.56244760275554 1779097899.13585
-0.359671996884674 -0.174358971308765  0.116430800646664 0.416318540973235 1.82696317197282 3.25213259966709 9.56534079839414 1779097899.15498
-0.416970760728318 -0.177707274150453   0.15538357942658 0.479153991263511 1.86031399953864 3.16184975965368 9.32598805361411 1779097899.17287
-0.479196211509123 -0.151119972753094  0.225676952991862 0.550814253992471 1.84557022848126  3.0261264191636 9.30771501340385 1779097899.19752
 -0.494013383623407 -0.0850109918556816   0.294611823571012 0.581439780650732 1.81369823216505  2.8413815205537 9.51258144928707 1779097899.21768
 -0.510941452354058 -0.0484661682837209   0.327245125101453 0.608686708499903 1.98585083636089 2.76952324416287 9.42472475296758 1779097899.23588
 -0.458942347255304 -0.0461105028725344   0.337152559537929 0.571337120255934  1.8425914655735 2.70433309663694 9.52984299077205 1779097899.25399
 -0.419258918705095 -0.0533236402797181   0.325129687945063 0.53322674868174 1.94290449567364 2.56402559024022 9.23780408035068 1779097899.27283
-0.460418058340847 -0.106757860535849  0.294220727197636 0.556729616191966 1.76855784837002 2.32398513043889 9.20760160319274 1779097899.29551
-0.493956950272131 -0.124922408218527  0.290908032279729 0.586708240987055 1.74734287055018 2.14187743515724 9.06322226697108 1779097899.31666
-0.426439230802711 -0.106257015881695  0.293978371286188 0.52873836041635 1.63146325954282 1.93166552433706 9.31278660054414 1779097899.33588
-0.374144204120505 -0.050762184329936  0.316000480978396 0.492358597785689 1.61046253697439  1.7609213413136 9.35994176641221 1779097899.35408
 -0.375362935369283 -0.0221074402060956   0.325220946322393 0.497146594163476 1.65068154003929 1.66289986228266 9.44126233462568 1779097899.37289
  -0.42340997737763 -0.0720778639655162    0.34216364739146 0.549133125037075 1.67327445271117 1.66131608930352 9.18650998200327 1779097899.39548
-0.422611970561216 -0.135759356478038  0.346392205904906 0.563044439493573  1.6217304340892  1.5906818758557 9.27186779298879 1779097899.41629
-0.422081479757678 -0.167065072916072  0.354018768749335 0.575667267412069 1.54281933130422 1.50796847350992 9.26480327069028 1779097899.4356
 -0.45840478681207 -0.158138471277122  0.370807589777479 0.61044327607622 1.59744454003255 1.35924196443448 9.20959596132388 1779097899.45481
-0.580849063699499 -0.122075104221416  0.403812243023521 0.71788041726108 1.66240863527178 1.09285696738251 9.32901212754772 1779097899.4728
 -0.73947230348825 -0.102906604424246  0.420808146032093 0.857023075901293 1.78637601728513 1.00350986786646 9.20999097271364 1779097899.4945
-0.760022688358043 -0.101660779443858  0.427239749101438 0.877783119060956  1.68827473092809 0.851151291378046  9.25856091619838 1779097899.51625
-0.751361800713486 -0.113923711813965  0.443909064897286 0.880101372333247  1.77267669900239 0.756934607903491  8.96174277900195 1779097899.53576
 -0.742710751131925 -0.0893620069648815   0.439560906888757 0.867651208147955    1.657217473374 0.546030526609756  9.05715508511816 1779097899.55418
 -0.797569138044815 -0.0460282887795808   0.447857160734225 0.915866349283806  1.55088244069694 0.283823059587533  9.11985663742642 1779097899.57298
   -0.8576023784316 0.00740233412226616   0.442302424413651 0.964970501458044  1.32964583583173 0.123785830066435  9.25619573884184 1779097899.59367
-0.848390025609245 0.0461016589631856  0.461433399609472 0.966856649554404   1.30297359841697 0.0256807002387499   9.27707718674314 1779097899.61598
-0.805571505345357 0.0355383750768795  0.484070980547724 0.940496220373013     1.29726888805011 -0.00499547644148733     9.35220812794741 1779097899.63496
-0.776238681645285 0.0257608222616779  0.514207306906646 0.931460823288985   1.30613412305777 -0.258557686178855   9.12069810276792 1779097899.65395
-0.823902947362645 0.0182433374576171  0.557552241131565 0.994994164618706   1.22159238862247 -0.584196817748295   9.27278847099055 1779097899.67288
 -0.846551240381486 0.00439784119827328   0.577332602164228 1.02468594072543   1.34893300073942 -0.717634346039899   9.17239798203007 1779097899.6927
 -0.761292583293419 -0.0283730916180923   0.532975282695626 0.929749472530111   1.34574546896614 -0.871324163213076   9.42434591074946 1779097899.7156
  -0.66763200152548 -0.0634899229821415   0.500474757226799 0.836802510991942  1.45255035984101 -1.08551518095168  9.44755113194023 1779097899.73483
 -0.613166619462875 -0.0836081941613217   0.462990998634438 0.772867581265356  1.54630196488765 -1.36008210079183  9.29911803348996 1779097899.75388
 -0.613619767455025 -0.0671893342783919   0.400437405041192 0.735794632359095  1.54821482922822 -1.68490634876687  9.29454197437377 1779097899.77291
 -0.610159592708837 -0.0233322216168941   0.322006498891649 0.69030957292265  1.61132081233224 -2.00578758981308  9.06329943233098 1779097899.79356
-0.618143919296722 0.0521835750599345  0.273077637839633 0.677787892159208  1.42862794632857 -2.27870980934113  9.28387094060575 1779097899.81414
-0.608455524008151 0.0663547146894256  0.313251294342855 0.687566321357455  1.80861474599977 -2.38722470000039  8.93970807865841 1779097899.83396
-0.629104777465465  0.090606270866412  0.317467555172453 0.710470242823276  1.52370343933153 -2.67173380722525  9.04522800828171 1779097899.8538
-0.68665283814528 0.118788282064458 0.333275322489973 0.772447549461832  1.55210683692511 -2.73811851265771  8.99789376128942 1779097899.87254
-0.732820115299459  0.122767022222454  0.405984894542732 0.846711755988869 1.63916579618266 -2.8667708896874  9.0790022667828 1779097899.89227
 -0.68967000137743 0.0921881043709044  0.452042349751101 0.829750350018571  1.54771288295502 -2.78403263615844  9.15048779745853 1779097899.9145
-0.684750418349749 0.0165270804730172  0.481740568232406 0.837394921706598  1.48198564103548 -2.93158278426823  8.97327483062234 1779097899.93404
 -0.767626326573263 -0.0930570620800829   0.499773918659203 0.920697433375  1.62132445031972 -3.11058851401982  8.75369652056227 1779097899.95384
 -0.80686596506132 -0.188293712063425  0.501303578800989 0.96839686373699  1.34357300917403 -3.45906106570033  8.77692465335974 1779097899.97288
-0.823580356786093 -0.194555357541961  0.538483303959839 1.00304569181852  1.13404179696038 -3.62480194150392   8.7772996537795 1779097899.99261
-0.731487651857073 -0.168906665415856  0.577593522984424 0.947215880480705  1.25973167401725 -3.86769258621647  8.82096995051201 1779097900.01487
 -0.59677774160994 -0.129596692476917  0.586022002005742 0.846380979474866  1.24871863912636 -4.08195368559514  8.70075578574663 1779097900.03467
 -0.46520444051306 -0.112270380001281  0.567476091540492 0.742326696386957   1.4557441210769 -4.22395303292422  8.45369959406771 1779097900.05384
 -0.36673347025904 -0.107072318291925  0.537896880196038 0.65976584731045  1.55309457203388 -4.23363631348021  8.30713290425397 1779097900.07283
-0.282674376460969 -0.104408314600367  0.543350916998189 0.621318049205123  1.64866557465933 -4.14742082978031  8.20326684111753 1779097900.09239
 -0.178695727492111 -0.0536254069042741   0.549916897836511 0.580703402621093   1.3556701293612 -4.31844601040129  8.32970108174388 1779097900.1155
-0.0827635024987042  0.0129870817479358   0.560932249050712 0.567153814818583  1.33386106361305 -4.45902928087559  7.99312455775468 1779097900.13489
-0.0211710411740141   0.105267485788926   0.555739538979362 0.566017571930154    1.194234785104 -4.68670669576871  7.98224873730704 1779097900.15403
0.0337352271016418  0.162746877850195   0.53719965553488 0.562323822814203  1.22955370162533 -4.79705383152023  7.97625641235197 1779097900.17287
0.04817561072463 0.14652206572542 0.51899675485833 0.541430731272812  1.30613281875058 -4.88813603049575    7.964842737804 1779097900.19227
-0.0179861365588171  0.0997863313457517   0.514719543970856 0.524611305613329  1.26074399617121 -5.05412717138726  8.28346703670453 1779097900.21494
-0.159605729644108  0.100296629336827  0.483408939220439 0.518861836436047  1.26836908342849 -5.23971634749439  8.31993666645734 1779097900.23488
-0.287175396278066  0.105619252175781  0.452124657864957 0.545932084518889  1.13386288270987 -5.55666532551389  8.60379586803699 1779097900.2541
-0.496051056714007 0.0901804755962243  0.453039982374406 0.677823276876537  1.02318489144832 -5.97206977532391   8.4423278800195 1779097900.2729
-0.654599843337916 0.0503730828967145  0.448567389044357 0.795142191618967 0.895795537613683 -6.22051085908547  8.62019526347326 1779097900.29225
 -0.707432623486722 -0.0159391095095186   0.423292987505841 0.824555592581169 0.975342403031044 -6.50491291255132  8.78387138757335 1779097900.31575
 -0.656709352226742 -0.0720090279810532   0.392353197177183 0.768370681863904  1.12460251003523 -6.60862772537097  8.70633433699973 1779097900.33496
-0.535365297309196 -0.129389184053013  0.364826224339937 0.660647967134541  1.28822700921081 -6.65697359327254  8.65435673863888 1779097900.35406
-0.351261104831693 -0.187439273598931  0.328948018179709 0.516453912483229  1.21343858885162 -6.79157624674135  8.71099076251116 1779097900.37299
-0.143746684888195 -0.208114504274996  0.325321155887251 0.412078403673124    1.415986592377 -6.95739958740554   8.6833649874874 1779097900.39279
 0.118224743520808 -0.195445384440238  0.269466733308214 0.353253886941607  1.42458421750895 -7.10018071533527  8.50961564384705 1779097900.41461
 0.308445118477276 -0.117329319468058  0.206104410780779 0.389080439578489  1.39946292331107 -7.03860675138796   8.4524587016469 1779097900.4348
  0.419471166042225 -0.0309822831244355   0.110590814462633 0.434909518465548  1.40709247350945 -6.97322603543501    8.476339806408 1779097900.45405
 0.529319106476949 0.0454032288221028 0.0188756726592871 0.531598025473542  1.51636869468888 -6.72816450437167  8.47681975256176 1779097900.47255
 0.613190586300363 0.0875959144817847 -0.063478128122739 0.622659788416797  1.52757536645105 -6.55647411769969  8.52659942601346 1779097900.49225
 0.716068791965148 0.0954121665596689 -0.117565408769737 0.731901374293854  1.28283696160181 -6.44693093537342  8.63198325899937 1779097900.51469
 0.783933919189181 0.0694526502129362 -0.155133351467946 0.802148625265036 1.13183000061439 -6.3123014423095 8.64671699436204 1779097900.5348
 0.818152574003509 0.0283721830782057 -0.185217630472465 0.839335562072182 0.876386934227264 -6.26245141758682  8.61726951433197 1779097900.55376
 0.782024278538024 0.0198658733976966 -0.235129659330099 0.816849179374907 0.914878755062249 -6.13494397949423  8.66919232318917 1779097900.57258
  0.71906575065425 0.0243632334695834 -0.282084322280456 0.772800547221259 0.989405743865017 -5.65982468796115  8.81331549572053 1779097900.5926
 0.704804747885143 0.0354767178869827 -0.329207002526182 0.778707634909114  1.07760274329836 -5.37157541570985  8.93727145426511 1779097900.61572
   0.715372043015599 -0.00508435111721527   -0.323945213507132 0.785317459317426  1.10295902818132 -5.26724947702658  8.90932736028841 1779097900.63562
  0.746921198342192 -0.0885325258310762  -0.301616270634997 0.810371309570329  1.12064879914655 -5.13937238646095  8.89534858659612 1779097900.65413
 0.763937948587469 -0.144462674993838 -0.315032875354526 0.83887804018972  1.11627608518839 -4.84128617011836  8.92622808488473 1779097900.67291
 0.743520150896959 -0.183782407511169 -0.313546594884592 0.827592686811671  1.26697821846803 -4.61397366333034  8.92272940923699 1779097900.69342
 0.706688950570782 -0.144558963699469 -0.351277550999902 0.80231071579606  1.21211147614395 -4.44297630018424  8.97313049082742 1779097900.7156
  0.707021584993676 -0.0980956826972056  -0.369071440983422 0.803564566889544   1.2173179508209 -4.14479489602048  9.01069263994091 1779097900.73484
  0.709882356304572 -0.0641999133037771  -0.382349642324266 0.808854645561388  1.20277555206897 -3.99400945554804  8.98307435246178 1779097900.75391
  0.765180511801795 -0.0747405777770357  -0.397285369152251 0.865403393886425 1.13531852853488   -3.83254900616 8.90385774826383 1779097900.77258
 0.833812000852965 -0.101679125206449 -0.407486326700958 0.933609235021491  1.22488417329806 -3.88837746408946   8.5330114278129 1779097900.79253
  0.846700660077819 -0.0985496839589816  -0.402347636279022 0.942601542754915 1.21828074700825   -3.59250153016 8.64902900524406 1779097900.81464
 0.866072143169613 -0.047965203042789 -0.395769052753742 0.95342265601093  1.32654318180024 -3.08669884644616   8.8260641714267 1779097900.83526
  0.931262802669078 0.00502368835563851   -0.41121747833977 1.01802527452509   1.3047985666819 -2.93396184523229  9.12061320393721 1779097900.85407
 0.970213288479075 0.0146211891970754 -0.395783030948763 1.04793693126157  1.35244587897795 -2.71546786352403  8.98548122332474 1779097900.87298
   1.01543575446401 -0.0589339719698831  -0.387266102222378 1.08837402506057  1.11430530776976 -2.64346087845293  8.73560144068365 1779097900.89257
  1.02274346651264 -0.114899966715745 -0.389867787095895 1.1005467241606  1.04147331187957 -2.43184815981721  8.57368302593906 1779097900.91402
  1.01494971288954  -0.13761393880986 -0.413423584361871 1.1045268561497  1.31561754544352 -1.95370580683597  9.06787484695822 1779097900.93482
  1.00359613707328 -0.152236384275958 -0.431825322736288 1.10311116049206  1.44475747299243 -1.56323337835706  9.16974432304193 1779097900.95399
  1.04274440332673   -0.1358015495125 -0.450562603522695 1.14401250483216  1.31469717566598 -1.21775909744382  9.40266649102172 1779097900.97289
  1.09343953577316 -0.134469854859936 -0.419144087719364 1.17871706805661  1.20088772802618 -1.14869059806851   9.0024013127652 1779097900.99263
  1.08405421498685 -0.122234938316191 -0.435376164101115 1.17459240821798  1.39066956553442 -1.17821009925241  8.95993777364795 1779097901.0139
  1.02144562619183 -0.159940507158657 -0.442164512154285 1.12447391650728  1.62148787446382 -0.79046664373733  9.27597990899072 1779097901.03478
  0.97493573814954 -0.183701414326172 -0.452361278296925 1.09035619375003   1.73761536274787 -0.354090076443678   9.20794339465452 1779097901.05432
  0.96046360953241 -0.149645874729713  -0.44576355917534 1.06938738712794   1.60060782260377 -0.117580551101591   9.40443829570994 1779097901.07296
  0.960027396820807 -0.0882132016414973  -0.478780249979234 1.07641288517026    1.46784757038305 -0.0390394103877717    9.00642730943186 1779097901.09259
    0.94743976006052 -0.00630041432649065   -0.484497313243143 1.06415198195749    1.4001713743782 0.0334013391743817   9.11319516720977 1779097901.11364
 0.862551502200949 0.0599017755503206 -0.476093966071889 0.987040415177239  1.64668926958677 0.217927227552074  9.29466078353145 1779097901.13482
 0.771159201684486 0.0899479431203945  -0.47783325167298 0.911647828505403  1.68211125009029 0.368596479767252  9.51520548973258 1779097901.15415
 0.737557428308081 0.0922264047525796 -0.461703205076287 0.87502372502906  1.58805911598078 0.579201766859734  9.43323570954752 1779097901.17282
 0.710771947533027 0.0663391713064515 -0.470399328656947 0.854911209103276  1.55181921762008 0.650378873239504  9.17588668725097 1779097901.19199
  0.692225749678227 -0.0331088531539785  -0.455470333522741 0.829292414889991    1.509157232941 0.843035759767313  9.29159701945346 1779097901.21228
 0.691764454522663 -0.137194574667397 -0.438595866538377 0.830497890427035 1.54636071122004 1.14883039241667 9.38986529159914 1779097901.23486
 0.719521363422045 -0.194081731720667 -0.400243949384373 0.845916030127821 1.6430223420123 1.2802820927977  9.153257414573 1779097901.25411
 0.723979385331596 -0.210256333758762 -0.388632492856223 0.848168079318265 1.47895087678556 1.38195725763886 9.31427867984452 1779097901.27278
 0.721629278488427 -0.198731408064435 -0.370270743575218 0.835070902181812 1.43349659324775 1.70225819789133 9.14523024156378 1779097901.29182
 0.706007213370586 -0.171079651372287 -0.391106293964177 0.825032463375446 1.76870753699749 1.99055076527092  9.1642385423897 1779097901.31204
 0.759567310152085 -0.161330218851058 -0.438089617375425 0.891567412492376 1.72192286902433 2.43102494430051 9.30588615702049 1779097901.335
 0.761673043294056  -0.10675542415061 -0.466975465180675 0.899782546256102 1.65520723535572 2.63390760641404 9.10333460720113 1779097901.35459
  0.729923587841042 -0.0420354606402206  -0.485063037073006 0.87740616248831 1.42490355163977 2.88771776883818 9.11429245125414 1779097901.37283
 0.696805411839978 0.0453464753236286 -0.498153119286185 0.857759065850262  1.4377616009008 3.15098606405557 9.09039529027704 1779097901.3918
0.703983372048804 0.104390967654674 -0.45773951916755 0.84617700846621 1.51697537520302 3.35141553984511 9.00033618827142 1779097901.41198
 0.732695550597932  0.174436478452894 -0.487258713706265 0.897046213393567  1.5082499566604 3.67528638728042 8.77425520989146 1779097901.43571
 0.739161373558172  0.200538205217958 -0.495705681714351 0.912304352064777 1.39873802679083 3.95658295757297 8.87442946339008 1779097901.45461
 0.738298193405594  0.169182086950738 -0.505801691770043 0.910792046698042 1.55834001268525 4.14130528825613 8.80223166774993 1779097901.47285
 0.676737882769752 0.0954865165386447 -0.505967393102489 0.850349833715101 1.12945960573984 4.24242303712095 8.78723601832083 1779097901.49154
 0.657534710885547 0.0582886244388698 -0.490093394123561 0.822156307962098 1.11431058441417 4.58025173666989 8.88404797795281 1779097901.51182
    0.58459533135414 -0.00966813344978643   -0.432755884489286 0.727408296492118 1.01940541027605 4.81927230111241 8.95439407636815 1779097901.53558
   0.50431274236937 -0.0400708979928999  -0.417171430953824 0.655720231338132 1.05866576737718 4.80613917672364 8.93004186422589 1779097901.55467
  0.418322143759669 -0.0759113710393148  -0.376216375650729 0.567710061140829 0.997449041730573  4.92892332164843  8.64948926166549 1779097901.57252
 0.288395752772402 -0.101512634848963 -0.326886442213416 0.447584261736362 1.03920559831002 5.03345596201191 8.93262079648749 1779097901.59081
 0.215082932594537 -0.151824504669072 -0.272841463906304 0.379148799995477 0.964070483905157  5.38112971319921  9.19467909937995 1779097901.6121
 0.217405261317401 -0.169613277222342 -0.222490843087165 0.354310438339358 1.10491681274414  5.4061079098805 8.95929128108092 1779097901.63431
 0.181747627391096 -0.187520789064976 -0.150225499857156 0.301270554819379 1.02402252446682 5.22058489546154 8.99939883567257 1779097901.65422
  0.10032348610763 -0.227289098937655 -0.108233873549529 0.270997615753745 1.27907065091231 5.16139482994791 8.87852465395016 1779097901.67267
 0.0436557293047487  -0.257325710875265 -0.0985922779958149 0.279003192560576 1.34431599723548 5.24707279716641 8.59134496597425 1779097901.69041
 0.0109817855133521  -0.248740879051074 -0.0668267785685636 0.257795350730021 1.49587290414735   5.210399987115 8.67247002099521 1779097901.7116
 -0.0194128931993723   -0.168986719808417 -0.00196569923223237 0.170109482003357 1.40958075970934 5.37201063004159  8.3533136416664 1779097901.73486
-0.0666862268074442 -0.0917385991089005  0.0294423539256218 0.11717455191704 1.52145081826588 5.11626363141582  8.4098457498952 1779097901.75472
 -0.139127746684079 -0.0039828996299331  0.0270048184088897 0.141780300479822 1.49862928676538 5.20815350671486 8.48500906764045 1779097901.773
 -0.203855887225664  0.0833971993162323 0.00233181519256494 0.220267457815371 1.62522297717279 5.24385409967018 8.43865975614195 1779097901.79073
-0.286009302563927  0.184972603167041  0.038429095622289 0.342772490824224 1.37681273986941 5.30909571110906 8.69882120258911 1779097901.8118
-0.316966680124178  0.234922783014048 0.0793116918063191 0.402426309707988 1.08903917717415 5.30705407118051 8.66067294559984 1779097901.83484
-0.350442650133027  0.225054878504926  0.150201556281761 0.442741749647115 1.23366946967344 5.02044774292196 8.68365194748943 1779097901.8547
-0.37365397521593 0.158587031581278 0.159712277555634 0.436205400450792 1.24456846386524 4.95094501426112 8.90562445450819 1779097901.87279
 -0.44559275861497 0.0807739301388022   0.21055060236958 0.499408540654202 1.11726193120446 4.99524325288809  8.9365472589669 1779097901.89072
-0.535151470312445 0.0407953417015725  0.228967088901303 0.58350431350767 1.18402245570229 5.02071966824702 9.15484957713208 1779097901.91097
 -0.519204525389925 -0.0459877462260019   0.256926382920792 0.581119074053748  1.2202837939726 4.95077239545547 8.95252687210652 1779097901.93537
 -0.476218287951944 -0.0889257189291812   0.309838938478128 0.575058091903945 1.34859071749474 4.80918817625795 9.07096112850097 1779097901.95459
-0.464291573567145 -0.123162580762424  0.380112011760902 0.612552714523767 1.24288849645438 4.70972904010069 8.99751708291441 1779097901.97288
-0.434873234448349 -0.104760631160019  0.438346841005074 0.626288649825096 1.47319963637067 4.72542524416848 8.73365829098626 1779097901.99073
 -0.414403893758719 -0.0778510030795337   0.410982523769725 0.588810666247657 1.56464646061642 4.62101805782812 8.73197745730061 1779097902.0137
 -0.428111022902634 -0.0322767586405263   0.415769573927516 0.597649709849295 1.67604139151973 4.50223698512591 8.60549271158616 1779097902.03475
-0.399735149353286 0.0640400782863118  0.407679513435891 0.574536253800172 1.65627883337288 4.29538708165067 8.69565715604977 1779097902.05508
-0.43675673641894 0.123287731531801 0.414958135250551 0.614936228859705 1.66601024493843 4.14742153859318 8.77933907267268 1779097902.07281
-0.51531108241607 0.198359140153273 0.419564858870696 0.693488666772828  1.5018997573791 3.92965885508517 8.72136517603406 1779097902.09167
-0.579775468265512  0.254760114497189  0.430168065615158 0.7655631092315 1.24263727072515  3.7413295287119 9.09926734520161 1779097902.11149
-0.660653620880293  0.302387387069797  0.463487780035975 0.861813356176276 1.39309321582947 3.52123514730158 9.13478932329177 1779097902.13471
-0.66714434204315 0.285245590845876 0.443936641113839 0.850603527820475 1.30454739516203 3.33556984575114  9.3285574819285 1779097902.15482
-0.624197140406981  0.266110791887721  0.473342515609079 0.827339205365304  1.1280140460563 3.25142923497108 9.27414093044646 1779097902.17293
-0.60892118025346 0.245752080820168 0.489770156676687 0.819178793280085 0.904167599566969  3.13246739838213   9.5482123919093 1779097902.1917
-0.619489204858603  0.185651113866761  0.468848545244026 0.798781678178557 0.915263173708777  3.01562486792778  9.52055639025757 1779097902.2117
-0.645473111813706 0.0347622914241982  0.423460240132523 0.77276291962841 0.935651965798975   2.8413609663297  9.39182417964346 1779097902.23441
 -0.684974117126955 -0.0827544470240291   0.421137490117303 0.808328290497373 1.08713592814372 2.60095021830685 9.43345735221073 1779097902.25429
-0.767422792202687 -0.157904214099656  0.422180717868539 0.890004517607969 1.28280649043316 2.36951000113355 9.37669149163319 1779097902.27291
-0.844472666019646 -0.206631845983224  0.396651100535785 0.955595572920371 1.29489297580046 2.18155927589284 9.59964871810199 1779097902.29165
-0.885174637821783  -0.25622443113298  0.371200879118802 0.993466250665273 1.38868906259303 1.89770687783664 9.36810071035345 1779097902.31114
-0.952860683678048 -0.274075042377112   0.34857518151101 1.05098300106084 1.40436626573307 1.71491699932804 9.17226243256037 1779097902.33392
-0.961704846519431 -0.240666756539257  0.342018332082318 1.04870073853433 1.36121002198198 1.57586419297071 9.06774995928299 1779097902.35405
 -1.02958464455652 -0.176514111278364  0.374037133544147 1.10955195870085 1.48974305568736 1.34327659351928 9.15081707290619 1779097902.37282
 -1.11108386833252 -0.120436103565725  0.379228420484296 1.1801806693951 1.57888731919721 1.07379733536788 9.18005410077996 1779097902.3918
  -1.13830521714543 -0.0838642444466017   0.361369329788832 1.19723004113208  1.51241703228857 0.632452185018436  9.27522927301942 1779097902.41151
  -1.15284495258699 -0.0452991554796082   0.356691568170538 1.2076143312318  1.42701267256489 0.483705589947083  9.20400708413482 1779097902.43306
  -1.1484724885309 -0.026431088495385  0.342073610952087 1.19862505174104  1.43985301348829 0.435482502408947  9.26822166539155 1779097902.45373
  -1.13020346812253 -0.0192286067067427   0.345801465151225 1.18207794665699  1.46846145460931 0.245523910599711  9.35578737458203 1779097902.47277
  -1.15603789175956 -0.0144993133163684   0.332763818380975 1.2030650838978   1.60601989917873 0.0318275357877974   9.34217754332851 1779097902.49182
  -1.10217735315612 -0.0289370763022696   0.360247129724015 1.15991821550898    1.5026486969276 -0.249392279383593   9.37255026873029 1779097902.51096
 -0.993391544675294 0.00375368563923657   0.381047089850156 1.06397261988809   1.49996095725363 -0.773644447019285   9.35247720487073 1779097902.53358
 -0.932736199567841 0.00153987184224553   0.394793298985952 1.01284793434837  1.57012776882606 -1.29630704884503  9.10143608465983 1779097902.55385
  -0.95927872722925 -0.0176053096951799   0.386782138084078 1.03446896801447  1.50171383286872 -1.49429678038587  9.15588758102598 1779097902.57377
 -0.986948447167544 -0.0631860994984481    0.37916610829945 1.05916318771906  1.41426281971993 -1.53953380734341  9.01335051689825 1779097902.59204
-0.938481047978702 -0.081437512948413  0.347081080932662 1.0039143502669  1.27647235688708 -1.72785101607565   9.0958872904511 1779097902.6118
 -0.832534532515776 -0.0955653893791494   0.302767901650497 0.891019019857766  1.35241258235839 -2.05991554302764  9.16098762432084 1779097902.63344
 -0.798248109511479 -0.0891516093718758   0.296031098156583 0.856027140263694  1.42270801527764 -2.17569967416471  9.10505157696406 1779097902.65385
 -0.718825377430971 -0.0889628538657038   0.331942244539894 0.796749625865548  1.18042619567049 -2.47955545836771  9.33148193726212 1779097902.67281
 -0.668872386601618 -0.0390408897355209   0.362181744000027 0.761636446289426  1.1363263080517 -2.8088886200768  9.1054298803004 1779097902.69206
 -0.664115152392605 -0.0413295965782548   0.388809356739507 0.770668402803023  1.24674471352873 -3.11926571967535  9.03132173989817 1779097902.71149
 -0.659896229053013 -0.0882264264662141   0.377102505731705 0.765149158840625  1.53610577176329 -3.34493393529238  8.78815482593319 1779097902.73258
-0.705442898684112 -0.132434700490588  0.361266917868204 0.803556108273633  1.52954892045887 -3.67570920960082  8.84282247133678 1779097902.75376
-0.710293787502736 -0.181640726158497  0.351592744173101 0.8130978266602  1.61750683294797 -3.94245307103263  8.77229407101739 1779097902.77379
-0.825292088882721 -0.168202808915051   0.34163163227287 0.908906699870093 1.49622063793282 -4.3522615348468 8.86925838319131 1779097902.79191
 -0.94660134783353 -0.116074784460157  0.273355816680599 0.992094183946688  1.57688676905284 -4.45726276723266  8.76782139216194 1779097902.81055
 -0.999882760739876 -0.0570501173683074   0.235533230482022 1.02883242259264 1.67736363038399 -4.6124875680367 8.71336239545831 1779097902.8316
  -1.01757030906143 -0.0348817142419385   0.204297723078689 1.03846214544728  1.75343809399027 -4.93804859168624  8.49159414913898 1779097902.85364
 -0.988226869774156 -0.0394188175333609   0.229307932623603 1.01524790927313   1.8232741770337 -5.28062452439203  8.44852341750292 1779097902.87283
 -0.889730998939257 -0.0364306686508318   0.235436070309268 0.921074691485151  1.77318721081167 -5.46939869574421  8.44685567887482 1779097902.89176
 -0.730341151185697 -0.0236869693981338   0.220742791296499 0.763339144511721  1.98328179940593 -5.72464185440829  8.54738736588728 1779097902.91057
 -0.523075703364446 -0.0382715733201347   0.216266843587753 0.567313187234368  1.91128977940684 -6.00092438164245  8.30905107852355 1779097902.93086
 -0.325842541131313 -0.0407041458319451   0.189776857174229 0.379269619950962  1.94777636820267 -6.25693341298593  8.15245508495701 1779097902.9536
 -0.215781694522956 -0.0500760368126697   0.144408105674513 0.264429669550456  2.07120272173035 -6.28147092113946  8.18068614907191 1779097902.97259
-0.0852768956671383 -0.0330489648099465   0.102552232437831 0.13740940065227  2.01228289097907 -6.27967758323171   8.1681942697655 1779097902.9919
0.0370285783792909 0.0203344332737603 0.0653650585010812 0.0778279876792793  2.03657055659763 -6.28767891618217  8.18430971346899 1779097903.01088
0.0894607398058538 0.0557292563543891 0.0064531490828014 0.105596482486439  1.92406276688903 -6.26964908562853  8.20206977717939 1779097903.03086
 0.0940033474061769  0.0874541955202013 -0.0240947123212316 0.130634684519445   1.8729426948303 -6.05530803516484   8.1281400069178 1779097903.05362
 0.0886443998424305  0.0772272956297529 -0.0671253094252335 0.135379806393506  1.82288544605843 -5.86601043506528  8.12058478800538 1779097903.07276
  0.087126820718737  0.0645629961800005 -0.0860248685322952 0.138418717557606  1.80671095302807 -5.77925518157506  8.14521294080161 1779097903.09188
0.0724083132723349 0.0536659143604058  -0.10966338089216 0.141947353986547 1.79880861404169 -5.7000367951747  8.1108028290121 1779097903.11065
0.0338551161347356 0.0363202662568347 -0.126458867073434 0.135857188587723   1.7621800245502 -5.61396629748704  8.06426240416958 1779097903.13077
-0.0191670179263492  0.0571624032519825  -0.186518115279472 0.196020208777405  1.66267535959516 -5.41025332041533   8.1677149967662 1779097903.15373
-0.029581700930923 0.0830528878503769 -0.206179217493015 0.224238107680844  1.66715155236219 -5.30562263733017  8.18849688146191 1779097903.17286
0.0139704744475099  0.095309435704101 -0.192323013961366 0.215098127350534  1.62952564523124 -5.36064849467696  8.20835919422863 1779097903.19199
0.0853146018789721  0.097298695475195 -0.168996771180912 0.212850948094003  1.72635071247861 -5.42392150640762   8.1336434000595 1779097903.21044
 0.145546703211671 0.0702255988683986  -0.14797736085626 0.219118180163571  1.69794079343916 -5.44734166246133  8.08542217837425 1779097903.23089
 0.168079794625553 0.0669528341561439 -0.140362303527676 0.228987064295134  1.74915928739803 -5.48022973874848  8.10701848089188 1779097903.25378
 0.187668867888058 0.0958713142723228 -0.157244865122573 0.262938891155538  1.74519484354019 -5.40638284053449  8.23062484948851 1779097903.27381
 0.201043505594063  0.115323441740536 -0.189268428302338 0.299233228951048  1.87058095530966 -5.29980182264986  8.12795838341548 1779097903.29208
 0.211844894605658  0.141629477247145 -0.201709939401452 0.324998565918558  1.71896527095996 -5.33038857431109  8.26214175864105 1779097903.31071
 0.244000360203688  0.151088768197255 -0.243813208207782 0.376575187912672  1.66483146016503 -5.20957036222903  8.20680175809341 1779097903.33078
 0.312663153827548  0.174240330260574 -0.281586075924112 0.455421407714924   1.4581013972296 -5.29320769369657  8.18838417110541 1779097903.35362
 0.370616033641363   0.21642899266228 -0.302671209545937 0.525173889625965  1.53498977846928 -5.17062103784401  8.38856650774901 1779097903.37285
 0.375223982905043  0.201398179109558 -0.328092604935152 0.537586291965209  1.56435734944257 -4.97176478668991  8.52089154891222 1779097903.39199
 0.362319203018802  0.171314335580531 -0.332703956704529 0.520879764685122  1.53999626485932 -4.74371018163956  8.66036703205086 1779097903.41027
 0.375357054940464   0.14098601026837 -0.309230256469384 0.506352965135085  1.54659511785021 -4.57955959059426  8.73373739133431 1779097903.43054
 0.432240824780934 0.0969556262661648 -0.312815136195456 0.542296813106022  1.58002429509778 -4.55758462571114  8.93776779833017 1779097903.45358
 0.458767318863489 0.0511812319837019 -0.289581152778869 0.544925880656537  1.75177560842631 -4.40698858815771  8.80582120349579 1779097903.47287
  0.455350348067494 0.00932345154689224  -0.280665170614335 0.534980190502329  1.72229982585895 -4.29982438946928  8.84893668858197 1779097903.49166
   0.42479185595304 0.00632159518100844  -0.276563829607502 0.506927643058482  1.85079910529409 -4.15633856530663  8.82354675455262 1779097903.51006
 0.430432589437205 0.0147289276925897   -0.2589960234031 0.502561534042559  1.78461176620993 -4.06138286637563  8.98503634175403 1779097903.53016
 0.537993629785754  0.104311256716504 -0.268929756608528 0.610443443700848  1.71272926619607 -4.16051327724207   8.7800581120389 1779097903.55369
 0.650172900157315  0.215124629891344 -0.259167408297459 0.732237087293784  1.81272478256531 -4.05301746201553  9.09796174239993 1779097903.5738
 0.699714281945345   0.26482028887066 -0.259498118088721 0.79187696964075  1.87077908678152 -3.90529921363273  9.04630215521364 1779097903.59191
 0.679495862231054  0.307609229769171 -0.258855151844106 0.789521408616981 1.73514000527151 -3.8704539036877 9.14004224097816 1779097903.61028
 0.656248956920135  0.313264138752209 -0.269944038172047 0.775671900890809  1.72251763165894 -3.55580718026335  9.04965201675375 1779097903.63039
 0.738188189374524   0.24073717688853 -0.255992832320896 0.817562548963669  1.61991834190839 -3.32997532466083  9.18624658251712 1779097903.65254
 0.875724165758958  0.192811778596166 -0.263304235451188 0.934557818899491  1.47273612208471 -3.25444215587068   9.0838777518076 1779097903.67273
  1.00176751877234  0.144021332739961 -0.308500085131551 1.05804187463335  1.38201368629918 -3.21684747554607  9.25013244450417 1779097903.69168
  1.04661052276395 0.0940535575073408 -0.339245985759437 1.10423163190243   1.5229560815724 -2.80102743759353  9.18637916443904 1779097903.7103
   1.0684743032993  0.038882568995365 -0.329638276757439 1.11884341374752    1.451022667824 -2.42361086430803  9.19893190967623 1779097903.73024
  1.09819600168395 0.0139114567756801  -0.34780421596259 1.15203982543382  1.29655401434713 -2.07483366909922  9.40906652939548 1779097903.75278
  1.13916812229088 0.0275899034381884 -0.379674950417267 1.20109045520719  1.35970316320334 -1.87454241507071  9.35407801367608 1779097903.77282
  1.18546465253147 0.0239353159749585 -0.397579212146226 1.25058729070913  1.33051714735149 -1.68242501444815  9.53156249016679 1779097903.79189
   1.1779904364745 0.0124502016548331 -0.398665966964229 1.24368445723269  1.24637920066171 -1.40768003749599  9.50137770866235 1779097903.81056
  1.16564520353319 -0.016011652005456 -0.378524688934129 1.22566963479257 1.36243045294546 -1.2705190290506 9.35908270916364 1779097903.83041
   1.12515935947091 -0.0527184260308522  -0.370274134237093 1.18569209794667   1.35759528030671 -0.900440373751464   9.26862470582778 1779097903.85353
   1.06435835849532 -0.0821012215413764  -0.357057963154332 1.12565079617497   1.30475816918725 -0.585658610237466   9.36932679922602 1779097903.87271
   1.01219334642766 -0.0912370340725884  -0.352943472437939 1.07583858532558   1.37142331057731 -0.293220178564714   9.34346527704773 1779097903.89214
  0.959331490098011 -0.0908064670132601  -0.388985427490732 1.03916908400185   1.49243372277787 -0.137050039783756   9.40110153776624 1779097903.91073
  0.867403878129975 -0.0660785293677289  -0.426169775226325 0.968698372639687  1.49018786876406 0.034450048279894  9.47628540095633 1779097903.93043
  0.761574389485533 -0.0378239915057937  -0.484478461870656 0.903407762347795  1.51758978185922 0.304679422470269  9.39576209920355 1779097903.95248
  0.644970623221177 -0.0107613607515321  -0.496513348341647 0.814019911786543  1.48675647808191 0.500853627867172  9.40827332232697 1779097903.97289
 0.553820029805598 0.0134570415810342 -0.508405295921717 0.751913334303386  1.55868615537124 0.679482437312596  9.30075835582699 1779097903.99186
 0.498462278190527 0.0313077335573373 -0.516381288004934 0.718397140557381 1.50352870320171 0.79577866398936 9.41586851548766 1779097904.01036
   0.4830969188854 0.0663167860020548 -0.487055294185883 0.689204910557598 1.47783868216806 1.07641975161059 9.41913183871029 1779097904.0303
 0.552033653432252 0.0868785856187905 -0.463158647522953 0.725813320307758  1.4357183594962   1.231447297667 9.43360832758944 1779097904.05331
 0.619092524256015 0.0925064791971504 -0.434653008628712 0.762073644861918 1.27546298020752 1.41775115621458 9.70415750158164 1779097904.07287
 0.644272482373607 0.0754279418290087  -0.39843456895876 0.761266386814605 1.30989602325116 1.54201723002351 9.62319161378962 1779097904.09185
 0.670926143103294 0.0445878286907171 -0.367714414923923 0.766383621243081 1.29718050686835 1.69676242330588 9.55605810246405 1779097904.11013
  0.681550050288058 -0.0174016690002643  -0.340807789678779 0.762209445387149 1.37352366815864 1.81035973280907 9.49219238508494 1779097904.12985
 0.697937368830193 -0.063902234966291 -0.341198225024427 0.779497463243543  1.4319663239147 2.02962923829258 9.46907589762722 1779097904.15179
  0.700978972174537 -0.0853023583660532  -0.329016573549077 0.7790378151564 1.47633401775654 2.11764946104154 9.47858218998599 1779097904.17253
  0.692496574022675 -0.0769538715911845  -0.312873965258779 0.763782378379317 1.35908818048141 2.20102729802672 9.42976541859652 1779097904.19158
  0.683027335987492 -0.0620332682477053   -0.31231601259759 0.753601857614829 1.41624392269322 2.24399870312986 9.26387115016935 1779097904.20982
  0.644803154142791 -0.0508441207046386  -0.321546496666126 0.722321522399117 1.33462507599659  2.3417151588407 9.30425430941415 1779097904.22833
  0.598399547807355 -0.0328443197736193  -0.306845887333487 0.673286838376419 1.45412981552453 2.59357909137203 9.12127196044408 1779097904.25057
  0.615906701909575 -0.0302908331328014  -0.302677992631187 0.686929812464312 1.35110959724106 2.73137063993756 9.29797464127112 1779097904.27276
  0.676034749059306 -0.0217628404336717  -0.289533557615927 0.735748791467003 1.31463636833404 2.90017787035093  9.0274740409893 1779097904.29177
   0.721897182618506 -0.00570409575453615   -0.310368752750251 0.785809672671863 1.17844724918872 2.93131463111239 9.08788345752218 1779097904.31268
    0.716953341992909 -0.000480199488158482    -0.340261199762981 0.793599400989248 1.16995054972946 3.15540297135627 8.96464673627992 1779097904.32859
   0.649892547554329 -0.00201585546657675   -0.357091260803394 0.741537966379386 1.12548750950317 3.29555745712041 9.07260808131261 1779097904.35057
   0.627183220013508 -0.00524455283775486   -0.407346526064707 0.747875316545455 1.07160832915996  3.5515274210846 9.07374181151834 1779097904.37281
  0.675276327040109 -0.0285470973713409  -0.425869130150745 0.798860169644513 1.09655126752422 3.69522021417641 8.90788454563544 1779097904.392
  0.707601892134354 -0.0468251446229549  -0.414212223400244 0.821258058064122 0.955311611316824  3.73583761623731   9.0183898104459 1779097904.41032
   0.70690569239579 -0.0574156013701393  -0.396955426719229 0.812764307794154 1.03648821299077 3.84329746142491 8.89108212179759 1779097904.42998
  0.631283936511451 -0.0707818834832519  -0.389010240518836 0.744888213596746 1.02712201767834 3.90228975481953 8.96493199687535 1779097904.45078
  0.601198871164314 -0.0947537124731547    -0.3839729329461 0.719620429081832 1.02715883706426 4.20930789793067 8.86218487845237 1779097904.4728
 0.595977089412325  -0.10242560199671 -0.354462778096062 0.700944759666803 0.975112542070868  4.36877125190847  8.69936711733873 1779097904.4921
  0.556350601550274 -0.0904812785075652  -0.353560326908766 0.665370391864222 0.917798757805575  4.58753694965432  8.64553940334001 1779097904.51017
  0.432101559724678 -0.0754839302846033   -0.36502798210948 0.570661904607824 0.960640169763842  4.69869804995346  8.63064162437617 1779097904.5286
  0.287898397276563 -0.0481900926042708  -0.356651250656407 0.46087730121411 1.03455536902488 4.87876334639932 8.60885695909577 1779097904.54998
 0.211393868562807 -0.025493660858187 -0.355938452838347 0.414764362763796 1.02595792996313 4.97636039154536 8.75668228004722 1779097904.57257
   0.17454573762771 -0.0281419479306339  -0.330366590094432 0.374700237000131 1.00725526636726 5.04639691609714 8.53098650349446 1779097904.59216
  0.132403760392787 -0.0336566539794813  -0.273090711792709 0.305355633631826 0.896997336749005  5.17074359440091  8.49987111522787 1779097904.61012
 0.0442901071296706 -0.0315307799447395   -0.23139226862403 0.237693469940713 0.919933127196986  5.38755897995177  8.52883808372416 1779097904.62861
-0.0225533064982215 -0.0251302034456234  -0.214314134864027 0.216957892600702 0.965567992557792  5.36175307447293  8.56435476478375 1779097904.64987
 0.0069425502295857 -0.0147304971566501  -0.164393178059839 0.165197770998238 0.908255357237954  5.32700320877853  8.72476148343638 1779097904.67271
  0.0458354201135012 -0.00991219210477671   -0.132000259499242 0.140082853330343 0.998181875600961  5.31613903604085  8.48655986472447 1779097904.69222
  0.053687501082639 -0.0309087689588221 -0.0871204036907515 0.106900254958946 0.977035318678967  5.38028274625516  8.60012208154663 1779097904.71026
 0.0453295756514829 -0.0445860026833967 -0.0931536791384884 0.112784263091372 1.10044615129933 5.56120551486218 8.42802084237394 1779097904.72983
 0.0290797553256897 -0.0532971187178282 -0.0923751036295817 0.110541280994931 1.04769603754197   5.652556755909 8.50776433627874 1779097904.7501
 0.0162399053618637 -0.0312060515209359 -0.0986099955220312 0.104697103085733 1.05996090772956 5.52171226322557 8.53986872066473 1779097904.77291
-0.0109458834479344 -0.0193947730322121 -0.0733537773324376 0.0766599389144266 1.03078756283204 5.57275675176396 8.60555130737058 1779097904.79271
 -0.0555650280667498 -0.00656325026009373  -0.0299517097502727 0.0634637968845222 1.14458318612785 5.61852142481648 8.43194698303725 1779097904.81139
 -0.0871554718650289  -0.0122634841901059 -0.00638195356784927 0.0882451055404151 1.15095021941747 5.61023314085036 8.44897928468023 1779097904.83002
-0.149337380583216  -0.02396405619529 0.0351344425299499 0.155275105154296 1.16452423353797 5.52421874137873 8.44911208320822 1779097904.85015
 -0.19505901823644 -0.028420604109513   0.07454708220064 0.210743965033266  1.0707299843736  5.4948030741282 8.68962663018927 1779097904.87234
  -0.218311252653726 -0.00932209508108243   0.0983944215545539 0.239641746540529 0.940593922609084  5.53901978170793  8.71390741827836 1779097904.89215
 -0.265332995466086 -0.0103919873383181   0.137378157632416 0.298968811213349 0.963111573706554  5.51355412462903  8.58026047248015 1779097904.91034
 -0.305767859034591 -0.0240311683665017   0.159390720102795 0.345654281510506 1.14287148547912 5.35005615883004 8.59423958643146 1779097904.92891
-0.323067252481588 -0.050574052394841  0.185017746459215 0.375714986268161 1.12661341739022 5.28308184194291 8.62017187001644 1779097904.94993
 -0.292329387846688 -0.0441617067425315   0.218508244375194 0.367631038136284 1.11458534922003 5.15818890433364 8.58247368376116 1779097904.97271
 -0.286006111011031 -0.0211075159716287   0.246405486950384 0.378101423913482 1.11135762897307 5.03751817003723  8.5776157536312 1779097904.9925
 -0.306334210526737 0.00537013912720138   0.279249131222653 0.414547420956748 1.09363158580038 4.92264565855019 8.80386287248176 1779097905.01053
 -0.303053640384601 0.00827359853894597    0.29633130442582 0.423936555826282 1.18592774507667 4.94448208080721 8.61611726202514 1779097905.02988
 -0.304877479939214 -0.0186944747079239   0.313651275673923 0.437809186621947 1.20839875316061 4.83040135208134 8.49378864725658 1779097905.04991
 -0.30519864671686 -0.045742160856894  0.326236462330597 0.449075482064701 1.22351056376645 4.64918406159884 8.54536473831012 1779097905.07279
 -0.308133507388997 -0.0182149349566399    0.34555121037738 0.463339703915596 1.21120157388645 4.43790004893841 8.59186982615457 1779097905.09273
-0.366706117820204 0.0405195980343257  0.347573604141728 0.50687535446863 1.16251264273458 4.38768105336275 8.89910775934499 1779097905.11068
-0.447994049527127 0.0748644257058328   0.33852228777133 0.566480970524089 1.22315906531988 4.35104919555681 8.74729944748709 1779097905.12965
-0.450705387257731 0.0828892139275986  0.321877814024514 0.560010084775155  1.1334933376622 4.29052573539038 8.63794429281407 1779097905.15001
 -0.41889094598939 0.0861027130739697  0.358248217926323 0.557875512527634  1.0343924087588 4.12010733492524 8.80666968270782 1779097905.17271
 -0.42006113227889 0.0914651620618547  0.380358056798166 0.574011743863923 1.16814129780495 3.93852913919653 9.05826881081196 1779097905.19266
-0.464220959053128  0.092258659545381  0.401179507250617 0.620449640279664 1.16257633431879 3.90235609890798 9.05041982211859 1779097905.21072
-0.479563761582672 0.0450063984499866  0.414890736267694 0.635721086928466 1.19625807166482 3.75432962227767 8.99727708906811 1779097905.22974
 -0.445431108810919 0.00746265469594417   0.414317086862517 0.60837752455024 1.19665329525509 3.63178787169153 9.00115655920102 1779097905.24978
 -0.421526602025805 -0.0192205937899588   0.432425122049009 0.604190031049967 1.31336589378797 3.40328923999421 9.30160198878673 1779097905.27287
 -0.445494404839825 -0.0368133749443221   0.441069715836007 0.627983266931561 1.40439280921813 3.27945458124081 9.29048115916204 1779097905.2937
 -0.480669847212779 -0.0313568474485651   0.460458713705218 0.666370003022745 1.49774666717262  3.1611689211884 9.26791288470704 1779097905.31156
 -0.489828816712297 -0.0270853140823123   0.475393820294857 0.683128954367508 1.54118486265907 3.09596826377202 9.25642530535665 1779097905.32975
 -0.459896629890987 -0.0190779844326092   0.491779494098876 0.673584404875324 1.58630000567858 2.97899982477341 9.10986786543567 1779097905.34969
 -0.428450912481193 -0.0226854863120373   0.483118545557333 0.646133380004944 1.58622906939049 2.73928362156371 9.37315665337779 1779097905.37253
 -0.425924986498726 -0.0289733930962912   0.499291558061613 0.656919790829173 1.59081616838963 2.65708977752667 9.40918929711288 1779097905.3937
 -0.416227995333459 -0.0312054604840821   0.505347074055723 0.655435115110576 1.68366180135296  2.5760830467289 9.24990851598984 1779097905.41177
 -0.399846865156316 -0.0501833582949771   0.504853449883171 0.645966632949438  1.6799543322677 2.44673991645316 9.21279581303678 1779097905.43027
 -0.364850147079496 -0.0600646640622127   0.501451561704076 0.623038572183371 1.60945142013117 2.33704704859553 9.24085142383494 1779097905.44998
 -0.327065341877595 -0.0688434550220326   0.511217766990551 0.610782092438607 1.68175364380233 2.13822439405916  9.1860900920884 1779097905.47376
 -0.344933366297109 -0.0733393752404953   0.513232628833586 0.622708135843073 1.62558792318768 2.10981984535659 9.28136211950272 1779097905.49361
 -0.376886296224585 -0.0715064272074432   0.514721940451291 0.641946357101434  1.6734575089524 1.97765837474745 9.15306553124151 1779097905.51184
 -0.394648172870815 -0.0518488526646522    0.51598402919644 0.651670930960332 1.57064707128312 1.88383343907088 9.29144073182124 1779097905.53035
 -0.445950106008369 -0.0123694533395734   0.536349988068833 0.697635872161282 1.63209030004983 1.75857429543676 9.04506878387132 1779097905.55014
 -0.502123518065026 -0.0106937406722955   0.534582668969927 0.733499157086479 1.67422924486043 1.60056645626798 9.17203989826074 1779097905.5728
 -0.550786076670912 -0.0391570775193476    0.52107499191177 0.759221789841574 1.72132758315807  1.5093810754605 9.13576498793384 1779097905.59343
 -0.578679280765986 -0.0446339229405936   0.522466682781607 0.780918261844172 1.79782117998336 1.36838293342502 8.94874442992082 1779097905.61187
 -0.636125976904499 -0.0382747129659266   0.506720239215155 0.814178489629633 1.70851484186497 1.25232397184666 9.20959293991984 1779097905.63061
 -0.675112354103188 -0.0182831502251206   0.503084435036543 0.842143047837444  1.7921760237274 1.18639595437861 9.04653196163881 1779097905.65014
   -0.689565332796088 -0.000563928120566271     0.521353337943912 0.864470918651613  1.69254055910788 0.975733672955306  9.32907619401378 1779097905.67274
  -0.652410242309641 -0.00315509980514648      0.5224201312851 0.835806121356649   1.8149607878148 0.749594212623022   9.1942694382552 1779097905.69342
-0.647738487420478 -0.011096829388493  0.526120911392288 0.834560663530517  1.70153424499464 0.594947834486893  9.45824260346326 1779097905.71184
 -0.652083129646959 -0.0168845544516079   0.539812053514301 0.846696255612678  1.78315340328513 0.367373908729938  9.33166308224704 1779097905.73049
  -0.667251183654758 -0.00125745712955753    0.538153627467732 0.857225203808069  1.84794638219532 0.178636019704212   9.2209034340498 1779097905.75009
-0.642103150985661 0.0327671994909847  0.562097026273995 0.854004222948731    1.91828678871384 -0.0665814444884719    9.21636558806106 1779097905.77374
-0.580765226529029 0.0477532287374158  0.573201424256286 0.817391272261698   1.89986977051523 -0.210567569665242   9.37116479247421 1779097905.79361
-0.579494291165136 0.0409411148258375  0.576886446627513 0.818711048342871   1.88331900856558 -0.406062740834167   9.23834057877806 1779097905.81231
-0.630038001552761 0.0223667278482878  0.557684024205278 0.841700436479053   1.69449142513355 -0.618621951036268   9.30123497334178 1779097905.83103
-0.716501933354703  0.029527780760618  0.538470440182167 0.896770497556454   1.62719946037555 -0.840902341185376   9.31830926110543 1779097905.85064
-0.744799393860414 0.0587447856527537  0.529519060655358 0.915733325009832  1.59285752960006 -1.05568135743864  9.52363447841942 1779097905.87285
-0.720300542357036  0.067595738509659  0.514739083298227 0.887895477553076  1.64076289465959 -1.22148769238032  9.42968561532031 1779097905.89284
 -0.69017921693323 0.0599205960849207  0.497391329505245 0.852839940427707  1.57230688520237 -1.44561893363498  9.48713886005314 1779097905.91202
-0.690215431518835 0.0329309076434073  0.483827986593366 0.843546861292211  1.52610567499392 -1.52386675282525  9.42826698028961 1779097905.93083
   -0.71639975850066 0.000703623235065709    0.463550096333555 0.85329233025752  1.59101663220878 -1.62539564860201  9.26028750946893 1779097905.9505
-0.705135509204329 0.0112526896516108  0.443965501951345 0.833335512436709 1.54960936593792 -1.8166763149813 9.46009065564427 1779097905.97272
 -0.623807255289707 0.00623403118639029   0.450270337189287 0.769361898880797  1.72814839554002 -2.07052211309526  9.23143351617088 1779097905.99274
-0.511334392691435 0.0330296490510966  0.451596729226831 0.683003239167963  1.68299753274102 -2.24823854784299  9.45139483036961 1779097906.01199
-0.445709836072092 0.0581636137613352  0.440173527378737 0.629120813629806  1.78117927642888 -2.41332626723044  9.24616937726763 1779097906.03073
-0.419192219692819 0.0894844473710063  0.399408572819993 0.585881209303038 1.69476003550589  -2.508143457345  9.4147012426027 1779097906.05014
-0.437978329981561 0.0930202620217822  0.375060394769554 0.584078835778811 1.79208228607361 -2.5990409929255 9.15864387689417 1779097906.07284
-0.424986836998892  0.073895072371355  0.360496115919455 0.562167006267802  1.69422391756111 -2.68981040423239  9.37911640521633 1779097906.09377
-0.407797600715711 0.0382454926007942  0.351914398909932 0.540004949064272  1.80928879351765 -2.81247851997264   9.1309587386619 1779097906.11253
-0.393597435952652 0.0277627973699572  0.353029759579742 0.529452288365286  1.73161121372842 -2.93052308354635  9.30019419082762 1779097906.13099
-0.423896519721014 0.0752900888650154  0.336222504461128 0.546262235029114  1.63398755097355 -3.08340446558883  9.32080345551766 1779097906.15112
-0.480104869364058  0.122913159787553   0.32218404097647 0.591109877007623  1.51359727766794 -3.29269957670419  9.45104533474637 1779097906.17278
-0.542790020152318   0.14649123696132  0.309629876403869 0.641834362468454  1.47566199803896 -3.34462883779559  9.42391339989851 1779097906.1935
-0.561903685700255 0.0907334349716057  0.300874991204439 0.643812137628322  1.59065863869035 -3.55314358205995  9.32978578641341 1779097906.21337
-0.567516309554135 0.0458304157008463  0.285122311911545 0.636765201124434  1.46910269860849 -3.65938268405253  9.41113136561877 1779097906.23179
  -0.548366697366338 -0.00895211828375527    0.284189427418245 0.617697179739831 1.48396444203526 -3.8267921539218 9.27023850268891 1779097906.25159
 -0.512773594208857 -0.0556494107686808   0.246978828162281 0.571867255048918  1.34225655920329 -3.89985742852273  9.36364764821578 1779097906.27256
   -0.4514697436559 -0.0721001445741976   0.206767843183825 0.501773157172875  1.34636896615894 -3.91574476877645  9.16663010022983 1779097906.29389
 -0.350230492362746 -0.0862269112408462   0.196033770504548 0.41051883900866  1.43189669074677 -4.08593548821358  9.20628825810825 1779097906.31281
 -0.246936550321868 -0.0776326770536969   0.169293272234787 0.309297113558063  1.33672469143372 -4.17729573455753  9.05892584606558 1779097906.3318
 -0.172477357761814 -0.0361202223348204   0.140539688726367 0.225398565898982  1.38997868299606 -4.31295990913208  9.03727126879464 1779097906.35167
  -0.140694054158376 -0.00295144730046352    0.117720485637758 0.183471089426855  1.52302460872493 -4.33733987596008   9.0869113870112 1779097906.3737
-0.0588156809256671  0.0193923678548726  0.0926538285622426 0.111445413548562  1.57238309165508 -4.35960099429145   9.2433694608377 1779097906.39427
0.0478425916824513 0.0279042431560628 0.0841810996065614 0.100767146907989  1.71807462313542 -4.28243368077691  8.97056988745879 1779097906.41367
 0.140466544651241 0.0342511942858958   0.05628693304331 0.155152226241492  1.61276537046013 -4.40580752180764  9.07286938841688 1779097906.43256
 0.210153207175081 0.0294679446639376 0.0328032487029264 0.214729558687562   1.6437312567994 -4.29256736652221  9.01282250839032 1779097906.45176
   0.241524293026612    0.051656967085129 -0.00246304796278373 0.2469989736329  1.53113177463308 -4.27949824353087  9.07479035867371 1779097906.47277
  0.247417670110402  0.0673605036783205 -0.0415637723854681 0.259770067778348   1.4863706170307 -4.21889330485069  9.16239117023287 1779097906.49452
  0.234006602106932  0.0790373022975992 -0.0508043095159108 0.252164753384573  1.50711365426403 -4.13477083110627  9.11938580125686 1779097906.51399
  0.279883806732488  0.0674021351689851 -0.0694958088506486 0.296154791526682  1.32911015353352 -4.08255907532979  9.08997816994723 1779097906.5335
  0.326634190249509    0.09572730639668 -0.0906524635063266 0.352237818199128  1.27344236723879 -4.12706714846778  9.00365237980859 1779097906.5524
 0.340904287672129  0.132113157156751 -0.126090005208331 0.386740622459812 1.37745072884897 -4.0391098466885 9.14432808306731 1779097906.57275
 0.346204005417668  0.110474155583968 -0.148640969457356 0.392626909699845  1.48379546489142 -3.79104562387503  9.16139333094818 1779097906.59544
 0.349689224266182 0.0474598231046787 -0.182492359305046 0.397288874223446  1.27280104420343 -3.56449525817983  9.30237231948559 1779097906.61479
  0.369673773969984 -0.0105484762304832  -0.218981162017358 0.429793809669786 1.27316518932124 -3.5669842641173 9.22381887725533 1779097906.63376
  0.358326347738015 -0.0476040152544225  -0.255585862139639 0.442705372315799  1.34831870295315 -3.51229161232063   9.1667337045913 1779097906.65337
  0.411928612224195 -0.0850858833989473  -0.267769021459231 0.49862314223867  1.36975005298728 -3.45930562299701  9.26311443743711 1779097906.67361
  0.415590715721048 -0.0929845522686916  -0.257110241338699 0.49746099963252  1.48371178061119 -3.21846813716408  9.14332008110723 1779097906.69586
  0.459742964054645 -0.0452045322342038  -0.257674102665503 0.528964068644305  1.42431476484979 -3.25797899034874  9.35942450229494 1779097906.71567
  0.471155837672286 0.00769881975698007  -0.267713366720894 0.541957140297422  1.50302069888777 -3.16706150599734  9.33203497488065 1779097906.73392
 0.475187343186539 0.0417664055165179 -0.246818935919627 0.537091268671302  1.55048662375037 -3.08505314957087  9.30737767848396 1779097906.7535
 0.507054338837424 0.0582414949452974 -0.246715235873946 0.566890273227242  1.47771316548038 -2.91948176322002  9.34973208411849 1779097906.77277
  0.55868997478224 0.0674078749034751 -0.244456677291683 0.613544926304238  1.52394658195309 -2.89807011218271  9.28914454861337 1779097906.7958
 0.621498641074484 0.0676098721346183 -0.264819775005659 0.67894121166824  1.45787298087993 -2.93454909410299  9.46118376108734 1779097906.81579
  0.64975275065508 0.0482226997816807 -0.284798983663996 0.711065768304255  1.39733789099675 -2.83308203445192  9.47177996370986 1779097906.83395
 0.658299502759315 0.0218580429807767 -0.319329718003339 0.731988714514235  1.41322342147033 -2.70645685224589  9.32580445003454 1779097906.85268
  0.648270741357642 -0.0142304617595875  -0.338922590522443 0.731659745037761   1.5088090119858 -2.64882549003608  9.34113212408198 1779097906.87274
  0.649842320107615 -0.0397179296459784   -0.37513697007467 0.751398896229569   1.2597362126956 -2.45180129138914   9.5024969722054 1779097906.89577
  0.665426345160747 -0.0273496501049844  -0.412596851116225 0.783438820678347  1.37018067255964 -2.39194732474982  9.34367336232917 1779097906.91571
  0.650700202745721 -0.0355628613717049  -0.440237604483847 0.786437931030759  1.30446839253915 -2.20248364462498  9.48549260921411 1779097906.93433
  0.623481216518063 -0.0538859488337459  -0.472734370486449 0.784289683644874 1.47342936159293 -2.0883705198615   9.318839618465 1779097906.95363
  0.607618564504643 -0.0621056350253465  -0.511878951143887 0.796917492879125  1.54216173030764 -1.82323819960598   9.4057406359103 1779097906.9728
  0.614731324456811 -0.0681057159076615  -0.521158750186049 0.808788867816073  1.48460993967936 -1.53953780653206  9.56912173074026 1779097906.99616
   0.69399132120754 -0.0531761736913867  -0.529932288517983 0.874802771928479  1.51706672143387 -1.26199322642625  9.46095684182792 1779097907.01603
  0.741639649479255 -0.0466602316213574  -0.541056874538427 0.919211122854789  1.47784580898694 -1.09233935417004  9.57925378244901 1779097907.03476
  0.741214715680765 -0.0281175600424753  -0.542153422752123 0.918760135033243   1.45076129221053 -0.786814074493611   9.53036177534223 1779097907.05373
  0.702807052428099 -0.0100363485083943  -0.534323279175661 0.882915538374473   1.42345502024005 -0.597628162774192   9.59271440962327 1779097907.0727
  0.646210250707382 0.00297001794825628  -0.522655118098601 0.831122663390052   1.46114815421457 -0.249123175001737   9.59636512118269 1779097907.09595
    0.6229076423581 -0.0183589710681777  -0.483754891993727 0.788904162908696    1.52052632414366 -0.0812932452957821    9.44798625232268 1779097907.11587
  0.631255440765093 -0.0184157070171152  -0.499848756187588 0.80540135884089    1.15805313483431 0.00370209903202809    9.34958595227002 1779097907.13453
  0.643336786868543 -0.0158509416306617  -0.512226607276837 0.822502018776403  1.46454442652037 0.263545797370231  9.43609901690186 1779097907.15354
  0.635184754430396 -0.0518493760243084  -0.487645775289723 0.802462729485194  1.52606910829884 0.577106208950379  9.58384937741164 1779097907.17277
  0.580541365279205 -0.0586807289426184  -0.481783929520263 0.756695090174018  1.57540542959537 0.748471809678923  9.24825451529473 1779097907.19544
   0.54617352858732 -0.0411445495437455  -0.465291452492395 0.718675540873045 1.46686804191426 0.87110902199136 9.28119105666076 1779097907.21556
  0.549349864614319 -0.0326578852237052   -0.46397536726856 0.719808969554458 1.46045843897283 1.02868745813505 9.31403455966488 1779097907.23384
  0.571750543450919 -0.0244782731773758  -0.437827946169305 0.72054922124793 1.38202062835804 1.18372078379436 9.20048927076588 1779097907.25245
  0.506605724012118 -0.0156929947572976  -0.440973018871637 0.671827978770652 1.39290319225386 1.43625774764021 9.26673455558825 1779097907.2737
  0.488371055594348 -0.0223784326266084  -0.423288025916568 0.646668257357284 1.53961888136238 1.60548281252168 9.10513585215885 1779097907.29591
  0.511367526309202 0.00508616515471852  -0.423120824699316 0.663742305668249 1.41396621263846 1.84191412042516 9.34978174910455 1779097907.31594
 0.547480195062634  0.037012480300078 -0.428141769801428 0.695995591029485 1.34574644598842 1.97745450663853 9.28159161316266 1779097907.33414
  0.59343259537976 0.0774229726557435 -0.393695737777086 0.716346910301045  1.4136300777697 2.02806521002265 9.30750141485635 1779097907.3535
 0.642038132109711 0.0675444508633431 -0.363279007314943 0.740774495431023  1.3982621005371 2.11829621565427 9.37917095331626 1779097907.37267
 0.674226259103586 0.0485154493300013 -0.331724090285459 0.752977867778478 1.40932101618859 2.38833043301412 9.14405043332399 1779097907.39608
 0.679891198899057 0.0283600655776735 -0.322083599931409 0.752857344391846 1.38282204303601 2.62622069092899 9.11332729684034 1779097907.41598
 0.671510560077857 0.0116751458166548 -0.320692232300563 0.744248781781896 1.39025334282731 2.69727935725053 9.24295117149484 1779097907.43449
   0.671643357536844 -0.00607501609861443    -0.30601317540744 0.738096043253795 1.28749409035203 2.91143409955325 9.26333727637237 1779097907.45271
   0.675405606432376 -0.00378367265895229   -0.309649797159557 0.7430141628933 1.24903099097541 3.17491689503533 9.11511382884746 1779097907.47269
   0.649899130303663 0.000248962744700267   -0.309474771660388 0.719821905644831  1.2023292165374 3.41188086239517 9.24014228425041 1779097907.49593
   0.56345801892859 -0.0587773972782061   -0.31125841695135 0.646391153751961 1.30364904961349 3.52994242666048 8.96154177658702 1779097907.516
  0.49868764705171 -0.102079886337006 -0.307767772750074 0.594836678811998 1.23518697901242 3.65852140993231 9.10011713153582 1779097907.53459
 0.510245762852661 -0.119032466322493 -0.301435072660605 0.604468832594215 1.18147602298009 3.87565951425827 8.88694946908242 1779097907.5534
 0.544940640633049 -0.122612190185428 -0.283482211013223 0.626383440838413 1.11560709229307 4.04681472936534 8.94101741505214 1779097907.57371
  0.542970566486025 -0.0786493282946396  -0.270394317285794 0.611650095832416 1.03442572723369 4.29231908370478 8.99993161920397 1779097907.59645
  0.490969779815508 -0.0506573734795407   -0.27147249618833 0.563307030283359 1.26071992991101 4.29246672199362 8.86529708010885 1779097907.61645
  0.450606731329433 -0.0545989511124219  -0.283839082335254 0.535342970854098 1.21433183538948 4.44065645532669 8.93487462915549 1779097907.63583
  0.453738817680703 -0.0675279987867953  -0.270537313394157 0.532568665271399 1.19858271717617 4.63318096047392 8.70817980288009 1779097907.65357
  0.468118912703762 -0.0576563199649068  -0.263211068022226 0.540129275259404 1.10811797337925 4.75839965955801 8.70310195268936 1779097907.67281
  0.436641891158945 -0.0612830428124087  -0.237731786114391 0.500927294704876 1.11280082285766 4.85807714042282 8.78066593142507 1779097907.69684
   0.37148487978244 -0.0513863365013891  -0.239566154061465 0.445009565804837 1.21621592622213 4.98497410358712 8.84359151363818 1779097907.71617
  0.264970705238759 -0.0389148932488596  -0.237781599560569 0.358139543531398 1.23029195315112 4.99971056883535 8.73550190430588 1779097907.73471
  0.200825788844372 -0.0607208251052174   -0.22796861663145 0.309818828083898 1.31674359217252 5.08253173548657 8.69636109460629 1779097907.75271
  0.116448823811128 -0.0818431774510227  -0.181791660244419 0.230882745125522 1.31052192813117 5.08494689436992 8.75641664378118 1779097907.77266
 0.0510312404087264 -0.0926280272632538  -0.131240172345294 0.168547090658836 1.29567957048902 5.16317026432281 8.78134060308789 1779097907.79616
-0.0479493824805359  -0.081964472510472 -0.0695432745021733 0.117701253445617 1.40503727318049 5.18994154947561 8.67449217605533 1779097907.81664
 -0.125584217265289 -0.0724738102069664 -0.0403063675965239 0.150494026661781 1.40036817067153 5.19697307784312 8.82929326241766 1779097907.83539
  -0.173084260450537  -0.0459347580652923 -0.00110072402721278 0.179079241699339 1.33408503253644 5.20104283461517 8.86275803743238 1779097907.85381
 -0.234506393386988 -0.0336628974438196   0.034557994601947 0.239417405788706 1.42940587799211 5.22726297742096 8.76972371387101 1779097907.87264
  -0.28452725967407 -0.0286284276159205  0.0786829774760013 0.29659123269221  1.3875412351257 5.03782686245306 8.83797743625394 1779097907.89617
 -0.352737193018503 -0.0211151490717775   0.125690475708883 0.37505662578179 1.46183558886931 4.94966732470191 8.82646954926736 1779097907.91746
 -0.358670390445051 -0.0226946451911288   0.134766149470366 0.383824713828364  1.4151208146975 5.00353175911895 8.93518950975195 1779097907.93558
 -0.372641951244483 -0.0481087807086097   0.167330179577594 0.411309941049368 1.45004317999624 4.77072090596007 9.04559901956999 1779097907.9537
 -0.349217817958585 -0.0699898911341418   0.183784113182868 0.400784567441334 1.43529916812107  4.7675597169314  9.0658892693556 1779097907.97274
-0.300600826257843 -0.097412076275182  0.232604829608327 0.39237096746352 1.43655293555434 4.74874895869429 8.94490703989463 1779097907.99613
     -0.30625514606 -0.0948097787825478   0.250051238390271 0.406579304025101 1.47829238133517 4.53961062262067 9.00855761860259 1779097908.01653
-0.325773101364561 -0.105589930187337  0.273386907356736 0.438198297627605 1.50491602462425 4.47091908970824 8.96517972830579 1779097908.03563
-0.347470116390565 -0.118706742220182  0.268874480822399 0.455104668038591 1.60495661800443 4.21202503247772 9.03756995503761 1779097908.05369
-0.317676935104433 -0.109693359778713  0.306349182754352 0.45475387854437 1.59283010183144 4.19716362817551 9.02874758635286 1779097908.07277
 -0.282722372674129 -0.0685034933489617   0.338971377741345 0.446683628018048 1.64280523133314 4.15624810083518 8.86390390206845 1779097908.09583
  -0.311479225914355 -0.00206928863749879    0.367574400424787 0.481803414246218 1.59254179849895 3.91816356192308 9.11182210992732 1779097908.11668
-0.334067092655296 0.0414464152185313  0.382886334988409 0.50982406107449 1.63343910955072 4.01249738385796 8.95902428974658 1779097908.13567
-0.387689384704818 0.0455881981912716  0.401271606441997 0.559821618878431  1.7473899054953 3.73526130948319 9.20081096742815 1779097908.1539
-0.439897767460702 0.0373259434599442   0.40697067427583 0.600440173200135 1.80091771108673 3.61850688920059 9.08842155398553 1779097908.17367
-0.475250468529572 0.0180177765471336  0.433870775798635 0.643763542149903 1.78193319825897 3.54701927785738  9.0275794811181 1779097908.19587
 -0.575456549942431 0.00254007882291321   0.448618318533359 0.729667793311292 1.78331136208936 3.31466834354649 9.03547679341657 1779097908.21732
 -0.676434296984782 -0.0201287667907829   0.470984879104302 0.824496987098624 1.69439007283833   3.122517103102 9.22527706758714 1779097908.23575
-0.734615050336061 -0.032903994977389  0.483774452607026 0.880215692919044 1.73154056531275  2.9763823339256 9.05653716791881 1779097908.25394
 -0.762837795263652 -0.0539272950206273   0.484131476426665 0.905103829125706 1.83729608877985 2.59139663218563 9.20846643596953 1779097908.27269
 -0.772258452917183 -0.0668481893579948   0.502068940400056 0.923539397880197 1.81103991905025 2.40779555009565  9.0490380939657 1779097908.29477
 -0.835614828181292 -0.0689471176994206   0.515735485741471 0.984372357072515 1.78521730058232 2.08482899328519 9.08585664417825 1779097908.31613
 -0.891695975099622 -0.0916642087786512   0.514380759731152 1.03349485008948 1.87698312927775 1.81661609775863 9.27821298709667 1779097908.33572
-0.928996040377836 -0.123330732017323  0.503108160310176 1.06365498798638 1.99367677329496 1.60654385858574 9.12703484298899 1779097908.35394
-0.943108141181026 -0.184493480011211  0.492926978457854 1.08003139594188 1.83811083108023 1.30112148202759 9.18792256720259 1779097908.37377
-0.986815823775988 -0.201545979819307  0.480615100079393 1.11598258340367  1.9369038544271 1.22962990584061 9.03405256259948 1779097908.39421
 -1.04257591564693 -0.235719584846955  0.467802008800244 1.16677632046807 2.07780080491219 1.01719744938158 9.13061432318016 1779097908.41585
 -1.05543991846683 -0.242073365048377  0.496566026170814 1.19127274538881  2.01180609318049 0.791248888593439   9.1169691861917 1779097908.43548
  -1.0057752129237 -0.206101213933218  0.467746978955328 1.12820597660104  1.90842741182721 0.507870197572349  9.12454262454041 1779097908.45376
  -0.9470322729888 -0.171550966146956  0.474682456541561 1.0731371275921  2.09636640887423 0.228954388763322  9.14067078464734 1779097908.47264
-0.899555913327557  -0.14301351207447  0.502705666423412 1.04036853705437   2.09021875361919 -0.114358698219752   9.14812641250328 1779097908.49248
 -0.932166147365986 -0.0984939428293386   0.494608023740287 1.05984521521658   2.23975069198541 -0.478592718589167   8.96737888172726 1779097908.51555
  -0.95825342878119 -0.0512948524766219   0.494876976374909 1.07971478521296   2.16924069159054 -0.613639622876988     9.341420091192 1779097908.5346
 -0.921049828048344 -0.0368044885287032   0.479786621142964 1.03917397867322   2.16712809704322 -0.837930476050172   9.17056784656682 1779097908.55381
  -0.852025873829249 -0.00744909799966246     0.45624054350774 0.966519018062108    2.180880759868 -1.10856774651771  9.18453518541004 1779097908.57265
-0.782299754061151 0.0300007766035094  0.411581052649279 0.884472676062319  2.19177481011407 -1.36377987518634  9.00927792877027 1779097908.59337
-0.776361587830047 0.0632041434251183  0.368785910676527 0.861820820540796  2.18324499580283 -1.37763458527844  9.29927208919758 1779097908.6155
-0.807845533714213 0.0798620934725177  0.367606861476131 0.891138128978973 2.06206940669715 -1.5821600094662 9.34062828191933 1779097908.63612
-0.835425882911546 0.0814427543033364  0.377081384905121 0.92019546777248  2.03394742090323 -1.76687452905901  9.38940194868642 1779097908.6541
-0.868519507453595  0.112487071747792    0.3572878437784 0.945850981629584  2.06375344463723 -2.04205514655314  9.06863725536216 1779097908.67277
-0.884109302945197 0.0863437698441983  0.351614005966526 0.955372657834093  2.14489871704616 -2.19247637874979   8.8947599821521 1779097908.69395
-0.928837690497085 0.0652914979723616  0.359141079630725 0.997990355701775  1.96370656123088 -2.48560275164206  9.01994663396693 1779097908.71549
-0.953370624135406 0.0509652655589789  0.350783926487752 1.01713439050108 2.00466328842613 -2.7558000553763 9.04874065306067 1779097908.73481
-0.944530844586241 0.0258477249064223  0.348996819694759 1.00727622895345  1.83647256752023 -2.89548460154929  9.12587555836292 1779097908.75396
-0.941879239352921 0.0140223794515762   0.36699766628313 1.01095025382399 1.92315928087397 -3.0592708561506 9.12191305375366 1779097908.77268
 -0.946039244309078 -0.0206168690085883   0.382337976914577 1.02058690744676  1.95953657286529 -3.19307224324451  8.85921667112803 1779097908.79266
 -0.943732617293654 -0.0321469223102827   0.422648167855329 1.03455118353295  2.00285893622656 -3.47992257563701  8.63971915149448 1779097908.81538
 -0.871696260944044 0.00155058658049938   0.436445167118466 0.974854429934868  1.78700314838391 -3.65567845351756   8.8181888629151 1779097908.8354
-0.814117487899054 0.0331862340439345  0.456780107385981 0.934096717014161 1.79413521388364 -3.7566556199391 8.73621597521355 1779097908.85393
-0.756211774138693 0.0529183180123709   0.46427112322975 0.888934346052768  1.70542340893839 -3.85802477906201   8.8130719435072 1779097908.87277
-0.692324965535332 0.0400010854986574  0.451231646194426 0.827359621489894  1.78059884971006 -3.82600572298928  8.71333222155581 1779097908.89256
 -0.607092624852761 -0.0175731423830623   0.423682831620961 0.740525092278571   1.8802168546974 -4.07303382436034  8.52029339137642 1779097908.91567
 -0.533084736191582 -0.0651575871955863   0.440730100240176 0.694743023273581  1.83239250583352 -4.28992425798912   8.5083932747922 1779097908.9354
-0.468199143960799 -0.103689063488515  0.437740497982408 0.649290846898859  1.82053080735713 -4.36734229723081  8.61267291383227 1779097908.95392
  -0.44871485669999 -0.0905707574168477   0.425455067051736 0.624948076885073  1.87873361148281 -4.48582150758291  8.46285845015862 1779097908.97375
-0.472297459488924 -0.100556113521059  0.407102053615237 0.631592039424101  1.89730059932653 -4.69992248496916  8.44808945807138 1779097908.99259
 -0.520279284529399 -0.0677769683357489   0.395395947322157 0.656979608896649  1.80006116289662 -4.83044896966642  8.51815864930215 1779097909.01575
 -0.502111969135171 -0.0430684502978987   0.376456109878989 0.629039365719733   1.8241089073081 -5.06321833263914   8.5424496539167 1779097909.03562
  -0.456005005652258 -0.00870696486526724    0.364247221250667 0.583688628127971  1.80406067926823 -5.22137752310105  8.45140468090295 1779097909.05392
 -0.448265073003713 -0.0109101459699787   0.367546414177539 0.579785282268252  1.76305489580948 -5.34867947305442  8.43469947525034 1779097909.07274
 -0.432892203489932 -0.0217431315827243   0.344991941553293 0.553974605329615  1.77313001373869 -5.46250799728261  8.28723678961907 1779097909.09257
 -0.457182887831463 -0.0175984406798113   0.341706323982619 0.5710421261956  1.82175661972696 -5.68426019727298  8.19570081564703 1779097909.11453
-0.432880732697168 -0.020617041515161   0.33162689787268 0.545698809357261  1.59723209518045 -5.84294356147471  8.25089260678697 1779097909.1345
-0.376781541376505 0.0033422007346017  0.317318529691167 0.492611966473785  1.68922874711093 -5.85548553373232  8.18526917025626 1779097909.1535
-0.304991403100355 0.0295441816535653   0.27878630609895 0.414263707199894  1.61329935142316 -5.98171134241048  8.26569875416012 1779097909.17273
 -0.21654796466618 0.0534180948315235  0.238805764934841 0.326763993155013  1.63339865668147 -6.02648505961074  8.17482056702073 1779097909.19184
-0.145046407120813 0.0468631350514856  0.219820670046478 0.267499047895862  1.71661064614655 -6.13250743784712  8.13358122228107 1779097909.21395
-0.0576590062342309 0.00729972115427194   0.185468969056221 0.194361995800688  1.52595329482137 -6.23885771070824  8.07209328280543 1779097909.23433
 0.0347302491788395 -0.0178606161575031   0.152991200309939 0.157897115837579  1.58285179967289 -6.28755503389491  8.09576026492086 1779097909.25282
 0.0926734415250743 -0.0388926597559943  0.0943123619571608 0.137825350951613  1.52110464480871 -6.32656072705307  8.19280274738783 1779097909.27272
  0.157236256188442 -0.0184418795381877  0.0416596765206715 0.163703609700169  1.55917388151501 -6.27543481777793  8.21555025173196 1779097909.29188
   0.246887257495854   0.0311093707956237 -0.00362293785316012 0.248865900725293  1.56720219479012 -6.19733817717832  8.24628299805814 1779097909.31544
  0.288764191318571  0.0631752064026973 -0.0599141319746507 0.301604986865548  1.63945781772404 -6.25671676246103  8.30551489010223 1779097909.33477
  0.339981661486957  0.0877215510304826 -0.0918854451212423 0.362940126863584  1.62261114495294 -6.11811448377667   8.2919210760064 1779097909.354
 0.387132448873939    0.1018882591753 -0.136549461905722 0.422963953399872 1.61984823954029  -5.986837238297 8.34104542019188 1779097909.37279
  0.44698053347449  0.108591306942557 -0.152168883698103 0.484498749652214  1.56370631422574 -5.84287576841196  8.32147283724017 1779097909.39328
 0.527319881514936  0.101339438427383 -0.179337188907944 0.566125221613653  1.69509416189345 -5.71117106723651  8.37595729085399 1779097909.41553
 0.566805376599137 0.0900800780656905 -0.208827887908801 0.610730580677324  1.59590179104304 -5.55931028318928  8.44192519972367 1779097909.43475
 0.587304063153761 0.0913224268749877  -0.22459538463637 0.635380936956101  1.56602221038545 -5.41254545594865  8.57339718918012 1779097909.45395
 0.601203897620235 0.0861943924623539 -0.265751429040839 0.662947525708456  1.50333598935482 -5.39678127309449  8.55275262638951 1779097909.47259
  0.62329371944265  0.109398547706292 -0.275868807441137 0.69033810691276  1.40160787908342 -5.35248362947084  8.55235210178818 1779097909.49216
0.608820996983112  0.12731032839377 -0.29949543468585 0.690339366892043  1.48817105596166 -5.20182590438493  8.51268051423513 1779097909.51465
 0.617608063316323  0.131174226121175 -0.347746811962162 0.720814985070146  1.48051704742935 -5.01145246141905  8.68110327472218 1779097909.53543
 0.635165513747932  0.120457283050084 -0.349931080223293 0.735116961986814   1.5186321198435 -4.79371704046369  8.66307805208018 1779097909.5538
   0.7364647759831 0.0917545865664683 -0.363221835076531 0.826274392617963  1.40897660030802 -4.84477554961693  8.58492570431251 1779097909.57259
 0.836260340159048 0.0872400480282001 -0.382843411082892 0.923856731269775   1.2550697236714 -4.94406438818714  8.61691801966198 1779097909.59226
 0.866644381344588 0.0860451361329831 -0.405464308831102 0.960665162740989 1.35559841371766 -4.6405648199554 8.79678815038221 1779097909.6157
 0.850852514042544 0.0865194713391151 -0.423109420946012 0.954178810111914  1.50776399368101 -4.32986598357585  8.86595922827651 1779097909.63543
 0.879916277515749 0.0482750273113008  -0.41924388558914 0.975883481417202  1.37903754547891 -4.10962905986253  9.05365584271446 1779097909.65386
 0.934923657840472 0.0160053871977426 -0.412412679031964 1.02196997814783  1.39533277059849 -3.97364710416663  8.97402780150913 1779097909.67259
  1.03738944128469 0.0145898946887853 -0.412251456977526 1.11639642676609  1.22191457403657 -3.87343497382036  9.09698203383396 1779097909.69247
  1.06256030650621 0.0508098922637253 -0.414165058991405 1.14155540654135  1.31810363095854 -3.56442456018826  9.22304845726518 1779097909.71543
 0.985073111137303 0.0755610934696547 -0.414816066355286 1.0715180269312  1.47960379622315 -3.15615470570696  9.19600724600638 1779097909.73563
 0.948642440533279 0.0543271337769367  -0.39027583454364 1.0272239991716  1.48777127842553 -2.59469911627907  9.20269602299355 1779097909.75445
 0.985725948950189 0.0303272833607397 -0.396419125542814 1.06288452507595  1.56974985962384 -2.27302933673966  9.24743265159299 1779097909.77276
   1.04907638042274 -0.0499310060492035  -0.404020643840402 1.12529420063163  1.38716004439225 -2.06090251777517  9.30956362301574 1779097909.79221
  1.06825579509219 -0.120843254675437 -0.451715716546073 1.16611346983188  1.45711122638131 -1.87632342273099  9.16666084363287 1779097909.81411
  1.05789101781164 -0.143744550794363 -0.484282991898911 1.1723164750579  1.51467395693627 -1.73040858910145  9.32291695697879 1779097909.83468
   1.0264237628327 -0.133273731896747 -0.536994357842316 1.16604912798553 1.72692008210353 -1.5476565064927 9.30227936478727 1779097909.8539
 0.996342440485943 -0.138127641873134 -0.569749277676331 1.15602411029166  1.82876086928676 -1.41308530427203  9.32852344760484 1779097909.87276
 0.970902200410517 -0.134372552512578 -0.587643280621087 1.14281743550308  1.78263760786482 -1.18314683978079  9.27946163266648 1779097909.89203
 0.884249357625548 -0.130553703943311 -0.623721389482771 1.08994016706094  1.85956845488372 -1.05174682291256  9.11365548207144 1779097909.9137
 0.823047602554072 -0.118879894104579 -0.622968521821331 1.03905224337979   1.81199595262638 -0.818991049582905   9.21487689312598 1779097909.93462
 0.762738972896622 -0.110621464082773 -0.622192371540854 0.990520669292086   1.77337252573013 -0.623838420912151   9.12827013016807 1779097909.95402
  0.773429716408068 -0.0944016354849753  -0.634489863380254 1.00482962821445   1.60221173782605 -0.382942531673899     9.258187130408 1779097909.97262
  0.767083571118824 -0.0802533532477032  -0.648606843867544 1.0077443344915   1.51429209365941 -0.200874144919064   9.29463552531306 1779097909.99235
  0.724455871011098 -0.0685784167145668  -0.658393970959756 0.981336807257162    1.51416356490923 -0.0191818322082921    9.25966208056938 1779097910.0135
 0.667416761011846 -0.068997906906512 -0.671074562575453 0.948971502508299  1.65977540549539 0.157432199055953  9.20796856559535 1779097910.03484
  0.693041177919933 -0.0845485568145912  -0.683499948762712 0.977050005225274   1.5732267091029 0.472450848672778  9.13691520571978 1779097910.05431
  0.725384082009984 -0.0847380432573688  -0.673074190276853 0.993172426130224  1.66756717308293 0.626574602179561  8.97788223048769 1779097910.07275
  0.786859920892622 -0.0542336350638962   -0.68810312812086 1.04669753855118  1.59465751926067 0.717529461151244   9.1957528559421 1779097910.09207
  0.763867709869942 -0.0222560185122366  -0.695906061205061 1.03357363286991  1.48207556368794 0.959142136837477  9.31335316168821 1779097910.11326
  0.69016515251614 0.0245855312820522 -0.680886777044677 0.969813997243974 1.51264035413577 1.34849540791398  9.1918189873474 1779097910.13465
 0.655571130668939 0.0394950877974603 -0.654178146092496 0.9269748735277 1.61445229588569 1.68644493118063  9.0472582880432 1779097910.15397
 0.659744445414584 0.0391721533075975 -0.660651274093202 0.934482368378945 1.49611828850849 1.84895866037279 9.23527463196415 1779097910.17266
 0.657839270047817 0.0320966991630729 -0.665198669769003 0.936093998259075 1.46244085201119 2.07513054406414 9.16815324683301 1779097910.19171
 0.630910043334929 0.0172551884074558 -0.668807057524668 0.919591270349313 1.31502811075981 2.28389409694356 9.38880510944297 1779097910.21207
 0.538987808524683 0.0204074843972424 -0.671934736583116 0.861638330962988 1.43628788523682 2.49252853892498 9.03619141051292 1779097910.23547
 0.470093565987735 0.0067800990991086 -0.689127048266215 0.834224201985872 1.27758153598543 2.69248572965009 9.17714765002991 1779097910.25435
  0.438429146341073 -0.0225016746840267  -0.711966054157483 0.83643415998961 1.13402585538628 3.06762083557444 9.25006572951977 1779097910.27276
  0.490089032700047 -0.0472385448295566  -0.729205894240944 0.879863612320806 1.13456489133852 3.29984671971143 9.18958213923463 1779097910.29167
  0.567543915182998 -0.0733790023469182  -0.743116567456078 0.93793006480994 1.05953791971803  3.2891821176043 9.24770590549255 1779097910.31223
   0.54888783601374 -0.0852818830567042  -0.720220814279589 0.909543224604031  1.1349658947449 3.05431246431047 9.27351772455314 1779097910.33537
 0.460436107324322 -0.124788781908318  -0.70593003156894 0.852004024925388 1.17614023682464 3.22227015412724 9.09493288138573 1779097910.35445
 0.385605842065198 -0.160900529463556 -0.694455806776558 0.81046265390957 1.30775988315966 3.50847672997831  8.9577968377602 1779097910.37269
 0.341838921749693  -0.18584455172045 -0.677790702166789 0.781532009434621  1.4091064910799 3.66743571609602 9.10804139448344 1779097910.39073
 0.339703045662752 -0.191636540204857 -0.661476561029733 0.767902313817298 1.48677774047374 3.85926212034208 9.10962593753592 1779097910.41148
 0.351506368101168 -0.138976472230277 -0.637143582878894 0.740825979466838 1.43288582050957 3.98377133287337 9.17864839286357 1779097910.4339
  0.303546422356049 -0.0946642579156872  -0.591806894223433 0.671816308452147 1.46544541117683 4.21948081216736 8.97577802823491 1779097910.45388
  0.21813692372814 -0.093326659230546 -0.543179849392857 0.592737658330527 1.41715113036036 4.36906180097292 9.06102310359283 1779097910.473
 0.169443449364388 -0.112481016359485 -0.506462214492437 0.545771963627986 1.35536934390318 4.54971344226974 8.98441050351402 1779097910.49003
 0.111277538581119 -0.117376749823249 -0.455555858377797 0.483416106572871 1.40648601838743 4.64057136706339 9.00118136999014 1779097910.51135
0.0381389522337782 -0.132478351924602 -0.404049634743314 0.426920602386854 1.35598789832957 4.64874964236189 9.11775683053009 1779097910.53486
-0.0397633780968108  -0.125232519266566   -0.36104511328707 0.384210728569615 1.45428732840487 4.60857277896546  8.7752596542768 1779097910.5542
-0.0989692172994281  -0.113445851665768  -0.305945304435717 0.340980052993274 1.31187145842066 4.70831337303816 8.81605512995305 1779097910.57273
-0.131603097061276 -0.114141459013097 -0.261876685053783 0.314526701563661 1.40117441396828 4.80466943357939 8.80488385073064 1779097910.59078
 -0.148835286949233 -0.0764048611630852  -0.217591136247047 0.274473219137846  1.4476416266093 4.96024161253395 8.68882318472058 1779097910.61166
 -0.169707356385108 -0.0284650163463234  -0.165642573610814 0.238847872419313 1.33883297711622 5.03438709097172 8.87715806318373 1779097910.63454
 -0.169871101038736 -0.0153214587421875  -0.121744533915359 0.209553500577702 1.41784708898452 5.02479450209558 8.93621484867958 1779097910.65461
 -0.170758976358966 0.00395252716235732 -0.0732199523163067 0.185837057379128  1.4867523125193 5.01884675027262 8.93278958752232 1779097910.67273
   -0.176328573043211 -0.000420391292561687   -0.0202965963420099 0.177493363885426 1.41816709993421 5.00211414203839 8.97886001583051 1779097910.69143
 -0.189382250186921 -0.0102235034023835  0.0208121608560748 0.190796495636527 1.50144884508095 4.99238998460008 8.92209190118396 1779097910.71169
 -0.219031356972787 -0.0377873415355738  0.0885763327086775 0.239266347892437  1.5288403278937 4.91090811500735 9.02077873627278 1779097910.73545
 -0.213418830884011 -0.0853974846194143   0.135226293018505 0.266695478174542 1.50971341349417 4.87028601572219 9.07799210038758 1779097910.75546
-0.216068935805256 -0.107436989810255  0.174800890610193 0.297966177875311 1.57773893852561 4.70818454293681 9.14074479994275 1779097910.77372
 -0.18455442066273 -0.138176020192966  0.193172495602892 0.300779919209997 1.50521021062636 4.65046311997915 9.24940740846421 1779097910.79139
-0.157235364621881 -0.154674419808415  0.231693529585145 0.319889086532298 1.70712032832518 4.43624314481351 9.14649168285516 1779097910.81249
-0.141848907633906 -0.170066364286911  0.246265917079789 0.331195686526637 1.68848026714212 4.24173498780734 9.24156113240588 1779097910.83542
 -0.16391874067104 -0.169081308120377  0.253957131782392 0.346340969395792 1.70855613804436 4.19225723023832 9.07542146653044 1779097910.85595
-0.180026180506235 -0.144276935198752  0.267827035829698 0.353491981265956 1.71878115543529 4.17796490167244  9.2194828225305 1779097910.87362
 -0.16715301213197 -0.105117548285842  0.293407418121103 0.353663316490286 1.80727790446381 4.15002893436367 9.18518438840369 1779097910.89149
 -0.125087225821399 -0.0645928786944444   0.334831563030463 0.363223388072894  1.7869000441053 4.12177272132223 9.16936494964494 1779097910.91065
 -0.111186851842968 -0.0507963027114537   0.388314162198419 0.407100318049205  1.8174047018723 3.93581205912884 9.02110922018792 1779097910.9342
 -0.135162413531904 -0.0282653069524969   0.420364261167484 0.442463464792036 1.73287373452451 3.79786641609013 9.22613764333329 1779097910.95507
 -0.188642280834542 -0.0303093454135011   0.458032824943624 0.496284832796338  1.8832670074873 3.77881922954378 9.03007754615894 1779097910.9727
 -0.267504023896119 -0.0498146597563079   0.470464531122634 0.543485766300914 1.81356472354085 3.73100581826868 9.15426397169299 1779097910.99067
 -0.392131083027858 -0.0643144159289691    0.50624474255707 0.643573515411844  1.7864897784512 3.63312733596141 9.08221108971012 1779097911.01042
  -0.50583049454349 -0.0762096645334817   0.535943768761742 0.740883341325041  1.8125966688153 3.38476959797685 9.03304893477407 1779097911.03455
   -0.5882669795669 -0.0828901954312688   0.567033734511149 0.821252750266967 1.72437345739234 3.19950522022855 9.13011067763446 1779097911.05435
-0.648915931023409 -0.107054742059181  0.591958293935681 0.884854352474224 1.82727897184747 2.95674535775424 9.12521018973813 1779097911.07264
 -0.70417658198881 -0.129614294726005   0.60878819673317 0.939833811107255 1.88839715307741 2.78270354899969 9.20516471214278 1779097911.0914
-0.713931692868973  -0.13029668551592  0.619418941638952 0.95412552297919  1.9130320686023 2.66831849319277 9.26812652166426 1779097911.1106
-0.712023175454008 -0.105379827377331  0.637058382090149 0.961210326927985 1.97557770430395 2.48832993855573 9.14523274438414 1779097911.13385
-0.698631879080593  -0.11167081876159  0.630012587952945 0.947350376159598 2.00198320856843 2.17338169375907 9.14756834108048 1779097911.15425
-0.685152974278551  -0.13630156303248  0.624487298495768 0.937014994666779 2.03216781610734 1.97874431541736 9.00385741687191 1779097911.17269
-0.677717567917507 -0.134695995488895  0.622874116381132 0.930277527366077 1.99874868857697 1.75056681831799 9.08013812533883 1779097911.19159
-0.638395282958865 -0.134339404838251  0.633929157027231 0.909649267094566 2.00845389707676 1.55424546742177 9.20895001019001 1779097911.21128
 -0.65498372361479 -0.125925680106806   0.65234430028949 0.932959828304971 2.22375929257976  1.2523631694852 9.04928269450894 1779097911.23375
 -0.66271056036476 -0.134714361222738  0.637108964889169 0.929107678948341 2.20882524252456 1.05026770963686 9.11182792028755 1779097911.25392
-0.683627480786607 -0.150688058994537  0.654991048892816 0.958679663777163  2.26298556790826 0.978690572487611  9.01300760073044 1779097911.27268
-0.697989946732598 -0.149278901739426  0.676544628267707 0.983456552310367  2.14082443254887 0.825206816502607  9.23268387123535 1779097911.2916
-0.762116809610355 -0.137527349725334  0.706873457351204 1.04852557819101  2.37087077822062 0.476517782909797  8.98019338421441 1779097911.31063
-0.889164846217567 -0.161486536247394  0.689687964496826 1.13682079217002  2.38866122871126 0.279926000956583  9.08434050799888 1779097911.33343
 -1.00023753963689 -0.179216249478314  0.693984560292836 1.23053166139713   2.44065986076843 0.0818408744815049   9.05606093132279 1779097911.35364
 -1.04613833762271 -0.183676375630667   0.71140093717709 1.27837151322503   2.35285032131459 -0.124083431115517   9.06624309128728 1779097911.3726
 -1.06955113434218 -0.146920992672032  0.738208222142346 1.30785197415417   2.46103516726094 -0.412964680712281   8.95387573813995 1779097911.3916
 -1.04779988444435 -0.100649263033683  0.759944395397168 1.29827976803399   2.33615493898553 -0.554159633120204   9.16566696835703 1779097911.41076
  -1.01954668114736 -0.0497924302316894   0.789352005959919 1.29036092255614   2.47777474966813 -0.801344170699574   9.07304578265908 1779097911.43259
 -0.964430310526963 -0.0503431940977557   0.782017770533731 1.24266329087394  2.40322877521678 -1.08004462508286  9.20014867633985 1779097911.45343
-0.899149148507106 -0.103246405899474  0.781547371250192 1.19580320500503  2.34859749720667 -1.35166344613622  9.06026856353448 1779097911.47257
-0.831731324932513 -0.119868142604189  0.775933500063814 1.14377365112449  2.37373708870004 -1.65333125661744  9.10489620865785 1779097911.49174
-0.783432835796203 -0.146315576820944  0.784756655501466 1.11848927781091  2.41862264406266 -1.87991761075489  8.88184311933507 1779097911.5113
-0.795957861889251 -0.140218377331851  0.754532747621923 1.10568068558638  2.35021903727207 -2.15177291180682  8.97361003520979 1779097911.53217
 -0.83464551191902 -0.107268841649075  0.717008234812685 1.10554988297431  2.56359776415663 -2.36595450369224  8.57606250791545 1779097911.55349
 -0.856169004284694 -0.0927848394085191   0.677031560782423 1.09544791049935  2.42658013475794 -2.49380419573215  8.69175123108353 1779097911.57259
 -0.889235601045536 -0.0808545694572545   0.652365516034837 1.10582918304788 2.36473846483505 -2.8960404441413 8.70506349864829 1779097911.59143
  -0.90720150897608 -0.0797743070127565   0.649438816127942 1.11854785049255  2.29360098078944 -3.10429192833144  8.78119844657778 1779097911.60978
-0.897109692501358 -0.132479614617427  0.629365013894851 1.10383738357782  2.29938906559092 -3.35197499863907  8.72192039663743 1779097911.63026
-0.894429800936713 -0.201872072967077  0.609224916384082 1.10086874848499  2.34373450130579 -3.49805603749298  8.49358039953091 1779097911.65038
-0.976103202328639 -0.250064397361637  0.583340710718231 1.16430066958897 2.38861827885759 -3.8025940199887 8.31685129754068 1779097911.67717
 -1.04345249173029 -0.267059776449517  0.563062280917237 1.21538189837069   2.3804498623321 -4.06862779531057  8.24617406749326 1779097911.68866
 -1.11796856208008 -0.265964216679171   0.53859919523858 1.26912559010714  2.24124743357012 -4.31907148759639  8.41313729524487 1779097911.70856
-1.19749756400596 -0.28382009323995 0.540649457707493 1.34419347463315  2.18606777513287 -4.46651989241578  8.54433678034255 1779097911.73028
  -1.2320366803662 -0.288414326047121  0.528200606964752 1.37116486479012  2.35889954213036 -4.60092396069417  8.32931545953054 1779097911.75231
 -1.23375085466652 -0.289774561748863  0.550477932245469 1.38171502919971  2.41838899579138 -4.85295693745576  8.11377395766317 1779097911.77269
 -1.15560009805722 -0.283634532241949  0.606584967993037 1.33559180062813  2.39420316564025 -5.10595233682979  7.94155939115722 1779097911.79171
 -1.00208420634866 -0.261388871204964  0.685599433399614 1.24199173977974  2.53421304350806 -5.25301651001755   7.8928105598253 1779097911.81016
-0.754162478875444  -0.25663881680634  0.757676460208906 1.09940808855948  2.47658385442977 -5.40361785244546  7.84827517480731 1779097911.83078
-0.551791287261494 -0.242087083661717  0.785324687075316 0.989855870772849  2.52612156867846 -5.44973193070424  7.69007002187502 1779097911.85366
-0.447437716963451    -0.237598965607  0.743092856502097 0.899355754083681 2.56654786695937  -5.430298194002 7.61605009535166 1779097911.87257
-0.350836862282307 -0.235897977422292  0.708024176057918 0.824640887641716  2.41906955436078 -5.49933135148191  7.69263716025524 1779097911.89171
-0.259295754300665 -0.238226829988801  0.693611943915875 0.777871351489192  2.32434606692398 -5.53471086780085  7.62295847158284 1779097911.91053
-0.178571517562498 -0.243700745669726  0.666927578454243 0.732168174142659  2.22992859231035 -5.70887681155087  7.49107942429492 1779097911.93057
 -0.12583564773307 -0.238024774755006  0.633214192598019 0.688077479173046  2.08809188877296 -5.93317543507126  7.53853376868437 1779097911.95347
-0.101249932880981 -0.161684731687337  0.589437817146927 0.619540508483621  2.19272891120947 -6.04139826136353  7.49741401922221 1779097911.97259
-0.112614659827845 -0.080248286213226  0.559398176862344 0.576236209661641 2.16745963284773 -6.0497641222199 7.57311569113748 1779097911.99161
-0.0740677946448712 -0.0614719064240312   0.565643946528378 0.573775136902217  2.21725448993055 -6.02352586396323  7.44858786992702 1779097912.01131
0.00443509590736771 -0.0865787872199807   0.567330681328592 0.573916072652574  2.25466737334165 -6.16423098771963    7.372415738287 1779097912.03064
0.0559565633234466 -0.121349594775984  0.587452014927002 0.602458903970272  2.10469758916847 -6.45131421988982  7.25672152770174 1779097912.05363
 0.0614547777802439 -0.0757047375609111   0.575912631654948 0.584108942151131  1.94857692081803 -6.70838472175336   7.4774606246431 1779097912.07364
 0.0591816072305922 -0.0189981725738289   0.549174541449588 0.552680803151246  1.77502475253984 -6.82574132598692  7.47607635374945 1779097912.09198
 0.0519707659732992 -0.0115103465025182   0.536786313154338 0.539419127008198  1.83969360199521 -6.92088656467391  7.44423017266517 1779097912.11139
 0.0353807227452286 -0.0566048333401839   0.503096367547317 0.507505524835691 1.71781192055291 -7.0380625892831  7.3482038636103 1779097912.13032
0.0324700426218713 -0.141930058283285  0.454062487838471 0.47683454989569  1.67879456109013 -7.24677619083046  7.38733658514283 1779097912.15382
0.0633086180270064 -0.149458137733138  0.409802670773154 0.440776525037299   1.5366480698886 -7.52713455971575  7.44657873002689 1779097912.17259
0.0672997734432707 -0.134965513397044  0.329949639385046 0.362783287710949  1.52933302426765 -7.81569903629622  7.31840950888938 1779097912.19192
0.0196969524271385 -0.100049300466554  0.249329405554225 0.2693751750492  1.74681754385457 -7.80865390596601  7.46899490953748 1779097912.2106
-0.0127961535987299 -0.0825124067636337   0.162805296123468 0.182968858723827  1.84374447335041 -7.78101733840643  7.34608413422133 1779097912.23033
 0.0193662219950852 -0.0617213800785729  0.0812636393336163 0.103867022634283  2.04082000686842 -7.70384786327025  7.36822394603344 1779097912.2536
 0.0986986316734835 -0.0377108450474387  0.0285927267584742 0.109458082167991  2.11903889222123 -7.71360156366682  7.11963259690491 1779097912.27262
   0.184935127882677 -0.00063698096340039  -0.0120025348180254 0.185325303484947  1.90052659155674 -7.64299601136213  7.28645578420321 1779097912.29204
  0.268586039610559  0.0692959981818158 -0.0774996808468998 0.288004507897134  1.96282268383511 -7.49773285101535  7.17720335263143 1779097912.31131
  0.31950317199067  0.106960057075859 -0.126399929163048 0.359860629708494  1.95623392956775 -7.26859943366663  7.34427637158754 1779097912.33073
  0.42122056521431  0.141764799534812 -0.196922876014947 0.486109701656536  1.97450949991158 -7.01112497390634  7.02941541750919 1779097912.35372
 0.527867999222578  0.167977878478587 -0.242261830167204 0.604608953471066  1.94843862200125 -6.82058687395622  7.34131202036058 1779097912.37271
 0.650152835447978  0.202996514601393 -0.280286970288498 0.736523645306017   1.7631791045747 -6.71067494923885  7.44282525358759 1779097912.39194
 0.728209750137565   0.21154879339676 -0.320502598323699 0.82326438506429  1.7376331584542 -6.6575409229884 7.50539247113592 1779097912.41062
 0.734840824872349  0.200474058385464 -0.350743073739177 0.838571159628459  1.51776149538233 -6.55023846880345  7.52147853934349 1779097912.43051
  0.71746428942459   0.17650666471976 -0.393992296923231 0.837340754606432  1.62546641805204 -6.27905222676371  7.58649589834236 1779097912.45356
 0.729882655791287   0.15480732194471 -0.431301747231619 0.861809256922715  1.70735220068724 -6.08896629033619  7.71517414125162 1779097912.47253
0.748409033900318 0.173310223521534 -0.44414732321715 0.887366530990239  1.58075608464047 -5.93973989109332   7.8448895681692 1779097912.49191
 0.769535605310202  0.206708896252912 -0.499751851704647 0.94056659993456   1.6268437501699 -5.69744577925133  8.02943883471062 1779097912.51058
 0.743426496226059  0.195472598463205 -0.547864995658809 0.943953677628907  1.63595929408539 -5.57855991001431  8.06016080984651 1779097912.53048
 0.758402804934713  0.175418670079046 -0.609929379917876 0.988918789806395  1.56538178387065 -5.56901854634829   8.1598866993119 1779097912.55349
 0.777984515381589  0.177072081942475 -0.666009622477235 1.03931864488675   1.5528254168568 -5.31297360607702  8.37814420952484 1779097912.57362
 0.795314323456074  0.164391436764573 -0.694843463650048 1.06881095454393  1.58617901049008 -5.17334576196872  8.61953335529562 1779097912.59199
 0.838889592547173  0.161174408029536 -0.703162132535993 1.10641308873323   1.5952171622039 -4.94717701866893  8.90400899933534 1779097912.61231
 0.895839263934033  0.117587784008277 -0.694753807335539 1.13975336216265  1.67858121672519 -4.81061153990123  8.81252571526658 1779097912.6306
 0.924504390264143 0.0108485958201785 -0.706498191575054 1.16360034133192  1.49621635371376 -4.72879878165717   8.9608920608986 1779097912.65322
  0.933005813773849 -0.0637897072284365  -0.739027962721409 1.19194433803272  1.73322735617334 -4.51286360060726  8.88390274056684 1779097912.6728
 0.905203626340195 -0.109773827713516 -0.758521561962245 1.18608551898755  1.84125233128818 -4.20959537296639  9.16541390825697 1779097912.69173
 0.874447990863264 -0.128842694730086 -0.789601871709216 1.18521341728686  2.09516441612519 -3.81819665521917  9.06109615079737 1779097912.71147
  0.87078124342927 -0.144485643864087 -0.811635348817961 1.19911968320176   2.1065944859985 -3.57375214829619  9.10060554047003 1779097912.73055
 0.911437762058401 -0.142530031148809 -0.834233680142065 1.24377628091578  2.15559173083068 -3.25265079373107   9.0137837888333 1779097912.75236
 0.929195967412581 -0.124505279555556 -0.862985078704586 1.27422523776598  2.18476208155395 -3.09322722948959  8.93718535584595 1779097912.77256
  0.91703332264234 -0.102800882770081 -0.867149368402594 1.26628044423649 2.18236599693703 -2.7565315238447  9.0515983883211 1779097912.79175
  0.906325425547777 -0.0939904739639074   -0.88777291331794 1.27216379912783  2.36435166120512 -2.52601935478765  8.88893198861104 1779097912.81004
  0.918710083344016 -0.0771826507313938  -0.895598640869811 1.28533353816811  2.35491006298215 -2.26547751201592  8.79319958655969 1779097912.83025
  0.880241034189436 -0.0610389359725456  -0.866510472596998 1.23668525870402  2.19259460092915 -2.02581181260433  8.64149869234672 1779097912.85226
   0.830356748302513 -0.00346879343270068   -0.856503582232295 1.19293870268181 2.07295698373883 -1.7467617637891 8.93738643183143 1779097912.87261
  0.77874339048148  0.060354773857226 -0.858158401533135 1.1603964016955  2.23535043326903 -1.56367737773658  8.89123762342545 1779097912.89164
 0.749812186116197 0.0550740131289986 -0.842720922243706 1.12934937648089  2.23051697723737 -1.29636600950048  9.08662197780144 1779097912.91045
 0.744609861357102 0.0112095782719516 -0.832124356541536 1.11669174127193 2.27063132318992 -1.0713658116809 8.94015213739509 1779097912.93031
   0.72839643229915 -0.0608893795564654  -0.794475653504449 1.0795649323409   2.17570982489719 -0.723466849924801   9.07059219755311 1779097912.95243
 0.726326168724143 -0.114615449249336 -0.776854080767061 1.06966754993528   2.42115523125583 -0.601016091989807    8.8841362968092 1779097912.97269
 0.727648894898303 -0.130861361355861 -0.765860603987842 1.06449052362304  2.42233558184973 -0.39532932582413  9.18672056025878 1779097912.99197
 0.804317178867391 -0.126661778526353 -0.764327313892503 1.11676567511846   2.46200484299758 -0.278385666370431    9.0625245780189 1779097913.01147
 0.884599817964811 -0.109153140150773  -0.70073580836655 1.13378213033866   2.39532357870677 -0.130714921396919   9.08220473708793 1779097913.0305
   0.94523905039719 -0.0621221938633938  -0.687044221051555 1.17019903907264  2.40231212257276 0.172334449059102  9.03424009214806 1779097913.05241
   0.96780885681815 -0.0193044150162691  -0.682480992396241 1.18440151500956  2.53865925803711 0.464553192955422  8.92841092986879 1779097913.07254
 0.991397161308066 0.0342668481117927 -0.699178878136003 1.21362830057672  2.42124272888093 0.816248862998709  9.19585043282821 1779097913.09195
  1.02273464474172 0.0807615568748918  -0.70442610164071 1.24447768774557 2.43914490476724 1.00376908919467 9.10252116988469 1779097913.11022
  0.99944637955041  0.105277886091698 -0.722384145363833 1.23766528284888 2.58325964956139 1.11073018582611 8.99688820081251 1779097913.12993
 0.901935283989891 0.0945762952308712 -0.745939800962685 1.17424789494628 2.59287305284781 1.37975748353389 8.91474143465354 1779097913.15145
 0.810779703596394 0.0881646651986393 -0.763625681859975 1.11725597691378 2.53105503000021 1.78412418791124 8.73497484216702 1779097913.17245
  0.77739375749679 0.0883567246642042 -0.781979387605303 1.10618250195342 2.41412693850388 1.94121065995965  9.0385083904385 1779097913.19156
 0.747973690796362   0.10001725660064 -0.753986918715129 1.066754126936 2.48815514509515 2.00935451111776 9.04526431922222 1779097913.20993
 0.700419287673861 0.0927744731945528 -0.720907566718114 1.00940675704768 2.46224303351809 2.22879561957483 9.11054800353996 1779097913.22968
 0.706756376374537 0.0839193683735701 -0.683914058204493 0.987059002767324 2.31596754260344 2.50697345995529 8.95486593849378 1779097913.2513
 0.770572768208868 0.0789920000856446  -0.63337108917788 1.00059035763342 2.26804367107998 2.83572230668139  8.6469124618001 1779097913.27267
 0.856652429812694  0.106642068919682 -0.617773168744203 1.06154114587599 2.10724654688274 3.08551714402351 9.20473878236773 1779097913.2918
0.842735174995462 0.146079961213681 -0.57731820874063 1.03190999820058 1.96442066448134 3.24767370284145 9.03032494954806 1779097913.31019
 0.802314877964093  0.180214982661597 -0.533825104959066 0.980385559901213 2.17720399734022 3.49633572835792 8.85862782915174 1779097913.32858
0.790383470504539 0.147331453068067 -0.51571283203276 0.955181821766515  2.1277356415681  3.7203563323645 8.55176168064257 1779097913.35024
 0.726828246261692  0.104290157164958 -0.463877792027772 0.868526535220369 2.09032519432257  3.9977832887893 8.48850668602008 1779097913.37268
  0.63234024652269 0.0629978798941696 -0.446505836698731 0.776653321920129 1.91504690125082 4.36692768712436 8.74771084035568 1779097913.3918
 0.581985573961339 0.0256915477420246 -0.435722347490449 0.727475929517312 2.05598977587554 4.60586273498719 8.57287514763949 1779097913.41004
  0.582241672860586 0.00118726195108098  -0.404279903999768 0.708836381673864 1.98649485163661 4.75255431680976 8.45472746769655 1779097913.42969
  0.613075200891445 -0.0196539667213045  -0.374854937165984 0.718862785428263 2.02011553698957 5.00157491227688 8.13250388963543 1779097913.45005
   0.51838112675424 -0.0027903898389788  -0.333528391164136 0.616415417200921 1.91874834737826 5.19307838272613 8.18345506246938 1779097913.47267
 0.437473364745796 0.0333252286748201 -0.281852146410653 0.521473056029292 1.77457793339955 5.49954184661847 8.29732857791062 1779097913.49198
 0.382436272543801 0.0496133633289584 -0.250238603038522 0.459715506404427 1.92430617403602 5.70000448532141 8.02477859272846 1779097913.51014
 0.403292212471228  0.050060593005526 -0.207695658796885 0.456385975129687 1.88807095000847 5.77447713690456  8.0129743748671 1779097913.52962
 0.388384192119042 0.0752746387248238 -0.153753820235531 0.424439382197427 2.01871716318016 5.77291964874112 7.96285269153795 1779097913.54983
  0.296653490314209   0.111301204761115 -0.0778945691357157 0.326280271235815 1.86199246369491 5.90961234943443 8.36757241867052 1779097913.57255
  0.180911230258475   0.155086151808252 -0.0274938077312712 0.23986766597416 1.80990297228586 6.03328760510339 8.31484344559796 1779097913.5922
 0.135497797285161   0.17760902523461 0.0153967653326091 0.223923378182418 1.83153545778803 6.04954596064439 8.32223287012356 1779097913.61015
0.0787728467406012   0.16736065496878 0.0458041373892151 0.19055909639051 2.00066268271871 6.02921312063395 8.05819645676553 1779097913.62831
0.0438786209814976   0.16191821649428 0.0928700350754876 0.1917490172774 1.71015481082852 6.15167560844506 8.22899889748812 1779097913.64976
-0.0474587716933688   0.184469921284277   0.203032556508899 0.278394874004192 1.59304180670579 6.23555643629064 8.26781908176416 1779097913.67355
-0.0924911444512619   0.174882776555939    0.24600000161241 0.315681165309438 1.66404196389136 6.01725091509727 8.42175994890216 1779097913.69221
-0.136621296936456  0.139497920584166  0.296984047758945 0.355421683704291 1.58979605659162 6.12461244403835 8.13267074261606 1779097913.71058
-0.135553451971025 0.0876307742857729  0.315315931324617 0.354228778461457 1.46237722635862 5.92145532974203 8.33767447348852 1779097913.7297
-0.102118657377049 0.0421897924366248  0.342902248817913 0.360264001830211 1.30898148170962  6.1845851156493 8.34285564542387 1779097913.74994
-0.135487880997161 0.0727928239112667  0.366974997156308 0.397902512743951 1.20508251215759 5.95378151136331 8.77865235284367 1779097913.77252
-0.187889954065727 0.0978324084772984  0.351704061076752 0.410572236719886 1.33429533410475 6.12154641593826 8.64421889044874 1779097913.79233
-0.208773758258316 0.0666376266621941  0.305331549155281 0.375838276834646 1.48085703111577 5.94085319820768 8.58958746848221 1779097913.81151
 -0.28212498099046 0.0137122386451454  0.278906221459233 0.396952403640783 1.62277520825383 5.70779178597942 8.75302094857265 1779097913.82951
 -0.404596983187598 -0.0382729788083559   0.283278489327369 0.495388980728242 1.88073605732263 5.29049678943672 8.97108795433194 1779097913.84993
 -0.637219333146419 -0.0489467160234889   0.275344136037363 0.695886954034356 2.12562393539803 5.04979018481366  8.9474650801166 1779097913.87251
-0.785738784708996 -0.065688784645728  0.239305746377976 0.823994960223497 2.26538317403338 4.78196198297069 9.05963657737748 1779097913.89222
 -0.778629099687092 -0.0725226457446451   0.224835292140491 0.813679124481656 2.05823769718235 4.72462210080765 9.09426083192112 1779097913.91038
-0.727849935835471 -0.057780683543236  0.280882030580759 0.782303554631828  1.9111631288285 4.30904008464457 8.91762806722089 1779097913.92943
 -0.664640376067867 -0.0227699818869749   0.336802980863312 0.745453921777316 1.82920032013299 3.99888098237929 8.80010340510054 1779097913.94974
-0.778885031138054 0.0829662302027882  0.344108774103854 0.855544350399351 1.78711114736152 3.86345570367205 8.88272325906043 1779097913.97256
-0.869178736294999  0.114034899955022  0.292713121443072 0.924205932409043 1.68925098602905  3.6969791018429 9.07819365659004 1779097913.99247
-0.879211323998393 0.0946427538091981  0.267678521551193 0.923916443189225  1.3445669458319 3.80755339448457 8.78705674824756 1779097914.01127
-0.850142838114343 0.0210657127484953  0.251955077555774 0.88694304809094 1.32140321015403 3.52770528932543 8.68441866063005 1779097914.02964
 -0.860376065176347 -0.0547580064584516   0.255152721011732 0.899081933885521 1.42523580791275 3.30825529516671 8.43715439420257 1779097914.04965
  -1.00816768074399 -0.0490571913909512   0.193777130755945 1.02779290566139 1.49753470097314 3.11531932339887 8.63494996209867 1779097914.07254
  -1.11354090312185 -0.0170065226742297   0.121419800133031 1.12027020517518 1.43447837331112 3.08551531631416 8.83308272391342 1779097914.09258
 -1.17751817158988 0.0270328927320495 0.0869791472253984 1.18103564457889 1.44791033097329 2.83727294644954 8.69063156046271 1779097914.11136
 -1.20188522148169 0.0511327511339194 0.0595582191481366 1.20444585819484 1.47429699311475 2.48079510679848 8.63130621941019 1779097914.12996
 -1.25195902929321 0.0818992506247679  0.070552177373953 1.25661708885957 1.59576254361844 2.13146232495695 8.96031671476465 1779097914.14996
 -1.31949432336818  0.137979911914283 0.0425913126357655 1.32737249685412 1.60126515507113 2.00087206530012   8.935985357633 1779097914.17251
    -1.3656450277693    0.199522260872437 -0.00450224441979711 1.38015062390286 1.58441824068404 1.70391036331367 8.93379880912225 1779097914.19325
  -1.40477088505392   0.290556891426901 -0.0234895792359848 1.43469728757795 1.69782057652097 1.45737548463469 8.97089945848616 1779097914.21159
   -1.49146090799908    0.313406622144167 0.000807927656022215 1.52403412154727  2.04725078912883 0.852910153038713    9.085071199694 1779097914.23028
 -1.57003790811002  0.277607820705331 0.0570120524570354 1.59541076502091 2.25425717165604 0.41577835674641 9.14172283226439 1779097914.25018
-1.59314272139312 0.200463916841907 0.148216251187918 1.6125314166861  2.22728590731358 0.047064225189563  9.22603205448734 1779097914.27257
-1.60695321990299 0.117023637248546 0.184941100996755 1.6217880235929   1.98444160208994 -0.374752660461132   9.44522857745627 1779097914.2932
 -1.72176329430297 0.0874360917691923  0.220360052350634 1.73800818882561   1.89507593731214 -0.683948409611864   9.18723534627627 1779097914.31179
-1.88333559004467 0.094103800124977  0.26239984135027 1.90385454976674   1.89509075565656 -0.937459831555262   8.92624685875514 1779097914.33032
-1.91820249930929  0.12718526780733 0.305487324490033 1.94653523629234  1.84446840599807 -1.28279126094827  9.19709195703197 1779097914.35001
-1.77068513841229 0.154651079598205 0.330843482654934 1.80795470790346  2.02885223145707 -1.77088544817206  9.13444410568265 1779097914.37251
-1.59136829083944 0.156945455493572 0.323299653491529 1.6314434035654  1.96105314076891 -2.16184942641359  9.22116748971375 1779097914.39222
-1.46578541839039 0.144756955290619 0.314040343174819 1.50602217978762  2.02409685126419 -2.61751649358369  9.05834979162864 1779097914.41137
-1.33126992090822 0.114974748587136 0.316528614650345 1.37320397575164  1.91333155259723 -3.02689946660344  8.99207288270989 1779097914.42998
-1.13800274582313 0.102186866512514 0.302214481927928 1.18187393501828  1.80324385490507 -3.35979702482051  8.96604094413332 1779097914.44975
-0.861897452389504  0.112649233802759  0.323530498459861 0.927485337752329  1.65365456870031 -3.52790424752613  8.90820146822143 1779097914.4736
-0.674559214503332  0.137610467881766  0.303310413513545 0.752305776720974  1.61526963294566 -3.68693906897032     8.92637994874 1779097914.49349
-0.594599452242344  0.111914522241082  0.254139965511566 0.656247278825265  1.50091591698919 -3.98705603966223  8.86234717660434 1779097914.51171
-0.617832044957167 0.0774738845506723  0.216500628106504 0.659235284654755  1.57489298721649 -4.16294155519302  8.57318051893047 1779097914.53034
-0.677221088768669 0.0107922317387908  0.164697518475111 0.697043863706428  1.52741156191556 -4.29284375938995  8.39542987159964 1779097914.55019
 -0.820656707540515 -0.0192536907375233   0.113926870219309 0.828750546302216  1.43362321063676 -4.29926655805149  8.22077992052888 1779097914.57366
 -0.891109874363832 0.00770554302791122  0.0893729191767933 0.895613589816647   1.1749885092189 -4.48148364906029  8.42992089044168 1779097914.59247
-0.916944625683681 0.0448058842704583  0.105245723284623 0.924051771333807  1.29062356244625 -4.85309914752849  8.18193348163595 1779097914.61159
-0.971319199868551  0.120162989113874  0.108950540330443 0.984769187284187  1.14273431281729 -5.22125977808811  8.13356405438941 1779097914.63024
 -1.07907239971374  0.172237416305902 0.0848847319816045 1.0960238998869  1.12527353825344 -5.45626760385065  7.88127996909225 1779097914.64966
  -1.28167029616663   0.205081118035674 0.00611821211048906 1.29798861534686 0.934164944126309 -5.68107103430903  7.82129442103212 1779097914.6725
   -1.4051570237066   0.209926417566458 -0.0402897744833487 1.42132284439257 0.762763467253024 -5.89348287145973   7.8459423722005 1779097914.69168
  -1.45573887991866   0.227383185602801 -0.0346815219805642 1.47379836055296 0.796547162769509 -5.98486162872604  7.74075927282229 1779097914.71037
  -1.34622350792407   0.205775965974036 -0.0272013145435306 1.36213119521316 0.651253706739659  -6.3002981741638  7.60765564981864 1779097914.72988
  -1.2100544936712  0.191074639688614 -0.018481420426745 1.22518690757247  0.73498736226935 -6.44504238571913  7.50149249975744 1779097914.74953
  -1.14083601640971   0.106170399205011 -0.0518968430584417 1.14694038743274 0.882282888393009 -6.54445585659059  7.39055825670957 1779097914.77249
  -1.19258547707799 0.00916719960179686   -0.04112995671716 1.19332972435343 0.925531820925841 -6.57700772134426  7.45104518861352 1779097914.79182
  -1.17422364777368 0.00177223291146105 0.00636408759341561 1.17424223114795 0.954958979752243 -6.63078131853767  7.40658377006881 1779097914.81144
 -1.11660949105245 0.0209559768130007 0.0609770333065414 1.11846953783439 1.11144332618618 -6.6780374089868 7.45063153478398 1779097914.83062
 -1.04937403104442 0.0773834843286955 0.0760445174320174 1.05496769112079  1.25195353794525 -6.90898542714819  7.55631738156557 1779097914.85023
 -1.08001477092059 0.0352555053095971 0.0656323109730464 1.08258138553411 1.39353709864434 -7.0118443565372 7.31205367985584 1779097914.87262
  -1.13005519964381 -0.0374598465760568  0.0609526642467142 1.13231763283378  1.15099708515406 -7.21956774770421  7.19295796259218 1779097914.89183
  -1.13280755089908 -0.0786179103927367  0.0909508431924011 1.13916889840177  1.25052499610515 -7.36365597006835  7.00080938020034 1779097914.91022
 -1.11539932477193 -0.112272873886907   0.12074427332652 1.12751941511162  1.12781012532135 -7.48455361297143  7.12075258668444 1779097914.93054
 -1.08249130287048 -0.101767700789259  0.107198236434694 1.09253629120907  1.04914418016514 -7.70539926259497  7.00494724604315 1779097914.94993
 -1.04316324047805 -0.120333279385649 0.0491257742291359 1.05122927380567  1.24668070648496 -7.83433906446586  6.80959759240076 1779097914.97265
-0.948993908167169 -0.195818977029912 0.0276789088698689 0.969381571673232  1.15649356092346 -8.05223784656129  6.77622966583802 1779097914.9913
-0.806965634741121 -0.237221162232919 0.0369702514589997 0.841922926969696  1.30948437758251 -8.21991160347224  6.38292732244864 1779097915.01011
 -0.597764620398867  -0.308660371999154 0.00276578890628052 0.672756580221652  1.26502765664525 -8.41164946598212  6.16339895699421 1779097915.0317
  -0.49140002066622  -0.333921647203789 -0.0273628440525731 0.594748999172507  1.23250854001216 -8.58659563242841  6.01805750827142 1779097915.05136
 -0.382289148358741  -0.359430078188412 -0.0543797739229014 0.527534012051626  1.32191320927647 -8.56418444694821  5.87858688942802 1779097915.07247
 -0.201997540971284  -0.332923078889488 -0.0598866740261675 0.39398882819392  1.54297998867908 -8.62371804019196  5.66581379169794 1779097915.09343
-0.0651777548824831   -0.29023934580259 -0.0537508004177148 0.302284908867415  1.41154374387105 -8.71828973624782  5.43740433109272 1779097915.11177
-0.000444469211147391    -0.134986651837514   -0.0616893903835629 0.148415547073335 1.38152335289787 -8.6962227973092 5.44051966478087 1779097915.13328
  0.0204371377581049 -0.00656953098594626  -0.0985676765133374 0.100878254298719  1.25375598060194 -8.56245880596095  5.54512082565501 1779097915.15171
0.0537850855929714 0.0737818397476939 -0.099418951782392 0.134984159375488 1.34030299314176 -8.4420895601122 5.36501627500768 1779097915.1718
 0.164660458488912 0.0779722908506969 -0.128566239057899 0.222984354957421   1.5125965009184 -8.31775212846627  5.41485595223006 1779097915.19268
 0.346046399200454 0.0104023256937476 -0.113786608882743 0.364422435012545 1.46501002039251 -8.3967764658554 5.42347070323906 1779097915.21164
  0.552750259497343 -0.0226586641454906  -0.129866202107288 0.568253020128366  1.43476741701744 -8.46604866108001  5.55621184406283 1779097915.23347
  0.679505196442862 -0.0031636556543958  -0.123922272893438 0.690719950797013  1.37272753610801 -8.46408051546067  5.83167559674858 1779097915.25249
 0.745660000342864 0.0707398541064184 -0.109041090528473 0.756903509368239  1.54715793567969 -8.25724437200525  5.88513615323445 1779097915.27252
 0.851957094930405  0.106997456325857 -0.110850119004077 0.865775430550947  1.52611840906711 -7.99973678515839  6.18316055243946 1779097915.29363
  1.00458893392007  0.077746805075846 -0.061386534645781 1.00946114263501  1.72764168013179 -7.81415815679152  5.95894038640097 1779097915.31322
   1.26586341439074  0.0561051446267875 -0.0281393828548418 1.2674185559688  1.64746142237358 -7.75925064056579  6.07864839135686 1779097915.33355
   1.46853625866319  0.0595187033816291 -0.0155424047931837 1.46982406614107  1.52793485173521 -7.66848235284514  6.20119262596943 1779097915.3525
    1.57228138662345     0.12692722863651 -0.00806598503040048 1.57741698361797  1.42535042160322 -7.56149210572838  6.42646060600261 1779097915.37352
  1.65067205237698  0.242714559038953 -0.001687038223082 1.66842183747572  1.58650540641823 -7.09634218069137  6.46841252684057 1779097915.39546
  1.83467505525932   0.33835095420833 -0.029395667482978 1.86584512537114 1.26430021891308 -6.9278488844869 6.68203918586507 1779097915.41406
     1.9586775933354    0.483769977040247 -0.00212651727159337 2.0175370696459  1.12840879221572 -6.51623663850098  7.20613648688355 1779097915.43343
     1.94490681700742     0.546538238286109 -0.000442428373802862 2.0202392849595    1.106740661328 -6.01794726691479  7.81392027888839 1779097915.45241
  1.93052584853931  0.526582246574461 0.0273135011013883 2.00124085047958 0.845413042311355 -5.73633809213522  7.79577155257623 1779097915.47233
  2.02947199682346  0.307804940358767 0.0395272924108363 2.05306182908485 0.559764464531365 -5.44925494755629  7.77872252979718 1779097915.49539
  2.13777370914644  0.140761218432971 0.0377812839017933 2.14273600276509 0.670877880245008  -5.3074005592249  8.21307809954676 1779097915.51441
  2.08794359234111 0.0259721374566958 0.0303590287619028 2.08832580488527 0.834244196103351 -4.64243889929257  8.81291494380752 1779097915.53424
   1.93708828269683 -0.0248205388405122 0.00619968098761872 1.93725721321513 0.655375214123796 -4.38308874543895   8.9655507598665 1779097915.55259
   1.80267751536407 -0.0681729022572223 -0.0513157585768352 1.80469584032314 0.722621387747492 -4.15536292482378  8.81829976464438 1779097915.57361
  1.74220558374164 -0.137080882275591 -0.124915881271642 1.75204892674259 0.689982569470969  -3.6746685366826  8.93644361234296 1779097915.59545
  1.64499052745847 -0.177601817073475 -0.199531179461651 1.6665380080974 0.683121299646732 -3.24161898467022  9.17093478934844 1779097915.61448
  1.53230171946813 -0.186238068561264 -0.221618850173229 1.55940632691371 0.825102200416477  -3.1223431901343  9.27280187306381 1779097915.63421
  1.43432473719688 -0.179593616053462 -0.192277457797811 1.45825647244894 0.891773515582917 -3.09935384795595  9.15266522154184 1779097915.65337
  1.34008743833794 -0.140876636611363 -0.163062773574696 1.35730248554254  1.1042535339211 -3.0104492258064 9.17950771345074 1779097915.67265
  1.30003047289153 -0.187945939888188 -0.157432084056367 1.32294662320796  1.30445528592698 -2.67809447750151  9.20438043522026 1779097915.69594
  1.29803561624587 -0.209603735290235 -0.206727105278368 1.33100198457673 0.990202881747785 -2.29782346366866  9.20864001952059 1779097915.71574
  1.28443701445665 -0.190870736035849 -0.225813569743826 1.31802953315228 0.881766302889228 -1.98999359383002   9.2373221124815 1779097915.73419
  1.31633938496399 -0.159670196065965 -0.205287839486698 1.34178502188698 0.935976786916247 -1.91135459804264  9.19253258152058 1779097915.75224
    1.3294179031813 -0.0897868442688073  -0.159678181918195 1.34198016396794 0.946176826212063 -1.83061293255282  9.40100371296982 1779097915.77258
    1.3518507042749 -0.0464472731207663  -0.184233308683775 1.36513720477375 1.11049354450414 -1.3400716501369  9.4235909107107 1779097915.79585
   1.37796589550703 -0.0229707651990414  -0.239578877687738 1.39882654531162   1.04550967150014 -0.837320662363758   9.25574949092638 1779097915.81577
  1.37859912389484 0.0151674800675339 -0.243996370048142 1.40010707642376   1.00969816561869 -0.454140859382595   9.16882653840294 1779097915.83425
  1.35523885420952  0.045795397971903 -0.205907303423005 1.37155655663099   1.07504334820014 -0.305223027476014   9.24704915856701 1779097915.85233
  1.34960380114244 0.0797575215361395 -0.211737018099147 1.36843861650176     1.2182095297663 -0.0686384634427607    9.11425621152785 1779097915.87255
 1.37466799754144 0.106201576957652 -0.27719128815682 1.40635197893093  1.03021762746769 0.732300445740562  9.00132791041649 1779097915.89585
  1.40409553564016  0.170960855779961 -0.323126194452225 1.4509040026669 0.683514301494581  1.26390434007457  9.05978926076583 1779097915.9158
   1.3646125794365  0.223454880005608 -0.298601247870353 1.41465977555892 0.827175727838574  1.23867732786972  8.94848939824914 1779097915.93438
 1.34218800061091  0.27967598315217 -0.25053302122738 1.39371951240605 0.930586450063275  1.17853278420698  9.26041489381748 1779097915.95349
  1.37039679596596  0.281222320475631 -0.219876002688525 1.41612811160776 0.876114548865332  1.49668919368398  9.30767467217011 1779097915.97356
  1.37309831472299  0.225849640163642 -0.270265080362067 1.41755079468789 0.627340028063313  2.14533794793385  9.04103107722478 1779097915.99858
  1.29592851089498  0.158191436895482 -0.273649607347804 1.33391879200315 0.547417565312243  2.34858161753172  8.77327301393951 1779097916.01609
  1.25167460398686 0.0534323653766459 -0.217318087854545 1.2715232924505 0.508704004297109  2.27268342470792  8.81818368611897 1779097916.03448
   1.20791358687258 -0.0516856507055676  -0.128160154527212 1.21579260774554 0.768586400850519  2.37679194440569  9.06022322789792 1779097916.05348
  1.26119551961276 -0.246812827074797 -0.135849247167686 1.29227927641667 1.03263009112576 3.32634771429948 8.97808936017227 1779097916.07352
  1.33739463776187 -0.408484855073601  -0.21597522943538 1.41496628711371 0.925393893697175  3.86185509639878  8.64076381535186 1779097916.0972
  1.28995218287875 -0.463023655149192 -0.213360986137953 1.38704378076077 1.05892581375485 3.94657814762816 8.43208302938366 1779097916.11621
  1.23838789676217 -0.465007576050701 -0.179688715064691 1.33496242005278 1.12682137281665  4.1070689872158 8.77617375079691 1779097916.13458
  1.30316549763729 -0.403507375815341 -0.159643555445398 1.37351540994809   1.115492781192 4.66557011046622 8.88925322384919 1779097916.15359
  1.41558839079086 -0.348828141696906 -0.212573808041999 1.47334964908098 1.18152311740555 5.07127918636077 8.86546126336718 1779097916.17255
  1.48269246860106 -0.240621974858275 -0.285698745374531 1.52901918377095 1.05735338784989 5.45258894540479 8.51587837073894 1779097916.19601
  1.39805208897731 -0.169090689536822 -0.255390978139302 1.4312113248912 1.13983979350991 5.58312298973013 8.22729592371469 1779097916.21574
  1.24772072080157 -0.157145250776658 -0.248950759840338 1.281982101195 1.52899571287043 5.69252367863907 7.90516329267773 1779097916.23432
  1.09492126712059 -0.223423084195271  -0.24449934432178 1.14391887173788 1.64000785771296 5.74866351887073 7.91567963349144 1779097916.25323
 0.983453172775015 -0.284818871199126 -0.232359191801994 1.04990129366873 1.73909704434849 6.05264421405837 7.84757982757059 1779097916.27256
 0.829244467486259 -0.337401003966414 -0.225746992491478 0.923280850528733 1.85400419075869 6.44396674735529 7.97530366593976 1779097916.29607
 0.598459106263213 -0.356807997870715 -0.240606519136385 0.737127360952502 2.04461218978528 6.43011172453181  8.0157186446759 1779097916.31568
 0.355098498410992 -0.369204385582534 -0.217243230064776 0.556418406341932 2.18839924565893 6.45407991652711 7.92522871065345 1779097916.33442
0.161791258874143 -0.35189444095129 -0.17830370016108 0.42637814028352 2.15425279895149 6.50302726695524 7.93194574339637 1779097916.35352
 0.044255680661809 -0.310811381923446 -0.115733032350638 0.334598886999159  2.1878602191674 6.76852511532366 7.99654943328263 1779097916.37357
-0.0513137861294557  -0.266878704716196 -0.0830303167098137 0.284167874980382 2.20119280229196 6.72690180999708 7.99149375620609 1779097916.39643
  -0.12273639830305  -0.207323611215384 -0.0136727088925055 0.241317728740041 2.18749362835128 6.55324378211301 8.08190252783497 1779097916.41605
-0.193209393734229 -0.117866205061828 0.0138204554902857 0.226745048706216 2.26167563459711 6.65866875708597 7.84656880817124 1779097916.43465
  -0.29312267565885 -0.0028831648563748  0.0264368969183452 0.294326562076317 2.31480977570525 6.57280947926082 8.00107176738004 1779097916.45351
-0.428711987777198  0.086243149993006 0.0127938315326421 0.437487750125507 2.32133632509339 6.53381911094021 7.94131232805329 1779097916.4735
-0.509578026415258  0.119983874430291 0.0230347741094316 0.524019556836236 2.18427987408999 6.51768154796485 7.87203519850863 1779097916.49601
-0.53351720793989 0.117254732981576 0.072507065030201 0.551041339695898 1.98148986362782 6.34116669282641 8.06795414711813 1779097916.51586
-0.629844426450307  0.109107533997609  0.131962016241181 0.652703936893285 1.98822536404348 6.16602203084722 8.16063817525247 1779097916.53507
 -0.70805721379155 0.0905034629518547  0.129381834247571 0.725448519084433 2.01063148940266 5.94949404220888 8.28747965320424 1779097916.55363
 -0.724106531406698 0.00946185408358955   0.156283072175068 0.740840194749864 2.11637110229017 5.88332007434504 7.95661325111697 1779097916.5736
   -0.7787289340112 -0.0357841436084347   0.241996151393501 0.816248365933602 2.02399077600153 5.64505517148861 7.95556927423032 1779097916.59616
-0.898642308596462  -0.01742112527535  0.264516202163823 0.936925992601663 2.01778872943882 5.40283237485558 8.31149170440407 1779097916.61601
  -1.00419612292733 0.00364783456116652   0.247698272068586 1.03430053368691 2.14525036840427 5.39086790186641 8.23086584399075 1779097916.63467
  -1.04400300006686 -0.0335952990430419    0.21273792986231 1.06598702387435 2.03539201632804 5.10079874320796 8.32423384964536 1779097916.65365
  -1.01493616916826 -0.0272503847137033    0.23320810866197 1.04174086648201 1.85324244759361 5.24551433882761 8.00656586668736 1779097916.67262
  -1.0377869903729 0.0751104160117154  0.278012919365219 1.07700259763599 1.56278679613839 4.83114207822818  8.3588212923841 1779097916.69594
-1.15156616240676 0.178967023721567 0.270737308600039 1.1964248878421 1.62070501876723 4.51784557118745 8.77445388662843 1779097916.71628
-1.09438565599723 0.186371005061722 0.256301540021413 1.13934393182987  1.7300365524041 4.50254740896462 8.65163025658885 1779097916.73597
-0.961645720260991  0.139996837587817  0.276563658285243 1.01037075517603 1.62770171808253 4.36307872520078 8.45726213918705 1779097916.75483
 -0.8853995393129 0.203521957092556 0.277769466040674 0.950004951302255 1.46961586619725 4.25869837272255 8.64694919325519 1779097916.77253
-1.02923784672831 0.285730403193517  0.18778280693487 1.0845435865042 1.44367548091936 3.96028094389911 9.10731723565995 1779097916.79596
-1.06062975089285 0.261898651738247 0.153344736349523 1.10319580330395 1.74094569138133 3.64222206824676 8.73440095993936 1779097916.81619
-0.930779311595091  0.183940262028048  0.160209901529078 0.962211701984722 1.59283533815118 3.29499926360883 8.55053824233583 1779097916.8353
-0.841351396570749   0.15127886399709  0.286440804566662 0.901557431184834 1.39685457562199  3.1291846283298  8.3201867695349 1779097916.85365
-1.01944048022709 0.231408401718625 0.290240593763189 1.08491858836486 1.18886749457798 2.92545544589493 8.87437182518884 1779097916.87346
-1.26386861679918  0.22012111418328  0.18052163366544 1.29553280377627 1.49149187740902 2.62137587662643 9.21329398599948 1779097916.8957
 -1.28699962879713 0.0985616896045894  0.154303232858104 1.29995843735565 1.57618390817533 2.33621078463791 8.88131527808358 1779097916.91623
 -1.20859185790652 -0.068488878278087  0.239395287878398 1.23397532767236 1.38696648040606 1.99509331031566 8.65272809064152 1779097916.93535
 -1.30690742788639 -0.153300805509482  0.319368433458038 1.35406955446311 1.27640607015116 1.64250601232846 8.81422483268324 1779097916.95355
 -1.51953553859974 -0.152578282241883  0.288474745317264 1.55418340744114  1.1656657668805   1.620422194648 9.42035286984958 1779097916.97256
 -1.61768530860057 -0.212149058226687  0.221888398528241 1.64655623711127 1.57261080118831  1.3309337712828 9.67993616198116 1779097916.99522
  -1.4918636880034 -0.313003852746378  0.235695299226126 1.54245938341808   1.4966707907598 0.818916675894097  9.48117355633151 1779097917.01596
 -1.39194266709625 -0.393428781455805  0.350932892825868 1.48843692840105  1.24721408749876 0.550971033491346   9.1988244813815 1779097917.03556
 -1.40323147375943 -0.332887613302492  0.438433363202822 1.50734751998623  1.19879347899712 0.136951132911604  9.50646329940716 1779097917.05402
 -1.52890008521404 -0.227302158215136  0.433643061261721 1.60538096608786   1.55915866301845 0.0629091610274238   9.86555765625426 1779097917.07359
 -1.47293647715986 -0.199530280271631  0.341226944795529 1.52505410603947    1.9758624082612 -0.335002064806289   9.55524028806456 1779097917.09448
 -1.26388235947428 -0.214828432695237   0.35091372113431 1.32916903129922   1.76302281878144 -0.863837364845992   9.30106816883765 1779097917.116
 -1.10508681402068 -0.178471791243389  0.445588500343371 1.20483117424403  1.50252189944839 -0.90733860728074  9.20567296363941 1779097917.13555
  -1.14007823106579 -0.0413246305846467   0.483973207821319 1.23924015587452  1.44431983050308 -1.17976071150782  9.59347824441597 1779097917.1537
 -1.20877226112775 0.0651815029166581  0.455913138642717 1.29353616013678  1.91661166665409 -1.26865081850619  9.26124404710909 1779097917.17267
 -1.12522781639972 0.0456069143141593  0.427247831031973 1.2044742996654  1.92916305172171 -1.55370383738377  8.80367804793047 1779097917.19381
 -0.886594370968766 0.00585888539024379   0.468393635477403 1.00273451268382 1.28871866233008 -1.8438432621857 8.95351512235544 1779097917.21549
-0.872899231732014 -0.012994479462146  0.602616972568166 1.06078703842103  1.20642579714982 -2.31945458495997  8.85010113973337 1779097917.2346
 -0.995677711991462 -0.0817145641145607   0.668110807973185 1.2018416817017  1.57801423713061 -2.75797213737034  8.85410293326453 1779097917.25351
 -1.15165354559039 -0.203933404404062   0.64589246353013 1.33606579065095   1.7104017617484 -2.72013327418771  8.67299234460763 1779097917.2725
-1.10347156683566 -0.28617137154492 0.620898415519634 1.29809799133249  1.23484875646756 -2.58820303471128  8.98641713512888 1779097917.29319
-0.956196932835567 -0.264918133603679  0.650979358361333 1.1867048145553  1.06252730682273 -2.59345900926111  8.70047399356453 1779097917.31458
-0.878310594702407 -0.255814885637436  0.706041619055364 1.15558016784579 1.09524828140349 -2.8255637745116 8.43715527441267 1779097917.3345
 -0.97128273009414 -0.292086449490494  0.676811797107207 1.21933541097541  1.63341254071022 -3.41669530243636  8.33518292338609 1779097917.35353
 -1.16114326274975 -0.326754936933699  0.607854428029589 1.35074404352374  1.53642403967253 -3.60894989390702  8.52930898060607 1779097917.37353
 -1.11295242530585 -0.295734406606765  0.603817743392566 1.30027605049117  1.47507518579005 -3.77047900278591  8.61194188168427 1779097917.39228
-0.962414975783224 -0.216313745149883  0.657698130936771 1.18558047107327   1.4723894029861 -4.13024455694413  8.15243865886247 1779097917.4151
-0.989485664196518 -0.174507163599095   0.68319629720537 1.21502749364488  1.60509713426982 -4.42484803206254  7.67457554517977 1779097917.43433
 -1.14804264850286 -0.168302651099581  0.607683693606657 1.30981188596838 1.70272090736707 -4.8230092591036 7.65300998635078 1779097917.45356
 -1.24964347890851 -0.144678524773431  0.533781819522713 1.36655176658704  1.54887018245137 -4.87435922210405  7.89721056545853 1779097917.4726
  -1.20726648797356 -0.0886643277244443   0.517858122401404 1.3166361573844  1.44310519937233 -5.19631671934422  7.76340332926263 1779097917.49231
  -1.15790068918759 -0.0489898855655549   0.573133408992065 1.29290986515367 1.39430291656221 -5.7045191749398 7.26353331362007 1779097917.51525
  -1.13691161661321 -0.0896031015564018    0.59747544882423 1.28746792260868   1.7176407977222 -5.93743595078273  7.22192468301085 1779097917.53399
 -1.06587518846346 -0.161819009275035  0.565548843037236 1.21742383868787  1.63411637816344 -6.19722315496157  7.48947129154602 1779097917.55367
-0.983880048296697 -0.234310916039495  0.587059880740028 1.16942757723002  1.62313565274707 -6.36235762198377  7.33621665325636 1779097917.57356
-0.787768407248741 -0.279552612168669  0.630106182288086 1.04678676309323  1.61252481155288 -6.62622318554476  6.90491801536425 1779097917.59333
 -0.55825973592523 -0.296643429496577  0.657757167832053 0.912302443739598  1.63923291828482 -7.05337957593111  6.75095681265103 1779097917.61579
-0.411089565607053 -0.252668690972897  0.654016339910573 0.812756710965204  1.56089471353275 -7.19296658650716  7.04451996834425 1779097917.63437
-0.344567512953947 -0.125143561249028  0.607966160324727 0.709936992982722  1.33216328753965 -7.09535997534549  7.19703682962441 1779097917.65382
-0.377868604511916 0.0079025599599562  0.551766199644754 0.668799724730893  1.46632665853204 -7.26269891597144  7.05643565931423 1779097917.67252
-0.411109900654446  0.129614181632849  0.450971084649275 0.623847822538642   1.4954744452096 -7.41251231819768  7.16849065515159 1779097917.69201
-0.367117826099236  0.246014849078226  0.358434769557212 0.569011676711773  1.40408704147164 -7.62425301685489    7.236134125203 1779097917.71558
-0.260388927446437   0.28194599754638  0.287091125661528 0.479288278077748  1.29954928776392 -7.60595496639656  7.65186791631732 1779097917.73431
-0.211287601913642   0.24868962947176  0.221598230317236 0.394455014176458  1.15467171195154 -7.74338445683346  7.53873125683667 1779097917.75409
-0.24136490157489 0.193444847972603 0.140221842088956 0.339617564207478  1.03923191184728 -7.90025029704549  7.49893913034878 1779097917.77347
-0.267014102455866  0.131191705078471 0.0856954865391721 0.309598951556516 0.976610432771739 -7.91129601225868  7.87584897454695 1779097917.79337
-0.212533417339837 0.0946260097462545 0.0599068599555555 0.240236065311564  1.07367335737145 -7.99460667708524  7.82095067450786 1779097917.8152
-0.126065113011467 0.0833396151871848 0.0111318612339988 0.151531589157756  1.23245268704123 -7.97821799772882  7.73374497223217 1779097917.83377
 -0.0351496692851516   0.0107675116751285 -0.00684453592802181 0.0373936656480685  1.13621739055823 -8.11319450641141  7.54729594856728 1779097917.85405
-0.00344916434044723  -0.0277524195422783  -0.0270451565156857 0.0389041645078773  1.22108243343995 -8.11232599196615  7.37037916884052 1779097917.87361
 0.0198119000510982 -0.0631501357566116 -0.0337906283787763 0.0743118940408986   1.2401035885249 -8.08849312844507  7.67132892884592 1779097917.89351
  0.113964103686898 -0.0755299297394397 -0.0420229577842255 0.143033269544318  1.24109798771376 -8.04170003366955  7.59962957412056 1779097917.91545
  0.252134750565826 -0.0774017433644272 -0.0665879521807553 0.272023744725291 1.27576406200093 -8.0322082686856 7.54768892581622 1779097917.93518
  0.351560722893929  -0.128269714026809 -0.0977620388585326 0.386788673127845  1.27982168195426 -7.96875962683221  7.42862778260549 1779097917.95386
 0.420780259689172 -0.184273206684279 -0.137744360804944 0.479568713094752   1.2727994256938 -7.82044402921248   7.3694989727322 1779097917.97346
 0.468903155468378 -0.215159260327449 -0.175695685150339 0.545007018572517  1.2884916310879 -7.7261279237212 7.12636208080527 1779097917.99261
 0.505009387988181 -0.176489756769308 -0.227883769862056 0.581475819589455   1.2395284000069 -7.59943617965612  7.26815627295058 1779097918.0156
 0.538682779301578 -0.132683610256386 -0.269970855405574 0.616983257402629 1.31970056829028 -7.4280888992911 7.30161098651016 1779097918.03538
  0.575081098168212 -0.0745308389865046  -0.334039570027552 0.669220105626378  1.44098721983599 -7.33854236793269  7.10184081730828 1779097918.05362
  0.650033603914917 -0.0125951920486586  -0.390978411119529 0.758660953946431  1.27332473870522 -7.25026713679381  7.17921372071725 1779097918.07264
 0.748038301944733 0.0768343814114729 -0.420659783045451 0.86163767119079   1.2703569607705 -7.12611635726547  7.30667217342449 1779097918.09243
 0.833567819895659  0.109349749465222 -0.435184189776835 0.94666676138197  1.32293090828501 -7.01753635294978  7.24431392708323 1779097918.11534
 0.844788576731917  0.125084541191104 -0.443889641806045 0.962471763702409  1.37604569305479 -6.85744527608726  7.06439007862225 1779097918.13504
 0.829937836145452  0.153704958177981 -0.450158626076665 0.9565902020539  1.32849016011268 -6.70492250274226  7.30192446120369 1779097918.15343
 0.867619252756506  0.248646906531562 -0.462674840710157 1.01422702592055   1.2435264981892 -6.49742401407498  7.46305073573098 1779097918.1725
  0.94590275715297  0.308717980996479 -0.450228888188545 1.09212859569724 1.29980005178787 -6.1682953987743  7.9832348408401 1779097918.19193
  1.09228582737265  0.215767920190347 -0.485809706053582 1.21476548953215  1.24228928291919 -5.83253794879192  8.00893285264121 1779097918.2153
  1.19804261720247  0.130568497761687 -0.509241042052114 1.30831215088426  1.10417877076996 -5.68358044623137  7.94079764014415 1779097918.23524
  1.17469879890367  0.100267343250761 -0.494907049724491 1.27863356601306  1.30091664152555 -5.53858521609937  8.24559558600124 1779097918.25353
  1.06523350361745   0.10834589108636 -0.505872544157742 1.18421631481627  1.56068905588166 -5.41190345664324  8.44622827589006 1779097918.27346
  1.03583683868117  0.132175670242248 -0.489219352577409 1.15315390954948  1.60111673294016 -4.75896771664446  8.81158944694975 1779097918.29291
  1.19790075302487 0.0872860096424812  -0.48896865959316 1.29679428269915  1.46481512026886 -4.42255599516366  8.84091502574643 1779097918.31528
  1.30298302067368 0.0563671490029592 -0.510472548346228 1.40054426215872  1.39960594627583 -4.41274528622243  8.68393773294733 1779097918.33518
  1.18707206473978  0.071139073413565 -0.513350151326366 1.29527187590811  1.29882608422853 -4.25047336019624  8.60107686422721 1779097918.35367
  1.02923524300276  0.115578826345721 -0.551429284566699 1.17335327434501  1.28914233346141 -3.94354138608749  8.82130628718965 1779097918.37349
 0.963646237653257  0.148248465442567 -0.579601441136828 1.13425284192601  1.37760882930065 -3.38777839355042  9.09564885686289 1779097918.3922
  1.18558377567205 0.0897962079792831 -0.604142386765976 1.3336642274544  1.27004683866238 -3.07897841048152  8.85619416242505 1779097918.41445
  1.29801586859852 0.0310181806532151 -0.603615750391919 1.43183773409762  1.24305921627427 -2.99609297485311  8.86067856380409 1779097918.43447
   1.19815936091513 0.00896917572378427  -0.629598186263364 1.35353617476883 1.43154048222688 -2.8337278165639 8.75149051841474 1779097918.45357
  1.05455318307157 0.0209268778660107 -0.661441339441075 1.24499999825912  1.36173631443616 -2.57307660439804  8.76971475687388 1779097918.47256
  1.08738859087061 0.0538943421205917 -0.658751651677338 1.27250630106723  1.27024067188976 -1.93861139202075  9.07305535111812 1779097918.49232
   1.30899340276758 -0.0190162714186277  -0.643846571201381 1.45889127570065  1.34165143686888 -1.75232709857583  8.75850222216321 1779097918.51537
   1.46845287055346 -0.0984609570244422  -0.621939817386992 1.59776641895686   1.3088343842034 -1.74133999151578  8.54206087414176 1779097918.53537
  1.40220631367591 -0.130039756353913 -0.608768514362296 1.53417469292909   1.0957986622261 -1.36268982740786  8.74884679327435 1779097918.5541
  1.28637975030407 -0.109359438067435 -0.650818221128453 1.44578584362954    1.3161560119225 -0.962829618918927   8.70774249696994 1779097918.57257
   1.16719984951419 -0.0739056519247784  -0.676693466121066 1.35119635182431    1.3505504306377 -0.634214248603548   8.87694986713037 1779097918.59175
   1.19407999076288 -0.0826967785655063  -0.712909049673624 1.39316369986873   1.52529039840784 -0.270867691344457   8.74131188485596 1779097918.61561
  1.21786023591211  -0.12084042271018 -0.734766444943612 1.4274689806058   1.43901195173265 -0.234700942963692   8.59532744024135 1779097918.63633
  1.22332088232778 -0.135603634162166 -0.735991935498997 1.4340803519527  1.05119907202337 0.226167205994046  8.81337082909255 1779097918.65525
  1.15366336397701 -0.110444042348929 -0.753670082635497 1.38244552779953  1.17597691452813 0.557776406533143  8.74531257658676 1779097918.67362
  1.10270753291148 -0.108879754924588 -0.747033358528328 1.33636729342134  1.31124434964299 0.661304473814447  8.91717355330169 1779097918.69223
  1.13588744657429 -0.147476879636045 -0.773589833756133 1.38218340035  1.67568694099089 0.913291738100919  8.77288174601649 1779097918.71549
  1.15358693105967 -0.167056128501915 -0.799643215405916 1.41354159101401 1.47674457811515 1.26613817754999 8.94908403692362 1779097918.73564
  1.13530036855321    -0.147830909892 -0.817994911929816 1.40708087212484 1.32301572612154  1.6674305759806  8.9834021049599 1779097918.75446
  1.04596541013036 -0.105246157178921 -0.848763708897999 1.35111813929515 1.35518854838043 1.85431570390567  9.0380254224433 1779097918.77344
 0.958734713536286 -0.098175537340142 -0.871061474790142 1.29906072988722 1.65271798993574 1.97987891312355 8.84969805347511 1779097918.79201
 0.998517217976706  -0.10613128703265 -0.894799241679055 1.34497812903874 1.63543680456182 2.09415097212804 8.86005864516657 1779097918.81426
   1.02985324266414 -0.0685866681306675  -0.907105584333236 1.37409693020531 1.60803216679474  2.3501610402001 8.83101828033901 1779097918.83544
   1.00800157845827 -0.0444803419846749  -0.889303171911746 1.3449556924188 1.49820014351507 2.78382552762356   8.941214707139 1779097918.85426
  1.01760919826005  -0.01133551899923 -0.878481199731829 1.34439063990222 1.45074036194922 3.02611822276065 8.97916257102842 1779097918.87349
  1.03129809476394 0.0187279144184491 -0.886829934263904 1.36029181698219 1.46457791606452  3.1287542761849 8.92528353513213 1779097918.89184
  1.03648647589358 0.0120464402471404 -0.871619458057567 1.3543152554326  1.5118491746064 3.24612147176047   8.731031351971 1779097918.91357
     1.05832636889856 -0.000396126241944211    -0.918673216343108 1.40143331573364 1.49185807651149 3.65394875051464  8.6909514598078 1779097918.93545
   1.08336817826655 -0.0135733442238973  -0.981945609934021 1.46222023861753 1.48000874135049 3.83888951667279 8.63601291827854 1779097918.95584
    1.1122715309884 -0.0166266059801395   -0.99426198475791 1.49197228426283  1.2713348377685 4.06750727920278 8.61387905087974 1779097918.97341
   1.18181253464069 -0.0197920070212903  -0.941966399280747 1.51141433364571 1.24934398515653 4.24561511239294 8.35330731962782 1779097918.99151
  1.22474729493143  -0.06562060595352 -0.846681235197141 1.49036274591206  1.0874244850261 4.49240739701156   8.035095652026 1779097919.01353
   1.1628727742312  -0.16099862020566 -0.795495928065908 1.41809993171346 1.45643598589026 4.85805537294172 7.75332286283247 1779097919.0354
  1.00959919005885 -0.283924610708074 -0.842304716709057 1.34513231502464 1.29897110970863 5.02310469089111 7.57839108583558 1779097919.05463
 0.928681492039282 -0.326144270997596 -0.813337296894495 1.27684648947338 0.955954769402405  5.44042733637447  7.52454187469221 1779097919.07255
 0.899066252280271 -0.245602033151216 -0.720069822924997 1.17776951674109 0.71927714212894  5.6884580648363  7.7362938141481 1779097919.09166
 0.904610256335096 -0.174731289273704 -0.612517376067275 1.10635811349772  1.1004958591968 5.84814249761506 7.41518795709866 1779097919.11231
 0.881141581888296  -0.10949511287387 -0.573594717563694 1.05707642443337  1.2577539576259 5.99307293114996 7.46347763919845 1779097919.13508
 0.836434870790852 -0.113329024622271 -0.584608453911297 1.0267588837119 1.34639110072133 6.45915894051947 7.40792976181211 1779097919.15411
 0.722331871564421 -0.108398767595213 -0.629269438111049 0.964102510750032 0.992102354575965   6.7811996221038  7.45097212924984 1779097919.17351
 0.637015940042014 -0.119908621831721 -0.645065074876323 0.914481457593531 1.01670937051677 6.92244056981451 7.47399595332237 1779097919.19189
 0.616540176518919 -0.116032220351541 -0.597247008784291 0.86619238909348 1.17575959796706 6.90895597829696 7.41651918869885 1779097919.21218
 0.603628652491929 -0.119576712716721 -0.566054777740382 0.836112523369955 1.30210490461395 7.36401470374659 7.64043785392616 1779097919.23466
 0.582778665029671 -0.113121698275333 -0.535889865727233 0.799753361495663 1.21447544992051 7.55219992309969 7.25195447749669 1779097919.25381
  0.457703367637519 -0.0954076015406151  -0.481122624629522 0.670875519831256 1.14569186537283 7.66830618109662 7.15765027396853 1779097919.27344
  0.350403528362939 -0.0860137955426773  -0.391957489286751 0.532739785562171 1.03388281245142 7.60106407980143 7.36116801633763 1779097919.29187
  0.272445074562391 -0.0251338014272332  -0.280569391656908 0.391889283040782 1.09825027982119 7.99124187389046 7.46161945926399 1779097919.31211
 0.217800858882886 0.0047457017821912 -0.223301838700161 0.311967060733022 1.16062046150277 8.33511462893436 7.33099113366997 1779097919.334
 0.151253459658564 0.0559556534127043 -0.177097573884893 0.239524935828074 1.11161694411615  8.3662242818244 7.15149130711593 1779097919.35376
-0.0166545169246436  0.0768020229339514  -0.105243895414142 0.131347634857592 1.17701899522985 8.00625725995364 7.29872846092488 1779097919.3735
 -0.163121337464878   0.109038566359452 -0.0563039420999232 0.204127689415343  1.3156343611696 7.98551965923708 7.31741629108655 1779097919.39223
-0.255076220676716  0.120475906285316 0.0141086581598577 0.28244889198766 1.21146664550767 8.05286139223652 7.36363783605274 1779097919.41212
-0.252776101220934  0.100507973154736   0.10858462060762 0.292896278311333 1.23714799984113 8.01116747160238 7.24777859525944 1779097919.43416
-0.245808084204255 0.0596470810032443  0.207610168705767 0.327232899755527 1.10701599548968  7.9897426594869  7.2959528169431 1779097919.45381
-0.269881814136502 0.0454811835117033  0.245683379164822 0.367783977972234 1.01692787946583 7.81804665369866 7.29956381197526 1779097919.47342
-0.294035657669925 0.0339681529471024    0.2648719203765 0.397200122859948 0.879527811939913  7.71181931986746  7.47357442788121 1779097919.49232
-0.286742079493489 0.0339710119942333   0.29897283251386 0.415643843199347 0.810986220782297  7.58047892328651  7.55334314439117 1779097919.51224
-0.219353653119539 0.0205008683464255  0.363712879378921 0.425233311684245 0.902507469183856  7.53037432407867  7.40956739261111 1779097919.53413
-0.192085443752041 0.0230764313877277  0.390509881934321 0.435806502103133 0.813205371312076  7.21232106416928  7.44002298859363 1779097919.55381
 -0.29979756155843 0.0564546348761346  0.374398171467564 0.482948956426696 0.741704534739227  7.05664657166725  7.32398862282044 1779097919.57343
-0.368431969054095 0.0588814519405348  0.354395812121071 0.514592589193293 0.914921703104795  6.73368297913673  7.33747611886715 1779097919.59181
-0.397631447619127 0.0404909896356837   0.39522100341828 0.562094235800646 0.94975459072664 6.67459864059035 7.02143764491883 1779097919.61159
-0.443503382710633 0.0848123337587523  0.470712903498968 0.652272197747082 0.698843595717313  6.38549284523758  7.40552554165579 1779097919.63426
-0.541105586715235  0.158716632784886  0.506282386725973 0.757831168932737 0.869820272565492  6.56811720203419  7.31706687016612 1779097919.65401
-0.638862369305223  0.160763996214421  0.490611809739542 0.821395238146059 1.07494312086271 6.54870058371312 7.41282110919006 1779097919.67348
-0.706949947482573  0.134663914376147  0.472124066915692 0.860705369241839 1.00375304773396 6.28996153994899 7.32143963047353 1779097919.69164
-0.716714763168972 0.0921129584624714  0.501837739605612 0.879776088418828 0.975581930649088  6.13019101581006  7.49538956059036 1779097919.71167
-0.812833121437682 0.0808014977057193  0.544917606457236 0.98191739121206 0.962650230198399  5.85430645897011  7.90280057396074 1779097919.73395
 -0.90667087828357 0.0872550958597622   0.50037018624153 1.0392477358938 1.07606967474289 5.86189037752677 8.01201113750443 1779097919.75415
-0.907002308231909  0.107138250229742  0.490919563934026 1.03688659459628 1.06827337551678 5.83106370913128 7.86508604048655 1779097919.77259
-0.803605392451832  0.116085839698732  0.516046121116367 0.962060885846354 1.03791330016212 5.59899656626335 7.88039267992043 1779097919.79153
-0.62400980463166 0.168064075687957 0.548424410413638 0.847586634952933 1.17124877396555 5.31779493963908 7.97512126504982 1779097919.8116
-0.761658587324651  0.283870220876711  0.548627255020241 0.980662006451264 1.22114307022908 5.12709785868613 8.44567316903146 1779097919.83351
-0.796649212029627   0.29104477446779  0.457727249668655 0.963779675476539 1.41897865759092 4.95369574253701 8.46385082634174 1779097919.85414
-0.752611677475243  0.280014824505449  0.455454954167997 0.923185709535784 1.40057559046882 4.70938315942215 8.05475107665182 1779097919.87266
-0.642996846437681  0.225150878174921  0.520796344918629 0.857535244379113 1.32335814739926 4.50480516033092 8.05484277659346 1779097919.89141
-0.581124540437894  0.245106394312149  0.571865565224306 0.85135956018663  1.3489913152824 4.35855201024696 7.90682893441289 1779097919.91124
-0.788432550479108  0.394674333529322  0.532748782511008 1.03015289227802 1.12676916395766 3.85277214042475   8.480933710144 1779097919.93402
-0.937154465318975  0.473539239453647  0.451074868145499 1.14278888682123 1.19321647659716 3.88794636031061 8.64243836925773 1779097919.95429
-0.944120562427318  0.478703984537027  0.434879904728893 1.14439576753268 0.995086025677421  3.57104245627509  8.37356290686217 1779097919.97251
-0.926058572019428  0.403143573724394  0.472698162393798 1.11514697353148 0.923690621205647  3.26173540749031  8.31099899721831 1779097919.99141
-0.953162998961313   0.31710261403734   0.50925295215594 1.12623813631833 0.75576205732605 3.02590365924981 8.55067878276149 1779097920.01157
-1.13745352985359 0.285326131290451 0.562227915210246 1.30050442614211 0.649384026109913  2.65952947217621    8.694047704869 1779097920.03421
  -1.287350703226 0.317311825255913 0.522420380161612 1.42509006071613 0.657746195885582  2.52750840432271  9.04244562199013 1779097920.05499
-1.27025367823006 0.333669005079012 0.474583199826441 1.39646289802663 0.643454146984254  2.32496077894271  8.91667284103906 1779097920.07352
-1.25222407473331 0.356554040965123 0.474134392604607 1.38564040779734 0.512770706760684  2.19823291961053  8.76425809571828 1779097920.09173
-1.19579560127862 0.424296928967388 0.504062961933301 1.36529647826449 0.276581387998729  2.14462459596618  8.85609938377631 1779097920.11154
 -1.2897166297198 0.480588793527566 0.490002114924327 1.46097113115571 0.789145881591961  1.80195236046208  8.90945577108177 1779097920.13363
-1.35277276719282 0.437068425721951 0.374521162391413 1.47013233060857 0.930650018924899  1.38781973800747  9.14057709127183 1779097920.15365
-1.37137601394993 0.401193839471389 0.280062633384427 1.45604386853048 0.673478853125862 0.974133979526103  9.23984768544029 1779097920.17343
-1.30085978207758 0.374565197106974 0.278347158129952 1.38203198224561  0.49181285175689 0.656146542810374  9.27477506442633 1779097920.19141
-1.33640547658539 0.305094902025198 0.338709349032356 1.4120150566517 0.421088004890053 0.167880399724015  9.39124239184619 1779097920.21021
-1.47270551419515 0.161528873141977 0.395488452241158 1.53341586800692 0.488077459216458 0.049870874861724  9.67722781519759 1779097920.23363
 -1.47501857381751 0.0390460910858625  0.386407912379076 1.52529192782395   0.301723649892641 -0.0204355731946182    9.92035367366969 1779097920.25361
  -1.39756271684207 -0.0294141486852871    0.41297762170771 1.4575998270037  0.322175121081322 -0.161689595387925    9.7605283945852 1779097920.27254
  -1.24838456393026 -0.0877417207026702   0.422965830678005 1.32100822212897  0.283562604156209 -0.394873142214205    9.8999299471589 1779097920.29144
 -1.16012022217622 -0.141384624617312  0.435751152263326 1.24729611908287  0.456891136878793 -0.819985238360289   9.79804452493072 1779097920.3104
-1.12050996559714 -0.19872969858431  0.42813536271987 1.21586839950432 0.526837182991205 -0.89315765068361  10.0824331515406 1779097920.33339
-0.967387604378598 -0.193077764655686  0.401248027761333 1.06494966082541 0.478643483689263 -1.06094103612356  10.1970472463288 1779097920.35407
-0.866850041366991  -0.18260979251588  0.380396047293416 0.964093607144608 0.535046646030682 -1.42744846064525  9.73160944733565 1779097920.37348
-0.811951067155554 -0.207755290432503  0.357200215356649 0.911053670212998  0.47981775478907 -1.74470574557373  9.52299395988222 1779097920.39145
-0.910704777916679 -0.240370982376004  0.354544568826573 1.00641107554175 0.514423097166541 -2.07706089404848  9.21031993418891 1779097920.41124
 -1.00334622140158 -0.272098187050649  0.356553553420873 1.09903207407888 0.499900717783793  -2.2479907305947  9.51124904196625 1779097920.43233
-0.996498915519751 -0.261992374951429  0.362744684762485 1.09235241542653 0.507257265113469 -2.46653213124512  9.58321747321084 1779097920.45361
 -0.98380940928399 -0.238828666275866  0.377405915990156 1.08044218311541 0.652605845787033 -2.75351727294457  9.38656834883916 1779097920.47254
 -1.04073749788317 -0.203981384998899  0.360798880665735 1.12023157303114 0.695883680266122 -2.92188188902877  9.19913483603277 1779097920.49145
 -1.11693268883543 -0.185826688897777  0.363697871515451 1.18926293620912 0.592477599844895 -3.04512344796399  9.29190765958807 1779097920.51046
 -1.18196325924702 -0.124875708851565  0.403055643865081 1.25502388061842 0.647453610059264 -3.26360781303814  9.10380076377253 1779097920.53227
  -1.17529197268335 -0.0909898990530587   0.443684530220724 1.25954211725563 0.758538604993954 -3.49749184229481  8.98032150139436 1779097920.55373
  -1.17880961010368 -0.0691278969029647   0.451921394345057 1.26435901138474  0.75829562135259 -3.47797931859792  8.60309553669067 1779097920.57353
 -1.14895892173896 0.0131314048779895  0.468353012009082 1.24081972159359 0.483145375817676 -3.81787315800822  8.74852038287356 1779097920.59183
-1.20221576498159 0.064262699159162 0.536919367600568 1.31823171232454 0.579479097673276 -4.29896436596703  8.99225726849229 1779097920.61136
 -1.22637910537167 0.0449137614177759  0.548968455296608 1.3443918033697 0.681024406872276 -4.25243519583718  8.79169694467331 1779097920.63216
  -1.16107122862673 -0.0286488413720596   0.552985475492105 1.28635146447694 0.717492781293444 -4.54004180479895  8.44143703522121 1779097920.65364
  -1.07301986657901 -0.0945481275528193   0.553867950983713 1.2112310636802 0.502036727164386 -4.71458088963867  8.56843797955808 1779097920.6734
-0.972988155851089 -0.103533985820524  0.536381812285414 1.11585424056952 0.550206752554723 -4.89665314573972  8.62169097922074 1779097920.69184
 -0.91687776828895 -0.111573656380892  0.543634464164626 1.0717518152111 0.490690432222655 -5.19584475960613  8.53868615345464 1779097920.71044
-0.932183110792274 -0.135839927558852  0.480101357587551 1.05731506729213  0.71471394176508 -5.21657009972304  8.36698874266262 1779097920.7313
-0.877238691511734 -0.164572673443273  0.422092987028933 0.987316755873459 0.613581123254108 -5.44950172050489  8.26111362409052 1779097920.75355
-0.773409073147151 -0.163132227345057  0.406832108940384 0.888980361363385 0.683723667680166 -5.89196615008165  8.13473324611808 1779097920.77253
 -0.70575270659127 -0.136291189039592  0.376889394352371 0.811608148459604 0.642708706120777 -6.06278349156887  7.96628791581431 1779097920.79199
 -0.664134887041967 -0.0868252240040457   0.340324140146906 0.751288418702384 0.686798537230347 -6.09675709363364  8.03875817574019 1779097920.81041
   -0.6018206515986 -0.0573776514288743   0.277890466004638 0.665359604026523 0.708655432200306 -6.15164222823966  7.99664504196481 1779097920.8303
   -0.489741625194945 -0.000861587602651161     0.225764620228063 0.539274758846087 0.531038486986997 -6.33162059171405  8.09559323801132 1779097920.85362
-0.379356221378979 0.0233349572304265  0.192035657457712 0.425832545331023 0.635960327490234   -6.405760978489   7.9378325080809 1779097920.87352
-0.270297570841429  0.040113371278992  0.169723820396209 0.321676910218978 0.700773781342416 -6.52540183409516  7.88240939537785 1779097920.89217
-0.203559074391181 0.0443970082783005  0.142148401486712 0.252217285601692 0.596853569941574 -6.66658220885652  7.82790407637344 1779097920.91122
-0.139237813935735  0.058050057530108  0.111666510448099 0.187686940314201 0.541585047521718 -6.71478362061944  7.94196694648065 1779097920.93057
-0.0408544230420824  0.0709468047903438  0.0793827066470772 0.114035727325591 0.435422479376154 -6.73479207206556  8.04007696030049 1779097920.95336
0.0523396392493526 0.0565480838462901 0.0777866397896532 0.109489200166979 0.513366733503767 -6.78159734330868  8.15022579455371 1779097920.97342
 0.116899241741737 0.0443863503761211 0.0492112285625512 0.134377549598661 0.555511622064863 -6.81891098692159  8.12802787038645 1779097920.99194
 0.150226902172157 0.0180306869283429 0.0186103496361782 0.152445311246137 0.562535194834825 -6.80185749174317  7.99078370497566 1779097921.01101
  0.20735509121838 -0.007683582620004 0.0143229103223965 0.207991146581205 0.392439156284016 -6.83517804632816  8.18565340680384 1779097921.03045
  0.280453702353142 -0.0360069326005821  0.0120195692186439 0.283011039366116 0.447653161902578 -6.83939797834808  8.14321077619605 1779097921.05346
   0.306610506316135  -0.0465556738024253 -0.00880319715039243 0.31024978586085 0.488252123763755 -6.72187005212125  8.14310663201805 1779097921.07256
  0.311686495760173 -0.0826231886718535 -0.0399546307524707 0.324917582571531 0.580892451624196 -6.59861882149948  8.14093462096406 1779097921.09158
  0.339523232065208 -0.0936046065813638 -0.0799138845098818 0.361142736909821 0.569898705584383 -6.49122777991665  8.16363060912105 1779097921.11042
  0.364992766509707 -0.0863929906169649  -0.108053288473115 0.390331886453062 0.575509287019388 -6.49521160079724  8.21561793176467 1779097921.13019
  0.429775887774851 -0.0863603041584245  -0.126034322734231 0.456125055608737 0.454475317946267 -6.47320323442249  8.25245719865831 1779097921.15366
 0.486124962419222 -0.067158926595108 -0.126416387732683 0.506763163219148 0.535807898720317 -6.27234672388965  8.23451879807029 1779097921.17352
  0.524942286845803 -0.0742128650769098  -0.140351756279011 0.54842553674353 0.691959855288527 -6.26352596872936   8.2172977563253 1779097921.19162
  0.572030158804531 -0.0826962106616206  -0.156709545135668 0.598844760665363 0.806617551809628 -6.30860835535473  8.17242982356458 1779097921.21106
    0.6135643451959 -0.0653089036777087  -0.188427971234295 0.645160103337714 0.624180722121971 -6.29680417331585  8.29245622796843 1779097921.23023
  0.679745706550509 -0.0206027056267221   -0.21208974615119 0.712362799053592 0.595374432378627 -6.17961557943994   8.5199948867563 1779097921.25368
 0.698747374551179 0.0459334005536748 -0.242296528655187 0.740989459119996 0.665026592742468 -5.94603097823321   8.5476975277163 1779097921.27266
 0.732072737421308 0.0838303836740198 -0.264597886846179 0.782924049845146 0.685703160314497 -5.68911326330978  8.82166328326165 1779097921.29164
  0.80247294836117 0.0512218242238473 -0.292168662090354 0.855540200829835 0.711896611700994 -5.52674917991193  8.64157307318872 1779097921.31121
 0.905234675931803 0.0244946116393484 -0.349479638580868 0.970662568708268 0.584184788964405 -5.57043710076499  8.55602066543772 1779097921.33035
  0.953926798912113 0.00461954807173742  -0.371011713504973 1.0235464666858 0.636060769252465 -5.30762110276357  8.65990657435418 1779097921.35329
 0.943777323069941 0.0153889447081052 -0.381981800215523 1.01826447981661 0.671257314880121 -5.00339874808145  8.99139881896002 1779097921.37341
   0.95640171220066 0.00907130875055205   -0.38956436489882 1.03273758435617 0.626260606427938 -4.71159960984998  9.05889837717401 1779097921.39158
   1.08874209767096 0.00699305983814052  -0.402633831416445 1.16082826478681 0.340739308175397 -4.63153536720175   8.9218052611576 1779097921.41029
  1.15546405138288 0.0328673855321748 -0.353811219590051 1.20886716316461 0.433448719680034 -4.38315793155763  8.95628382409124 1779097921.43013
  1.12385150294881 0.0274177110472844 -0.304667426042414 1.16473867114073 0.611465967307031 -3.85252643596284  8.94038882051846 1779097921.45372
    1.14986655917573 -0.00192923551701125   -0.301010386426231 1.18861435234342 0.672401759420665  -3.2685376710732  9.17340946738729 1779097921.47351
   1.23410335959528 -0.0982635295463173  -0.326882404217544 1.28043700727146 0.666551864194107 -3.14145465496008  9.18919616192913 1779097921.49183
  1.33129348679547 -0.220871176785868 -0.331450104855261 1.38959907769377 0.611936089787717 -3.15572378115696  8.87526454163287 1779097921.51024
  1.35727906533577 -0.295669468129938 -0.294779753868025 1.42004295670007 0.577058515090008 -2.96526169947532  8.99340605410909 1779097921.53029
  1.25960703940193 -0.305562632946236 -0.228236883077036 1.31608149107897 0.828455160269289 -2.52709933881047  8.94160964818612 1779097921.55353
   1.2381158142039 -0.304934109087059 -0.217339391343209 1.2935037654742  1.01378730351058 -2.17183460295675   8.9825557006095 1779097921.57339
  1.35850806445868 -0.299122897883077 -0.259899809112071 1.41512069450409  1.10249462876848 -1.87447974190956   9.1169077133465 1779097921.5917
  1.47886518385369 -0.311014325073602 -0.298858286405897 1.5404831767238 0.861634066941513 -1.65087596257296  9.16226556475558 1779097921.6102
  1.50752663460836 -0.318521892796015 -0.322820510320282 1.57426358406952 0.843206880762587 -1.25767322216206  9.05902411387051 1779097921.63024
  1.50203994393496 -0.332045066504777 -0.318383180027086 1.57090603432875    1.1509230241452 -0.981464520298584   8.86565634547198 1779097921.65328
  1.51421486708274 -0.339894625569234 -0.317745413843659 1.58408875010333   1.26419048202746 -0.941076592784089   8.86126714147839 1779097921.67254
  1.55961558857409 -0.308330730637378 -0.338351909141261 1.62540783743595   1.07600597402085 -0.619906115525969   9.02185648551888 1779097921.69162
  1.54646844754359  -0.26785896404588 -0.354038473745948 1.60893018020048  1.24977027228378 -0.12592728251085   9.0205737714842 1779097921.70993
  1.47346073487799 -0.227910640502923 -0.413283426781717 1.5472016636929  1.29309151849001 0.235204835862391  9.10795041842363 1779097921.73
  1.29253725148587 -0.202430975648569 -0.455326212834415 1.38526272110196  1.39586828473547 0.518799316359409  8.76800219349258 1779097921.75229
  1.17064092664371 -0.178773066513569 -0.482527927593571 1.27874672603751   1.5567756534658 0.664245493331565  8.42483121516194 1779097921.77246
  1.10709311814003 -0.187028216077044 -0.491411577006574 1.22561007822964  1.61999589099503 0.764605193427837   8.3856573266323 1779097921.79181
  1.17327617816884 -0.193935072281564  -0.50392251419357 1.29155940739499  1.70976547007491 0.995247716569992  8.66733611166006 1779097921.81012
  1.15395230419226 -0.184936631085691 -0.505965937162395 1.27350265309365 1.72219841226341 1.05018348647845 8.41779316030018 1779097921.8299
  1.19458955287661 -0.185576734170449 -0.473182214167247 1.29822352925508  1.4675609176138  1.3152347642976 8.37922447500429 1779097921.85229
   1.3343836210739 -0.137715142795018 -0.400639150469076 1.40002029900782 1.29111061687908 1.70897944410273 8.13664210118148 1779097921.87339
   1.45450701639106 -0.0520011781284177  -0.376363177651577 1.50331102063065 1.25074828936289 1.92102344400737 8.50571362486138 1779097921.89173
  1.52018352262011 0.0309775740404805 -0.367451552871124 1.56426922115297 1.45346905592782 2.30099538570851 8.63809841392412 1779097921.9102
   1.4815439691342  0.111088401230701 -0.419293847025479 1.54373588917254 1.35413919514401 2.67179340056197 8.71773693854643 1779097921.93
  1.37833643722316  0.131109223144288 -0.415946602503549 1.44568756607532 1.20196405620722 3.07108559984412 8.31295877026202 1779097921.95312
  1.30358469321599  0.108338390138589 -0.418674133353965 1.3734475924128 1.22873001245919 3.49973994926316 8.22763425290004 1779097921.9734
  1.24821169254893 0.0540352431246567 -0.446722661483855 1.32684338683909 1.31017901350437 3.88684839803732 8.11030231727467 1779097921.99164
   1.21776848829985 -0.0138833139665084   -0.51790991944494 1.32339847444459   1.303386583467 4.35695142760003 8.25164431879266 1779097922.01014
   1.18088566882359 -0.0503313826171381  -0.593034365085783 1.32238949220031 0.98390045045251 4.78020267435601 8.12118722035638 1779097922.03009
   1.12351828127444 -0.0528732470452991  -0.669086593503579 1.30872677752738 0.873435825469917   4.9427899232677  8.01656678180444 1779097922.05224
   1.06913190954386 -0.0468327305276348  -0.736030334559148 1.29883678653048 0.954457040639182  4.85708515087735  8.04974652185036 1779097922.07256
 0.943191369930744 -0.103994045020325 -0.759396719533035 1.21536336103614 1.22353103315611 4.92207189514821 8.04395141565415 1779097922.09198
  0.91791190004594 -0.139850304362478 -0.786573580944736 1.21688880433524 0.981018380524598  5.38265105329758  8.15439604059348 1779097922.11035
 0.868084495138324 -0.125617131120415  -0.76878703682146 1.16635494696735 0.77751082052025 5.87676280186977 7.83606601160835 1779097922.12983
 0.819475374995266 -0.109299942998631 -0.710217755326905 1.08990624722713 0.585476621157417  6.09394870059276  7.82065918437191 1779097922.15142
  0.792719701703632 -0.0957964914869735  -0.629228462323891 1.016616914599 0.803578270467634   6.0497701227394  7.57587677492465 1779097922.17249
 0.750869136215874 -0.119973809291382 -0.580589457595101 0.956703868973065 1.11320835508727 6.37443786940085 7.56088660643409 1779097922.19192
   0.7061073125958 -0.133224150017479 -0.552856757364352 0.906634879768349 1.07925407510704 6.91361443187553 7.52834228569913 1779097922.21122
 0.666022135344315 -0.115826673365355 -0.533001688432421 0.860867064594353 0.922084174042611  7.14127925238613   7.3723012654408 1779097922.23017
 0.557988578394959 -0.100786243038757 -0.476180517927733 0.740443789938857 1.03874273150987 7.37644981105159 7.20661808726847 1779097922.25145
 0.479423058782127 -0.115834308038777 -0.451275699309184 0.668516127702111 1.34745671369329 7.63629721759243 7.45495272395769 1779097922.27345
  0.42183436832806 -0.166867639819261 -0.439240791741736 0.631443993281662  1.4501465859196 7.82993800119431 7.17927087822502 1779097922.29216
 0.367715200173858 -0.174712343696639 -0.414584137256359 0.581049807110778  1.1145531997438 7.80149294093441  7.0879930437762 1779097922.31149
 0.319435533654733 -0.151595263384883 -0.330198358476923 0.483788321461846 1.04053524501143 7.85138090287037 7.03966653602107 1779097922.33046
 0.308961222236607 -0.086232103477628  -0.21415697056409 0.385689279806042  1.2619900327749  7.9861002860091 7.21803428913345 1779097922.35118
  0.304435097262973 -0.0608468001837887  -0.155300046250934 0.347132778492127 1.22700228203046 7.99253512878149 7.27456424363054 1779097922.3725
  0.268279732678216 -0.0197556759647108  -0.105734407295247 0.289039904831141 1.29673382124674 8.16158544083542 6.96585267470968 1779097922.39171
   0.213667901609801 -0.00919405003417469  -0.0547811328509937 0.220770186508063  1.2399559298748 7.91717887417964 7.04600630515204 1779097922.41123
  0.115654774468482  0.0160526012192324 -0.0128609559458289 0.117469643104505 1.34482194670516 8.05583363489162 6.95641067657815 1779097922.43036
 0.0453219758766096  0.0491543377534237 0.00898516687937772 0.0674608304217188 1.20049572245597 8.15319150470451 7.09723178784946 1779097922.45004
0.00503636915476137  0.0886397040754351  0.0400962780170556 0.0974170091085984 1.22200691527744 8.11776411390721 7.03866466613132 1779097922.47238
-0.0347134185134783   0.141892529328342   0.103615879623681 0.179094281913956 1.15116720765364 7.97198709942322 7.11784042080723 1779097922.49186
-0.0602250714134358   0.188863639771527    0.16470215830724 0.257727248473198 1.10499476653481 7.76669273334126 7.03862503549968 1779097922.51138
-0.139223637212734  0.261863619741753  0.228201316675436 0.374207986867462 0.892801010710777  7.74290888589045  7.12604460733265 1779097922.53041
-0.271455427476205  0.268579351834475  0.261207717595232 0.462657961208306 0.93437523371495 7.55200392899005 7.17287078777839 1779097922.5502
-0.384029179096392  0.242935586639655  0.293762000233921 0.541102783614016 0.857676997594441  7.53391428722997  6.99542640994643 1779097922.57254
-0.42061119981053 0.244024056675014 0.314960351043256 0.579363050574918 0.620424208145714  7.48899437170525  7.07464259946772 1779097922.59443
-0.422044264180579  0.287305353036014  0.359090798200808 0.624189016375143 0.542409004417679  7.19503541295346  7.20813963409941 1779097922.61154
-0.491008965700975  0.377374124304686  0.402699074790771 0.738693156141854 0.521644095728112  6.90549149272944  7.46037930819445 1779097922.63042
-0.62572264037276 0.383736848080478 0.415585679426902 0.843501184465391 0.520626173923911  6.74624469049937  7.30189750633349 1779097922.65019
-0.725420225498024  0.342051997853869  0.458821196181239 0.923986451666154 0.265837477254199  6.85623079631367  6.96709114512589 1779097922.67252
-0.715103542590203  0.293191880830456  0.548052907909403 0.947468493132047 0.360278996507645  6.89880302688922  6.94738291765632 1779097922.69321
-0.763418319905923  0.316051973834126  0.584869361143978 1.01230852556787 0.363200385211782   6.6236320446811  7.47432522948441 1779097922.71143
-0.941415638505104   0.27221774863105   0.54207259534671 1.11991455286448 0.619764490691682  6.46061059738571  7.67450039308837 1779097922.73031
-1.03605698523309 0.205835496852921 0.494497667335664 1.16632339915453  0.3113858449178 6.39176819560267 7.69836307512823 1779097922.75122
-0.968175672939975  0.172614800049645  0.533584727584904 1.11887115629138  0.2115792076111  6.3410275695462 8.01303359515024 1779097922.77352
-0.796708729671731  0.203914835062812  0.623487842005779 1.03201896737553 0.286810398103058  6.46999490671887  8.27671095425508 1779097922.79309
-0.757455618858337  0.253023691007069  0.665452647788184 1.0395129769268 0.37856957339692  6.1153526976248 9.03042364902181 1779097922.81149
-0.765505524983715  0.199491776211721  0.656665440526427 1.02810757138466 0.64802167475152 5.91499046574975  8.9976790661705 1779097922.83005
-0.724340149326797 0.0421393944806482  0.645936305722689 0.971430950476994 0.665598100719125  5.69386487163323  8.97775053652838 1779097922.85001
 -0.72197241434396 -0.182769621360645  0.721219654305723 1.03672884175315 0.823240315008751  5.67477667459439  8.72839743029924 1779097922.87343
-0.763628307015406 -0.278609014529326  0.693875773714656 1.06874448003268 0.996647249092186   5.2898800126874   8.7753823123559 1779097922.89231
-0.978939403895311 -0.218376704365168  0.664364829338671 1.20307579477375 0.826635607792543  4.84880309891755  9.40981381070395 1779097922.91126
 -1.10594032924758 -0.190523016842416  0.648487302427677 1.2961245361511  1.0680624210122  4.8442516319054 9.17381365303781 1779097922.92968
 -1.06398236544976 -0.190326839933734  0.685344995875723 1.27983613926124 1.08527604158578 4.48565348334528 8.94757240352358 1779097922.94955
-0.969099390941554 -0.296393989706362  0.764971852884378 1.26971845791211 1.21217741803453 4.03012690554181 8.58295516930897 1779097922.97334
 -1.00868058645725 -0.326805400073528  0.788649558782577 1.32144103976716 1.59184395888478 3.53636989347141  8.3088995992253 1779097922.9923
 -1.16402048950639 -0.278358558581913  0.770838615706744 1.42359381798011 1.41637104879356 3.20298487617917 8.73507590879531 1779097923.01132
 -1.33430844846822 -0.160799125594257  0.731475066702665 1.53012782722661 1.36759122648582 3.27315484679403 8.54678283889448 1779097923.02977
  -1.41223594907102 -0.0177253617864984   0.685990040671747 1.5701295807034 1.33506039480817 2.88022385374526 8.38253658049107 1779097923.04958
 -1.42905891325342 0.0918091215620064  0.655417121229816 1.57486821516983 1.33053560324584 2.42809222303903 8.10663157704862 1779097923.07257
-1.45896972209265 0.194654688081609 0.650309471574973 1.60915676874423 1.37382946005067 1.99146540571872 8.06877389441242 1779097923.09315
 -1.5481586804631 0.304979310652693 0.653578365574357 1.70791462309048 1.27682352978578 1.55490230994096 8.39195909130681 1779097923.11149
-1.66332591128193 0.364502721830832 0.651441622277526 1.82315427449229 1.46821913266512 1.28867385039611 8.19831598577726 1779097923.13022
-1.68090270425315 0.368921068464545 0.585096467468675 1.81765632949876 1.28046842952577 1.04585567765161 8.26919281463866 1779097923.1498
-1.60913399859081 0.403128899611885 0.550480149628855 1.74781392895769 0.904256694946153  0.72478389728047  8.40409937238271 1779097923.17249
  -1.581812341588 0.426925146147307 0.594368839086856 1.74289118458109 0.909295384699418  0.19314777958853  8.48558676125912 1779097923.19326
-1.66268346317153 0.409783723708347 0.608522083258091 1.81734370022104  0.888778767536374 -0.308158354598255   8.75294540368778 1779097923.21159
-1.79672848238532  0.32909164818414 0.553707814768225 1.90869769645552  0.919192259190024 -0.535173655553683   8.71020941849287 1779097923.23037
-1.84596356614186 0.232590351993273 0.522826872393595 1.93262197489845  0.920427690309554 -0.626848265102855   8.63586039500577 1779097923.25007
-1.73876873265677  0.14464032165259 0.552792398645483 1.83025051954994 0.546567160008804 -1.02404422858061   9.1108103941959 1779097923.27353
 -1.57944576418121 0.0990096999123378   0.57456772290759 1.68362107104713  0.48774089358052 -1.43756694948089  8.84596271422722 1779097923.29341
    -1.53879218481178 -0.000831107401515762     0.603294963659034 1.6528299646224 0.534072128212868 -1.74491722992815    8.806279213937 1779097923.31153
 -1.58109974014393 -0.109566749150314  0.597005879901699 1.69360481855708 0.509795095184283 -1.99409186817225  9.00405245430158 1779097923.33015
 -1.65210561087372 -0.224831413184659  0.586638715994333 1.76752569908856 0.647020260407527 -2.35336779671976  9.13522552192585 1779097923.34982
 -1.68824891402979 -0.326978482396471  0.662123408435521 1.84269008020105 0.661988735993088 -2.94965283015111  9.06804879608619 1779097923.37342
 -1.70864715953447 -0.391664360280742  0.730233798353465 1.89897801123579 0.788513139529913 -3.35356466913781  8.64816138794906 1779097923.39315
-1.71242954566866 -0.40817539056948 0.777271205330422 1.92436291405268 0.909658649584919 -3.67643462301614  8.57934187979132 1779097923.41144
 -1.67912058267273 -0.407080269234432  0.798903988645463 1.90352511405256 0.987041852641751 -3.81585515121336  8.53936774025273 1779097923.43027
-1.57648394934707 -0.33098274377436 0.838039438748922 1.81580872344087 0.89036449240592 -4.2969014130204 8.58760406874757 1779097923.44977
 -1.57806052247613 -0.212033824335194  0.930878136559422 1.84438809917658 0.723969673936637 -4.96777373928731  8.22585588918415 1779097923.47261
 -1.62185886194083 -0.162912113771873  0.970203480194283 1.89690835778926 0.686954833730845 -5.33486634139625   8.0396732874612 1779097923.49327
 -1.64550322169952 -0.213164405291629  0.901985122869665 1.88857011471247 0.873358916526205 -5.88024543926411  7.92772160478038 1779097923.51173
 -1.62081528377374 -0.304363928843441  0.852833273503872 1.85661093869742 0.68510724735163 -6.3781594998162 8.01847554280219 1779097923.53138
-1.54120351675067 -0.39950279503462 0.852754850819101 1.80612889874466 0.507399377700069   -6.708731927676  8.07493621212582 1779097923.55119
 -1.45176460383138 -0.457522181427726  0.856069338423841 1.7463681523738 0.639848177434442 -6.86410485740581  7.80847217795283 1779097923.57337
 -1.37749596219266 -0.516875322831015  0.797347402280355 1.67344498120852  1.05937991333762 -7.12411285564362  7.63432176659137 1779097923.59336
-1.27345024184205 -0.57561854540161 0.705515566092837 1.56549175732648  1.06115369077893 -7.47814126709804  7.47364007117286 1779097923.61187
-1.04794017523059 -0.56262073700559 0.645920840515751 1.35348972540748  1.02524891527364 -7.64383782136775  7.27422410339802 1779097923.63089
-0.788521409959756 -0.507949307176439  0.584135219016371 1.10498527896133   1.2040213278397 -8.00891161565257   7.1525446340502 1779097923.65109
-0.630743709512337 -0.442611622536531  0.506574361927593 0.922149803262004  1.42991782310511 -8.20510116409522   6.7692527180874 1779097923.67336
-0.512062398772606 -0.364484238793193  0.432048253962362 0.762707253353037   1.5397718951643 -8.19958435301131  6.69637562661005 1779097923.6931
-0.334856479020601 -0.255944535638509  0.360513131605106 0.554622560778956  1.30845130669567 -8.19070585216637  6.80037553665586 1779097923.71143
-0.185118478733245 -0.168262107934621  0.280785868309866 0.376060755699978  1.52650975743048 -8.33014518633718    6.589301095709 1779097923.73026
-0.141435685092652 -0.109133953880807  0.187932086180318 0.259292772601499  1.48972811832791 -8.41571978906661  6.51530628000427 1779097923.74943
 -0.108140265913526 -0.0556059778254558  0.0539205980695922 0.13301794156412  1.31415287365641 -8.50205410546492  6.44880183035476 1779097923.77246
-0.0604630950487019  0.0170321558980254 -0.0248057455093075 0.0675366952676508 1.32411293014945 -8.3831502007871 6.74066392877952 1779097923.79231
 0.0229825799242925  0.0923830923640122 -0.0950533401663021 0.134528704042984  1.31993402779004 -8.35869024362112  6.91813597871317 1779097923.81155
 0.106862869117231  0.133537892190485 -0.133154130415039 0.216753463393851  1.3901714511761 -8.3518133048007 6.77862695035481 1779097923.83057
 0.157779831540343   0.15009187107868 -0.171186091754478 0.276995889888227  1.24170236303183 -8.27070056402224   6.8534369398155 1779097923.84986
 0.194685286395291  0.131171853383087 -0.215824488454304 0.318886540442416  1.20894133183275 -8.27206448824047  6.92808102640081 1779097923.87336
 0.275624625235824 0.0928084456981352 -0.255566709187684 0.387164931875699  1.14156811810554 -8.17261157752316  7.28514952734967 1779097923.89354
 0.351478588688343 0.0488553465882517 -0.280179020388744 0.452133085122737  1.19709335765201 -8.11423396170021  7.02151456589875 1779097923.91193
  0.413813389197419 0.00272017381346962  -0.337364604618452 0.533913660505137  1.15762136222793 -7.98012814076466  6.99139442042149 1779097923.93123
  0.439944170681076 -0.0161590998326809  -0.380144057932765 0.581654102199281  1.18783796198759 -7.93017758293867  7.16314697094636 1779097923.95014
  0.504928609000249 -0.0161812771000882  -0.421982691830551 0.658243211981767  1.06230503400303 -7.72770704333297  7.37948563090046 1779097923.97343
  0.61830363498078 0.0157218141258259 -0.455939026454664 0.768392449412589  1.08763763532659 -7.56281609283037  7.56281421433996 1779097923.99376
 0.672186858459029 0.0207213733334984 -0.499979324611178 0.837999924246115  1.35764009234136 -7.53642560701269  7.26759312183264 1779097924.01302
  0.680181732676417 -0.0347833781684013  -0.549126164852318 0.874869486145742  1.37213648575974 -7.37788497344416  7.33292788937876 1779097924.0317
 0.658145252745091 -0.109731745018854 -0.592370089848261 0.892243550227526   1.3582033926763 -7.20215381879817   7.1150679710653 1779097924.0505
 0.695282614285025 -0.110609330557211 -0.658898764447183 0.96426133362453 1.22477276986315 -7.0012133014591 7.54228297945902 1779097924.07252
  0.78780183625303  -0.01855644614069 -0.699011734052485 1.0533724314031  1.25580247121911 -6.85870656065025  7.99727339469073 1779097924.09431
  0.82419444558462  0.062856437000257 -0.738632553726168 1.10852400300081  1.41003320656857 -6.58646489676147  7.87261011277088 1779097924.11379
 0.806965141996055 0.0856274868516908 -0.789474095976254 1.13216348427194  1.42491784549344 -6.31289133784587  7.60404244943995 1779097924.13298
 0.763487255750333 0.0324136373629248 -0.802694961603149 1.10827913224212  1.46510233739715 -6.03432151190986   7.5955311834304 1779097924.15158
  0.838816058321286 -0.0438508880644799  -0.837390549368823 1.18606838430755  1.27574187143686 -6.02680357279045  7.86582576774473 1779097924.17336
 0.879759311925821  -0.11814941539445 -0.858747177787571 1.23506374193252  1.53700795312871 -5.73833943616754  8.08882325105889 1779097924.19523
 0.838201784009282 -0.188934309502154 -0.884468796473973 1.23311129098696  1.60425979116095 -5.40681955483814  8.26680098295254 1779097924.2142
 0.759789742514849 -0.293821211896661 -0.915981319724761 1.22581937310353  1.97563236269605 -4.92512359915954   8.2580789739476 1779097924.23302
 0.784407478899521 -0.448237156188115 -0.950276704330757 1.31119695543226  2.07775684205763 -4.58196017163168  8.14359021331285 1779097924.25182
0.975499162852827 -0.53729085783544 -0.98049964317308 1.4837990540847  1.93550692234743 -4.58917556316559  8.34333602899979 1779097924.27345
  1.11133882043634 -0.490611408527201  -1.01341289842102 1.58201745586829  2.26170053984874 -4.24988420650219  8.45164193711282 1779097924.29522
   1.1111842244899 -0.359072571587092  -1.04243539841622 1.56535460911979  2.37429133696777 -3.89454591162511  8.49911465504642 1779097924.31413
  1.05391494830336 -0.224994924622786  -1.04220187609552 1.49918117147338  2.80794407773421 -3.55883928298924  8.38568752043535 1779097924.33325
 0.992980471699415 -0.147834471958398  -1.02615437797237 1.43556889618976  3.17100355507684 -3.22896760437673  8.60449279475352 1779097924.35223
  1.07587924104054 -0.141900261084513 -0.973757278995836 1.45803122867625  2.95442144644324 -2.63801139427456  8.74394731562445 1779097924.37334
  1.12164521721335 -0.128182424457612 -0.927823086842608 1.46129203368648  3.10519796719101 -2.37311081894106  8.43019208847947 1779097924.39532
   1.1783551510477 -0.188560128450326 -0.880496317093161 1.48302041403902  3.30850263789237 -2.09051083184335  8.59956886202565 1779097924.41513
   1.2268033330709 -0.274376668381822 -0.880525580561465 1.53481408392329  3.68718059675161 -1.82576016222746  8.41229744291607 1779097924.43333
  1.31133239303308 -0.294774198404411 -0.922706557914945 1.63029809086623  3.49435781740763 -1.56391145217208  8.59541612189031 1779097924.452
  1.39196685916849 -0.165822591886799 -0.898640490757228 1.66511969558703 3.48215066520794  -1.069652944988 8.98530862048996 1779097924.47304
   1.42939108137686 -0.0457185583605466  -0.872360005886093 1.67518984893291   3.75979951171802 -0.863023070119247    9.0243418479137 1779097924.49575
   1.28531260009154 -0.0284525644494378  -0.810141030733598 1.51959419519025   3.95495976019799 -0.642475706391882   8.54859131210243 1779097924.51555
   1.07631918408582 -0.0594146080310858  -0.784944789484321 1.33346593665426   3.86429516151209 -0.327756529316666   8.66911244494395 1779097924.53693
 0.909243061703689 -0.103801100424956 -0.756065038484325 1.18706864002215   4.06587362929987 0.0521027448955077    8.7082868501426 1779097924.55342
 0.926796014868278 -0.153564680151829 -0.746941528188734 1.2001894061767  4.00176041753341 0.325476121062352  9.12254708069921 1779097924.57345
 0.989958004494255 -0.252590094676156 -0.680045832250032 1.22730637599232  3.89172658821935 0.634507633042589  8.93188936452693 1779097924.59531
 0.925671100338366 -0.380968013388065  -0.63186030460522 1.18374450696182  3.95537894109047 0.719084340831322   8.6318354236452 1779097924.6153
 0.853707448887388 -0.517941211252319 -0.577307491062993 1.15341382245783  3.94075540992164 0.774491570172516   8.3737382233377 1779097924.6334
 0.753173645429173 -0.581973705017065   -0.5486439157883 1.09862372076698  4.03172510002117 0.750788458880977  8.11469760005522 1779097924.65237
 0.679136999686169 -0.528774369660403 -0.533249837918756 1.01251409273791 4.18343447842986  1.0006165415083 8.10558179384579 1779097924.67253
 0.545853599134839 -0.321019657500668 -0.484947531071767 0.797611359048319  4.3352409474487 1.27409694927334 7.70447647602727 1779097924.69557
  0.408852140453991 -0.0622388514395031  -0.430206148390599 0.596750431499963  4.1820805421818  1.4306796501641 7.49694915180716 1779097924.71524
 0.285959324257426  0.266282930818385 -0.343314227383216 0.520138436475067 4.14350561612545 1.59722793051183 7.30899229871372 1779097924.73382
 0.238568177070929   0.54066970245478 -0.273347951771305 0.65112026922916 4.30956886756944 1.66668535179669 7.12349594427016 1779097924.75311
 0.217900923190713  0.740061348794154 -0.240906872666076 0.808212678448029   4.416779855276 1.81460925723256 7.10968770589216 1779097924.77348
0.0928028434007038  0.835559899512756 -0.247781062445126 0.876452034240013 3.91981392542982 1.88200107636138 6.90936358968464 1779097924.79578
-0.115742547061189  0.947892599992583  -0.22716442540847 0.981580559349089 3.26541733029258  2.1166683339771 6.91197391092453 1779097924.81533
-0.236765065880737   1.08460964970973 -0.192049313165466 1.12664046055177 2.93934043998853 2.18322225955786 7.58716718830783 1779097924.83343
-0.287356475337281   1.19460275000196 -0.162289719298621 1.23934959846709  3.0284036890546 2.18148745082686 7.98096965116628 1779097924.8517
-0.277324294752817   1.22445327712617 -0.104945187458768 1.25984446845471 2.69927939701831 2.07219596484083 8.08697790416231 1779097924.87244
 -0.282845912550695    1.19324145351809 -0.0433248783227923 1.22707131892253 2.21684742541865  2.0467614830468 8.22746359249247 1779097924.89519
 -0.333514652475906    1.15131945199403 -0.0467352048999088 1.19956353868104 2.11420519452258 1.97677604521005 8.19288520281711 1779097924.91522
 -0.428416334091553    1.06666620969943 -0.0602194524332574 1.15106200557674 1.91147651049659 1.85074421827959 8.63069221446623 1779097924.93363
-0.476902901493488  0.955419094301228 -0.075782761100479 1.07051625400472 1.67656065776978 1.78241986298755 8.63568241855119 1779097924.95241
 -0.523673078118676   0.882385218632696 -0.0288494392946417 1.02648402664405 1.47742331677475  1.4461018564832 8.92052241884205 1779097924.97333
-0.541169858195606  0.819427617570281 0.0233618690990784 0.982279091085707 1.55248486084987 1.19960022695463  9.0388769186003 1779097924.99554
-0.564286330253153  0.768774882813458 0.0391961755914122 0.954447601042827 1.59611434852092 1.06919277979781 8.87085954839188 1779097925.0155
-0.588746499876775  0.725278902839329 0.0359523489417189 0.934849987653315  1.45223468079968 0.978985746209248  8.60276557967886 1779097925.03422
-0.588328864005115  0.692549848481608 0.0450968274916368 0.909829582231342  1.16949513385245 0.907434958387905  8.94358500759754 1779097925.05351
-0.524098556183366  0.709643388741087  0.064657847376014 0.884564114694193 0.830282630078713  0.92477892733681  9.21135875908749 1779097925.07339
-0.425581675202398  0.785696367271334  0.101334514291905 0.899281506313917 0.745806306969286 0.631776178653258  9.37453751787733 1779097925.09573
-0.350931752710636  0.828812223355842  0.157453446298189 0.913714607739085  0.79394095048087 0.431619666646755  9.03332288105699 1779097925.11562
-0.319072580454997  0.861790268208701  0.188518845355705 0.938098679794233 0.795387624942854 0.250482202779244   9.1460820924173 1779097925.1343
-0.280433244651001  0.898993884345175  0.185334865188803 0.959782173750933  0.45585062141362 0.300370014360229  9.38202146558404 1779097925.15336
-0.206682570946168  0.972117306424994   0.19419924486941 1.01264163912598 0.109812709963243 0.355061193778037  9.41949970249327 1779097925.17339
-0.111962891225516    1.0675124430367  0.224337420743637 1.0965608890507 -0.172600495514508  0.206190593577312   9.63732974459224 1779097925.19553
-0.102264977772384   1.10314469575587  0.235379092011533 1.13260304714815   -0.195433461900271 -0.00220126481061665     9.51318994542439 1779097925.21549
-0.165122484481787   1.08523728655307  0.239580840666559 1.12356770255335   -0.457908442299138 -0.00273059548864611     9.73614159139203 1779097925.23446
-0.238985246980651   1.06492423089521  0.193668028296822 1.10846058613129 -0.596956678153199  0.145951080444282   9.63337306050417 1779097925.25337
-0.223906288977672   1.01477375515702  0.191490302063137 1.05667797184547 -0.86151134015023 0.127105800011926  9.82118610692975 1779097925.27337
-0.132144909047597   1.00547377180658  0.256283744951047 1.04600245731274   -1.06345520962487 -0.0502175047691112    9.64032061538265 1779097925.2958
-0.0709839103622663   0.981498986031457   0.301079651111536 1.02909082758741   -1.1860417704399 -0.289816939390875   9.62354010652217 1779097925.31543
-0.0624333087379372   0.966939667009415   0.323365727260228 1.02148697066716  -1.2652782579422 -0.25585874206489  9.50008133863565 1779097925.33429
-0.0948505990188042   0.988689901078983   0.306603845205691 1.0394759614944  -1.45559649885973 -0.234009889529262   9.60193881055665 1779097925.35345
-0.0728505699727112    1.03627677432789    0.26838073751296 1.07294220665643  -1.71297170457352 -0.164778970439264   9.76236379245914 1779097925.37329
-0.0309813274574745      1.091657366823   0.265356617391294 1.12387267231804  -1.96927286495017 -0.299612077099981   9.51607861095668 1779097925.39531
-0.021404714962351   1.13195205142423  0.297773627624453 1.1706591057412  -2.36870071407229 -0.327055239243428     9.405578796834 1779097925.41547
-0.0648357416910175    1.17126076813086   0.280093905358649 1.20602987366904  -2.48763897116496 -0.258641225466677   9.45433829271276 1779097925.43418
-0.104794906971966   1.17581214986059   0.22532259846552 1.20178469688472  -2.81997328088992 -0.120611482899265   9.37671626562804 1779097925.4534
-0.110858398488412   1.18050108896843  0.170142243228247 1.19784005130143   -3.03385407088217 -0.0262585364741458     9.4582874183759 1779097925.47337
-0.0668466770145421    1.14614033434719   0.179268979755972 1.16199978973669   -3.47804023607575 -0.0968659627885416    9.51187206824635 1779097925.49583
-0.101298377693727   1.05911238045018  0.214740157088355 1.08540026295029 -3.56381537336984  -0.1010420112134  9.48913037299114 1779097925.51557
-0.107768428899954  0.959325033770354   0.23939768313385 0.994600324439878  -3.74583952053262 -0.121923546927405   9.16377704427333 1779097925.53509
-0.113199740161591  0.883631940252144  0.219090041124328 0.917398513802088 -3.93789929460707 -0.13424698065066  9.14172392056355 1779097925.55339
-0.132167203761559  0.841298462697107  0.203142534837146 0.875510229835566  -4.07618603096966 -0.179369176835435   9.25962105121089 1779097925.57343
-0.0893624403821335    0.81939535602073    0.22451734060141 0.854284748459271  -4.13492417003846 -0.156140910926098    9.3449426933995 1779097925.59553
-0.0427937058260488   0.808755105937056   0.274511050928822 0.855144689347733  -4.19485822950038 -0.302353660853707   9.28893508650963 1779097925.61549
-0.041456346548235  0.841810218582473  0.327151134527849 0.904096752345598  -4.29344217002877 -0.327855004459521   8.96899790620878 1779097925.63431
-0.112816150058816  0.874681459418071  0.340025874563136 0.945205128284991 -4.36750702130918 -0.43386037637645  8.89997958756648 1779097925.65351
-0.171760090342467  0.897678046748879  0.334821577896007 0.973361645676522  -4.67623937055596 -0.453700089772375   9.00717951590557 1779097925.67346
-0.14411260377615 0.903353532957499 0.299703095679373 0.962620378775422  -4.78866083299987 -0.425514127940017   9.23496948890169 1779097925.6955
-0.0972978000201112   0.853145405994896   0.244400360747869 0.892779637980525  -5.06413130287406 -0.332772505033084   9.06786990046374 1779097925.71557
-0.0604694608744724   0.790484953900468   0.217865604242234 0.822185161355584  -5.06307723761224 -0.447335269554408   8.63864937727644 1779097925.73415
-0.0418614726678554   0.727180673629343   0.186108096399773 0.751784768759979  -5.16347585657005 -0.582974016132725   8.53426565063015 1779097925.75347
-0.0204323208982196   0.671240241305984   0.201487256745751 0.701126276726762  -5.40427186924194 -0.573701307967792   8.59937224465615 1779097925.77329
0.070322420012153 0.696509488722171 0.157183370683394 0.717479841288784   -5.6674488172743 -0.344656124429022   9.11588046954279 1779097925.79435
0.143549792479188 0.714534914483346 0.130319761932549 0.740371479249908  -5.80322046264134 -0.131975868041414   8.98230581055666 1779097925.81412
 0.187754066400737    0.6728562913471 0.0746749449460627 0.702540764410211  -5.83708329534757 -0.286145749154127   8.75817527126128 1779097925.83348
 0.143618768012082  0.599510068185418 0.0427243671548726 0.617951489948667  -5.87122609365172 -0.348513594141432   8.34293615496678 1779097925.8536
0.0786261529847714  0.502303128862801  0.029855949433786 0.509295477022069  -5.91332305100462 -0.283260285929429    8.4305920700452 1779097925.87338
0.0527036753625435  0.465051878943485 0.0543790352165891 0.471177256429757  -5.82512819602117 -0.154530775250719   8.74537419759432 1779097925.89449
0.0339203438454903  0.470137990823504 0.0709022457916462 0.476662824856791  -5.82898550904336 -0.246214648601336   9.38425624871542 1779097925.91512
0.00689286661777607   0.520819431008197  0.0721068886537602 0.52583247780756   -6.0081362826727 -0.370166871530208   9.33545334175757 1779097925.93361
-0.0647827196670393    0.51719696385721  0.0852641881344022 0.528166149964945  -5.80145552856759 -0.457071824035652     9.323765865937 1779097925.95363
-0.126467276190685  0.406635955711346 0.0873279981989364 0.434710192765024  -5.87853940743901 -0.449993111108243   9.32942818599455 1779097925.97336
-0.174710051665361   0.30363681005796 0.0831241205590051 0.360039628365815  -5.85209483962197 -0.233951237463506   9.58249761867663 1779097925.9933
-0.147273276531676  0.166689499281923  0.087143189385019 0.238890649895359  -5.87468543453574 -0.167056664740185     9.749806423453 1779097926.01537
-0.113204195072497 0.0867456924245631 0.0565258199228003 0.15341177677797  -5.92432681290093 -0.299379807670969   9.72176692665747 1779097926.03414
-0.107940163487297 0.0323955119738009 0.0460923129701098 0.121758159499245   -5.8776761448336 -0.382142781442199   9.73772984969328 1779097926.05417
-0.0829033878341195  0.0383430015211675  0.0475205105206718 0.102962888460707  -5.80284859403419 -0.298151176221123   9.86429203304619 1779097926.07343
-0.0734236030645099 0.00381465003196563  0.0622406022463141 0.09633000368434  -5.66539850563033 -0.340411361279582   10.1295005664046 1779097926.09322
-0.0309340229682257  -0.101850674825463  0.0566281140162757 0.12057038208632  -5.77847312192702 -0.294281915654215   9.89843100700519 1779097926.11449
-0.00265666049173209   -0.250149025450049   0.0643693312799628 0.258311834006898  -5.60094309234418 -0.339902736749266   9.85641733391051 1779097926.13374
-0.0204029839297003  -0.430817722695352  0.0284946372474029 0.432240831358522   -5.8321512832929 -0.358897832102571   9.91644926141729 1779097926.154
-0.0382606802680436  -0.560874997184786  0.0352096147154254 0.563280000612498 -5.82068688400066 -0.32262384082934  10.1033235294167 1779097926.17338
-0.0410354574446189  -0.685839166502084  0.0309850076986878 0.687764016053508  -5.72152234556812 -0.374258152309665    10.059895453529 1779097926.19321
0.00158999562205849  -0.865121637917904  0.0294914482397726 0.865625624620202  -5.48102232714329 -0.449053199891065   10.0015138751965 1779097926.21502
0.0600992728424138  -1.02221683401581 0.0379244279718711 1.02468406866628  -5.47100705601827 -0.329572401340402   9.76084042615465 1779097926.23412
 0.114183532707276  -1.15623986104498 0.0239203841171692 1.16211044233633 -5.41310708363731 -0.30477806873711  9.64888584290022 1779097926.25379
 0.119888156417647  -1.24684959571157 0.0143188906076804 1.25268196881873  -5.35309821128313 -0.376181284824932   9.68796210459216 1779097926.27332
   0.107137242734001    -1.30923239934152 -0.00506574600879807 1.31361848572895  -5.16633052593633 -0.439657690503108   9.73473692552698 1779097926.29334
 0.0852971097361212   -1.29095100191149 -0.0232489871890987 1.29397472991977  -4.94648399707968 -0.201305151376936   9.80741124714057 1779097926.3155
  0.124015478627351   -1.24457992408651 -0.0430562925898114 1.25148426706448  -4.78717069569198 -0.153935997966939    9.6195408316857 1779097926.33524
  0.131862547273442   -1.26441297725987 -0.0257282247899922 1.2715305147685  -4.45403834164118 -0.193779910512404   9.56042216853429 1779097926.35373
 0.0890259189292479   -1.34338710980514 -0.0131324801343584 1.34639778782732  -4.29908600796533 -0.277725324378367    9.4942017500257 1779097926.37348
0.0530591870846068  -1.37495111717095 -0.015347544731931 1.37606010009484 -4.03549978681688 -0.14704595578066  9.62644097921087 1779097926.39326
 -0.010272617121652   -1.37596130932052 -0.0382988655101879 1.37653254756614  -3.95774489803788 0.0592204471266355   9.82394171370573 1779097926.41558
  -0.02936542880303   -1.36514307974271 -0.0521356478302256 1.36645383469507   -3.6440555432248 0.0996973242076792   9.73801225757216 1779097926.43535
-0.0572740255588349   -1.36797675872489 -0.0598140817528043 1.370481101946   -3.36146276996922 -0.0659166952855368    9.70389978555284 1779097926.45579
-0.0833257577864811   -1.38729500796686 -0.0615726553459357 1.39115844278314   -3.17022964184317 -0.0733434165717785    9.57066425801871 1779097926.47328
-0.0915443748260532   -1.39467711073533 -0.0569147076291913 1.39883662366835  -3.02676358270306 -0.178787225837251   9.70606072582624 1779097926.49317
