-0.00118085343298  0.00081078827556 -0.00215900859427 0.00259096711058  0.135640742196 -0.023895103675   9.78104715939  0.00294189823794  -0.0140199159222 -0.00103662053232 1779097887.25
-0.000997563194683  0.000423848310276  -0.00219810071905 0.0024508011932   0.133854981112 -0.0219768383056    9.78714703386   0.0135634091747  -0.0239584721232 -0.00190650436701 1779097887.27
-0.000664388227005 -0.000101498383393  -0.00223160414587 0.00233061594903   0.131488713961 -0.0190098516028    9.79623758314    0.0160388748358   -0.0238497474928 -0.000427497533795 1779097887.29
-0.000293226943425 -0.000623497087362  -0.00221687398173 0.00232147817331   0.129001553508 -0.0155790390078    9.80647088555  0.0158253159543  -0.020813856044 0.00252715764326 1779097887.31
   2.39782144e-05 -0.00100685534804 -0.00212167834604 0.00234858503161   0.126944588514 -0.0122723640894    9.81590228815  0.0137449760235 -0.0139622755174 0.00758144777093 1779097887.33
 0.00023032561844 -0.00115532668853 -0.00192809309217 0.00225950716303    0.125827588438 -0.00958052917644     9.82284279811   0.00739087199955 -0.000688129046455    0.0126913444245 1779097887.35
   0.000308629511 -0.00103335788053 -0.00163288519061 0.00195688393372     0.12598324508 -0.00782519800813      9.8261506497 0.00119962053819  0.0123025718322  0.0173635068026 1779097887.37
 0.000277470377478 -0.000671838980444  -0.00124571202398 0.00144227454831    0.127462886251 -0.00712455016796     9.82541431255 -0.00301063559221   0.0207698000352   0.0200627653816 1779097887.39
 0.000181637845881 -0.000157266633392 -0.000786617382818 0.000822491342195     0.12999249781 -0.00739805515233     9.82099696134 -0.00468362855419   0.0252306901682   0.0228106914777 1779097887.41
 7.99738209625e-05  0.000392074258849 -0.000283843898346 0.000490596978303   0.133004729501 -0.0084056476819    9.81393623155 -0.00391318737484   0.0266460278468   0.0266721210635 1779097887.43
3.28038249904e-05 0.000856187383841 0.000227829062833 0.000886588410174    0.135744631944 -0.00981096523404     9.80571944626 0.000266713671553   0.0195525841974   0.0258861765097 1779097887.45
9.02010465578e-05  0.00114182468744 0.000708770261337 0.00134694288261   0.137428520141 -0.0112548300557    9.79797842418 0.00657100086369 0.00913544072362  0.0234640080385 1779097887.47
0.000281839867274  0.00120241378824  0.00111709750446 0.00166527459099   0.137421310854 -0.0124242935751    9.79216422588    0.012313293025 -0.00229298489318   0.0167007988884 1779097887.49
0.000609324029921  0.00104515345935  0.00141286854974 0.00186005888774   0.135391623085 -0.0131044751274     9.7892667061  0.0174991478284 -0.0109989634918  0.0102803406506 1779097887.51
  0.0010423008813 0.000724431488057  0.00156385058938 0.00201415510176   0.131407483162 -0.0132047775462    9.78963480347  0.0240457871654 -0.0190415566661 0.00367385219171 1779097887.53
  0.0015198445857 0.000324123673999  0.00155198306142 0.00219627756526   0.125947919927 -0.0127569806707    9.79293238599    0.024104100662  -0.0208068408756 -0.00486713961874 1779097887.55
  0.00195809262196 -6.60868262394e-05   0.00137893241608 0.0023958190234   0.119824316561 -0.0118888970313    9.79823547024  0.0196832260124 -0.0184687541774 -0.0127794005197 1779097887.57
  0.00226391421374 -0.000374036223291   0.00106889335929 0.00253135214402   0.114025902599 -0.0107822428682    9.80424628248  0.0092883376264 -0.0116736545346 -0.0167484432946 1779097887.59
  0.00235280507251 -0.000562164485511  0.000667199126266 0.00250935754568    0.109521419922 -0.00962591452483     9.80957514132 -0.00225089019794 -0.00609415870028  -0.0195341415005 1779097887.61
  0.00216774688259 -0.000634403867309  0.000234314108809 0.0022707923541    0.107059516951 -0.00857545591703     9.81302839832 -0.0173170684631  -0.001832647619 -0.0218767387807 1779097887.63
  0.00169492389839 -0.000631787376354 -0.000163905435427 0.00181625639766    0.107011260339 -0.00772652985987     9.81384248513  -0.0314998737087 0.000414211374129  -0.0184959043327 1779097887.65
 0.000972280388762 -0.000618683937009 -0.000467632638893 0.00124369580414    0.109289146545 -0.00710572613517     9.81181935205   -0.0426732958574 -0.000851660715511   -0.0124713209786 1779097887.67
 8.80458559053e-05 -0.000663856961698 -0.000633517436065 0.000921847319319    0.113360321641 -0.00667742601982     9.80734255704  -0.0412252568317 -0.00463612512374 -0.00397728760483 1779097887.69
-0.000831582113945 -0.000821543371038 -0.000641663815997 0.00133348969831    0.118351229086 -0.00636199971747     9.80127933846 -0.0394426589798 -0.0103262475856 0.00309738557233 1779097887.71
 -0.00164382592394  -0.00111726799553 -0.000497515584194 0.0020488956046    0.123221223999 -0.00605919405818     9.79479583767 -0.0363366155317 -0.0188998429592  0.0108512704198 1779097887.73
 -0.00221555682532  -0.00154139315126 -0.000228364898981 0.0027086408806   0.126968214709 -0.0056712434238    9.78912617578 -0.0210590224619  -0.024436940222  0.0162745519139 1779097887.75
-0.00244854461506 -0.00205106549664 0.000124376345434 0.00319651527116    0.128823288951 -0.00512222255962     9.78534035236 -0.00217649485179  -0.0274629757997   0.0196716006102 1779097887.77
-0.00229779164786 -0.00257903077287 0.000514890057049 0.00349232844321    0.128394723764 -0.00437220177366     9.78415229989  0.0158508983923 -0.0235483369074  0.0183963764541 1779097887.79
-0.00177856580102 -0.00304639626235 0.000901946308631 0.00364106215814     0.12573368156 -0.00342584605588     9.78580003924  0.0308838627403 -0.0184100562935  0.0170903023792 1779097887.81
-0.000960604061705  -0.00337613633389   0.00125485384906 0.00372769565427    0.121311281716 -0.00233502872655     9.79001651843  0.0481057821605 -0.0120688023792  0.0171964900593 1779097887.83
4.87135540393e-05 -0.00350482500911  0.00155514827009 0.00383466523921    0.115915533277 -0.00119450606351     9.79609387609    0.0545641756019 -0.000395293657426    0.0140941822829 1779097887.85
 0.00112763180098 -0.00339126469206  0.00179425495928 0.00399894743015     0.110492623817 -0.000129778231577      9.80302750246 0.0556469694438   0.01270918781 0.0108796328782 1779097887.87
 0.00216371562206 -0.00302178058154  0.00196865589264 0.00420576142924    0.105966894223 0.000722434134611     9.80971204223  0.0458741595148  0.0230879876289 0.00661759227905 1779097887.89
  0.0030722642567 -0.00241255139125  0.00207477856692 0.00442311179829   0.103075660428 0.00123845075486    9.81515215915  0.0377039715488  0.0324343835126 0.00314756415233 1779097887.91
 0.00380559827897 -0.00160937097084  0.00210572185097 0.004637533579   0.102249041675 0.00133192574949    9.81864837607    0.0333425769757    0.0450067707816 -0.000615571976894 1779097887.93
 0.00435215596718 -0.00068491669521  0.00205114915547 0.00485979272191    0.103553223437 0.000972702538068     9.81992312616   0.0240616908013   0.0489841515082 -0.00535728946371 1779097887.95
 0.00472715046268 0.000266700505686  0.00190054001879 0.0051018754414    0.106701461982 0.000195771822713     9.81916341067  0.0159424203191  0.0479333225212 -0.0105759182653 1779097887.97
0.00495856259333 0.00113833747879 0.00164886977847 0.0053480769211      0.11112408865 -0.000901687738931      9.81697215759 0.00824590510894  0.0370603827458 -0.0142480732783 1779097887.99
0.00507298940509 0.00182103849587 0.00130296600733 0.00554518918738    0.116079365732 -0.00217428857174     9.81423773028 0.0029331704347 0.0249712274315 -0.017645875959 1779097888.01
 0.00508529938006  0.00221729732647 0.000886424612766 0.005618044661   0.120782488107 -0.0034501636054    9.81194682668 -0.00202689418938   0.0112033308946  -0.0222569125045 1779097888.03
0.00499450296422 0.00225485964567 0.00044112237666 0.00549763956917    0.124530237028 -0.00455601693232     9.81097712146 -0.00780164895603 -0.00830531401716  -0.0224999484861 1779097888.05
0.00478627644654 0.00189896983247  2.404274473e-05 0.00514928215394    0.12680277066 -0.0053412163852    9.81191014765 -0.0145681596516 -0.0287848017719 -0.0195167105271 1779097888.07
  0.00444074462206   0.00116070468788 -0.000300738059006 0.00459977081505    0.127330257133 -0.00569772835693     9.81490125141 -0.0200704863521 -0.0428273746799 -0.0118446126431 1779097888.09
  0.00394286988814   9.9268118706e-05 -0.000473694271183 0.00397246313725    0.126118873882 -0.00557412055921      9.8196327478  -0.0263664706406  -0.0538110797065 -0.00348863675501 1779097888.11
   0.0032923335733  -0.00118307652284 -0.000452688202397 0.00352761350283    0.123436731894 -0.00498310825563     9.82536073544 -0.0361683651409  -0.066965913845 0.00630573103445 1779097888.13
  0.00251013213242  -0.00255345319559 -0.000223905294122 0.00358762039868    0.119764764848 -0.00400288456331     9.83104829969 -0.0429059263073 -0.0696877041246  0.0167420132947 1779097888.15
   0.001640084118 -0.00386665618399 0.000192024188816 0.00420449512408    0.115720547453 -0.00277267945095      9.8355612902 -0.0447413209765  -0.061658755668  0.0244445954867 1779097888.17
0.000744780795537 -0.00498631311955 0.000740601304702 0.00509573422111    0.111964944034 -0.00148273608333     9.83789051966 -0.041962096089 -0.046662411263 0.0276590751632 1779097888.19
-0.000103127520155  -0.00580513080655   0.00134105215021 0.00595890928242     0.109103053257 -0.000358417502017      9.83735831602 -0.0383682960329 -0.0309964834374   0.028195706544 1779097888.21
-0.000832376682564  -0.00626044673253   0.00189960689067 0.0065950398461    0.107592226522 0.000362138679598     9.83376893421 -0.0322741775931 -0.0135240605957  0.0247969585454 1779097888.23
-0.00138483659215 -0.00634221377654  0.00232581734318 0.00689571419711    0.107670444518 0.000456992614769     9.82747132021 -0.0231247568939 0.00436090648834  0.0168087695836 1779097888.25
-0.00172520106579 -0.00609207637242  0.00254857714386 0.00682531748001     0.109317129167 -0.000245324302256      9.81931804623 -0.0122315404411  0.0198155289826 0.00536892396759 1779097888.27
-0.00184673479002 -0.00559392232699  0.00252856337645 0.00641061846734    0.112254852736 -0.00183002115676     9.81052377669 -0.00113326287699   0.0275316949882 -0.00689325765786 1779097888.29
  -0.001771890598 -0.00495779236311   0.0022645803926 0.00573128482642    0.115994398307 -0.00426511173197     9.80244702456 0.00682673773098  0.0295138491784 -0.0167877190333 1779097888.31
-0.00154745107561 -0.00430003720106  0.00179259092419 0.00490900264651    0.119918107633 -0.00738316268839     9.79633592148 0.0134257910249 0.0308668974456 -0.027168557741 1779097888.33
 -0.0012348402634 -0.00372307348732  0.00117780025442 0.00409552439956   0.123388911653 -0.0108829102896    9.79308810555 0.0175149333652  0.026994253775 -0.034779163613 1779097888.35
-0.00089734086515  -0.0032980784932 0.000501675971528 0.00345459421004   0.125866476982 -0.0143549573104    9.79307403542  0.0170608096967  0.0176291121173 -0.0350445732939 1779097888.37
-0.000586905960742   -0.0030535562329 -0.000153120233114 0.00311321539249   0.127008842284 -0.0173311343356    9.79606185987  0.0136881587484 0.00792110953136 -0.0295847939856 1779097888.39
-0.000333706345307  -0.00297191258226 -0.000716531053922 0.00307523024711   0.126738686988 -0.0193520472752    9.80126246147  0.0102138543721 0.00134263573162 -0.0226324997687 1779097888.41
-0.00014120118159 -0.00299496726732 -0.00114074086521 0.00320796764752    0.12525846705 -0.0200430478641     9.8074890966  0.00848363085579 -0.00161709454406  -0.0168852344768 1779097888.43
 1.1696417666e-05 -0.00303775101076 -0.00140399692094 0.00334653184111    0.12300790773 -0.0191861448868    9.81340173403    0.0081568671888 -0.000356314206917  -0.00991030852706 1779097888.45
0.000161617580911 -0.00300819521681 -0.00150865507721 0.00336918370632   0.120569535815 -0.0167745712128    9.81778670183  0.00887663698828  0.00552967118044 -0.00188257254412 1779097888.47
0.000347119666174 -0.00282880022535 -0.00147513406434 0.00320914681579   0.118540552478 -0.0130380196386    9.81981225554  0.0107705650533  0.0137610026933 0.00433682565054 1779097888.49
 0.00059418081029 -0.00245553119826 -0.00133448117831 0.00285718818355    0.117398970565 -0.00843011925602     9.81920346525  0.0128598228956    0.02165100859 0.00813359898246 1779097888.51
0.000905067981532 -0.00188942929725 -0.00112224212431 0.00237666120978    0.117395285328 -0.00357547375883     9.81629594414 0.0158320349595 0.0306516597428 0.0110168797285 1779097888.53
  0.00125410686811  -0.00117787933409 -0.000875265036658 0.0019303555752     0.11849622754 0.000819086233151     9.81195442814 0.0180718537767 0.0390560776919 0.0129140877328 1779097888.55
  0.00159198131929 -0.000404903082147 -0.000631376094833 0.00175982578684   0.120395014041 0.00407670433997    9.80737299011 0.0155377724678 0.0387521195529 0.0114562472825 1779097888.57
  0.00185763926649  0.000327366009462 -0.000430270980192 0.00193471580987      0.122586031 0.00566745921294    9.80380126141 0.00983567588417  0.0324132796846  0.0077748711837 1779097888.59
  0.00199448550492   0.00092154167839 -0.000313205973024 0.00221930382685   0.124485568598 0.00530811254215    9.80225869752 0.00254268492256  0.0229523110912 0.00259562356591 1779097888.61
  0.00196611383739   0.00130654438688 -0.000319537971148 0.00238217681364   0.125568617865 0.00302384692022    9.80330234168 -0.00553762200127   0.0129213347176 -0.00405064819561 1779097888.63
  0.00176688382015   0.00145262118335 -0.000479691578845 0.00233711162486      0.12548810301 -0.000842767674297      9.80690171376 -0.0141920685011 0.00182901432559 -0.0127408286192 1779097888.65
  0.00142417785293   0.00137638682591 -0.000806057149093 0.00213832910913    0.124148272009 -0.00568036409595      9.8124499022  -0.0204083574614 -0.00835900015232  -0.0211948707664 1779097888.67
  0.0009916608664  0.00113509985412 -0.00128479068352 0.00198053781919  0.121716694947 -0.010707917776   9.81890820317 -0.0223153004727 -0.0141690472268 -0.0267622754894 1779097888.69
0.000535482486611  0.00081211180613 -0.00187185100873 0.00210952441986   0.118575637353 -0.0151065701838     9.8250500905 -0.0199548884471  -0.014552200474 -0.0276359589604 1779097888.71
0.000117306170409 0.000497472394807 -0.00249570351619 0.00254750379037   0.115228756744 -0.0181589899923    9.82974644973 -0.0179316833723 -0.0128816798656 -0.0283290053259 1779097888.74
-0.000221193386208  0.000268534488078  -0.00306726999901 0.00308693740336   0.112188978823 -0.0193692797339    9.83222387974  -0.0157749981372 -0.00868837311181  -0.0269353399601 1779097888.75
-0.000468267159509   0.00017495701126  -0.00349555255425 0.00353111480244   0.109875708695 -0.0185405703167    9.83223441203   -0.0111288148489 -0.000987658980621   -0.0168032728416 1779097888.77
-0.000643959526656  0.000231014879658  -0.00370559985737 0.00376822531831   0.108544221574 -0.0157966246952    9.83009704808 -0.00826029876579  0.00612390056334 -0.00403950230816 1779097888.79
-0.000793560301838  0.000416118125893  -0.00365462941534 0.00376287236175   0.108259328569 -0.0115458535663    9.82660363824 -0.00765388465398   0.0104562266307  0.00841215512502 1779097888.81
-0.000974443231789  0.000682499671347  -0.00334237512646 0.00354779042494    0.108912803932 -0.00639832593375     9.82281537492  -0.01047297672 0.0129456339334 0.0197568186275 1779097888.84
-0.00123970823518 0.000967601049955 -0.00281299059232 0.00322273864481    0.110273358724 -0.00105573359819     9.81980255636 -0.0173349642565  0.0140510661009   0.031942519122 1779097888.86
-0.00162274622276  0.00120798954515 -0.00214777037392 0.00295050192743   0.11205184241 0.0038015347511   9.81839252936 -0.0236820860589  0.0102575522561  0.0363975232868 1779097888.87
-0.00212647992029  0.00135169334979 -0.00145009152258 0.00290719060042   0.113963720113 0.00760812058557    9.81898616436 -0.0280249948683 0.00405019557998  0.0337721232766 1779097888.89
 -0.00271973099246   0.00136652669695 -0.000825825265669 0.00315377856772   0.115774865824 0.00997364908256    9.82148367414  -0.0277723320234 -0.00248241865356   0.0248390757779 1779097888.91
 -0.00334131550597   0.00124310576282 -0.000363564357893 0.00358355693276  0.117323460138 0.0107046667681   9.82533163405  -0.0274289460335 -0.00861280917701   0.0162791565776 1779097888.94
    -0.00391060637   0.00099258661307 -0.000119037381373 0.00403636473373   0.118518155854 0.00979397293335    9.82967258061 -0.0264501482445 -0.0159321073808 0.00678264942546 1779097888.96
  -0.0043419087204   0.00064040371407 -0.000106980805762 0.00439018600358   0.119318846265 0.00738876720702     9.8335546861  -0.0170813548458  -0.0203896408007 -0.00481180223859 1779097888.97
 -0.00455937387764   0.00021816698633 -0.000301794602551 0.00457455647819   0.119710105529 0.00375014227576    9.83614765682 -0.00434279823187  -0.0229265207092   -0.013978116129 1779097888.99
 -0.00450940081348 -0.000243821326015 -0.000646085733685 0.00456197011289     0.119678101142 -0.000786592871604      9.83691406062 0.00907895648566 -0.0218162820509  -0.017708425154 1779097889.01
 -0.00416840745235 -0.000721305938795  -0.00106437119282 0.0043622000163    0.119199555541 -0.00584628978314     9.83570038159  0.0221766824288 -0.0219195040553 -0.0191409009279 1779097889.04
-0.00354520803417 -0.00119683256221   -0.001478289492 0.00402321364206   0.118246798509 -0.0110430719553    9.83273406576  0.0400698080884 -0.0251529949224 -0.0203195486084 1779097889.06
-0.00267861411535 -0.00165649295437  -0.0018198509311 0.00363741665173   0.116807322238 -0.0160064378496    9.82853572973  0.0519662292069 -0.0240934160735 -0.0152657750056 1779097889.07
-0.00163186441949 -0.00208392759496 -0.00204035977449 0.00334197601936   0.114911125991 -0.0204060666816     9.8237743664   0.0570989038149  -0.0207641436031 -0.00766437911176 1779097889.09
-0.000485761278143  -0.00245392877485  -0.00211419730831 0.00327529551489  0.112656038957 -0.023974588834    9.8191041548    0.053168568543   -0.014901346657 5.22428870136e-05 1779097889.11
0.000668111628811 -0.00272853288222 -0.00203809984175 0.00347060741122   0.110221062365 -0.0265250394291    9.81502263321    0.052483586997 -0.00955983748511  0.00678061126892 1779097889.14
 0.00173370559713 -0.00285820264113 -0.00182745352866 0.0038098088974   0.107860608839 -0.0279589581428    9.81178183861    0.051526907484 -0.00161024074539   0.0139291291763 1779097889.15
 0.00261691360285 -0.00278943388514 -0.00151128548861 0.00411256149284   0.105877504796 -0.0282630151122    9.80936886048  0.0385004122742 0.00976135776424  0.0179818946221 1779097889.17
 0.00323300162794 -0.00247807255714 -0.00112719652773 0.00422654884473   0.104578323538 -0.0274958701415      9.807554067 0.0233039204709 0.0229248319755 0.0206020359481 1779097889.19
   0.0035155885488  -0.00190537782418 -0.000716803995026 0.00406246667243   0.10421942772 -0.025770632665   9.80598881605 0.00452866743531  0.0324075927889  0.0188357816473 1779097889.21
  0.00342666316922  -0.00109221138318 -0.000321713114134 0.00361087877235   0.104954771704 -0.0232396145304    9.80432397685 -0.0126889144244  0.0415298426976  0.0170129955834 1779097889.24
  0.00296592368171 -0.000106366915676  2.01736252306e-05 0.00296789895071   0.106796556941 -0.0200861271341    9.80231832805 -0.0331091309892  0.0538567803927  0.0158895454383 1779097889.26
 0.00217689590474 0.000940715458874 0.000278068068365 0.00238770668326    0.10959757664 -0.0165237200333    9.79991151377 -0.0479270293641  0.0531101902537  0.0108310243056 1779097889.27
 0.00114723959953  0.00190900225904 0.000431177848936 0.00226855960053   0.113060361198 -0.0127985786651    9.79724712281 -0.0569206000622  0.0448445626906 0.00503612135843 1779097889.29
1.51676479544e-06  0.00265457522336 0.000470537461473 0.00269595575255    0.116773867463 -0.00918795828855     9.79464396717   -0.0515280418793    0.0262073599179 -0.000728034105529 1779097889.31
-0.00111369957973  0.00305892460544 0.000399233284908 0.00327974598276    0.120273885293 -0.00598777120926     9.79252462083  -0.0470738106293  0.00920859584908 -0.00550036825843 1779097889.34
  -0.002050557336  0.00305600270063 0.000230761605279 0.00368743661816     0.12311870967 -0.00348573034962     9.79131808415 -0.0429521220237  -0.011187245647 -0.0113155326161 1779097889.36
 -0.00268293593517   0.00265020364453 -1.41745824023e-05 0.00377119682707    0.124967328747 -0.00192170152848      9.7913577912 -0.0230998648678 -0.0299297033506 -0.0142896496924 1779097889.37
 -0.00292716506193    0.0019202121087 -0.000311510715048 0.00351461929201    0.125644508324 -0.00144246958186     9.79279720332 -0.00191081750956  -0.0429819537228  -0.0162907119803 1779097889.39
 -0.00275599503426    0.0010068113266 -0.000637041357951 0.00300249885395    0.125177340647 -0.00206222523152     9.79556261453  0.0171054537206 -0.0432941461601 -0.0154979929947 1779097889.41
 -0.00220267884642  8.65272139555e-05 -0.000967914367127 0.00240751724424    0.123792306791 -0.00364130744816      9.7993559594  0.0323341221315 -0.0385287319613 -0.0148772093147 1779097889.44
 -0.00135424206275 -0.000663491157428  -0.00128200002669 0.0019793221438    0.121870477534 -0.00589333125839     9.80370958478   0.049397156094 -0.0314330262606 -0.0155513891529 1779097889.46
-0.000335521595265  -0.00110160602182  -0.00155573948335 0.00193557120982     0.11986910883 -0.00842491098024     9.80808207643  0.0556437025501 -0.0131160153068  -0.012922804996 1779097889.47
0.000712372339101 -0.00115062168408 -0.00176195469708 0.00222168606332   0.11822726038 -0.010803859648   9.81197285513   0.0518555121849  0.00752226707522 -0.00817422862701 1779097889.49
 0.00165446563164 -0.00081293438854 -0.00186943054284 0.00262543127902   0.117277869064 -0.0126430860542     9.8150271663  0.0384964166355   0.022657792933 -0.0019307792331 1779097889.51
  0.00238073236763 -0.000168676885892  -0.00184563092406 0.00301706678845   0.117187026886 -0.0136811333204    9.81710463237  0.0274046218104  0.0342675139434 0.00486649031568 1779097889.54
 0.00281821518449 0.000642250955918 -0.00166277284955 0.0033346119213   0.117933403394 -0.0138388980392    9.81829360279 0.0145674744805 0.0425064525356 0.0141724732279 1779097889.56
 0.00293535726661  0.00144966382068 -0.00130604483844 0.00352471283875   0.119329430261 -0.0132366645704    9.81886764501 -0.002071590696 0.0379732508114  0.023158803117 1779097889.57
  0.00273938980876   0.00208715789077 -0.000781565301827 0.00353147687326   0.121074935468 -0.0121652025811    9.81919573955 -0.0174559721378  0.0255048640335  0.0310342223701 1779097889.59
  0.00226892373714   0.00242338767992 -0.000121221318699 0.00332197492167   0.122826968691 -0.0110164530994    9.81962986505 -0.0266442401168 0.00685913583922  0.0322824563224 1779097889.61
0.00158429897292 0.00238451765465  0.0006179555437 0.00292878758788     0.1242683468 -0.0101896976678     9.8203993667 -0.0347292931702 -0.0105495116506  0.0340624110048 1779097889.64
0.000757845294302  0.00196437633294  0.00136084094868 0.00250698862285    0.125161256238 -0.00999516692676     9.82153936702 -0.0451183892456 -0.0305183604093  0.0369797326765 1779097889.66
-0.00013464730429  0.00122181165186  0.00202683061391 0.0023704421416   0.125378579462 -0.0105774607573    9.82287141597 -0.0470468648038 -0.0448872852429  0.0313326853713 1779097889.67
-0.00102084373075 0.000267333991034  0.00254542793078 0.00275550226568   0.124911671954 -0.0118762493112    9.82404143195 -0.0446380221099 -0.0518821590886  0.0221345786007 1779097889.69
 -0.00183734628781 -0.000757211955536    0.0028711450056 0.00349180253882   0.123857355362 -0.0136330393192    9.82460638028 -0.0354297428153 -0.0461021259894  0.0105020346151 1779097889.71
-0.00253404193204 -0.00170167985381  0.00299396801678 0.00427562010985  0.122388714936 -0.015442468563    9.8241501965 -0.0284514893259 -0.0383722176206 0.00163908190302 1779097889.74
-0.00307731803111  -0.0024295485082  0.00294257941178 0.00490217970018   0.120714876013 -0.0168368983578     9.8224030714 -0.0239668446088 -0.0296244314552 -0.0056084927461 1779097889.76
-0.00345171584018 -0.00283597885036  0.00277922270754 0.00526129234496   0.119035535678 -0.0173860133463    9.81933707518  -0.0157717510683  -0.0116747715542 -0.00963372545636 1779097889.77
-0.00365936777669 -0.00286040097242  0.00258705088317 0.00531654949382  0.117497231026 -0.016790112119   9.81521525864 -0.00703116639043  0.00909887357908 -0.00866564955726 1779097889.79
-0.00371680043407 -0.00249293886615  0.00245251586175 0.00510335024363   0.116159628479 -0.0149473248167    9.81058040539 0.000233607802237   0.0253787008484 -0.00328507650369 1779097889.81
-0.00364937221504 -0.00177450244247  0.00244648971861 0.00473836347545   0.114980265264 -0.0119807320752    9.80618213393  0.0054835198688  0.0401783102416 0.00367440745413 1779097889.84
 -0.00348447371234 -0.000790657242908   0.00260819379464 0.00442372815599    0.113824029469 -0.00822005401012     9.80285430406 0.0105234801996 0.0550676679957 0.0127357611793 1779097889.86
-0.00324523613593 0.000340276224596  0.00293558462732 0.00438919156464    0.112498951813 -0.00414237035376     9.80136523319  0.013835294466 0.0584960603999 0.0199681085333 1779097889.87
-0.00294652625724  0.00148380152647  0.00338459889356 0.00472643561523      0.11081337224 -0.000285049051874      9.80226859597 0.0170480425381  0.056790589616 0.0246768169084 1779097889.89
-0.00259435620642  0.00250849318459  0.00387772474774 0.00529716635591   0.108642823473 0.00285033928576    9.80578267236 0.0176287213794 0.0423655953399 0.0217624122001 1779097889.91
-0.00218870169128  0.00330501636158  0.00432012281642 0.00586319105886   0.105990073185 0.00488322310672    9.81172102594 0.0198305188863 0.0296169953296 0.0169908815605 1779097889.94
-0.00172852413425  0.00380161842175  0.00461957372677 0.00622740393136   0.103020675135 0.00561202426509    9.81949005219 0.0255072234221  0.017539501149 0.0101165789529 1779097889.96
-0.00121700408118  0.00397318361235  0.00470551386539 0.00627767056228   0.100060320388 0.00503578000788    9.82815871881   0.0280570055104  0.00106892300362 -0.00202745104292 1779097889.97
-0.000664943691549   0.00384213898268   0.00454271743942 0.00598669055569  0.0975489697277 0.00333882894254    9.83659361039  0.0298866191867  -0.013324383389 -0.0150972041336 1779097889.99
-9.10285763331e-05   0.00347118874905   0.00413672815096 0.00540092189614   0.0959581590967 0.000845620618347     9.84363933242  0.0267686374789 -0.0208480826944 -0.0236439196992 1779097890.01
0.00048111642665 0.00294955877064 0.00353043754932 0.00462551178218   0.0956887657222 -0.00204246656401     9.84831296043  0.0256385035725 -0.0251017338935 -0.0307785252797 1779097890.04
0.00102787590101 0.00237570974174 0.00279350507071 0.00380843750441   0.0969735361269 -0.00491505050054     9.84997479852  0.0275741389529 -0.0291504778391 -0.0400017442109 1779097890.06
0.00153062621816 0.00184005134516 0.00200791594679 0.00312415300873  0.0998094417536 -0.0074137656688    9.84843908878   0.025264395184 -0.0256299023901 -0.0409142205515 1779097890.07
0.00197884217672 0.00141098556587 0.00125347042282 0.00273457212893    0.103938869372 -0.00927807617218     9.84399865421  0.0223387601283 -0.0189778574065 -0.0375530165376 1779097890.09
 0.00237028755155  0.00112671842233 0.000596386580006 0.00269136293224   0.108887193289 -0.0103713549039     9.8373553325   0.0174782598827 -0.00999022976157  -0.0280407997728 1779097890.11
 0.00270852538959 0.000993912985497 8.28217994919e-05 0.00288631811471   0.114050384067 -0.0106860678807    9.82946945242  0.0148083939293 -0.0031563773683 -0.0202278560377 1779097890.14
  0.00299905849702  0.000992697245447 -0.000262497119761 0.00316996915246   0.118813601866 -0.0103296992925    9.82136107582  0.0137114932972  0.0023533251452 -0.0131815913388 1779097890.16
0.00324578147927 0.00108612309258  -0.000433671194 0.00345004804139    0.122673474641 -0.00949547282968      9.8139081458   0.0115371990453  0.00611678952676 -0.00452269589551 1779097890.17
  0.00344898489974   0.00123123912179 -0.000438872710308 0.00368836764294     0.12533511204 -0.00842393705428     9.80768866783 0.00951200158802 0.00800827964913 0.00366340981489 1779097890.19
  0.00360524512608   0.00138876028001 -0.000295228970282 0.00387473969182   0.126760412585 -0.0073626047919    9.80290462585 0.00604913362207 0.00693428043546 0.00964733153469 1779097890.21
  0.00370872688961   0.00152898817333 -2.46287464146e-05 0.00401161645114    0.127155753027 -0.00653049588349     9.79940599159 0.00338648868528 0.00559274483921  0.0147502998221 1779097890.24
 0.00375313368794  0.00163299643963 0.000348919240535 0.00410785034876    0.126902069455 -0.00609251994021     9.79680778965 0.000645119107684  0.00414010709685   0.0212472938885 1779097890.26
  0.0037337735078  0.00168972698958 0.000800293118734 0.0041757287966    0.126444990759 -0.00614572353123     9.79466773188 -0.00275183160882  0.00154172495664   0.0253604514146 1779097890.28
0.00364961418941 0.00169099366368 0.00130293881221 0.00422809565295    0.126173188459 -0.00671651310148     9.79267359255 -0.00620558653465  -0.0017045426718   0.0279175924464 1779097890.29
0.00350537002849 0.00162698941035 0.00182783100142 0.00427500640325     0.12631641637 -0.00776597811358     9.79078455122 -0.00797357607265 -0.00489652632993   0.0246563501243 1779097890.31
0.00331342133497 0.00148453960233 0.00234253367564 0.00432088912094    0.126889618021 -0.00919982384368     9.78928206443 -0.00942289680203 -0.00867333335563   0.0225751403938 1779097890.34
0.00309490163945 0.00124917256222  0.0028112208978 0.00436369237966    0.12769716411 -0.0108800530927    9.78871119527  -0.011093012818 -0.0146572030795  0.0217993231955 1779097890.36
 0.00287897384534 0.000910503928936  0.00319628381489 0.00439701467272   0.128395132272 -0.0126369371584     9.7897255736 -0.0107404367884 -0.0211909565214  0.0176669950581 1779097890.38
 0.00269948554965 0.000469013865516  0.00346164268623 0.00441476684842    0.12859413072 -0.0142814438572     9.7928784647 -0.00778353570233  -0.0260020973599   0.0102235751141 1779097890.39
  0.00258892732519 -5.84410524144e-05   0.00357725622881 0.0044161886484    0.12797476158 -0.0156196050598    9.79841969003 -0.00315951135605  -0.0271279652154  0.00152536810314 1779097890.41
  0.00257069470007 -0.000636800703195   0.00352382111567 0.00440809501166  0.126385054467 -0.016470746358   9.80615805144 0.00147988551014  -0.027317291359 -0.0066260192018 1779097890.43
  0.0026516330167 -0.00121592900217  0.00329649862074 0.00440187961559   0.123894484188 -0.0166906172747    9.81543154103 0.00598550109439 -0.0267406380927  -0.014979817455 1779097890.45
 0.00281725407001 -0.00173832165792  0.00290676094054 0.00440544456858   0.120790871198 -0.0161982133552    9.82519818809 0.00978123523074 -0.0240327898069 -0.0235426124564 1779097890.47
 0.00303158337615 -0.00214947848854   0.0023819899872 0.00441413998854   0.117521436892 -0.0150020336518    9.83422745379  0.0112719426736 -0.0177586616776 -0.0303239461132 1779097890.49
 0.00324239910364 -0.00240812694657  0.00176302951257 0.0044068696827    0.11459369539 -0.0132187604583    9.84134497621  0.00885934299124 -0.00847923136443  -0.0315899253636 1779097890.51
 0.00339104723689 -0.00249351949083  0.00110024296118 0.00435056035328   0.112461947554 -0.0110762313663    9.84566974006  0.00422130575865 3.73339817915e-06  -0.0304520697335 1779097890.53
 0.00342459754357 -0.00240796580701 0.000448668526799 0.00421040035034    0.111428188053 -0.00889423507138     9.84678602615 -0.00207054593783   0.0078940928991  -0.0306020294589 1779097890.56
  0.00330731369458  -0.00217427984023 -0.000137312932425 0.00396038780164    0.111581458627 -0.00704137798963     9.84481131944 -0.0106492747449  0.0155551744991 -0.0284512383991 1779097890.57
  0.00302850573494  -0.00182940272657 -0.000609554004331 0.00359028096488    0.112788605389 -0.00587296432617     9.84034956046 -0.0185669158152  0.0200263300223 -0.0209946662543 1779097890.59
  0.00260479234496  -0.00141653824571 -0.000931693723428 0.00310798599678    0.114735410867 -0.00566129372349     9.83434802667 -0.0232276865399  0.0207624129688 -0.0115777898528 1779097890.61
  0.00207633929376 -0.000978294596068  -0.00108415929668 0.0025384338794    0.117004272093 -0.00653362335977      9.8278976237  -0.0256607070243   0.0200375782988 -0.00315495559209 1779097890.63
  0.00149829279881 -0.000552510170704  -0.00106773662074 0.00192099200701    0.119166481118 -0.00843280634238     9.82202546075 -0.0284937848498  0.0200635982911 0.00446157921452 1779097890.66
 0.000929877060392 -0.000171025297607 -0.000904645339602 0.00130855041566   0.120865657935 -0.0111112972364    9.81752439143 -0.0289662386113  0.0186654683051  0.0116345281895 1779097890.67
  0.00042407130288  0.000139704222541 -0.000636266713868 0.000777295999538   0.121873914663 -0.0141620573615    9.81484950457 -0.0237636053531  0.0138199913406  0.0153435748425 1779097890.69
2.02796584343e-05 0.000357961277941 -0.00031734069428 0.000478803359739   0.122111917159 -0.0170818118174    9.81409162145 -0.0172874947016  0.0083018081737  0.0159193909619 1779097890.71
 -0.00025885065142  0.000467657298453 -7.39007358123e-06 0.000534566760774   0.121634861514 -0.0193550764077    9.81501889735 -0.00981723272822  0.00237487041461   0.0127878935787 1779097890.73
-0.000406834978045  0.000461283868116  0.000239017361845 0.000659868779083   0.120594950586 -0.0205429721766    9.81716492054 -0.00403254165752 -0.00290205574903  0.00912571062813 1779097890.76
-0.000430543330158  0.000344097080676  0.000381153390119 0.000670110637785  0.119194751909 -0.020360000891   9.81993781617  0.00157832247844 -0.00855425936689  0.00421160983417 1779097890.77
-0.000347122342565  0.000137650784029  0.000398355093043 0.000546011391094   0.117644392657 -0.0187247122076    9.82272870708  0.00658437342625  -0.0122830950623 -0.00234906015421 1779097890.79
-0.000182047558956 -0.000119469758968  0.000292499318299 0.000364650775723   0.116130516374 -0.0157756568365    9.82500545712 0.00982292535398 -0.0133063808825 -0.0080908382947 1779097890.81
 3.14520854264e-05 -0.000375175624571  8.65351036807e-05 0.000386308564647   0.114798973316 -0.0118506588744    9.82638433623 0.00997566530197 -0.0103813104724 -0.0108542382979 1779097890.83
 0.000252545026123 -0.000571734386753 -0.000180368539447 0.000650532097008    0.113748717658 -0.00743373649948     9.82667548397 0.00945617199877 -0.0066064717633 -0.0128370954831 1779097890.86
 0.000434115133056  -0.00065649263685 -0.000460094546311 0.000911660859384    0.113032490269 -0.00307899259407     9.82589834884   0.00727255570553 -0.000561888561558   -0.0138984329732 1779097890.87
 0.000526640164047 -0.000592911388211 -0.000704186170683 0.00106055265765    0.112660383034 0.000675883034251     9.82426350619 0.00135102061562  0.0076187342246 -0.0109388722371 1779097890.89
 0.000485070751739 -0.000369141495415  -0.00087266930357 0.00106447676876   0.112604236381 0.00339234527459    9.82212041948 -0.00649209792535   0.0154187427567 -0.00620123894298 1779097890.91
 0.000277842430639 -2.01638108425e-06 -0.000941837267613 0.000981966354169   0.112802707221 0.00479628590029    9.81987777693   -0.0135563111413    0.0191836950718 -0.000849185304782 1779097890.93
-0.000104001036094  0.000464460908322 -0.000909569541435 0.00102657532679    0.11316778537 0.00481487011431    9.81791197676 -0.0214236294234  0.0225849407446 0.00338525853067 1779097890.96
-0.000640186005044  0.000965775649482 -0.000796774844627 0.00140620442298   0.113593255531 0.00357862912077    9.81648601618 -0.0317594096913  0.0260143182851 0.00717424682752 1779097890.98
 -0.00127953649474   0.00142734887992 -0.000644023625538 0.00202220298106  0.113964567152 0.0013887031617   9.81570145064 -0.0348208070963  0.0216483698656 0.00782970679205 1779097890.99
 -0.00194480068056   0.00177686486259 -0.000503422931284 0.00268196440594   0.114168672518 -0.0013443368122    9.81549853691 -0.0324606194649  0.0135810368814 0.00556943140452 1779097891.01
 -0.0025440777528   0.0019564139978 -0.00042705993504 0.00323763301367    0.114102360732 -0.00417809834138     9.81570578464 -0.0246711555004 0.00368361193084 0.00115836861751 1779097891.03
 -0.00298723732588   0.00193250945993 -0.000454478085727 0.0035867436463     0.11367857649 -0.00671701718197     9.81612431457  -0.0157379259902  -0.0060578871769 -0.00417650544577 1779097891.05
 -0.00320413721363   0.00170234203519 -0.000602225451411 0.00367792593494    0.112831624341 -0.00867623876989     9.81662013675 -0.00443744267059   -0.016330606893  -0.0103452732235 1779097891.07
 -0.00316043739426   0.00129510128579 -0.000858269675325 0.003521686911    0.111523155277 -0.00991781780961     9.81719318273 0.00874620825657 -0.0242298742701 -0.0150586891553 1779097891.09
-0.00286681119457 0.000767837986118 -0.00118301286419 0.00319494930087   0.109750709052 -0.0104522689125    9.81799746759  0.0202888527564 -0.0285166346851  -0.017094817421 1779097891.11
-0.00237859438264 0.000196195802506 -0.00151702863504 0.0028279992768   0.107559153017 -0.0104065181348    9.81930072788  0.0250374218427 -0.0256135539696 -0.0141415292139 1779097891.13
-0.00178521207799  -0.0003386496355   -0.001793917038 0.00255339070223    0.105053020206 -0.00996768491078     9.82139030805   0.028234564362 -0.0228492798043 -0.0104236006456 1779097891.16
 -0.00119145537356 -0.000764515722469  -0.00195529510811 0.00241396544235    0.102405339047 -0.00931867003431     9.82444973463   0.0285184338536  -0.0181157986025 -0.00445636587303 1779097891.17
-0.000694967595305   -0.0010312069329  -0.00196428152333 0.0023248160357   0.0998570612846 -0.00858407877654     9.82844226854   0.0216185513377 -0.00927641512256   0.0036952822968 1779097891.19
-0.000365386589716  -0.00111897781565  -0.00181409427993 0.00216253480165    0.097701538228 -0.00780222514187      9.8330399858    0.0122478199797 -0.000240093899654    0.0114552464278 1779097891.21
-0.000230156510297  -0.00104031862022  -0.00152954901338 0.00186406948238   0.0962511948281 -0.00693111683425     9.83762800376 0.00217748201026 0.00651263485253  0.0149512320539 1779097891.23
-0.000270281027652 -0.000834526419381  -0.00116107151265 0.00145518838507   0.0957884027601 -0.00588562836893     9.84139461897 -0.00457240258619   0.0112497908284   0.0175931520295 1779097891.26
-0.000426820979862 -0.000556451746234 -0.000772846635007 0.00104360270984   0.0965083747656 -0.00459309176414     9.84349380148 -0.00919793429543    0.015201882881   0.0194708817492 1779097891.28
-0.000616426357349 -0.000262434839593 -0.000428324945205 0.000795182845484    0.098466705947 -0.00304874196506     9.84324361073 -0.0086803824086  0.0149188260772  0.0158962593947 1779097891.29
-0.000752202040235  2.77516567122e-06  -0.00017698098136 0.000772746969351    0.101545898259 -0.00135272161562     9.84031005899 -0.00389491974295   0.0124981697274   0.0100233027336 1779097891.31
-0.000765099545026  0.000214633458632 -4.57249260015e-05 0.000795949498537    0.105452600432 0.000283761872395     9.83482589232 0.00311474310374 0.00873350150608 0.00332561838415 1779097891.33
-0.000620967537134  0.000370746678026 -3.68616002067e-05 0.000724163351055   0.109750638819 0.00156635556354    9.82740844759   0.0103688423675  0.00645404150433 -0.00206399825039 1779097891.35
-0.000329375212341  0.000485848202567 -0.000132459223664 0.000601732459135   0.113925958482 0.00217336147171    9.81906615436   0.0173329281805   0.0053812816182 -0.00679812467013 1779097891.37
 5.78438815849e-05  0.000581494416189 -0.000303097322406 0.000658292987617   0.117471025758 0.00182612296433    9.81101199276  0.0204607231373 0.00488226252169  -0.010012803418 1779097891.39
 0.000458076257621    0.0006737469769 -0.000517812014817 0.000965348708688    0.119970779416 0.000357376729149     9.80442605529  0.0187532041528  0.0047279387919 -0.0117067964162 1779097891.41
 0.000776932870818  0.000762786567616 -0.000751992792933 0.00132323890289    0.121171616962 -0.00223829557684     9.80022179023  0.0111817069697 0.00364880924255 -0.0111977448482 1779097891.43
 0.000930574440031  0.000827932356623 -0.000990987899522 0.00159169651397    0.121019288323 -0.00578352807681     9.79886859204 0.00212321301288 0.00159480580657 -0.0113155316587 1779097891.45
0.000866413181499   0.0008299977792 -0.00122887254178 0.00171746785661    0.119659401883 -0.00993181155266      9.8003083907  -0.0090221928476 -0.00273985879487  -0.0120804317699 1779097891.47
0.000577592209914 0.000720738741505 -0.00146361997677 0.00173068209989   0.117402996575 -0.0142135499079     9.8039806154  -0.0198128580642 -0.00974356312871  -0.0120761094223 1779097891.49
0.000107967324741 0.000457009436928 -0.00169115189227 0.00175513796933   0.114666793641 -0.0181060878689    9.80894515036 -0.0271654142407 -0.0185691097105 -0.0115207482949 1779097891.51
-0.000453711968414  1.57835266665e-05  -0.00190099213494 0.00195444999095   0.111901695229 -0.0211151587513    9.81407309562  -0.0252247077151  -0.0241595922968 -0.00883244760718 1779097891.53
-0.000989540661241 -0.000594156181452  -0.00207544501844 0.00237480195233   0.109523445976 -0.0228537509028    9.81826432124  -0.0216601347735  -0.0315665746265 -0.00685672666035 1779097891.56
-0.00137525446752  -0.0013272339741 -0.00219271539005 0.00290875843862  0.107856723909 -0.023105366834   9.82064977632  -0.0135789796527  -0.0397270577495 -0.00413899796003 1779097891.57
-0.00150576996211 -0.00210445163605 -0.00223279645999 0.00341781215093   0.107099452398 -0.0218614195849    9.82074347439  0.00149373830542   -0.039375345201 0.000231987594959 1779097891.59
-0.00131844844777 -0.00282465599858 -0.00218389303352 0.00380609729271   0.107309215608 -0.0193264313405    9.81852088511  0.0183648096353  -0.033667382435 0.00489880644503 1779097891.61
-0.00080924505901 -0.00338135952422 -0.00204699868958 0.00403468380826   0.108409630394 -0.0158893234371    9.81441394777  0.0295732307365 -0.0197915608592 0.00801192527083 1779097891.63
-3.80217782304e-05  -0.00368156752717  -0.00183700219557 0.00411460352638   0.110212237023 -0.0120640941331    9.80922582362   0.0395869766875 -0.00659934293179   0.0109520463477 1779097891.66
0.000878751908464  -0.0036627568874 -0.00158000114216 0.00408465378485   0.112448998564 -0.0084081311173    9.80397981737  0.0476632873567 0.00984150756328  0.0138192178894 1779097891.67
 0.00178722254167 -0.00330469138674 -0.00130780141323 0.00397812696021    0.114811180474 -0.00543059701061     9.79972641829 0.0433599963282  0.027112620203 0.0139307407437 1779097891.69
 0.00252410005099 -0.00263393532218 -0.00105138213046 0.00379659067231   0.116991238166 -0.0035059071554    9.79733977222 0.0303520754474 0.0414218548651 0.0123575888456 1779097891.71
  0.00294809442678  -0.00172043508687 -0.000835162318632 0.0035140651297    0.118724572639 -0.00280756205497     9.79733892882  0.0105505599318  0.0466946744506 0.00897561288933 1779097891.73
  0.00296851709276 -0.000667034113172  -0.00067330595686 0.0031161465225    0.119827328824 -0.00327513610002     9.79976821597 -0.00914597780013   0.0507535460133  0.00636698787391 1779097891.75
 0.00256489613769 0.000406037601229 -0.00056839818326 0.00265831435791     0.12022517146 -0.00462218887245     9.80416374133 -0.0299489555194  0.0521263449956 0.00410828086662 1779097891.77
  0.00179298797133    0.0013789816985 -0.000512051458532 0.00231917939934    0.119967163153 -0.00638591616739     9.80961916896 -0.0467426828294  0.0455415001977  0.0021346802754 1779097891.79
 0.000775262575712   0.00214968157464 -0.000486667841018 0.00233645212258    0.119219718019 -0.00801161550439     9.81494504841 -0.0555100807782   0.033289864907 0.00116248591821 1779097891.81
-0.000322713948052   0.00264778603264 -0.000467744664992 0.00270808054506    0.118238858498 -0.00895790535342     9.81889530615 -0.0496140865151  0.0163907120061 0.00141992418636 1779097891.83
 -0.00132531703972   0.00284363762505 -0.000426550563631 0.00316617838754    0.117324214682 -0.00880356641242     9.82041679967 -0.0418233625356 0.00245095587219 0.00319412884104 1779097891.85
 -0.00208226898499   0.00275090045216 -0.000333364138173 0.00346618364663    0.116763606086 -0.00733516106665     9.81886848694 -0.0300845148207 -0.0107937847641 0.00679700139873 1779097891.87
-0.00249853525082   0.0024227079565 -0.00016148510157 0.00348400196328    0.116780290914 -0.00459708053102     9.81416005397 -0.0115884011397 -0.0199581386073  0.0108943105206 1779097891.89
-0.00255188570971  0.00194210245051  0.00010812475775 0.0032086716203      0.11749441483 -0.000892394275296       9.8067767554 0.00535045946905 -0.0265471348286  0.0168461093134 1779097891.91
-0.00229409209714  0.00140833152827 0.000482211338943 0.00273473655387   0.118905910025 0.00326724845027    9.79768411172  0.0180003767483 -0.0256605172574  0.0211984068145 1779097891.93
-0.00183566083065 0.000921084883696 0.000951597456643 0.0022635339113   0.120899915798 0.00725351423355    9.78813534674  0.0230626169606 -0.0199284415007   0.023802738023 1779097891.95
-0.00131805985226 0.000564940618726  0.00148956622267 0.00206766709326  0.123270301277 0.0104366620835   9.77942720453  0.0240595538156 -0.0132217739398  0.0277421358664 1779097891.97
-0.000880472846593  0.000396167435436   0.00205298757529 0.00226868663653 0.125753989992 0.012300573367  9.77265960599   0.0180754894701 -0.00344456901758   0.0287865250765 1779097891.99
-0.000629318984615  0.000433690205964   0.00258643589752 0.0026969946665  0.128068846032 0.0125341716829   9.76854982903 0.00691585510972  0.0068284544728  0.0256925262885 1779097892.01
-0.000617755354884  0.000655564777179   0.00302898778858 0.00316008763785  0.129949747693 0.0110815792323   9.76733559684 -0.00496755573115   0.0134298541105   0.0174098887887 1779097892.03
-0.000839435862711   0.00100174402794   0.00332283658998 0.0035706283297   0.131179515747 0.00814301530291    9.76877938025 -0.0144679726024  0.0170052216978 0.00919431428825 1779097892.05
-0.00123681828094  0.00138319280025  0.00342239875657 0.00389303930518   0.131612542942 0.00412949136319    9.77226423788   -0.0222885945251    0.0175751694425 -0.000518764206501 1779097892.07
-0.00172048361378  0.00169647439753  0.00330233031548 0.00409187912325     0.131189344276 -0.000416113869337      9.77695400908 -0.0254392616103  0.0121980877515 -0.0122193863892 1779097892.09
-0.0021933719373 0.00184185884245 0.00296293185426 0.00412095736739     0.12994061759 -0.00491339034411     9.78198012744 -0.0225819262731 0.00120649672656 -0.0230524798061 1779097892.11
-0.00257320988944  0.00174203346312   0.0024318352562 0.00394587283564    0.127980484298 -0.00883527262849     9.78661472121 -0.0147239597031 -0.0115972246133 -0.0287931845404 1779097892.13
-0.00280772447155  0.00135796833507  0.00176154538974 0.00358195991983   0.125490330092 -0.0117802983799    9.79039493658 -0.00703382774011  -0.0239269920035  -0.0323050963335 1779097892.15
-0.00287992225237 0.000698689138171  0.00102316094723 0.00313511993637   0.122696307125 -0.0135173461053    9.79317553504 9.72798263469e-05  -0.0382554404052  -0.0364882728263 1779097892.18
 -0.00280382047949 -0.000177282507689  0.000297213754452 0.00282509723454    0.11984420428 -0.0140005690168    9.79510363245 0.00719637452683 -0.0504752788491 -0.0367522792638 1779097892.19
 -0.00261357789591  -0.00116944676999 -0.000337074284053 0.00288305640576   0.117174737976 -0.0133575412303    9.79652762916  0.0120056511132 -0.0522379491235 -0.0293816879821 1779097892.21
 -0.00235029508291  -0.00215062292625 -0.000812708695288 0.00328778973948   0.114900880564 -0.0118567953108    9.79786777546   0.013920082741 -0.0449487616961 -0.0184849684014 1779097892.23
-0.00205060545628 -0.00298731771956 -0.00108466522522 0.00378226764597    0.113187637349 -0.00986200543723     9.79948433413   0.0143052375644  -0.0330614824777 -0.00760475940022 1779097892.25
-0.00173981198664  -0.0035615380613 -0.00113724556817 0.00412369089449    0.112134572455 -0.00777974549898     9.80157817483  0.0151885006078  -0.019661674102 0.00236707571166 1779097892.27
 -0.00143034828414  -0.00379024716552 -0.000988000272895 0.00416989380307    0.111762520996 -0.00600692417612     9.80414766924   0.0162989918141 -0.00205655016175   0.0119164260675 1779097892.29
 -0.00112448997855  -0.00363917725455 -0.000687374846061 0.00387047451625    0.112007584436 -0.00488324930693     9.80700794483 0.0159206423403 0.0172305478506 0.0175681772347 1779097892.31
-0.000819129508994  -0.00312873903492 -0.000313530013374 0.00324935103835    0.112726440035 -0.00465337137957      9.8098594889 0.0155193674637 0.0330555952411 0.0183235832524 1779097892.33
-0.000510350161256  -0.00233108546089  3.77347369935e-05 0.00238659603273    0.113716103733 -0.00544227141781     9.81237915244 0.0146242635475 0.0415632307782 0.0136393713379 1779097892.35
-0.000196360252163  -0.00135878308061  0.000267297945873 0.001398676875    0.114748222665 -0.00724570658662     9.81430256491  0.0148968348147  0.0467862939685 0.00594049244025 1779097892.37
 0.000121433721681 -0.000346850095501  0.000289674657598 0.000467934338091    0.115613431917 -0.00993536181104     9.81547400782   0.0169002001818   0.0513207832085 -0.00578370420325 1779097892.39
  0.0004384674425 0.000568996125682 5.00427911127e-05 0.000720079558185   0.116166873801 -0.0132764744972     9.8158547324  0.0167443968013  0.0433830793301 -0.0201133127237 1779097892.41
 0.000747147316272   0.00127431206604 -0.000461930392907 0.00154773384074   0.116363513446 -0.0169547381549     9.8154971805  0.0151759508611   0.028558094325 -0.0318441770206 1779097892.43
  0.0010364810358  0.00169433771128 -0.00120478801982 0.00232305561495   0.116272706799 -0.0206093490965    9.81450383218  0.0124305438592  0.0121315176808 -0.0371146596112 1779097892.45
0.00129142579006 0.00180549750755 -0.0020870169955 0.0030468412759   0.116065754473 -0.0238696499591     9.8129914326  0.0107280701917 -0.0013297457329 -0.0417011135965 1779097892.48
 0.00149282835142  0.00163777340057 -0.00297865702966 0.00371257806635   0.115976882283 -0.0263932439394    9.81107448744 0.00886699619703 -0.0145675600827 -0.0445203037754 1779097892.49
 0.00161895024223  0.00126740861821 -0.00373148461229 0.00426043447363    0.11624539547 -0.0279032524858    9.80887023323 0.00414605264858 -0.0222008066733 -0.0325344386289 1779097892.51
 0.00164903839436 0.000801317798643 -0.00420445093197 0.00458681212607   0.117052544357 -0.0282216016727    9.80651633372 -0.00131679056882  -0.0237491199556  -0.0145513374516 1779097892.53
 0.00156843297633 0.000356298958045 -0.00428973115554 0.00458134525392   0.118469055378 -0.0272943363708    9.80418682277 -0.00640331190721  -0.0177732012235  0.00628061572939 1779097892.55
   0.001373747999 3.72145248178e-05 -0.00393443547555 0.0041675353624   0.120427293903 -0.0252046862222    9.80209309567 -0.0113952301993  -0.010136886066  0.0262983853568 1779097892.58
  0.00107619688483 -8.15808469097e-05  -0.00315372826712 0.0033332952393   0.122725931217 -0.0221705089862    9.80046377544   -0.0179438276049 -0.000143760627477    0.0507613787722 1779097892.59
0.000701450836797 3.18282792509e-05 -0.00203257085393 0.00215043962762   0.125066524075 -0.0185248701599    9.79950660283 -0.0208189510718  0.0117164838999  0.0642017251259 1779097892.61
 0.000285461683131  0.000363428905401 -0.000715249791808 0.00085155810518   0.127113235849 -0.0146813057322    9.79936311554 -0.0211961698274  0.0209934299806  0.0672838662809 1779097892.63
-0.000132922354924  0.000858220751131  0.000616013994993 0.00106474619142   0.128561558622 -0.0110878169096    9.80006994071 -0.0188401958866  0.0249792948821  0.0580965404218 1779097892.65
-0.000520502469094   0.00143201738209   0.00177006029893 0.00233553207316    0.129200682041 -0.00817507809196     9.80153842065 -0.0170998133144  0.0266762890746  0.0463581031914 1779097892.68
-0.000856814984617   0.00198751781968   0.00257850847431 0.00336646178554    0.128956827596 -0.00630452504746     9.80355867422   -0.0164365463 0.0266327839263  0.030759225139 1779097892.69
-0.00113742001675  0.00243163320449  0.00292455500811 0.00396983454708    0.127909935939 -0.00572145008893     9.80582784753 -0.0136228829667  0.0186006971792 0.00489020123777 1779097892.71
-0.00137213122984  0.00269113110421  0.00276349135542 0.00409411958831    0.126281751767 -0.00651780940615     9.80799750162 -0.0114445568031 0.00758959247189 -0.0205921582783 1779097892.73
-0.00157847829372  0.00272412618925  0.00213096011357 0.0038017690914    0.124398292304 -0.00860964269991     9.80973245054 -0.00948958819399 -0.00392300200935  -0.0385692146725 1779097892.75
-0.00177226236732  0.00252571662844  0.00113720964296 0.00328837409031   0.122633430759 -0.0117344557918    9.81077202094 -0.00889065568354   -0.013981129723  -0.0511119767661 1779097892.77
  -0.0019581457909   0.00212707455227 -5.17311282878e-05 0.00289161843938    0.12134297819 -0.0154734769636    9.81098355457 -0.00918892988587  -0.0245269546984  -0.0622735469454 1779097892.79
-0.00212340784248  0.00158844435966  -0.0012425097045 0.00292845466331   0.120800369531 -0.0193011288624    9.81039698167 -0.00732824964179  -0.0299283227008  -0.0576650777364 1779097892.81
-0.00223715644763 0.000987604504218 -0.00224723100832 0.00332118635922  0.12114563862 -0.02265893675  9.80920971803 -0.00347708633447  -0.0310897928565  -0.0439662383544 1779097892.83
-0.00225563448782 0.000406161661413 -0.00291445789514 0.00370768378646   0.122358149314 -0.0250443894423    9.80775462432 0.00238467133019 -0.0243753949795 -0.0206048210423 1779097892.85
 -0.00213235392966 -8.36553955802e-05  -0.00315278017147 0.00380709263299   0.124259857321 -0.0260991821122      9.806431067   0.00975200266965   -0.0191571284882 -0.000652789434034 1779097892.88
  -0.0018303161646 -0.000429346494432  -0.00294292828393 0.00349216588366    0.12654972565 -0.0256783080548    9.80560926511  0.0217399647271 -0.0141555343783  0.0221923736521 1779097892.89
-0.00133305088426 -0.00060410526199 -0.00233684362016 0.00275731861283   0.128862538156 -0.0238832471326    9.80552832941    0.030985803696 -0.00469585560142   0.0393882626591 1779097892.91
-0.000651744175813  -0.00060795744574  -0.00144476146172 0.0016975624901   0.130839005994 -0.0210490198329     9.8062148847  0.0384872278652 0.00356320889894  0.0491501386579 1779097892.93
 0.000172989986368 -0.000464673597772 -0.000413553174951 0.000645657274691   0.132191050459 -0.0176846137928    9.80744846093  0.0403250684272 0.00916032470612  0.0477414874786 1779097892.95
  0.00107467627736 -0.000215780258023  0.000599175068641 0.00124920013759   0.132747680268 -0.0143768464629    9.80879048467  0.042414515307 0.0130247683638 0.0440292652315 1779097892.98
 0.00196874137056 8.67707756629e-05  0.00145056370607 0.00244695868723  0.132472480483 -0.011676534168   9.80967730828 0.0448802343009 0.0160511076775 0.0381356031958 1779097892.99
 0.00276281691874 0.000387971652626  0.00203362082503 0.00345243290879    0.131451514128 -0.00999069276078     9.80955880385  0.036985512546 0.0145289503772 0.0222220653255 1779097893.01
 0.00336796926624 0.000636426877832  0.00229126406583 0.00412288093067    0.129857990047 -0.00950400343443     9.80804858354  0.0248872640851  0.0105716351168 0.00494904570358 1779097893.03
 0.00370958585697 0.000790141040175  0.00222189394054 0.00439569821264   0.127905284842 -0.0101467438384    9.80504514856  0.00857320845965  0.00429988213588 -0.00964081427807 1779097893.05
 0.00373698296101 0.000821505241613  0.00187629777705 0.00426150277028   0.125801570943 -0.0116160462205     9.8007879576 -0.00643087834078 -0.00158634119553  -0.0201988128989 1779097893.07
 0.00343093312685 0.000721404192484  0.00134667067226 0.00375569541222   0.123717156121 -0.0134452144389    9.79582790759  -0.0243801942016 -0.00838925107137  -0.0295824039971 1779097893.09
  0.0028082485896 0.000501926744577 0.000749391438491 0.00294953862935   0.121770485587 -0.0151050304691    9.79091419431 -0.0395776733106  -0.013765261563  -0.029981029667 1779097893.11
 0.00192247631659 0.000196757319315 0.000203978730139 0.00194325395996     0.1200323084 -0.0161142454399    9.78682290065 -0.0519816791938 -0.0171725693883 -0.0250267868287 1779097893.13
 0.000859894868845 -0.000141727711794 -0.000188651233321 0.000891681118781   0.118541908372 -0.0161352969326    9.78417023638 -0.0512301202273 -0.0150969649638 -0.0132991473066 1779097893.15
-0.000269498467807 -0.000449194054111 -0.000365049712907 0.000638487286712   0.117326367783 -0.0150357090352    9.78325966565  -0.0506619439033  -0.0118969148963 -0.00282583250466 1779097893.17
 -0.00134547930139 -0.000659614448784 -0.000311663055115 0.00153053573347   0.116414411903 -0.0129042668698    9.78400474184  -0.0524996695062 -0.00710572570359  0.00785928034085 1779097893.19
 -0.00225402739105 -0.000717796091267 -6.79627159986e-05 0.0023665353661   0.115840063139 -0.0100216793238    9.78594985911 -0.0410936156268 0.00178073629657  0.0156270315729 1779097893.21
 -0.00290424880226 -0.000592067279087  0.000281103968023 0.0029772847041    0.115636578846 -0.00679547172454     9.78838467146 -0.0253327359559  0.0111012013126  0.0176925886309 1779097893.23
-0.00324279617619 -0.00028450213697 0.000622601437716 0.00331425724055    0.115825764333 -0.00367596374185     9.79052228452 -0.00850024728653   0.0179233572755   0.0132474596676 1779097893.25
-0.00326282623332 0.000164017948923 0.000839939481333 0.00337319362752    0.116409694905 -0.00107289010752     9.79169410448 0.00566584359065  0.0229124030503 0.00516167395919 1779097893.27
-0.00300525054397 0.000676121145556  0.00083900930079 0.00319258629364    0.117370180535 0.000709847063062     9.79151056801   0.0185323407537   0.0256499269583 -0.00702707029338 1779097893.29
-0.00255139764308  0.00114867993082 0.000570180858889 0.00285555629053   0.118676671672 0.00150987505223    9.78994788289  0.0260289416687  0.0207507713708 -0.0208334999372 1779097893.31
-0.00200798116956  0.00147116341223 4.07973829336e-05 0.00248957317411   0.120297946057 0.00130946163394    9.78734284086 0.0277195556478 0.0104160957131  -0.03269346093 1779097893.33
 -0.00148704782067   0.00154862752606 -0.000685152371443 0.00225366195502   0.122209595718 0.00021144640524    9.78430361557   0.0219827062069 -0.00349306699271   -0.036703119795 1779097893.35
-0.00108486876659   0.0013244802225 -0.00150046440675 0.0022765283957    0.124390045226 -0.00160042814688     9.78156588794  0.0145041623674 -0.0174940681829 -0.0370954950072 1779097893.37
-0.00086414023563 0.000797313007625 -0.00227828575105 0.00256379257008     0.12680274448 -0.00390302600648     9.77983416986 0.00623979713253 -0.0335084564691 -0.0361449201802 1779097893.39
-0.000843221349562  2.68047079927e-05  -0.00290024174161 0.0030204540878    0.129369372987 -0.00646573950079     9.77964582277 -0.00351323240121  -0.0450048496214  -0.0270351060473 1779097893.41
-0.000994607907695 -0.000873990592932  -0.00328226355474 0.00353925959621    0.131945117967 -0.00906727008366     9.78128300921 -0.0108714009183 -0.0474068408487 -0.0130436883978 1779097893.43
-0.00125281329381  -0.0017592999771 -0.00339167699739 0.00402096386618   0.134309237811 -0.0114988911089    9.78474176383  -0.0127541119262  -0.0382737708812 0.000739257407381 1779097893.45
-0.00152981606903 -0.00248009493474 -0.00325124166941 0.00436597989955  0.136180725974 -0.013561535453   9.78975344693 -0.0114868228852 -0.0275640486278    0.01102337405 1779097893.47
-0.00173471275596 -0.00291567718786 -0.00292922031298 0.00448226878394   0.137260884192 -0.0150661361086    9.79584535257 -0.00660907174898   -0.013028069854   0.0183709080041 1779097893.49
-0.00179347748902 -0.00299983500233 -0.00251835513481 0.00430786305839   0.137294973654 -0.0158444500635    9.80242437011 0.00184485870356 0.00476756847763  0.0216364916338 1779097893.51
-0.00166483928853 -0.00273510696853 -0.00210974471275 0.00383451727586   0.136137530785 -0.0157722159612    9.80886852688 0.0119836218101 0.0218003460855 0.0202078581293 1779097893.53
-0.00134913277029 -0.00219149268286 -0.00176906120858 0.00312287959592  0.133803225656 -0.014800168152   9.81461375633 0.0180552189812 0.0289576897096 0.0136717868203 1779097893.55
-0.000888374783584  -0.00148978182303   -0.0015217896624 0.00230748855099    0.13048816956 -0.0129835285246    9.81922584504  0.0226179229779  0.0323428665739 0.00952739984492 1779097893.57
-0.000357548398941 -0.000773560494715  -0.00135137383759 0.00159763823987   0.126554132716 -0.0104988213085     9.8224497332   0.026373391798  0.0333101489658 0.00790593293806 1779097893.59
 0.000151141935292 -0.000176850326644  -0.00121017447349 0.0012323320084    0.122477654751 -0.00763880906651     9.82423041339  0.0245079593341  0.0264789857205 0.00844904307862 1779097893.61
0.000547789702259 0.000204588453842 -0.00103926133106 0.00119247394419    0.118774700883 -0.00478147925936     9.82470213298 0.0161720488233  0.013410675462 0.0110745087933 1779097893.63
 0.000763969579636  0.000331337148067 -0.000790514280138 0.00114819277624    0.115917147767 -0.00233583736779      9.8241460377  0.00510371209565 0.000445361808176   0.0138269675891 1779097893.65
 0.000767480430521  0.000223759178629 -0.000444075606945 0.000914493043131     0.114258817521 -0.000673825325278       9.8229211653 -0.00447316166717 -0.00875276445272   0.0178121205975 1779097893.67
 0.000569448075643  -4.9288689343e-05 -1.59300496238e-05 0.000571799136264    0.113985907147 -6.2131768253e-05     9.82137952084 -0.0139087560926  -0.015725978164  0.0227134774116 1779097893.69
 0.000222219775405 -0.000392741470238  0.000446353809672 0.000634711914521     0.115100325062 -0.000608786180568      9.81978151569 -0.0202056241313 -0.0176021693782   0.023736386053 1779097893.71
 -0.00019150300996 -0.000712192730826  0.000877990802213 0.00114662972988    0.117436305938 -0.00223695416736     9.81823116285 -0.0213447486342 -0.0145836771863   0.020602693228 1779097893.73
-0.000575906041727 -0.000938056361061   0.00121673258759 0.00164074851672      0.1207029019 -0.00469287355181        9.81664901  -0.0157971126613 -0.00798222443311   0.0132095353257 1779097893.75
-0.000841887102958  -0.00104082948296   0.00142184155747 0.00195287821465    0.124539678093 -0.00758761472904     9.81479398218 -0.00799834452912 -0.00219622509979  0.00617929656098 1779097893.77
-0.000925145585896  -0.00103395228677   0.00148654526024 0.00203341301687   0.128571607128 -0.0104649222901    9.81233407092  0.00108345976197  0.00191942408897 0.000462120549297 1779097893.79
-0.000798673520891 -0.000964273626151   0.00144027314578 0.00190842598848   0.132451964702 -0.0128815473355    9.80895281711   0.0120948140378  0.00379132153588 -0.00395725315344 1779097893.81
-0.000477087408618 -0.000893500965107   0.00133994692236 0.00167970655915 0.135887815255 -0.01448369517  9.80446738465   0.0208646324235  0.00233253587792 -0.00497731880509 1779097893.83
-1.20831503944e-05  -0.00087633772471     0.001252629723 0.00152878874709   0.138649283289 -0.0150642067229    9.79892813268   0.0246749513752 -0.00119298529741   -0.002618460827 1779097893.85
  0.00051971072788 -0.000941694191641   0.00123416852251 0.00163708861495   0.140568856717 -0.0145895528064    9.79267118809   0.0239838424842 -0.00472379674371  0.00130647869949 1779097893.87
 0.00103348283967 -0.00108226974842  0.00130958513771 0.00198856929   0.141538735667 -0.0131924989223     9.7863049313  0.0227832291771  -0.007651334274 0.00552656353491 1779097893.89
 0.00145354900646 -0.00125530683942  0.00146069113429 0.00241292738496  0.141512262368 -0.011133831118   9.78062677645   0.0183946127668 -0.00827050715764  0.00835929749618 1779097893.91
 0.00172713402191 -0.00139414622771  0.00162480985401 0.00275075311425    0.140510731249 -0.00874317597781     9.77648456279  0.00991836325737 -0.00451135671587   0.0064338911137 1779097893.93
 0.00183157584207 -0.00142725193352  0.00170591138235 0.00288129342335    0.138631483305 -0.00635317939992     9.77461254103   0.00119331061796    0.0024241866906 -0.000726100338154 1779097893.95
 0.00177377047852 -0.00129940519742  0.00159643271028 0.00271722523468    0.136049547768 -0.00424200110562     9.77548061886 -0.00588560071121   0.0103619605655   -0.011845202338 1779097893.97
  0.00158280445199 -0.000989274663185   0.00120524074634 0.00222183247548    0.133004951319 -0.00259590647164     9.77919401326 -0.0113912366443  0.0187112944015 -0.0266283717457 1779097893.99
   0.0012984448789 -0.000518633319115  0.000485302535216 0.00148001965322    0.129771547081 -0.00149750116337      9.7854684104 -0.0164081058342     0.0273152138 -0.0460567227168 1779097894.01
0.000958981717935 4.92273751528e-05 -0.00054579809856 0.00110452018279     0.126609717416 -0.000937739576432      9.79368620071 -0.0184780972086  0.0298089707648 -0.0597000202057 1779097894.03
0.000591693468748 0.000621502046842   -0.001798107547 0.00199237463991     0.123712407019 -0.000843607788126      9.80301799235 -0.0188979882645   0.026328692785 -0.0647196729875 1779097894.05
0.000208131743704  0.00109531217648 -0.00311722338017 0.00331060556221    0.121159091342 -0.00111027878561     9.81257686587 -0.0183278121576  0.0176665442338 -0.0584495204638 1779097894.07
-0.000195095601824   0.00137990374795  -0.00430726922356 0.00452711440231   0.118893283581 -0.0016273594894     9.8215658331 -0.0198179324647 0.00758625876605 -0.0483663511539 1779097894.09
-0.000630851639515   0.00141647307744  -0.00516479140964 0.00539253558869    0.116734934484 -0.00229302456091     9.82938378631  -0.0242231691649 -0.00497720843702  -0.0319127207846 1779097894.11
-0.00111319343768  0.00119125938587 -0.00551681367618 0.00575269777512    0.114430175334 -0.00301567549022     9.83567015004   -0.027247112409  -0.0181313291888 -0.00242013882511 1779097894.13
-0.00164862707862 0.000739204189282 -0.00525519210306 0.00555710699176    0.111729668917 -0.00370803334089     9.84028839787 -0.0289012547946 -0.0272910696992  0.0299587350886 1779097894.15
 -0.0022290496799 0.000137571208761  -0.0043601288957 0.00489880723239    0.108476867195 -0.00428125543854     9.84326679571 -0.0270384514632 -0.0286191814442  0.0538156148344 1779097894.17
  -0.0028279054714 -0.000509017527199  -0.00290803136218 0.00408812849622    0.104682150758 -0.00464582619763     9.84472516328 -0.0276712331682 -0.0289790484127  0.0779150844383 1779097894.19
-0.00340028795133  -0.0010890228633 -0.00106222279006 0.00372508338222    0.100560270905 -0.00472223022309     9.84481609203 -0.0286016320691 -0.0269194572214   0.104230332386 1779097894.21
-0.00388699610439 -0.00150581886075 0.000951516527812 0.0042757002771    0.096516810992 -0.00445960345853     9.84369889166 -0.0214667160436 -0.0158736102825   0.102982373837 1779097894.23
 -0.0042219982345 -0.00169663833524  0.00287977166287 0.00538488027379   0.0930824672079 -0.00385670805556     9.84154887773  -0.0114566212847 -0.00350089045601   0.0887837064859 1779097894.25
-0.00434233784437  -0.0016449612407  0.00448021197731 0.00645244874445   0.0908081502356 -0.00297796856888      9.8385893666 0.000527877003213  0.00722682230891   0.0618808605395 1779097894.27
-0.00419915643451 -0.00138392603912  0.00555742238658 0.00710162725198  0.0901450200457 -0.0019581634114    9.83512431033 0.0135736463399 0.0154838056365 0.0356929412747 1779097894.29
 -0.00376818897683 -0.000990014938955   0.00598998034015 0.00714557500974  0.0913382148155 -0.0009921273284    9.83154899323 0.0301137154313 0.0215270461797 0.0049438057675 1779097894.31
 -0.00305788339106 -0.000568077275251   0.00574478658836 0.00653268211149     0.094359889812 -0.000309554873957      9.82832442975  0.0436685785473  0.0200440675365 -0.0293667903195 1779097894.33
 -0.00211333852112 -0.000230431380239   0.00487710586702 0.00532028758283    0.0988973936136 -0.000138679532747      9.82591472138  0.0530090264073  0.0128171472095 -0.0577890207952 1779097894.35
 -0.00101466876445 -7.40447599501e-05   0.00351732872791 0.00366150743659      0.10439903904 -0.000665343608899       9.8247005903  0.0520551565507 0.00162538590791 -0.0702727704887 1779097894.37
  0.00013076616038 -0.000160360778844   0.00184763743997 0.00185918785433    0.110166722764 -0.00199520279942     9.82489188063  0.0522134967459 -0.0100820110867 -0.0811396452006 1779097894.39
  0.00120166713625 -0.000502001600905   7.3148203033e-05 0.00130436197938      0.1154748566 -0.00412638375239     9.82646427753  0.0514090480913 -0.0237105763924 -0.0911350869033 1779097894.41
 0.00207979269309 -0.00105927924185 -0.00160748785469 0.0028340125902    0.119690721896 -0.00693806299098     9.82914062952  0.0387720437079 -0.0329339204681 -0.0819971606678 1779097894.43
 0.00266782636943 -0.00174739304695 -0.00302756258523 0.00439736457499   0.122372974077 -0.0101976458587    9.83242681217  0.0212695281847 -0.0359231011626 -0.0634935647361 1779097894.45
 0.00290490335052 -0.00245284723076  -0.0040705992358 0.00556998215004   0.123331619941 -0.0135861155323    9.83569881672 0.00252458671954 -0.0302769578968 -0.0382369813896 1779097894.47
 0.00277690781723 -0.00305558910803 -0.00467969251889 0.00624078231425   0.122642151291 -0.0167383033964     9.8383248537 -0.0139387423617 -0.0237980679214  -0.018742697733 1779097894.49
 0.00231958506776 -0.00345218016106 -0.00485764611326 0.00639490019567   0.120615918937 -0.0192927154288    9.83979686819  -0.0306036869478  -0.0136732643996 0.000545526677038 1779097894.51
 0.00161381121815 -0.00357524307484 -0.00465895971556 0.00609037398878   0.117736007968 -0.0209442405559    9.83984247382 -0.0406486382735 0.00122949861434  0.0179312345764 1779097894.53
0.000773750121967 -0.00340542331988 -0.00417573571708 0.00544356188701   0.114571771041 -0.0214924552039    9.83849193089 -0.0438298205168  0.0156531740304  0.0296385452361 1779097894.55
-7.01601670046e-05   -0.0029738375285  -0.00352022673681 0.00460875562093   0.111686058074 -0.0208782647462     9.8360843944 -0.0360212733782  0.0241871731839  0.0315180201802 1779097894.57
-0.000790631256562  -0.00235498951287  -0.00280692780903 0.00374832190649   0.109548154602 -0.0192024944856    9.83321051609 -0.028480423223 0.0310586682242 0.0325053062094 1779097894.59
-0.00128230342376 -0.00165196267583 -0.00213678213621 0.00298983622471   0.108463687502 -0.0167221014679    9.83060132366 -0.018095570258 0.0363270170436 0.0322045740925 1779097894.61
 -0.00147704390658 -0.000977010058192  -0.00158532347546 0.00237685882577   0.108530851609 -0.0138229463216    9.82898350659 -0.00184141952737   0.0315518808156   0.0243257318759 1779097894.63
 -0.00135354328202 -0.000431300309845  -0.00119568117303 0.00185681254872   0.109629956223 -0.0109719259001     9.8289274693 0.0138852922562 0.0229910837282  0.015734071316 1779097894.65
-0.000939850491623 -8.75322889403e-05 -0.000976604599011 0.00135821109958     0.11144964818 -0.00865469696373     9.83071642119  0.0246325089992  0.0106732361287 0.00684765152921 1779097894.67
-0.000308481762539   2.1523572886e-05 -0.000905161960704 0.00095652623441    0.113547658302 -0.00730739865226     9.83426233879    0.0325441066312 -0.000137494236626   0.00102059883301 1779097894.69
 0.000435212935604 -9.33417369729e-05 -0.000933481948725 0.00103417190436   0.115437004495 -0.0072515190775    9.83908783643   0.0389362886132  -0.0106383560435 -0.00246314689825 1779097894.71
  0.00116972745969 -0.000382359708569 -0.000998674891453 0.00158486996801    0.116682003506 -0.00864067467335     9.84438214389  0.0358760351157 -0.0180545252851  -0.002708918909 1779097894.73
  0.00177657489383 -0.000768378800383   -0.0010347651803 0.00219484926877   0.116984623013 -0.0114269564372    9.84912577555  0.0267647242955 -0.0211200931645 0.00036761721016 1779097894.75
  0.00215890396476  -0.00116292070791 -0.000985088414598 0.0026426596615   0.116242603233 -0.0153527282074    9.85226446049  0.0110190633487 -0.0164173991259 0.00508550682301 1779097894.77
  0.00225647102529  -0.00148338025558 -0.000813284009559 0.00282019668655   0.114566779766 -0.0199711748835    9.85290150684 -0.0023969165534 -0.0115833805457  0.0108738971446 1779097894.79
 0.00205438677614 -0.00166801228801 -0.00051093375233 0.00269514810692   0.112254621502 -0.0246954066475     9.8504718297   -0.017716392314 -0.00533799589346   0.0187869982698 1779097894.81
  0.00158403187363  -0.00168598795169 -0.000100209194154 0.00231554620608   0.109727340892 -0.0288717890678    9.84486221292 -0.0301334832468  0.0033638644666  0.0232984405082 1779097894.83
0.000915834613253 -0.00154091330205 0.000369365734303 0.00183019067011   0.107446056682 -0.0318689924972    9.83645129099 -0.0374822662941  0.0108997810779  0.0242259347442 1779097894.85
0.000145037005823 -0.00126753062288 0.000829857186866 0.00152195025004  0.105826225424 -0.033170800074   9.82605786267 -0.0363419835805  0.0145630844748  0.0197580210273 1779097894.87
-0.000627071436517 -0.000922634690763   0.00120819639711 0.00164444881133   0.105168102957 -0.0324587449881    9.81480472355 -0.0345450264152    0.01647201843  0.0144888129124 1779097894.89
 -0.00131293088969 -0.000572331442644   0.00144135546209 0.0020319587519 0.105615101842  -0.0296708158  9.80392348357 -0.0316197753364  0.0165814875122 0.00726178967514 1779097894.91
 -0.00185547927533 -0.000278454616033   0.00149031223335 0.00239611578753   0.107143742537 -0.0250251246844    9.79453959387  -0.0245507237891   0.0128768775789 -0.00243445999289 1779097894.93
 -0.00223813459572 -8.70612338948e-05   0.00134961187738 0.00261501020009     0.1095813614 -0.0190024037675    9.78748220903 -0.0164918084852 0.00673229507365  -0.011529192286 1779097894.95
-0.00248530745821 -2.1345810976e-05  0.00105000817366 0.00269809673108   0.112643282035 -0.0122877271079    9.78315838701 -0.00971053270521 0.000163100262326  -0.0163173552708 1779097894.97
 -0.00265263593943 -8.00991773376e-05  0.000653093376185 0.00273302474621    0.115980588407 -0.00567880195974     9.78151614805 -0.00758765737642 -0.00516297449088  -0.0190469028751 1779097894.99
 -0.00280849399356 -0.000241256088288  0.000238729771923 0.00282892822744  0.119231758076 2.575904765e-05   9.78209985438 -0.00921869750086  -0.0100034942101  -0.0197021259214 1779097895.01
  -0.0030106445056 -0.000468585361913 -0.000112039642986 0.00304895153489   0.122073758375 0.00414082120808     9.7841801164 -0.0125945210625 -0.0126577693644  -0.015201358236 1779097895.03
 -0.00328357390083  -0.00071872179469 -0.000334683049836 0.00337793299581  0.124268570792 0.0061935254469   9.78692493549  -0.0154799363956  -0.0124846113482 -0.00740907433409 1779097895.05
 -0.00360254861158 -0.000945957654002 -0.000395339354804 0.0037455954917   0.125699009933 0.00599079814361    9.78957290538  -0.0139034607756 -0.00883064571507 0.000837766043416 1779097895.07
 -0.00388954384175  -0.00110359761436 -0.000298169763826 0.00405405774494   0.126384924953 0.00364526522094    9.79157345368 -0.00987603724419 -0.00461295875738  0.00728934022405 1779097895.09
  -0.0040240157457  -0.00114281905288 -8.42614135285e-05 0.00418399786031     0.126470581716 -0.000443864318487      9.79267059155 0.000552091552969  0.00239092280121   0.0124183918187 1779097895.11
-0.00386839042201 -0.00101198926914 0.000177641635926 0.00400251462068    0.126178830677 -0.00565164794812     9.79292108991 0.0189781999304 0.0127309907712 0.0129493729737 1779097895.13
 -0.00330464297393 -0.000660248095046  0.000406587368913 0.00339439332145   0.125737678404 -0.0112212154578    9.79265131037  0.0418607932049  0.0253210936386 0.00920033429661 1779097895.15
 -0.00227502102505 -4.81791591958e-05  0.000527838801046 0.00233594856443   0.125297005888 -0.0163777656297    9.79236653954  0.0577655739971  0.0347141271226 0.00194838424954 1779097895.17
-0.000817487772938  0.000834403751143  0.000490477022983 0.00126691893541   0.124862207321 -0.0204471856883    9.79263189859   0.0752052021661   0.0470521627757 -0.00583333172799 1779097895.19
0.000914441771763  0.00194730942883 0.000280446413392 0.00216953173665    0.12427249764 -0.0229620103421    9.79394537485  0.0904507141726  0.0611405539736 -0.0146975330429 1779097895.21
  0.00265643913986   0.00318261976973 -7.40089079094e-05 0.00414622898799   0.123242194836 -0.0237373790394    9.79662252878  0.0834530662681  0.0638509103676 -0.0208217381688 1779097895.23
  0.00406770042808   0.00435990425409 -0.000506299107851 0.00598425355947    0.12146486873 -0.0229021922336    9.80071020337 0.0559148775433  0.053865925659 -0.022260530346 1779097895.25
  0.00479371507348    0.0052415770922 -0.000924889708665 0.00716304792616  0.118757820771 -0.020876346458   9.80594375369    0.01137449852  0.0286445343657 -0.0172063912614 1779097895.27
  0.0045489201998  0.00557176570574 -0.00123424818273 0.00729798716362   0.115204946418 -0.0182933208103    9.81175868976 -0.0372006274893 -0.0024817526823 -0.0101696640024 1779097895.29
 0.00320373855101  0.00513550553466 -0.00135954708131 0.00620368648998   0.111246680529 -0.0158771758957    9.81736225604   -0.0912927635168   -0.0431125383515 -0.000880684649709 1779097895.31
  0.0008557273535  0.00382767436606 -0.00126987574096 0.00412261382543  0.107671350733 -0.014292441927   9.82186239723  -0.140977867019 -0.0903030560428  0.0096485646752 1779097895.33
-0.00213646152368  0.00171485237241  -0.0009940622936 0.00291433463159   0.105483883543 -0.0139926155365    9.82444065527 -0.163768188151 -0.129212672102 0.0175505104727 1779097895.35
  -0.0051738552555  -0.00092965054156 -0.000623704748167 0.0052935844139    0.10566169756 -0.0150965016385    9.82454312749 -0.130463920124  -0.13010534783 0.0168817563579 1779097895.37
 -0.00750142469254  -0.00363536551556 -0.000299847364292 0.0083412926631   0.108845710008 -0.0173203484358    9.82205254296 -0.0746539492995  -0.114396479613  0.0103570655821 1779097895.39
 -0.00835154421898  -0.00579900352474 -0.000182850201244 0.0101690789611  0.115045950832 -0.019987218337   9.81739865399  0.00933913881792  -0.0789587388473 -0.00272187926198 1779097895.41
 -0.00712696661977  -0.00680126097477 -0.000408982658521 0.00985992245717   0.123455608867 -0.0221236743408    9.81156730671    0.126365178815 -0.00954346693893  -0.0227792050637 1779097895.43
-0.00358894058628 -0.00615868924464 -0.00104138042139 0.00720377823964   0.132456790837 -0.0226387858502    9.80598307907   0.247948048343  0.0848749060092 -0.0439633924721 1779097895.45
 0.00199418820617 -0.00367900547117 -0.00202624446837 0.00464946604505   0.139863953895 -0.0205635587247    9.80226578386   0.303707916984   0.161495730347 -0.0521600600567 1779097895.47
 0.00878477562357 0.000420995461164 -0.00316649387592 0.00934752391819   0.143392187153 -0.0153127264889    9.80189345989   0.305233593532   0.207856833892 -0.0476205344878 1779097895.49
  0.0154384842172  0.00547624107436 -0.00412373496556 0.0168920455036    0.141269583582 -0.00691850276232     9.80583650058   0.280475337394   0.243904580252 -0.0313605438766 1779097895.51
  0.0203102460655   0.0104436771574 -0.00445518123378 0.0232685437369   0.132853078522 0.00381922631658    9.81425018863  0.170221076539  0.230785906043 0.0117360036099 1779097895.53
  0.0217928220566   0.0140914586806 -0.00368563098139 0.0262122142649  0.119073615119 0.0153166165448   9.82631754086 -0.041107494904  0.127050948718 0.0799549534758 1779097895.55
  0.0187431094613   0.0152872268021 -0.00140706714719 0.0242277381019  0.102543829504 0.0253566015944   9.84031592047  -0.269125696402 -0.0187383322683   0.155786126252 1779097895.57
 0.0109194946792  0.0133343848524 0.00260850433989 0.0174311639982 0.0872157753836  0.031411210611   9.85394003166 -0.457268872598 -0.165081299141  0.228726698776 1779097895.59
-0.0006678228315 0.00827957307266 0.00830231551485 0.0117441798568 0.0775723950473 0.0311041497588   9.86485765445 -0.590451756045 -0.294619618854  0.304476831454 1779097895.61
-0.0135947245797 0.00110244573019   0.015249692598 0.0204593510972 0.0774576540771 0.0227462032319   9.87141445088  -0.62281098792 -0.386831945886  0.380307143158 1779097895.63
 -0.0241302365641 -0.00629308433931   0.0226291718345 0.0336741836583  0.0887701836103 0.00584849578219    9.87335361366 -0.371152015445 -0.328455457352  0.369882830708 1779097895.65
 -0.027649871565 -0.0113358262961  0.0292567768563 0.0418207525924   0.110332738609 -0.0184917763368    9.87238673973   0.12078972363 -0.125773129197  0.278516852659 1779097895.67
-0.0193308777641 -0.0112904496471  0.0336955296965 0.0404542434103   0.137275217505 -0.0474265275074    9.87245226779  0.75726512668 0.171712356557 0.120354688614 1779097895.69
 0.00496216605371 -0.00394093957239    0.034439917469 0.0350180241008   0.161212029435 -0.0764720782214    9.87953116889    1.58826917666   0.543709710852 -0.0836879982621 1779097895.71
0.0477502656408 0.0116733335832 0.0301609357529 0.0576718010053   0.171351453265 -0.0999145039591    9.90095612869    2.7816848865   1.03003597996 -0.386037721889 1779097895.73
 0.109152391024 0.0346398791969 0.0199805668481 0.116247102109  0.156463492817 -0.111462883388   9.94424491013   3.64155197288   1.31782052012 -0.694160676467 1779097895.75
  0.186414403646   0.061853709376 0.00372847163971 0.196443663046  0.107394988404 -0.105066002568   10.0155986646   4.16334931221   1.35213440167 -0.956749873917 1779097895.77
  0.273888570186  0.0881413844372 -0.0178762899332 0.288276628034   0.019615763955 -0.0757830160055    10.1183109793  4.15325408414  1.05623064242 -1.09988412644 1779097895.79
  0.363520918989   0.106894375005 -0.0431737021661 0.381363126834  -0.104828381837 -0.0205905209479    10.2514058321  4.08548925049 0.547158718898 -1.23104837801 1779097895.81
  0.445806627686   0.111165913038 -0.0696790075174 0.464711279827 -0.256541227862  0.060987336527   10.4088342888   3.93798833006 -0.315733127126  -1.36639532177 1779097895.83
  0.511075866833  0.0950639729823 -0.0943720231208 0.528338697586 -0.419564493677  0.166525932001   10.5794926412  2.74782410537  -1.4641088367 -1.16212818426 1779097895.85
 0.550896402948 0.0551714742719 -0.114124279495 0.565292039149 -0.573780060569  0.290700397085   10.7481809772   1.21534177693  -2.60323626454 -0.801143180476 1779097895.87
   0.559344677078 -0.00832679302303    -0.12619042095 0.573463011533 -0.698584343318  0.425674979354   10.8974276066 -0.402148570912  -3.46426541182 -0.344383781205 1779097895.89
  0.533915246779 -0.0911108607285  -0.128666255257 0.556706102829 -0.777137170519  0.561860662511   11.0099072312 -1.99236211844 -4.21841466994 0.128357935861 1779097895.91
 0.475907141118 -0.184988516542 -0.120814957429 0.524694779999 -0.80026202602 0.688954159212  11.0710311153 -3.80394055266 -4.97405356313 0.674519210277 1779097895.93
 0.390228496929 -0.278996444156 -0.103187551872 0.490678068115 -0.769045790324   0.79711173784   11.0712276715 -5.01909966859 -4.62458401521  1.13661559703 1779097895.95
  0.284672242804  -0.361191802448 -0.0775082724709 0.466374673712 -0.695377486204  0.878075899559   11.0074802474 -5.77514052659 -3.69891866468  1.48251382948 1779097895.97
 0.168809079529 -0.420813324971 -0.046347835695 0.45577240118 -0.600051633262  0.926074505185   10.8838341898 -5.45862427354 -2.09871907301  1.52611055743 1779097895.99
 0.0527001286251  -0.450379897476 -0.0126540024684 0.453629231186 -0.508572909491  0.938353262127   10.7107903393   -5.1642968039 -0.612411330384   1.55300050851 1779097896.01
-0.054357575942 -0.447277680828 0.0207625459481 0.451046730554 -0.445333969017  0.915275085678   10.5037171646 -5.22319860202 0.949271476776   1.7009088698 1779097896.03
-0.144870410994 -0.414473149102 0.0516838695628 0.442093485228 -0.427284680143  0.860006765358   10.2805919664 -4.1717928782 2.27867849065 1.51797088641 1779097896.05
-0.213849950219 -0.360161217164 0.0787962949439 0.426212106415 -0.45846502162 0.777893697911  10.0594898579 -2.91177923809  3.00967193642  1.27733517203 1779097896.07
-0.259126900406 -0.296375408299  0.101805743724 0.406631949819 -0.526760187887  0.675677778557   9.85626121198 -1.59353310409  2.91471171898  1.00533006422 1779097896.09
-0.281293610964 -0.236800850291  0.121345232029 0.387202019111 -0.603925100546  0.560728933337   9.68277373029 -0.562724064491   2.37479254733   0.85748262795 1779097896.11
-0.283339454364 -0.194194257144  0.138700992582 0.370446516045 -0.649344007085  0.440433864047   9.54595991913  0.29152256472  1.52943409684 0.884547724921 1779097896.13
 -0.27006587089 -0.177896015543  0.155412824526 0.358797593349 -0.617228119547   0.32182296363   9.44773553529  0.953251362772 0.0606284495011  0.904182468544 1779097896.15
-0.247367164517  -0.19190635676  0.172821598231 0.357611337434 -0.46615219703 0.211433111544  9.38568077377  1.23912875854  -1.4273724552 0.923415996343 1779097896.17
-0.221449102348 -0.233898457419  0.191642717064 0.374800112483 -0.169162175045  0.115321552052   9.35424439705  1.16837708032 -2.45104922631 0.919547421696 1779097896.19
-0.198043441742  -0.29537883545  0.211640831225 0.413837773397  0.277679940436 0.0390887354644   9.34616940933 0.935706689741 -3.03728660924 0.936922953343 1779097896.21
-0.181673518952 -0.363009265484  0.231470002126 0.467289370946   0.850383297102 -0.0122425870645    9.35385395831 0.591049153689 -3.22479521361 0.952706595697 1779097896.23
-0.175036752425 -0.420904540252  0.248725098279 0.519290546051    1.49727451957 -0.0345982881416    9.37043809032 0.0820754089739  -2.40751311124  0.764620820525 1779097896.25
-0.178587088889 -0.453543335733  0.260223421892 0.552549667457    2.14496759424 -0.0254843503036     9.3905153159 -0.397483372926 -0.721245045544  0.356165490336 1779097896.27
-0.190409354854 -0.448798570779  0.262499738564 0.553698466944   2.70940827961 0.0152295736278   9.41047101181 -0.659850728907   1.25489608821 -0.183890126316 1779097896.29
-0.206462109692  -0.40053096031  0.252455087522 0.5165125595   3.1101388699 0.084588473658  9.42851626211 -0.727705895356    3.2735729127 -0.813604517491 1779097896.31
-0.221215940758 -0.310215654531  0.228056734021 0.444049680434  3.28503160817 0.176161282851  9.44450160617 -0.565306000714   5.43944635316  -1.61912256224 1779097896.33
-0.228632790666 -0.187201843654  0.188954877476 0.350744107516  3.2024129157 0.28022821884 9.45956958241 -0.0558680947825    6.92107959497   -2.40157187154 1779097896.35
 -0.223337122808 -0.0474383061699   0.136874617179 0.266203914593  2.86789012243 0.384684178855  9.47566653921 0.696703190021  7.16378558775  -2.9362170656 1779097896.37
-0.201752361773 0.0891936599921 0.0756687964339 0.23320654197  2.32425859846 0.476615003279  9.49491637277  1.42416434092  5.89383407243 -2.96907470955 1779097896.39
-0.162948985976   0.20247502771 0.0109784093647 0.260132724487  1.64437599057 0.544295035949  9.51888284437  2.19175003939  4.40576052016 -2.98048961655 1779097896.41
 -0.108993813635    0.27565285559 -0.0504705372517 0.300684923693 0.918466725749  0.57918805375  9.54781125036  3.04994138045  2.48017158148 -2.90940469382 1779097896.43
-0.0446985164469   0.298634729632  -0.101823257349 0.318666965423 0.238555182828 0.577478118527  9.58001937195   3.48733947878 -0.152807227209   -2.2864456102 1779097896.45
0.0231912175447  0.269860810332  -0.13713657195 0.303593690465 -0.316700349898  0.540746091611   9.61166102981  3.41999879436 -2.64997242914 -1.30926379448 1779097896.47
0.0871902033474  0.196441280984 -0.152313662788 0.263421260163 -0.693724952388  0.475618830951    9.6370702227   2.77543273042  -4.19854320886 -0.204285606993 1779097896.49
 0.140390821591 0.0925667991114 -0.145763043776 0.222542265683 -0.870184770964  0.392480215222   9.64978264596  2.13699409328 -5.19446762656 0.795132410837 1779097896.51
  0.177625783259 -0.0233837029105  -0.118664407085 0.214892898787 -0.854849501938  0.303558617072   9.64413242291  1.43417701808 -5.77390142565  1.82198986762 1779097896.53
  0.196251626366  -0.132325090986 -0.0747970339912 0.248232203491 -0.681859328862  0.220827543162   9.61708885178 0.495770613052 -5.12525971358  2.60264896463 1779097896.55
  0.196426704208  -0.217746983393 -0.0199651373935 0.293931634252 -0.401225463036  0.154151986973   9.56981964865 -0.399282882644  -3.52637413703   2.95139088295 1779097896.57
 0.180873305026 -0.268142870818 0.0388753506058 0.325771460576 -0.0679677088167   0.110004952451    9.50843292884 -0.993939207048  -1.42425544054   2.69860888976 1779097896.59
 0.154217682224 -0.278229987559 0.0946350727052 0.331889765545  0.267761541158 0.0909168198361   9.44350601741 -1.36450251238 0.445630675327  2.37180053872 1779097896.61
 0.122073169867 -0.248939429489  0.141082705287 0.311090064269  0.567798276422 0.0956575625167   9.38832863098 -1.64763163394  2.35756064735  2.02926180419 1779097896.63
 0.090060162562 -0.186428373368   0.17365298024 0.270225329722 0.809449961823 0.120024180653  9.35617532353 -1.58389870364  3.97601007808  1.30922612786 1779097896.65
 0.062942971671 -0.100506790832  0.189958810966 0.223937005762 0.985386273861 0.158026496969  9.35724735981 -1.20312658675  4.79631236213  0.42598532343 1779097896.67
 0.0440159384305 -0.0028712283102   0.189955640264 0.195009722978  1.10072706565 0.203230926995  9.39607308412 -0.667592732605   4.62786618907 -0.336685251781 1779097896.69
0.0348036059067 0.0945600711065  0.175767360124 0.202600747572   1.1685373991 0.250024909601   9.4700727192 -0.211272516306   4.34301961233 -0.914420765499 1779097896.71
0.0350689389715  0.181047602219   0.15123161578 0.238493325611  1.20500300344 0.294595548632  9.56970038918 0.211757413057  3.93537187083 -1.39721329959 1779097896.73
0.0430658883167  0.248109140846  0.121251342471 0.279490079536   1.2253276064 0.335468563946  9.68016262862 0.550252601647  2.87954729664 -1.58663816876 1779097896.75
0.0559401578075   0.29026955155 0.0910500331128 0.309315085863  1.24098661791 0.373524418507  9.78430332839 0.706261290261  1.49429418152 -1.45414236384 1779097896.77
 0.070179371974  0.305475332974 0.0654265850325 0.320188946304  1.25852502639 0.411494507923  9.86595827451 0.615293601203 0.114988469094 -1.01270221767 1779097896.79
0.0820366030339  0.295146557064 0.0480982977099 0.310088601252  1.2797131587 0.45303465532 9.91299400597  0.417561181141 -0.981936103972 -0.570994157306 1779097896.81
0.0878878994863  0.263831992315 0.0412110539901 0.281122667204   1.3026384482 0.501560882781  9.91936813606  0.0633234509958   -1.95495858685 -0.0768852456643 1779097896.83
0.0845204718247  0.218463108123 0.0450824661471 0.23854196386  1.32323114158 0.559091699535  9.88583061827 -0.484776203959  -2.52801205655  0.445349775088 1779097896.85
0.0693708831622   0.16726941326 0.0582220974115 0.190213534403  1.33677390606 0.625351491409  9.81923447778 -1.11018020492 -2.53461220156 0.825473251359 1779097896.87
0.0407355864948   0.11849942285 0.0776386687287 0.147408494005  1.33908322163 0.697342277833  9.73073957937 -1.69664137666 -2.09351803517 0.978314153383 1779097896.89
-0.0020386265313  0.0791558622865  0.0993981143238 0.12708183058   1.3272206142 0.769494237441  9.63339954993  -2.3944655743 -1.55854612984  1.00737504217 1779097896.91
-0.0584003202907  0.0539723377641    0.11934611249 0.143412360765  1.29974601529 0.834381244699  9.53968943291  -3.16290776013 -0.872484415465  0.875879207843 1779097896.93
-0.126511970287 0.0448200356344  0.133867539927 0.189564322768   1.2566302584 0.883865454799   9.4594705072   -3.80377301983 -0.0873343288085   0.556346781323 1779097896.95
-0.203285998921 0.0506457739994   0.14053735617 0.252271560546   1.1989852224 0.910443503377  9.39873499737  -4.1295285384 0.603798140981 0.121861225442 1779097896.97
-0.284573627497 0.0679309873802  0.138531894965 0.323709521695  1.12875436551 0.908527644346  9.35927283912  -3.89762385086  0.982839470846 -0.284003846658 1779097896.99
-0.365517246795 0.0915546148512  0.128716231247 0.39818710852  1.04845325411 0.875416166917  9.33920041105  -3.64587959349   1.11694570783 -0.585779848514 1779097897.01
-0.441043890021  0.115866961031  0.113391973492 0.469896377126 0.960984617632 0.811780151491  9.33412563339 -3.58493074694  1.12428729777 -0.83825356604 1779097897.03
-0.506445070898  0.135751664593 0.0957635023246 0.532996972463 0.869499170862 0.721595915924  9.33862183148  -3.14270812896  0.849500497697 -0.917934420825 1779097897.05
-0.557965288657  0.147471800634 0.0792411163543 0.582539569342 0.777248807895 0.611557339751  9.34765644208  -2.27194005695   0.35057054966 -0.759271227703 1779097897.07
-0.593313125034  0.149155795302 0.0667326245469 0.615403248926 0.687388728899 0.490087194533  9.35766810947  -1.29710830838 -0.158575909339 -0.459976368657 1779097897.09
-0.612015900824  0.140863929171 0.0600738624345 0.630884282853 0.602722258834 0.366119121287  9.36709330262 -0.521917313499 -0.583904112629  -0.16465050733 1779097897.11
-0.615558580291  0.124268303593 0.0597147973945 0.63080966549 0.525428103836 0.247839250261  9.37628731493 0.118842468739 -0.97284239942 0.116477018987 1779097897.13
-0.607275580375  0.102059747733 0.0647198311761 0.61918372005 0.456842664779 0.141562693549   9.3869317955 0.614458762067  -1.2261870567 0.348323358705 1779097897.15
-0.591995926551 0.0772477013639 0.0730719552665 0.601469779013  0.397374120167 0.0508832841385   9.40113626881 0.809514074153 -1.26075847428 0.445106010309 1779097897.17
-0.575474057875 0.0525312215878 0.0822056899814 0.583684586052   0.346597407415 -0.0238146313915    9.42049636405 0.678069429089 -1.13363929095 0.396732621951 1779097897.19
-0.563667320869 0.0298861494608 0.0896467800949 0.571533529836   0.303530285333 -0.0854448727372    9.44535622472   0.31950935425 -0.993925970487  0.269462788479 1779097897.21
-0.561943886015  0.010441720863 0.0936165541381 0.569784187015  0.267038559123 -0.139915476959   9.47444729529 -0.268507137541 -0.888773799059 0.0963476171261 1779097897.23
  -0.574318932458 -0.00537128683944   0.0934688661837 0.581899919099  0.236281139124 -0.195472410136     9.504966689   -1.08086078092  -0.738872680858 -0.0992029768076 1779097897.25
-0.602820603499 -0.017501461428 0.0898648294681 0.609733276713  0.211093294927 -0.261754895608   9.53304749861  -1.86642562404 -0.527463914605 -0.226287373203 1779097897.27
 -0.647079336517 -0.0259338461287  0.0846473195356 0.653107495614   0.19221979332 -0.348645297031   9.55448758753  -2.45284152719 -0.313591477626 -0.227947838086 1779097897.29
-0.704214330999 -0.030464471258 0.0804420923191 0.709448263237  0.181341736568 -0.465016737071   9.56555752175   -2.8731677313 -0.111744423737 -0.107766648947 1779097897.31
 -0.769059551767 -0.0306779509409  0.0800720909848 0.773825090439  0.180882199009 -0.617506182255   9.56370446642 -3.27412435305 0.108742295749 0.137249519283 1779097897.33
 -0.834730328279 -0.0261296911318  0.0859132522244 0.839546644693   0.19361734027 -0.809466138578   9.54800084587 -3.28843831438 0.370663105287 0.509084268161 1779097897.35
-0.893483501976 -0.016653248834 0.0993342055747 0.899142582351 0.222155231349  -1.0402635441  9.51924529587 -2.70477541097 0.615929092342 0.903785213391 1779097897.37
  -0.937774544362 -0.00266455231633    0.120344886897 0.945468713229 0.268370525375 -1.30508513298  9.47969890604 -1.66952632843 0.770213279228  1.18533329393 1779097897.39
-0.961371855662 0.0146661203928  0.147533700559 0.972736928849  0.33289709154 -1.59536208437  9.43251936294 -0.513359172081  0.821029439091   1.31745827305 1779097897.41
-0.960360955576 0.0334585161668  0.178309477635 0.977346871439 0.414780064084 -1.89983906946  9.38102346557 0.663315504393 0.885795218835  1.49199475718 1779097897.44
-0.933868397952 0.0513943909957   0.20939719453 0.958435575924 0.511369827175 -2.20619180007  9.32794861771  2.01960962324 0.868850261258  1.57241972165 1779097897.45
-0.884362399995 0.0661536291784  0.237480134299 0.918079501659  0.61850130974 -2.50296434414  9.27488566745  3.06710163879 0.645547071645  1.32909453067 1779097897.47
-0.817443983767 0.0758987760786  0.259848425156 0.861101907362 0.730946107435 -2.78148628284   9.2220173747  3.55661261975 0.335787114688 0.929428765779 1779097897.49
 -0.74112202601 0.0796772475843  0.274912303117 0.794472841339 0.843063132807 -3.03737842336  9.16822706643    3.5104992319 0.0398742256447  0.519733556192 1779097897.51
-0.664655431773 0.0776342344267  0.282468950679 0.726348831786 0.949521917664  -3.2712936647  9.11155675707   3.48572344671 -0.210501013534  0.211951486044 1779097897.54
 -0.59712903283 0.0709815861327  0.283667882654 0.664882647591  1.04594841134 -3.48867295268  9.04991350683    3.16952790934  -0.424751318852 -0.0475525640789 1779097897.55
-0.545988867376 0.0617316201659  0.280688591089 0.617009498626    1.129357928 -3.69850117978  8.98186643293   2.14354120148 -0.493277606601 -0.196550987734 1779097897.57
-0.515782582948 0.0522619169819  0.276208858745 0.587413239967  1.19829404696 -3.91127572046  8.90735721039  0.978127019088 -0.427990119273 -0.199902329451 1779097897.59
-0.507325333957  0.044813970457  0.272786825526 0.577754219892  1.25267109361 -4.13659225683  8.82816633979 -0.0382952463522  -0.258566143369 -0.0901921940982 1779097897.61
-0.517444881564 0.0410382225796  0.272293846474 0.586154655357  1.29339516859 -4.38085682941  8.74802810314  -0.766428029012 -0.0749478754491   0.065290013384 1779097897.64
-0.539364783487 0.0416808795705  0.275516183026 0.607092112036  1.32188763241 -4.64561898829  8.67235492236 -1.24171745468 0.145885249562 0.260635833815 1779097897.65
-0.563679073605 0.0464701238699  0.281998378812 0.631994189914  1.33964032841 -4.92688784383  8.60760174483  -1.0648887178 0.330205434066 0.385467917943 1779097897.67
-0.579773035645 0.0542108502807  0.290143143164 0.650583301872  1.34789668481 -5.21557175385  8.56036157043 -0.348081591818  0.418540858899  0.392016533187 1779097897.69
-0.577467549671 0.0630496866828  0.297527239609 0.652661085268  1.34749535271 -5.49892892523  8.53632806776 0.712133744081 0.380082597216 0.256262612178 1779097897.71
-0.548621225246 0.0708373071826   0.30135317832 0.629934052868  1.33885704402 -5.76269494776  8.53928786552   2.10100899186  0.293799185746 0.0333185685435 1779097897.74
-0.488424085393 0.0755012741829  0.298939323412 0.577601288674  1.32206022061 -5.99341861733  8.57031151081    4.0233367964  0.119151300713 -0.348262013734 1779097897.75
-0.396162776739 0.0753523710124  0.288156299964 0.49563795123  1.29694592574 -6.18051801925  8.62729510177   5.59771233826 -0.163523638841 -0.819552357765 1779097897.77
-0.275326054236 0.0692761301636  0.267739972085 0.390241349685 1.26321252919 -6.3176616167 8.70496145581   6.72514716534 -0.474201632295  -1.29616378178 1779097897.79
-0.133036814584 0.0567989092538  0.237443009413 0.278036135865  1.22049405723 -6.40325343618  8.79536131697   6.91946246979 -0.728913593046  -1.62757349721 1779097897.81
0.0210789994947 0.0380520757438  0.198020537664 0.202742245289  1.16844411595 -6.44001045014  8.88882910305  7.27983073455 -1.01455352487 -2.03209939674 1779097897.84
 0.176371751308 0.0136781881001  0.151074385881 0.23263180685  1.10685756416 -6.43381362248  8.97525911363  7.89887409725 -1.39646009005 -2.59821352653 1779097897.86
 0.322719167453 -0.015275582214  0.098800629246 0.337849920517   1.0358490949 -6.39214949405  9.04549732061  7.39895135863 -1.64163132929 -2.88388783993 1779097897.87
  0.451868336804 -0.0474472071001  0.0436941350392 0.456448692302 0.956077279846 -6.32251098679  9.09261078938  6.04924174521 -1.69321020869 -2.83790611149 1779097897.89
  0.558342699367 -0.0812276777737 -0.0117384249682 0.564342357256 0.868967906458 -6.23109054738  9.11281339266  4.37811840441 -1.56972761786 -2.53737576269 1779097897.91
  0.639789153813      -0.11482421 -0.0652169729617 0.653274838105 0.776867067856 -6.12199410877  9.10589111053  3.30350513734 -1.55410596292 -2.46093645714 1779097897.94
 0.696763236807 -0.146346445169 -0.114854398106 0.721171146777 0.683053408955 -5.99706440735   9.0750673004  2.41705180376 -1.54840727045 -2.46295455339 1779097897.95
 0.732064972906 -0.173937775108 -0.159245221943 0.769111510041 0.591562761696 -5.85626456344  9.02635396879  1.39390056987 -1.30336747161 -2.17097948552 1779097897.97
 0.749817681281 -0.195955031783 -0.197485909319 0.799765974534 0.506821134282  -5.6984671828  8.96752525372  0.574383589028 -0.952909285104  -1.78874636894 1779097897.99
 0.754510733195 -0.211175561491 -0.229145847554 0.816326762839 0.433131627532 -5.52243595446  8.90690657112 0.00894198800293  -0.533951856127   -1.31483885043 1779097898.01
 0.750203459378 -0.218990952944 -0.254211106077 0.821818443688 0.374103122147  -5.3277774831  8.85218913266 -0.337657713953 -0.194921511438  -1.02253890978 1779097898.04
 0.740022853801 -0.219539058702 -0.273019924134 0.818761932077 0.332131466029 -5.11567321551  8.80945580212 -0.636475977978  0.138273228882 -0.841327046735 1779097898.06
0.726002432957 -0.21373332472 -0.28620128134 0.809118433974 0.308041116174 -4.88926185989  8.78254903954 -0.830858857967   0.44165093809 -0.582704597426 1779097898.07
  0.70922565937 -0.203168516725 -0.294618859514 0.794404654115 0.300967532392 -4.65361634299  8.77283908764 -0.923764874345  0.614263964111 -0.338120208293 1779097898.09
 0.690173569338 -0.189908669326  -0.29931550896 0.775883130634 0.308514519486 -4.41533146303  8.77937716386 -0.932640339945  0.627783817822 -0.158964633004 1779097898.11
 0.669144821359 -0.176189090219 -0.301450470192 0.754764713962  0.32716577219 -4.18179838322  8.79935887498   -1.01575793306   0.602319151981 -0.0678276354152 1779097898.14
 0.646620958244 -0.164083055834 -0.302223751693 0.73238044003 0.352877037046 -3.96028503257  8.82878613486    -1.1962861945   0.550137859375 -0.0350398661091 1779097898.16
 0.623485025525 -0.155191453988 -0.302787870172 0.710280549338 0.381735830381 -3.75696630204  8.86320318413   -1.18343581183   0.355138473452 -0.0501311148086 1779097898.17
 0.601055210134 -0.150409183484 -0.304153946577 0.690217292832 0.410559586181 -3.57605417068  8.89839020925   -1.1032447153  0.139646504368 -0.111955193244 1779097898.19
 0.580950580435 -0.149807529199 -0.307104185449 0.673987279875 0.437316418408 -3.41916415426   8.9309206824  -0.876531368994 -0.0542664480888  -0.192955600949 1779097898.21
 0.564848352976 -0.152650766163  -0.31212435828 0.663157246286 0.461294093111 -3.28502012717  8.95852020116 -0.616923519782 -0.178461186067 -0.282952214358 1779097898.24
 0.554211958309 -0.157542371631 -0.319367864977 0.658761206183 0.483002533106 -3.16954779291  8.98020036361 -0.384582123117 -0.260781539146 -0.430107434729 1779097898.26
  0.55006447021 -0.162675578734 -0.328658298652 0.661097982584 0.503857094016 -3.06634603966  8.99617638312 -0.0366869437322   -0.23305347623  -0.546090675573 1779097898.27
 0.552857325058 -0.166147667031 -0.339531784668 0.669729872359  0.52573662719 -2.96746657554   9.0076071765    0.31830278541 -0.0928703110666  -0.582320791153 1779097898.29
 0.562448920611 -0.166288955097  -0.35131509993 0.683683482558 0.550529448718 -2.86438678541  9.01621802108  0.589350522787 0.0975805403295 -0.551727957072 1779097898.31
 0.578172971144 -0.161956079294 -0.363231347418 0.701748365106 0.579768293435 -2.74903628078  9.02387705111  0.853496010403  0.316691037587 -0.542586047908 1779097898.34
 0.598953070716 -0.152744032763 -0.374521585135 0.722732272835 0.614418467268 -2.61473661923  9.03219821381   1.18892251604  0.601121889314 -0.560706572611 1779097898.36
 0.623414798673 -0.139081709877  -0.38456780098 0.745575030951 0.654834798929 -2.45693404024  9.04223596803   1.38022603372  0.826743956009 -0.500010811554 1779097898.37
 0.649960803192  -0.12219082372 -0.393000020615 0.769304009668 0.700857315257 -2.27364145563  9.05432199177   1.38216036876  0.910641059276 -0.393555951181 1779097898.39
 0.676801734151 -0.103907545885 -0.399769181838 0.792888872534 0.751984425181 -2.06555099185  9.06807233623   1.20948682023  0.832654066964 -0.283023833894 1779097898.41
  0.701965832059 -0.0863886983363  -0.405169365832 0.815095854232 0.807551930803 -1.83582392775  9.08256596314   1.10277386382  0.762238722886 -0.237720281864 1779097898.44
  0.723330475304 -0.0717468197399   -0.40979918511 0.834439904824 0.866856900737 -1.58960365142  9.09666425295  0.958501102949  0.644443696527 -0.242336815173 1779097898.45
  0.738721250931 -0.0616763657867  -0.414462199322 0.849289099977 0.929192976023 -1.33332485962  9.10940925587  0.440964274592  0.282783961912 -0.197855831119 1779097898.47
  0.746105565007 -0.0571414866775  -0.420018117939 0.858110647312 0.993799646063 -1.07390781381  9.12041255784  0.133067715632 0.0900501751647 -0.329195825648 1779097898.51
  0.743873110962 -0.0581899761987  -0.427207370521 0.859790332564   1.05976149254 -0.817931758045   9.13013621512 -0.508954707952 -0.231326755387 -0.560379953165 1779097898.51
  0.731155467007 -0.0639365071554  -0.436478787396 0.853926182834   1.12591369348 -0.570878956673   9.13998160056 -0.849618370762  -0.34523461933 -0.490393330871 1779097898.54
  0.708105635696 -0.0727237611697  -0.447852088122 0.840995736956   1.19081045522 -0.336531918316   9.15214387297  -1.44111801155 -0.483623101347 -0.637158861797 1779097898.55
 0.676048208564  -0.08242988731 -0.460843258443 0.822321333468   1.25279328672 -0.116591900406   9.16925028573  -1.86597116434 -0.478711738909 -0.702812790127 1779097898.57
  0.63742898112 -0.090855737086 -0.474472251256 0.799808969783   1.31016261417 0.0894335225124   9.19386079634  -2.07005268208 -0.351646258857 -0.681780392909 1779097898.59
  0.595537188373 -0.0961065436056  -0.487359895171 0.775513170669 1.36141991194 0.28405298935 9.22794852075  -1.91581467175 -0.138551790128 -0.538329953751 1779097898.61
   0.55403267919 -0.0968869608222  -0.497906004021 0.75116554875  1.40551976597 0.471337080987  9.27248224383  -1.83680515099  0.080079272005 -0.398253308826 1779097898.64
  0.516366727096 -0.0926549456503  -0.504525514588 0.727849936921  1.44206097121 0.656239581639  9.32720313513  -1.80368240848  0.347743561079 -0.209709444964 1779097898.66
  0.485220775171 -0.0836202701699  -0.505906584462 0.705955396922 1.47135694512 0.84378592412 9.39063421792  -1.44024957719  0.584859297548 0.0870047137949 1779097898.67
  0.462090010526 -0.0706141529784    -0.5012466869 0.685391696446  1.4943564448 1.03825098447 9.46030090395 -0.997761051311  0.752239231397  0.405350213229 1779097898.69
  0.447106163325 -0.0548846262175  -0.490422149568 0.665905494995 1.51242780568 1.24245969436 9.53309077956 -0.538380167789  0.767744686107  0.637762670483 1779097898.71
  0.439135164581 -0.0378799215765  -0.474054481974 0.647303818242 1.52706126629  1.4573282786 9.60565380637 -0.250959904121  0.772254845148   0.84427738688 1779097898.74
  0.436117082192 -0.0210689807338  -0.453452767007 0.629492989028 1.53957109382 1.68172066438 9.67474742063 -0.0925944950157   0.829688968674    1.12892349927 1779097898.76
   0.435557333307 -0.00582091915655   -0.430433121969 0.612386108746 1.55088246675 1.91263235638 9.73746400604 -0.0286895093332   0.742348928838    1.24232840449 1779097898.77
  0.435045257154 0.00666478632315  -0.407040028684 0.595810691496 1.56146492395 2.14564868085 9.79133041363 -0.0759774478414   0.559845379545    1.19255940588 1779097898.79
  0.43267654034 0.0154064144476 -0.385215536407 0.579514758791 1.57143048198 2.37557322043 9.83432153574 -0.180661363066  0.303546558259   0.94470899217 1779097898.81
  0.42728802063 0.0196984666214 -0.366476119644 0.563265326849 1.58076265526 2.59709798008  9.8648610365 -0.327427758733 0.0873291764877  0.773233466393 1779097898.84
 0.418467018212 0.0191962759747   -0.3516591938 0.546943626827 1.58959805508 2.80539287951 9.88187812834 -0.550482822392 -0.149506189699  0.675562575816 1779097898.86
 0.406357408766 0.0140139004539 -0.340789690405 0.530528365076 1.59845943908 2.99652346257 9.88495056145 -0.751312907759 -0.398797787931  0.514130715511 1779097898.87
  0.391335195579 0.00479467214614  -0.333092624213 0.513923068644 1.60834736802  3.1676520125 9.87450694933 -0.863240392121 -0.562578629286  0.360167098904 1779097898.89
  0.373654823997 -0.0072985583713  -0.327145292864 0.496684244862 1.62063763302 3.31702710254 9.85201064593 -0.876880222151 -0.586053377616  0.274810404946 1779097898.91
 0.353167955646 -0.020713988343 -0.321131179084 0.477788560337 1.63679339788 3.44380971841 9.82002465801  -1.01156299729 -0.602145620674  0.318706741435 1779097898.94
   0.32919076025 -0.0337663526013  -0.313136282149 0.455588689939 1.65796561357 3.54781231708 9.78207339377  -1.34790428605 -0.621473554717  0.504854465934 1779097898.96
  0.300552722862 -0.0449731112565  -0.301424264044 0.42803166578 1.68460047491 3.62923513121 9.74226859754 -1.69819802769 -0.52569586836 0.763531591826 1779097898.97
 0.265812157635 -0.053385895784  -0.28464045036 0.393098388442 1.71618116724  3.6884701295 9.70473716519  -2.04387112355 -0.367594419662   1.04898994536 1779097898.99
  0.223583698243 -0.0588161484278  -0.261920925502 0.349358813617 1.75119754205 3.72601092343 9.67295483063  -2.19796655043 -0.200789429873   1.22370852103 1779097899.01
   0.17290003983 -0.0618736369458  -0.232912024264 0.296598688077 1.78737093992 3.74246579228 9.64913067913  -2.49527739013 -0.112724078923   1.45544220379 1779097899.04
   0.11352757207 -0.0637879305238  -0.197727529028 0.236756384151 1.82208307994 3.73863389954 9.63379015529  -3.20210503849 -0.105513586864    1.9211407151 1779097899.06
 0.0461710688078 -0.0660495237864  -0.156879482206 0.176367454834 1.85289315339 3.71558431171 9.62566731786 -3.79021108964 -0.16607654831  2.32563424733 1779097899.08
-0.0274699894605 -0.0699660530044  -0.111212886406 0.134231721276 1.87799733573 3.67468080812 9.62194989603  -4.04456412776 -0.273522814559   2.54563760774 1779097899.09
 -0.104799619021 -0.0762592586666 -0.0618589439074 0.143613939507 1.89650020644 3.61752122716 9.61884003842  -3.62146501997 -0.346845847924   2.35870697632 1779097899.11
 -0.182556579263 -0.0848194726689 -0.0102029859137 0.201557308222 1.90842407994  3.5457983665 9.61231972069  -3.46694705268 -0.419440829439   2.36707403402 1779097899.14
 -0.257138332396 -0.0946896169394  0.0421510127852 0.277241687742  1.9144628965   3.461125646 9.59896161798  -3.63932420314 -0.497438027851    2.6486380598 1779097899.16
-0.324969308875 -0.104285039187 0.0934425688089 0.353852984691 1.91556709112 3.36489095847 9.57661657384  -3.30144191182 -0.449029174109   2.61824440725 1779097899.18
-0.382866610083 -0.111789922261  0.141861190544 0.423330161007 1.91249963476 3.25819827154 9.54483958921  -2.79278542471 -0.306299322677    2.4919706897 1779097899.19
-0.428364128688 -0.115624887568  0.185700591269 0.480988202526 1.90551393719 3.14192918726 9.50497751122    -1.8126756498 -0.0723106107227    1.92045547619 1779097899.21
-0.459966296526 -0.114865555463  0.223545144901 0.524152193147 1.89426751908  3.0169147795  9.4599149429 -1.09220724148 0.136454858086  1.53417344915 1779097899.24
-0.477312246752 -0.109509556842  0.254455769103 0.551875948352 1.87801180837 2.88416570474 9.41354088087 -0.554478961211  0.373622224921   1.42232847824 1779097899.26
-0.481238819349 -0.100531580934  0.278112616584 0.564839824655 1.85600981398 2.74508028928 9.37004398745 0.0984765135467  0.545106883765   1.11325195146 1779097899.28
 -0.473736897431 -0.0897185685473   0.294874184273 0.5651786037 1.82805621712 2.60154643352 9.33316540365 0.634389860756 0.573983878984 0.747466693185 1779097899.29
 -0.457801219587 -0.0793256864869   0.305727851748 0.556187055338 1.79493202984 2.45587714725 9.30553789826 0.880415369518 0.435690451777 0.415634878303 1779097899.31
 -0.437180267512 -0.0716278182536   0.312132186522 0.54192585518 1.75863198979 2.31056656119  9.2882238093  0.95273496847 0.247968381301 0.229321536451 1779097899.34
 -0.416040879783 -0.0684567206084   0.315779487935 0.526776063663 1.72225695377 2.16791086767 9.28053403987  0.956408132263 0.0202113522771   0.15351407411 1779097899.36
 -0.398572135409 -0.0708119295839   0.318329218368 0.514983075219  1.6895515152 2.02958913306 9.28016664429    0.7342606184 -0.271538269138  0.144100895305 1779097899.38
 -0.388564121932 -0.0786179509418   0.321171885821 0.510209995301 1.66416514193 1.89632426506  9.2836486956  0.258414391415 -0.536654526223  0.187666920981 1779097899.39
 -0.389007368001 -0.0906752804339   0.325275388972 0.515124079724 1.64879710629 1.76773271997 9.28700722242 -0.318874723717 -0.632982920511   0.24088611353 1779097899.41
-0.401764457025 -0.104821303033  0.331143756218 0.531091679261  1.6444300288 1.64242263517 9.28654699198 -0.883817106365 -0.636131965082  0.313670022649 1779097899.44
-0.427362756007   -0.1182817707  0.338887860758 0.55809899182 1.64985259519 1.51832728551 9.27958758258  -1.57482184836 -0.581703661218  0.429571550052 1779097899.46
-0.464943877878 -0.128158355705  0.348377503499 0.594948954665 1.66161917123 1.39318721471  9.2650165634  -2.20730648732 -0.355346071335  0.533124648807 1779097899.48
 -0.51238210247 -0.131968719443  0.359422349052 0.639637074317 1.67450335467 1.26504493493 9.24354867201    -2.73089935117 0.000509943717233    0.632766988724 1779097899.49
-0.566554749108 -0.128139381799  0.371921397558 0.689731477363 1.68239264892 1.13260806483 9.21763529426 -2.80498814843 0.393403275409 0.667805493046 1779097899.51
-0.623719488104 -0.116353504738   0.38592931228 0.742634211428  1.67946602452 0.995373698743  9.19103381881  -2.6096878138 0.701160003452  0.68338080579 1779097899.53
-0.679934790676 -0.097676906588  0.401611440849 0.795703366257  1.66141979139 0.853477524583  9.16811112546 -2.61092659525  1.01614694889 0.803687715827 1779097899.56
 -0.731456289876 -0.0744234012246   0.419092536511 0.846289371792   1.6264802817 0.707314482728  9.15300801489 -2.50744255142  1.26289230351 0.965526868257 1779097899.58
-0.775055268172 -0.049768762544  0.438238950696 0.891762847596  1.57597436973 0.557049452094   9.1488210676 -2.06276461883  1.26950565408  1.05720234894 1779097899.59
 -0.808231407904 -0.0271730045775   0.458441105115 0.929593797182  1.51431620294 0.402176349125  9.15695767058 -1.37432528691   1.0144135212  1.01897663374 1779097899.61
  -0.829321454502 -0.00971394169338    0.478473949207 0.957499741844  1.44839119204 0.241280420265  9.17678757337 -0.681349503813  0.644460087348  0.885175160588 1779097899.63
 -0.837528775086 0.00053815351051   0.496502777657 0.973637379586   1.38644673523 0.0721105586758   9.20565729809 -0.0868880468811   0.307243822608    0.77007119091 1779097899.66
 -0.832909086565 0.00297224275453   0.510270406767 0.976791824665   1.33670212871 -0.108013274659    9.2392654696   0.557941427568 -0.0508513092883   0.551805062209 1779097899.67
    -0.8163430371 -0.00139273468243     0.51745551013 0.966528891909   1.30594395136 -0.301527809476   9.27233263667   1.14441207122 -0.344026213101  0.154836750386 1779097899.69
 -0.78950998158 -0.010074132861  0.516142222133 0.943308164194   1.29836815976 -0.509843456061   9.29944973674    1.5868187528  -0.47030172517 -0.313657304338 1779097899.71
 -0.754855807996 -0.0196163344934   0.505301684434 0.908582348352    1.3148718265 -0.732653297577     9.315960461   1.73183880208 -0.380335655958 -0.725051796337 1779097899.73
 -0.715528993629 -0.0263213768579   0.485169334735 0.864906838319   1.35290345471 -0.967535352089   9.31872563231   1.88989078925 -0.177092979797   -1.1368758388 1779097899.76
 -0.675250041338 -0.0270758250136   0.457414328584 0.81604141232  1.40687435643 -1.20999459142  9.30663246761  2.02327981985 0.162560908398  -1.5709343084 1779097899.77
-0.638083610091 -0.020099008713  0.425038447829 0.766950028196  1.46903721964 -1.45399286198  9.28074858038  1.76328219497 0.568023440783 -1.71763645167 1779097899.79
  -0.608099251056 -0.00544388030482    0.392001857751 0.723519033231  1.53066855487 -1.69289384015  9.24407828877  1.23876561373  0.88139795119 -1.57268391035 1779097899.81
-0.588931452848   0.01487339463  0.362636968486 0.691785403817  1.58335757781 -1.92063525953  9.20095059345 0.602018770142  1.03336523666 -1.23786367982 1779097899.83
-0.583277034528 0.0371634550952  0.340962717751 0.676645251442  1.62020484094 -2.13286299417  9.15614110462 -0.085658367955   1.03593431514 -0.806821645633 1779097899.85
-0.592392584317 0.0567315918404  0.330036349834 0.680493526551  1.63676249732 -2.32774663643  9.11388772356 -0.816898014196  0.797698893983 -0.239325531737 1779097899.87
-0.615672464258 0.0687975122437  0.331471871512 0.702608911514  1.63159446854 -2.50625517739  9.07698748531 -1.50365901699 0.330560929143 0.393524976029 1779097899.89
-0.650395414664 0.0694828002432  0.345216362166 0.739605564915  1.60638985923 -2.67179548169  9.04615221758   -1.9768840285 -0.315424744958  0.991591161791 1779097899.91
-0.691721837829 0.0566633385051  0.369617703845 0.786325048472 1.56562056453 -2.8292766718 9.01975559221  -1.9684722767 -0.92870738419  1.34729315446 1779097899.93
-0.733001899754 0.0305098090596  0.401755208658 0.836438808985  1.51579084206 -2.98381812277  8.99403412023 -1.78788568538 -1.50940599115   1.6356894238 1779097899.95
  -0.766415856375 -0.00639639737095    0.437953289926 0.882744166199  1.46438038002 -3.13942340931  8.96372462953  -1.2941291145 -2.03111098146  1.84573027948 1779097899.97
 -0.783914815266 -0.0493970415288   0.474368913677 0.917599243444  1.41862955708 -3.29796442522  8.92304542745 -0.307782721765  -2.21643648896   1.79179173668 1779097899.99
 -0.778369127024 -0.0924755153835   0.507540599612 0.933813514093  1.38434972426 -3.45874854305   8.8668683874   1.0095449595 -2.05889088675   1.5588696506 1779097900.01
-0.744773834384 -0.129222123194  0.534807714959 0.925962047541  1.36495314717 -3.61879389039  8.79189076417  2.31131102338 -1.46212243743  1.11947005266 1779097900.03
-0.681319835992 -0.153868354564  0.554545859329 0.891848249172  1.36087717923 -3.77375370051  8.69760248242   3.67718589101 -0.784406978182  0.746615639623 1779097900.05
-0.590128426976 -0.162210647656  0.566206910754 0.83375903013 1.36952046532 -3.9192614746 8.58686074006   5.23076223265 0.0408531669642  0.401454413145 1779097900.07
-0.477473323975 -0.152276277689  0.570190822379 0.759135306635  1.38572064664 -4.05236051969  8.46593205937   6.20421428587  0.984611915792 0.0365856929877 1779097900.09
-0.353378036662 -0.124638242089  0.567603006488 0.680135207999  1.40270023626 -4.17266135452  8.34394102592    6.4050622037   1.81403997771 -0.265348730997 1779097900.11
 -0.230569505778 -0.0823482453581   0.559962098168 0.611147348757  1.4133150961 -4.2829394971 8.23176559536   5.40226779485   2.20597285579 -0.437925347101 1779097900.13
  -0.12287737563 -0.0305151403129   0.548917875387 0.563330149335  1.41138212362 -4.38902110254  8.14052380818   4.40638830499   2.51134507899 -0.563235680061 1779097900.16
-0.0432748063442   0.024397140928   0.536021616734 0.538318774478  1.39285242186 -4.49896680665  8.07988475804    3.1414546161   2.75023564911 -0.683923792659 1779097900.17
-0.0018427714368  0.0754464997258   0.522567520007 0.527988999027  1.35663115604 -4.62171480137  8.05648780285  1.03455159748  2.41593441899 -0.69835333086 1779097900.19
-0.00398738739541     0.11614300252    0.509501431611 0.52258664842 1.30491113577 -4.7654512991 8.07275437603  -1.23922009116    1.7222540814 -0.658658892924 1779097900.21
-0.0492343339661   0.141310757877   0.497378391513 0.519401592485  1.24296590364 -4.93602313931  8.12632170142  -3.01585074904  0.751871078734 -0.550412693528 1779097900.23
-0.130858210603  0.147772718525  0.486346667884 0.524874965096 1.17842627841  -5.135690439 8.21022404194  -4.39407042335 -0.153395652253 -0.498339081696 1779097900.25
-0.23648108171  0.13477403128 0.476142415907 0.548451403261  1.12013577848 -5.36244489515  8.31381343683   -5.5856320188  -1.11536380718 -0.517188148558 1779097900.27
-0.349610278242  0.104091334186  0.466091846858 0.591864817515  1.07674310423 -5.61000760464  8.42427559624  -5.66639588003  -1.97172946525 -0.552658455367 1779097900.29
-0.451910106363 0.0598114334365  0.455131057977 0.644161805557  1.05524003346 -5.86849114851  8.52848713898  -4.61978989713  -2.52404266903 -0.635133931071 1779097900.31
 -0.525852291563 0.00780072972052   0.441861895879 0.686894037648  1.05968154919 -6.12558990372  8.61490087846 -2.45962075481 -2.44784228506 -0.71109091178 1779097900.33
 -0.557301380351 -0.0450751497658   0.424661817153 0.702107012225  1.09031927535 -6.36807477881  8.67514718774 -0.274759625005  -2.33381997282 -0.936595708759 1779097900.36
 -0.53758840687 -0.091886334224   0.40185603536 0.677445692859  1.14332992332 -6.58333103198  8.70509836182  2.41652823152 -2.12791575544 -1.37594624293 1779097900.37
-0.464714266176 -0.126604335493  0.371943669593 0.608547533315 1.21122813449 -6.7606948488 8.70524461874  5.10437141805 -1.39567495582 -1.78836240864 1779097900.39
-0.343486663334 -0.144959067407  0.333850744765 0.500452334285 1.28393179857 -6.8924062442 8.68035342671   7.23265749567 -0.476345130265  -2.18892399383 1779097900.41
-0.184595845044 -0.145053024082  0.287167370771 0.370919269705  1.35032210848 -6.97408318017  8.63850469609  8.18441496926 0.416391899962 -2.43932761291 1779097900.43
-0.00282971607789   -0.127627737796    0.232319492855 0.265083370864  1.40003809043 -7.00471293204  8.58969167762  8.80397366392  1.16943057911 -2.77428598077 1779097900.45
  0.185224011588 -0.0959299047248   0.170630670091 0.269490828535  1.42518938522 -6.98623457597  8.54423537607     9.29162479  1.83691801738 -3.24781790803 1779097900.47
 0.363571377826 -0.055191669165  0.104246732579 0.382227220869 1.42167494369 -6.9228410489  8.5112711605  8.83862579251  2.22826842472 -3.56822297537 1779097900.49
  0.518901151463 -0.0118079775961  0.0359225757774 0.520277103835  1.38986027504 -6.82015629528  8.49753152385  7.29050581423  2.16873584826 -3.54845650325 1779097900.51
  0.642061029636  0.0276517585258 -0.0313005725367 0.643417991176  1.33448150157 -6.68444134511  8.50657903652  4.97987381232  1.64311260481 -3.09438563584 1779097900.53
  0.728753068868  0.0574327991036 -0.0944748566363 0.737092301096  1.26379021798 -6.52195380761  8.53855547404  3.22826423509  1.07566199243 -2.81566628295 1779097900.55
 0.779434729113 0.0734248602686 -0.151116816069 0.797336816628  1.18810094382 -6.33853324294   8.5904261333  1.78653667478 0.416560972852 -2.68843074426 1779097900.57
 0.798548602541  0.073706797739 -0.199505142992 0.826386631507  1.11802125379 -6.13942113781  8.65662873619    0.3670018675 -0.388840957455  -2.32240021308 1779097900.59
 0.793299726719 0.0587348016568 -0.238854989212 0.830557607399 1.06270516915 -5.9292647307 8.72999327217 -0.677299819543  -1.09534914974   -1.7981078655 1779097900.61
 0.772242724426 0.0311641594637 -0.269342466115 0.818459158612  1.02845662637 -5.71221495968  8.80278377458 -1.14418211149 -1.46900983869 -1.23127350901 1779097900.63
   0.743931601499 -0.00464869379977   -0.291980854546 0.799192503396  1.01792422938 -5.49202040712  8.86772040969 -1.31117874495 -1.73250817809  -0.9072875418 1779097900.66
  0.715832050401 -0.0433733164189  -0.308376581002 0.780636205072  1.02999348665 -5.27204095021  8.91886291154  -1.31008864579  -1.95006251579 -0.740309786371 1779097900.68
  0.693615537174 -0.0795439852727  -0.320413644152 0.768176192264 1.06033413179 -5.0551469131 8.95226724155 -0.937586104707  -1.74317037364 -0.577837133249 1779097900.69
 0.680865797676 -0.108382957157  -0.32992638761 0.764314412456  1.10243518497 -4.84351728136  8.96636095647 -0.368170298214  -1.19486981513  -0.45831213307 1779097900.71
 0.679150582972 -0.126488937753 -0.338420159201 0.769267944138   1.1488862215 -4.63839054004  8.96201551729    0.1755498237 -0.560232255606 -0.397376219267 1779097900.73
 0.688358645247 -0.132294886016   -0.3468872673 0.782093560622  1.19265014467 -4.43984482274  8.94232393087   0.676788707237 0.00611982468008  -0.418295938042 1779097900.76
 0.707180093838 -0.126235482441 -0.355744074945 0.80161894252  1.22811385187 -4.24668601904  8.91211976677    1.1812111359   0.56603010121 -0.469851384457 1779097900.77
 0.733614846781 -0.110608354662 -0.364888866082 0.826782218077  1.25177946299 -4.05650344708  8.87729960662   1.54314401879  0.982423998467 -0.479883650744 1779097900.79
  0.765420176552 -0.0891576373188  -0.373855452219 0.856495785231  1.26254599895 -3.86591732796  8.84403488773   1.73061342699   1.14362166953 -0.443636768806 1779097900.81
  0.800443289283 -0.0664468719217  -0.382020106274 0.889417791448  1.26160753298 -3.67099953928  8.81797716693   1.69736856104  0.999463424464 -0.355584118479 1779097900.83
  0.836819014736 -0.0471157797326  -0.388812894886 0.923937999735  1.25204497281 -3.46781036319  8.80356640715   1.69867871799  0.732781001443 -0.277725149173 1779097900.85
  0.873040138781 -0.0351298303215  -0.393889314172 0.95842682596  1.23821168622 -3.25296931666  8.80353886729  1.80321445687 0.354604875136 -0.21349615168 1779097900.88
  0.907926464631 -0.0331323911816  -0.397231841867 0.991575189643  1.22501449863 -3.02417259963  8.81869876051   1.78913147926 -0.182044564922 -0.139970588917 1779097900.89
  0.940528674898 -0.0419968053522  -0.399169200114 1.02259179064  1.21718198829 -2.78058142373  8.84797286442    1.61262308104  -0.714828911006 -0.0801920892934 1779097900.91
  0.970006030909 -0.0606504574178  -0.400318917936 1.05111627047  1.21860061207 -2.52302821171  8.88872131529    1.33988554855   -1.07728629227 -0.0561206838128 1779097900.93
 0.995514627286 -0.086206262525 -0.401472269396 1.07687551552   1.2317892148 -2.25401493011  8.93724097158    1.09194255486    -1.2721167162 -0.0740627247049 1779097900.95
   1.0161366092 -0.114392734899 -0.403447797112 1.09926767957  1.25757105067 -1.97750564593  8.98937415994   0.88454532383  -1.35150762068 -0.136803968588 1779097900.97
  1.03087109945 -0.140227848853 -0.406940508927 1.11712114432  1.29498437798 -1.69854139412  9.04112489868  0.592497195799  -1.16744807168 -0.234874601976 1779097900.99
  1.03869493347 -0.158841337102 -0.412390248604 1.12879734777  1.34144520433 -1.42272652072  9.08918654688  0.202308126789 -0.675444221191 -0.335132269535 1779097901.01
  1.03868655355 -0.166321231223 -0.419887150825 1.13262426599  1.39314095294 -1.15564789682  9.13130131304  -0.207344483048 -0.0391759768723  -0.408096405712 1779097901.03
  1.03019165747 -0.160447958792 -0.429126437194 1.12746968815   1.44559773535 -0.902289821384   9.16640437382 -0.609451893807  0.596312832406 -0.463395898042 1779097901.05
  1.01299756246 -0.141186064365 -0.439419739402 1.11318788786   1.49433409109 -0.666500690592   9.19454896582  -1.05686078276   1.22766104993 -0.510657668011 1779097901.07
 0.987477821647 -0.110831099704 -0.449765056915 1.09072663272   1.53549768893 -0.450558647791   9.21665277366  -1.52763576771   1.76604243352 -0.512079080125 1779097901.09
  0.954671163818 -0.0737571018038  -0.458971342731 1.06183418411   1.56638398633 -0.254877056661   9.23413768396  -1.86075045464   1.96129306835 -0.419690218648 1779097901.11
 0.916269126182 -0.035774758606 -0.465826099864 1.02850517756    1.58575860339 -0.0778858847123     9.2485463239  -1.97035912543   1.73454871808 -0.253511236482 1779097901.13
   0.874502996181 -0.00318337206596   -0.469285975755 0.992469118526   1.59394333844 0.0838835998637   9.26120864285   -1.99678116367     1.2811770725 -0.0671734033164 1779097901.15
 0.831940038875 0.0183325693115 -0.468663001522 0.955042051627  1.59266889744 0.235501190126  9.27300526302 -2.05589366411 0.689917925629 0.136033608932 1779097901.17
 0.791217888533 0.0247654901285 -0.463775197663 0.917456544259  1.58473401338 0.383144533341  9.28424087247    -2.0310422227 -0.0982428006912   0.358715537514 1779097901.19
 0.754760217474 0.0145993323917 -0.455031772781 0.881436350866  1.57353359667 0.533458557326  9.29461219016   -1.7629099161 -0.939940532573  0.537741202968 1779097901.21
  0.724522181377 -0.0107950328069  -0.443430976173 0.849517483441  1.56252739338 0.692842594085  9.30324127793 -1.34179244872 -1.56801338171 0.622586163653 1779097901.23
  0.701808044362 -0.0472803689795  -0.430462182793 0.824662146116 1.55471913536 0.86675652538 9.30875031776 -0.870814613678  -1.81438010306  0.594995899319 1779097901.25
  0.687186375207 -0.0885858079992  -0.417920780065 0.809154087958 1.55220842149   1.059139214 9.30937329142 -0.509261470561   -1.9139415511  0.545055109747 1779097901.27
 0.680504633694 -0.127344314938 -0.407661453677 0.803424540228 1.55586575318 1.27201926794 9.30312079149 -0.163608901349  -1.78676506099   0.43752604715 1779097901.29
 0.680981857879 -0.156345047816 -0.401328541386 0.805757198458 1.56516603785 1.50537122803 9.28802274384 0.181335424489  -1.1250174767 0.200311941276 1779097901.31
 0.687342783739 -0.169768669309 -0.400107700106 0.813232854182 1.57819834664  1.7572328402 9.26246182381   0.432368478333  -0.199610729216 -0.0817955678729 1779097901.33
 0.697953925476 -0.164180509833 -0.404539321026 0.823253900174  1.5918515219 2.02405637512     9.2255785  0.546340023929  0.710083382193 -0.331511094052 1779097901.35
 0.710932567568 -0.139108800449 -0.414421634109 0.834578734937 1.60215874044 2.30122637986  9.1776865003  0.617239984775   1.57593819981 -0.570447512172 1779097901.38
  0.724219453611 -0.0971193178356  -0.428813680352 0.847235003611 1.60477130857 2.58364684165 9.12060040736  0.652843371668   2.53027577914 -0.838240829093 1779097901.39
  0.73562815048 -0.043394210998 -0.446130382017 0.861431454665 1.59552294978 2.86629096622 9.05776123431  0.502086470631   3.01578953574 -0.953989129687 1779097901.41
  0.74290052879  0.015088826252 -0.464308647243 0.876191410743 1.57103818354 3.14462091805 8.99406257827  0.208776878951   2.91212167038 -0.891097260875 1779097901.43
 0.743801914541 0.0706174341981 -0.481017476802 0.888597728489 1.52932829306 3.41482031289 8.93533132623 -0.150795858848   2.29465136406 -0.673516305102 1779097901.45
 0.736278359574  0.115857970322 -0.493885977658 0.894120937565 1.47030434614 3.67382965677 8.88749389432 -0.589478061331   1.74131769058 -0.462402150991 1779097901.48
 0.718674457612  0.144843920543 -0.500728117274 0.88780706506 1.39612296092 3.91922153278 8.85554356224  -1.2467866653  1.01918906256 -0.15787120397 1779097901.49
0.689980565442 0.153704224788 -0.49974831859 0.86570581108 1.31127660453 4.14898640966   8.842494458  -1.85809511602 -0.102500827577  0.298207502578 1779097901.51
 0.650053519459  0.141058483032 -0.489715075792 0.826007221067 1.22235645665 4.36131404849 8.84854317459 -2.31518048384 -1.17079939153 0.760936886802 1779097901.53
 0.599744749255  0.108071480635 -0.470090258872 0.769648010893 1.13745693712 4.55444766639 8.87064758373  -2.4786092356 -1.88087678433  1.10369865432 1779097901.55
 0.540879700722 0.0582126281196 -0.441101121201 0.700364019529 1.06525228834 4.72666141916 8.90267257022 -2.88631533409 -2.59676893914  1.54832093736 1779097901.58
   0.476061957634 -0.00320382868172   -0.403742464646 0.624222099723 1.01384432438 4.87637347064 8.93615313692  -3.5894113465 -3.46126060203  2.20411444835 1779097901.59
  0.408317302671 -0.0696169688231  -0.359699835963 0.548592302171 0.98954035524 5.00236636187 8.96160381709  -3.7478130366 -3.61660794595  2.56126522856 1779097901.61
 0.340635783511 -0.133888943611 -0.311191863154 0.48041582189 0.995756948375  5.10405339577   8.9701818426 -3.3554228447  -3.016074903 2.50007928043 1779097901.63
 0.275501308385 -0.189000726288 -0.260740470544 0.423801649878 1.03224922837 5.18171256904 8.95541452003 -2.89969587813 -2.18073974685  2.30596643178 1779097901.65
 0.214508846452 -0.228743727131 -0.210890143517 0.377905266621 1.09483327303 5.23661332561 8.91465240031 -2.78555560826 -1.40949790419  2.29857614087 1779097901.67
 0.158155166681 -0.248378159037 -0.163909145137 0.337002929503 1.17570285365 5.27098654452  8.8499272961  -2.83196685112 -0.429292553946   2.32948279188 1779097901.69
 0.105853330419 -0.245214613419 -0.121513689573 0.293429226473  1.2643489628 5.28782905365 8.76798432561 -2.81821186135 0.810389712153  2.19005078582 1779097901.71
  0.056172721416    -0.2190526404 -0.0846579229502 0.241467177512 1.34898482356 5.29057875598 8.67940875103 -2.53256854554  1.87053465216  1.74890016273 1779097901.73
0.00725696787577  -0.172392137187 -0.0534266106263 0.180627005925 1.41827890851 5.28273038975 8.59695212902 -2.22380564389  2.44607470409  1.29604143264 1779097901.75
-0.0426670555622  -0.110333841664 -0.0270537674304 0.121350486521 1.46312447081 5.26747330711 8.53333714868 -2.36693430384  3.06795038494  1.14471054661 1779097901.77
 -0.0947965552614  -0.0401133725899 -0.00407089168463 0.10301476452   1.478144119 5.24741822379 8.49894491855 -2.79753493988  3.67179908724  1.16624462993 1779097901.79
-0.149381876482 0.0297306760155 0.0174338223606 0.153306217355 1.46265252064  5.2244462664 8.49983186603 -3.07591048961  3.62663190002  1.20955920988 1779097901.81
-0.205558708124 0.0904800104885 0.0394847912761 0.228035224309 1.42087925939 5.19967406468 8.53647433776 -2.88794642769  2.70055261521  1.19695501343 1779097901.83
 -0.26142387308  0.134502462647 0.0638713976069 0.300853634358 1.36137574136 5.17349760813 8.60350717405 -2.46623043475  1.49573667448   1.1869842669 1779097901.85
-0.314345455919  0.156457757775 0.0918433041956 0.362942541114  1.2956736526 5.14566579797 8.69053544102 -2.33149088809 0.459700973218  1.39925827793 1779097901.87
-0.361449478369  0.154224550489  0.123902366169 0.412047004271  1.2364005123 5.11534533776 8.78389391701  -2.26190166238 -0.714008597651   1.78872394656 1779097901.89
-0.400187408413  0.129360252548  0.159727579892 0.449885470503 1.19516259166 5.08116615884 8.86904637021 -1.87180846495 -1.86699003464  2.06401510635 1779097901.91
 -0.42886897119 0.0869786096817   0.19824482922 0.48041116276  1.1805553734 5.04126807877 8.93319014636 -1.22735919934 -2.47062924393  2.04555545904 1779097901.93
-0.447047535887 0.0350325273194  0.237826142739 0.507582556323  1.1966468676 4.99338990098  8.9675846982 -0.600264191664  -2.32643466828   1.75434707582 1779097901.95
 -0.455671672745 -0.0169002072913   0.276579072292 0.533308797582 1.24220267223 4.93504138183 8.96916550622 -0.227328191445  -2.15898975829   1.71593430088 1779097901.98
 -0.456962911913 -0.0591361508095     0.3126700665 0.556843566616 1.31079784825 4.86377528019  8.9411319616 0.0435521285971  -1.77453591852    1.8140452173 1779097901.99
   -0.4540381398 -0.0834586736376   0.344619435007 0.576089001442 1.39181074571 4.77753902553 8.89238779134  0.182883951178 -0.701192213732   1.62805137296 1779097902.01
 -0.450353099882 -0.0844787175075   0.371511279649 0.589894227122 1.47214256436 4.67504667293 8.83593033024  0.12128588606 0.561090531242  1.18708834827 1779097902.03
 -0.449086945994 -0.0605535520869   0.393079356169 0.599880986512 1.53837869042 4.55608556963 8.78648736702 -0.0511504300865    1.59873399251   0.866615290572 1779097902.05
  -0.45260455569 -0.0141082645721   0.409656531332 0.610629511753 1.57902611764 4.42166900481 8.75784547373 -0.314895581749   2.64015064465  0.699056315348 1779097902.07
-0.462117152526 0.0486944341305  0.422005923241 0.627704078229 1.58644189278 4.27397037039 8.76037064673 -0.657111736959   3.49412418924  0.562834817185 1779097902.1
-0.477614978799  0.118882092247  0.431078667214 0.65427657543 1.55811708348 4.11602237389 8.79917860135 -0.982922957103   3.75415059078  0.430577371432 1779097902.11
-0.498079120305  0.186046646335  0.437759354826 0.688715774057 1.49709296946 3.95122492041 8.87327833172 -1.14526409641    3.130058997 0.299463580612 1779097902.13
-0.521910059043  0.239942566312  0.442660941883 0.725197389907 1.41144143963 3.78276030315 8.97581855685 -1.14709135782  1.99801711117 0.191810145733 1779097902.15
-0.547456812164  0.272053286147  0.446016013903 0.756737891443 1.31291046261 3.61304683407 9.09535457606 -1.19068930734 0.852345740611 0.115935966737 1779097902.17
-0.573507682018  0.276878326041  0.447684939549 0.77845646883 1.21498523795  3.4433600097 9.21786683393  -1.36502725566 -0.505384362001 0.0328414908331 1779097902.19
-0.599618293169  0.252741146635  0.447270978442 0.789602123136 1.13071763884 3.27371170599  9.3291378941   -1.42867464694    -2.0302881265 -0.0916136130581 1779097902.21
-0.626200291926  0.201996910262  0.444306031422 0.793937911251 1.07071195332 3.10301213222 9.41705173646  -1.41177367604  -3.14951443478 -0.227357803586 1779097902.23
-0.654360444328  0.130617325945  0.438455078654 0.798430543589 1.04161719075   2.929464915  9.4734200278  -1.38956167135  -3.62384221263 -0.342332838534 1779097902.25
-0.685545249427  0.047231010674  0.429685789534 0.810452302797 1.04537184519 2.75108481491 9.49504925482  -1.56709200026  -3.96474420392 -0.471862345386 1779097902.27
 -0.721092278952 -0.0382142771123   0.418361657213 0.834542318859 1.07929539972 2.56619849722 9.48391397176  -1.98061192644  -4.23790440789 -0.634950616453 1779097902.29
-0.761805087162 -0.115941743244  0.405238177998 0.870636238368 1.13695260894 2.37379975033 9.44646410618  -2.31640718249  -3.73385900788 -0.722422765482 1779097902.31
-0.807652471857 -0.177742231629  0.391365948336 0.914910991145 1.20956827042 2.17367720181 9.39223966688   -2.5075948113  -2.67151836642 -0.714550687074 1779097902.33
-0.857652954306 -0.218055265054  0.377925886948 0.962260185539 1.28767530014 1.96629995346 9.33207252025 -2.42042095334 -1.34463439088 -0.59930721814 1779097902.35
-0.909954876681 -0.234575044784   0.36603540839 1.00847669751 1.36265803287  1.7525146114  9.2762089093  -2.43352173611 -0.239020539109 -0.497736176691 1779097902.37
-0.962075612993 -0.228311660058  0.356567978316 1.05112150696 1.42790709396 1.53315732122  9.2326827154  -2.60354154482  0.808203268661 -0.411652144798 1779097902.39
 -1.01123113713 -0.203136405023  0.350022378019 1.08920543372 1.47941417932 1.30870440777 9.20620966451  -2.45248230424   1.67869152268 -0.267580844331 1779097902.41
 -1.05467554497 -0.164928238071  0.346464758431 1.12230996507 1.51577409436 1.07907133816 9.19776586888  -2.03560408134    2.1361248535 -0.115605540596 1779097902.43
 -1.08997962141 -0.120499218352  0.345550112916 1.14977411575  1.53769333811 0.843626273916  9.20487828568   -1.46710495881    2.14334993204 0.00362190022506 1779097902.45
  -1.11520410408 -0.0764997433817   0.346614187687 1.17033063687  1.54720025047 0.601422045827   9.2225158977 -0.923132332927   1.94222302765 0.0773196691875 1779097902.47
  -1.12895943739 -0.0384876870565   0.348814982284 1.18224473152 1.54679283113 0.35158413662   9.244357758 -0.382204182241   1.66734277016  0.117912221697 1779097902.49
  -1.13037999131 -0.0102958475882     0.3512960375 1.18375412784  1.53874179256 0.093740104445  9.26415199997 0.259718838788  1.17422894195 0.118839442426 1779097902.51
  -1.11906705887 0.00623728253325   0.353341433863 1.17354171414   1.5246970816 -0.17164494229  9.27688161045  0.924676678771  0.562328959279 0.0837346769567 1779097902.53
 -1.09506338561 0.0111814434312  0.354494154894 1.15106687426   1.50564667598 -0.443141106211   9.27951645444     1.44054738373 -0.00225598757642   0.0304949052143 1779097902.55
  -1.05890847269 0.00614307041321   0.354614929206 1.11672585663   1.48217444358 -0.718488527256   9.27124050988    1.94170509866  -0.407191885198 -0.0145977100217 1779097902.57
   -1.01178999552 -0.00628168663982    0.353868106787 1.07190535572  1.45488619554 -0.99496658196  9.25317141676    2.56635245766  -0.727704883676 -0.0492703487074 1779097902.59
  -0.95576008447 -0.0231052838525   0.352634625588 1.01900067339  1.42483863172 -1.26989615399  9.22770442506    3.08578907258  -0.921758618338 -0.0654497425362 1779097902.61
 -0.893938906476 -0.0414850833883   0.351368479219 0.961409168276  1.39382054372 -1.54113574738  9.19768609133    3.29105426796  -0.946830704029 -0.0579935029067 1779097902.63
 -0.830597666462 -0.0591142982021   0.350429068808 0.903430969167   1.3643914554 -1.80744354789  9.16563760597    2.96911202865  -0.795633125198 -0.0346847925451 1779097902.65
 -0.771012844635 -0.0744255874204   0.349932472456 0.849972181859  1.33966116474 -2.06863085039   9.1332036147    2.60643772626  -0.653998542476 -0.0181752567891 1779097902.67
 -0.721020253002 -0.0866090923301   0.349664961687 0.806000574159 1.32287084291 -2.3255032177 9.10091752498    2.15227507526  -0.534826321929 -0.0214145733143 1779097902.69
 -0.686267383009 -0.0954842820373   0.349089277308 0.775850174086  1.31689079892 -2.57964493934   9.0682777603    1.30248973023  -0.384175542571 -0.0579715125029 1779097902.71
-0.671250057148 -0.101289048381  0.347449778362 0.762599147014  1.32376772848 -2.83312867261   9.0340515094  0.205994973554 -0.231987166498 -0.132821700786 1779097902.73
-0.678301298835 -0.104455516936  0.343952895432 0.767663468777  1.34443215706 -3.08822057302  8.99668380854 -0.876186993194 -0.102192097161 -0.233867673235 1779097902.75
-0.706752068237 -0.105429745509  0.337973750079 0.790468325069  1.37862331856 -3.34711292265  8.95469464303   -1.75478540598 -0.0026279066683  -0.348316551727 1779097902.77
-0.752486441022  -0.10456661407  0.329227497769 0.827985969681  1.42502181587 -3.61167227539  8.90698364634  -2.45795712209 0.0807684891956 -0.488238110593 1779097902.79
-0.808060732912 -0.102100742039  0.317850229379 0.874308571338  1.48152237931 -3.88316324655  8.85301049356  -2.90854485894  0.167669029352 -0.651839084248 1779097902.81
 -0.863453878151 -0.0981696687328   0.304358391014 0.920773540961 1.54554882009 -4.1619104891 8.79285980728  -2.70187812773  0.251511554814 -0.771445103394 1779097902.83
  -0.90738524176 -0.0928548543751   0.289490916939 0.956961332518   1.6143190782 -4.44689573302  8.72722152032  -1.65185410414  0.301336206356 -0.765665566535 1779097902.85
 -0.929005363299 -0.0862115691609   0.273974039946 0.972391471713  1.68500460552 -4.73534142445  8.65732087924 -0.285044260827  0.338367729099 -0.724524475701 1779097902.87
-0.919666673587 -0.078275924824  0.258274017747 0.958446336086  1.75477931808 -5.02238642347  8.58482328244   1.32334457781  0.416048590741 -0.765525199913 1779097902.89
  -0.87444107533 -0.0690570082891   0.242409821408 0.91004317817  1.82080001197 -5.30098905594   8.5117260687  3.32106741846 0.517930134209 -0.84979018283 1779097902.91
 -0.793082523737 -0.0585347580665    0.22588383884 0.826698080322  1.88018744216 -5.56218150786  8.44023816768   5.14654624724  0.592878449737 -0.918273208087 1779097902.93
  -0.68023131995 -0.0466841832601   0.207757919618 0.712781463544  1.93007803179 -5.79574312407  8.37264235366   6.34873522264  0.639287436506 -0.997777685189 1779097902.95
  -0.54480200035 -0.0335340904116   0.186863662818 0.57693308389  1.96779159647 -5.99126981398  8.31113503594  6.54282011156 0.637488003245 -1.06091578704 1779097902.97
 -0.398656177987 -0.0192494117161   0.162100617682 0.43078289004 1.99111855585 -6.1395154467 8.25764499084  6.95033314796 0.702819716831 -1.29683657823 1779097902.99
  -0.254799903882 -0.00420899376066    0.132753259985 0.287339754791  1.99868320697 -6.23379643334  8.21364315717  7.13359991189 0.788657864432 -1.65396126667 1779097903.01
-0.125432231548 0.0109569660976 0.0987522619965 0.160016589973  1.99030134486 -6.27120661937  8.17996652942  6.12739178391 0.773303369885 -1.87877217998 1779097903.03
-0.0201906919253  0.0253997044604  0.0608177160968 0.0689318766488  1.96723233137 -6.25339966993  8.15668582657  4.63414309922 0.698404278144 -2.00991552888 1779097903.05
0.0551105763683  0.038166283276 0.0204474307713 0.0700852212089  1.93223401868 -6.18675994326  8.14304645062  2.79014671423 0.537721214099 -1.89688338695 1779097903.07
 0.0990591455763  0.0483817100573 -0.0202543775318 0.112088108199 1.88936314709  -6.081886878 8.13750563509  1.41707028852  0.41278168956 -1.89335221134 1779097903.09
  0.114483342406    0.05546111394 -0.0588807146154 0.140175994384  1.84351649311 -5.95243976234  8.13787769122 0.224041501058  0.28529443245 -1.90363448181 1779097903.11
 0.107632999407 0.0592996549514 -0.093104647313 0.154174534181  1.79976696253 -5.81350409064  8.14158568179 -0.728059228586  0.129987409511  -1.64121412965 1779097903.13
0.0868944319044 0.0603868272151 -0.121072508853 0.160797274844  1.76260053593 -5.67972519256  8.14600231889  -1.19168468262 0.0129878077284  -1.25074596845 1779097903.15
0.0612990316362 0.0598046347279 -0.141734980686 0.16559882356  1.73519293494 -5.56349456293  8.14884568898   -1.10953541049 -0.0300497536629  -0.788797639906 1779097903.17
0.0390979257287 0.0590923455583 -0.155052290761 0.170475118331  1.71887141148 -5.47346416134  8.14857811509  -0.823463418067 0.00437600368184  -0.482134181862 1779097903.19
0.0266363652407 0.0599888371496 -0.162029818243 0.174819388329  1.71288406911 -5.41360807993  8.14474286899 -0.298407722515  0.130681031406 -0.248787509501 1779097903.21
 0.027682701114 0.0640913895301 -0.164569354456 0.178765518428  1.71454836708 -5.38296080688  8.13816902487   0.442489527492   0.332681924119 -0.0831544124338 1779097903.23
0.0432668155216 0.0724922973552 -0.165155079375 0.185481402692  1.71977900123 -5.37605295927  8.13098459878    1.13878093324   0.549491436328 -0.0477293743876 1779097903.25
0.0719836074227 0.0854677297265 -0.166426124692 0.200459540911  1.72391574288 -5.38395735032  8.12640426675   1.55448417604  0.687604202157 -0.128225553942 1779097903.27
  0.11063885078  0.102293369161 -0.170712431888 0.227700731394  1.72270085534 -5.39576881615  8.12829749389  1.93594688113 0.833635838707  -0.3074421851 1779097903.29
 0.155071434608   0.12124608252 -0.179621064798 0.266479810261   1.7132111877 -5.40028466345  8.14058821741    2.3591532764  0.979942599407 -0.601651224947 1779097903.31
  0.20098213521  0.139820067349 -0.193752540509 0.312223504658  1.69454591868 -5.38763586632  8.16657813455   2.42681727427   0.91853301029 -0.893705488931 1779097903.33
 0.244629197941  0.155143056479 -0.212601819269 0.35932206447  1.66811252498 -5.35064058012  8.20831223301  2.12696204202 0.638469092803 -1.05699515822 1779097903.35
0.283302379323 0.164530866386  -0.2346616389 0.402984775017 1.63743462808  -5.285702866 8.26610993797  1.65270100103 0.254832395424 -1.05115274104 1779097903.37
 0.315544397354  0.166077575262 -0.257705383796 0.439956921236   1.6075083169 -5.19314985627  8.33836434246   1.37481564172 -0.127780833446  -1.05851954037 1779097903.39
 0.341138785638  0.159155320765 -0.279191948544 0.468672840397  1.58383338107 -5.07697999376  8.42166653402   1.18247747389 -0.557093631076  -1.01659435178 1779097903.41
 0.360917906189  0.144701021923 -0.296713697968 0.48912078193  1.57131740765 -4.94407541384  8.51124914017  0.943945705977 -0.907374733708 -0.780655421997 1779097903.43
 0.376461941598  0.125200678003 -0.308404659665 0.502505957524   1.5732762579 -4.80300544002  8.60167604384  0.748137808309  -1.04686378648 -0.428642134947 1779097903.45
 0.389760862736   0.10434128289 -0.313239137981 0.510802692827 1.59072925116 -4.6626066951 8.68765060288   0.610520075905  -0.896577623378 -0.0640106454111 1779097903.47
 0.402900610323 0.0863742418121 -0.311176650817 0.516352902055  1.62212005188 -4.53055868057  8.76478817861  0.662807398243 -0.685964208091  0.238575235873 1779097903.49
 0.417816569399 0.0753053809766 -0.303140583178 0.521666367746  1.66350307392 -4.41217389676  8.83020873408   0.87270540063 -0.322914020002   0.53379741293 1779097903.51
 0.436136124906 0.0740766055041  -0.29084787585 0.529428512471  1.70914234095 -4.30958614951  8.88284914323  1.11044274352 0.231599244828  0.71558831908 1779097903.53
 0.459111243643 0.0839179955633 -0.276529587967 0.542488688399   1.7523954158 -4.22145439147  8.92345949868  1.33734413361 0.777742920561 0.733854608426 1779097903.55
 0.487624287277  0.104019948261 -0.262594246672 0.563518707376  1.78671303102 -4.14321356809  8.95431407044  1.44681794533  1.09301312442 0.578533998025 1779097903.57
  0.52223746855  0.131607335152 -0.251287526661 0.594304539171  1.80658020166 -4.06781375323  8.97871778024 1.73312973427 1.33806775217  0.4170683745 1779097903.59
 0.563250041625    0.1624070275 -0.244395314524 0.635102922158  1.80825269297 -3.98681067223  9.00041269955  2.31542389826  1.56475363431 0.216167661871 1779097903.61
 0.610728940667  0.191409496089 -0.243025974797 0.68460869012  1.79019322237 -3.89161884132  9.02298592993     2.7747751173    1.40745486447 -0.0849492301681 1779097903.63
 0.664488914862  0.213758628473 -0.247494724019 0.740602395108  1.75317177742 -3.77472221577  9.04935858227   2.94369823991  0.887885017755 -0.371430470033 1779097903.65
0.724015911544 0.225579372194 -0.25732031797 0.800811363161  1.70005197833 -3.63065797899  9.08140738537   2.93081080869  0.255972393973 -0.564053129626 1779097903.67
0.788348272865 0.224576309467 -0.27133224308 0.863451622407  1.63533115293 -3.45664025382  9.11974572409     3.116068223 -0.360882486413 -0.721658212727 1779097903.69
 0.855948136607  0.210299851332 -0.287874839543 0.927224440615  1.56452934465 -3.25275950473  9.16367394933   3.48109756012  -1.03508391605 -0.862263042067 1779097903.71
 0.924605022432  0.184061165179 -0.305082851144 0.99088269038  1.49352884353 -3.02176598534   9.2112978746   3.60630493176  -1.64367348322 -0.886941785931 1779097903.73
  0.99141293711  0.148558011774 -0.321191321194 1.05267894419  1.42795231587 -2.76850968226  9.25980433412   3.32585638224   -1.9898752331 -0.771523164516 1779097903.75
  1.05285292908  0.107329850353 -0.334833453517 1.1100146074  1.37264034405 -2.49915636638  9.30586885807   2.67338230713  -1.98596992021 -0.566866758038 1779097903.77
  1.1049979548 0.064179347368 -0.34527600619 1.15946323322 1.33125793734 -2.2203240489   9.346151834   2.13724378558  -1.98845479298 -0.416064808376 1779097903.79
  1.14383869832 0.0226782583545 -0.352545975083 1.19715075731   1.3060344569 -1.93828298617  9.37781957665   1.55225699416  -2.00326065013 -0.310407475911 1779097903.81
   1.16570886145 -0.0141709327619  -0.357416469634 1.2193541314  1.29762888282 -1.65833539222  9.39901261763  0.634025915908  -1.76946045876 -0.230445003809 1779097903.83
   1.16776743606 -0.0441028529432  -0.361243187485 1.22316085894  1.30511280034 -1.38444390156  9.40918270599 -0.447413535165  -1.33575395165 -0.214344291289 1779097903.85
   1.14847583508 -0.0656201654348  -0.365672368335 1.20707043326  1.32607155865 -1.11912240361  9.40923642946  -1.39080149513 -0.787496143575 -0.256582483233 1779097903.87
   1.10799350219 -0.0779479002572  -0.372270601849 1.1714567329    1.3568314986 -0.863553690911   9.40145483276  -2.36587684539 -0.362966712716 -0.389566017047 1779097903.89
   1.04841168743 -0.0809717484234  -0.382148962003 1.11882139752   1.39282025909 -0.617866908348   9.38919694782   -3.4771492467 0.0712047892417   -0.6058978579 1779097903.91
 0.973755756278 -0.075198990237 -0.395661706724 1.053756778    1.4290537043 -0.381497921662   9.37643057378  -4.17386907848  0.505606108555 -0.791655700151 1779097903.93
  0.889713659991 -0.0617476926178     -0.412249139 0.982523550316   1.46071776429 -0.153563217582   9.36715833326  -4.45711940199  0.858178994775 -0.908950071121 1779097903.95
   0.80309042296 -0.0423388868876  -0.430465860005 0.912166468043   1.48378246516 0.0668058952253   9.36481884801  -4.03963427535   1.01782482163 -0.860893780633 1779097903.97
  0.721039851438 -0.0192486995401  -0.448195519995 0.849204453556  1.49555845452 0.280205250435  9.37174434656  -3.60167798775   1.11078684437 -0.766554795328 1779097903.99
  0.650175324448 0.00482137572033  -0.463011190942 0.798204586007  1.49509413333 0.486799000144   9.3887507076  -3.18278521256   1.17384697656 -0.619898220813 1779097904.01
 0.595699259176 0.0269783203311 -0.472607600908 0.760883290385 1.48332210049  0.6862725331 9.41492495444  -2.38760891741    1.0579479665 -0.325701710941 1779097904.03
 0.560703973782 0.0444660733118 -0.475216276867 0.736340062533 1.46289923622 0.87789929104 9.44765639472   -1.2987072933  0.730153118502 0.0698994044053 1779097904.05
 0.545777893899 0.0550448759941 -0.469920718561 0.722308057255 1.43774047828 1.06071091354 9.48292800065 -0.272491800205  0.300010083238  0.428475282027 1779097904.07
 0.549000734012 0.0573511947538 -0.456813708579 0.716498241332 1.41231076129 1.23374464586 9.51584444002   0.482989195757 -0.0913118573991   0.773910195717 1779097904.09
 0.566338683935 0.0511577415731 -0.436975457713 0.717150033178 1.39079718748 1.39632595877 9.54132831168    1.1252919652 -0.515991829851   1.15519997375 1779097904.11
 0.592372041507 0.0374636979891 -0.412289678524 0.72269699269 1.37631852322 1.54833225279 9.55487752532   1.47303514367 -0.879851819486   1.39108706873 1779097904.13
  0.62122194801 0.0183756725485 -0.385145466235 0.731157578222  1.3703301939 1.69038026132 9.55325634333  1.45082332316 -1.07048325188   1.4262614875 1779097904.15
   0.647505558171 -0.00321631126105   -0.358089549375 0.739933725337 1.37234720388 1.82388874791  9.5349981795  1.10239624752 -1.01998099771  1.23982646779 1779097904.17
  0.667148116143 -0.0241170508248  -0.333493912681 0.746248236721 1.38004226334 1.95098974012 9.50062996175  0.712572404759 -0.894070268719   1.04977709066 1779097904.19
  0.677914598592 -0.0413707763495  -0.313290292809 0.747950901923 1.38969780848 2.07429276197 9.45257821004  0.312514029097 -0.720003807307  0.871881976562 1779097904.21
  0.679583246351 -0.0527664561651  -0.298801179251 0.744244470815 1.39691799226 2.19654104161 9.39477413487 -0.111571242657 -0.424594707465  0.606491740821 1779097904.23
  0.673753989808 -0.0572043587972  -0.290673579003 0.736008088935 1.39745685762 2.32022803226 9.33202715407 -0.441750073453 -0.056786782837   0.26937662226 1779097904.25
  0.663351108356 -0.0548530905557   -0.28890291603 0.725609019646 1.38800130748 2.44725797527 9.26927422401  -0.535640743704   0.248719334743 -0.0552186110626 1779097904.27
  0.651928658506 -0.0470699880539  -0.292923528236 0.71626165118 1.36676313134 2.57872917287 9.21083097558 -0.460024798712  0.421938043062 -0.288910988038 1779097904.29
  0.642911540441 -0.0361057723434  -0.301739649566 0.711115807552 1.33377725742  2.7148918899 9.15976802457 -0.316090806809  0.543918915119 -0.513262697147 1779097904.31
 0.638903104076 -0.024656032058  -0.31407419461 0.712353631306 1.29086336112 2.85528992609 9.11751327588 -0.0437100265614   0.519888296219  -0.670724892411 1779097904.33
  0.641166413329 -0.0153491809498  -0.328518406908 0.720593027037 1.24127287623 2.99904709495 9.08374247478  0.283755644476  0.390815685286 -0.803942844677 1779097904.35
  0.649349141797 -0.0102687397878  -0.343670142548 0.734757730036 1.18910107439 3.14522037202 9.05657157233  0.536179113359   0.12543058644 -0.784754856207 1779097904.37
  0.661480810922 -0.0105969503243    -0.3582506769 0.75233815939 1.13858358111 3.29312148603 9.03301289223  0.562666617504 -0.139548229287 -0.622284449592 1779097904.39
  0.674232657841 -0.0164401572746  -0.371190213233 0.769832533783 1.09341158839  3.4425143351 9.00961069325  0.528969990619 -0.392504153414 -0.565299203639 1779097904.41
  0.683398053638 -0.0268598933073  -0.381673177368 0.783216935406 1.05618856657  3.5936266755 8.98313879346  0.274386909693 -0.630574654935 -0.478465318081 1779097904.43
  0.684525477153 -0.0400943140748  -0.389138434857 0.788423366203  1.0281175079 3.74696451104 8.95123054419 -0.257576621718 -0.712566912825 -0.304526888893 1779097904.45
   0.67361650125 -0.0539198436291  -0.393237680766 0.78185830805 1.00895984574  3.9029742432   8.912823521 -0.908155879831 -0.642366019956 -0.114393228527 1779097904.47
  0.647789401906 -0.0660788470928  -0.393765788315 0.760952705037 0.997255245074  4.06164514225  8.86833694791  -1.58359538437 -0.485062835352 0.0619254113102 1779097904.49
  0.605807738737 -0.0746899916927  -0.390586065619 0.724664809293 0.990745133854  4.22216810804  8.81955299173  -2.40535490971 -0.302137967904  0.246550811783 1779097904.51
  0.548385594285 -0.0785650146498  -0.383576818128 0.67381777726 0.986909728647  4.38275734731  8.76923321547   -3.41453111746 -0.0719076109655   0.480754094044 1779097904.53
  0.478208453416 -0.0773771424178  -0.372620530468 0.611160050079 0.983512840816  4.54070109782   8.7205557778 -4.07502070976 0.189239824788 0.710508511946 1779097904.55
   0.39964937477 -0.0716578556129  -0.357643612501 0.54107617263 0.979051950118   4.6926476534  8.67649491868 -4.01867074986 0.370312636217 0.852059881612 1779097904.57
  0.318209114822 -0.0626335168372  -0.338696622293 0.4689300589 0.973031132061  4.83507127738  8.63927323839  -3.6363058527 0.448332467704 0.945979665545 1779097904.59
    0.2397580127 -0.0519443079013  -0.316048107794 0.400085643603 0.966007943009  4.96481618776  8.60999736083 -3.52091302768 0.505568678552  1.14842826147 1779097904.61
   0.16969678734 -0.0413085989642   -0.29025584778 0.338750434911 0.959407734042  5.07959694991  8.58854431795 -3.39771915775 0.525750439871  1.43453484791 1779097904.63
  0.112173751647 -0.0322023933243  -0.262181363655 0.286982599024 0.955144130091  5.17834360468  8.57371026977 -2.74955188909 0.430610490429  1.57304798825 1779097904.65
  0.069491603676 -0.0256153496561  -0.232927392477 0.244418492111 0.955124792208  5.26131557934  8.56357748879 -1.77048404406 0.258591571541  1.47145169078 1779097904.67
 0.0418073882028 -0.0219248940338  -0.203699783541 0.209098446913 0.960748220752  5.32996052468  8.55601094828 -0.959406355171  0.106844761829   1.29944458482 1779097904.69
 0.0271792229856 -0.0209032105162  -0.175618418378 0.178934298684 0.972502766659  5.38655050714  8.54917060089  -0.468794773152 0.00190147099005    1.27923123657 1779097904.71
 0.0219520042652 -0.0218443589282  -0.149519086993 0.152692579661 0.98976007279 5.43367563217 8.54192446879   -0.15353433891 -0.0764895330381     1.3266880839 1779097904.73
 0.0214132074568 -0.0237757915845   -0.12579435851 0.129799978244 1.01081485648  5.4737031267   8.534071748 -0.0359137046649  -0.102620772401    1.20187179045 1779097904.75
 0.0206012193928 -0.0257041274549  -0.104314331645 0.109391920155 1.03316987852 5.50831182179 8.52632959524  -0.15793175219 -0.076962511639   1.03796149917 1779097904.77
 0.0151223764063 -0.0268414079107 -0.0844496615912 0.0898937861572 1.05401098276 5.53818870514 8.52009207159  -0.435694550136 -0.0246390520063   0.908208019449 1779097904.79
0.00183436689211 -0.0267654155858 -0.0651947100304 0.0704989545265 1.07077419281 5.56293389696 8.51702185526  -0.84100655388 0.0318499397846  0.917136992172 1779097904.81
-0.0207178668061 -0.0254840943643 -0.0453650519567 0.0560058658499 1.08168425426 5.58117524057 8.51857272078   -1.4036446674 0.0875645363585   1.07502021982 1779097904.83
-0.0521786101533 -0.0233958866715 -0.0238273726943 0.061949322516 1.08614650168 5.59085502263 8.52555548641 -1.87251940118 0.115904962508  1.22363530147 1779097904.85
 -0.0905759930504   -0.021160025146 0.000285139605082 0.0930152594247 1.08490139428 5.58962591863 8.53784964818 -2.07952610239 0.100284980479  1.32194213464 1779097904.87
  -0.13278291449 -0.0195087505217  0.0274122948497 0.136979296378 1.07989882086 5.57528264152 8.55432986684  -1.99834843773 0.0500064080316    1.3516329573 1779097904.89
 -0.175147077893 -0.0190437294608  0.0574869085005 0.185321092095 1.07390857321 5.54615794943 8.57302795818   -1.93768264316 -0.0131321498375    1.48878657844 1779097904.91
   -0.2141675406 -0.0200603140651  0.0899428333109 0.233152021031 1.06994213948 5.50142333078 8.59149788564   -1.89352328365 -0.0892892022551    1.74531394268 1779097904.93
 -0.247093490253 -0.0224363667842   0.123801950782 0.277282358792 1.07060559553 5.44125275431 8.60730613432   -1.5823054849 -0.150924500674   1.84618310221 1779097904.95
 -0.272342289476 -0.0256091761589   0.157819257538 0.315805431541 1.07752229848 5.36682997997 8.61854367895  -1.07531054802 -0.156848559439   1.68841303633 1779097904.97
 -0.289673368194 -0.0286472167832   0.190659307602 0.347968813036 1.09095182474 5.28020393845  8.6242538796 -0.633854131383 -0.109521347351   1.44427619625 1779097904.99
 -0.300104266959 -0.0304060671603   0.221076655817 0.373981266529 1.10969105247 5.18401982539 8.62469124817  -0.374288815585 -0.0257293315139    1.34889856091 1779097905.01
 -0.305605190282 -0.0297424008097   0.248075962851 0.394741467391 1.13128459097 5.08117215073 8.62136199539 -0.225950841634  0.123155901556   1.32101178661 1779097905.03
 -0.308648888628 -0.0257487683538   0.271032415464 0.41156494719 1.15250835708 4.97443642579 8.61683969549 -0.163484504453  0.315073196086   1.11524541761 1779097905.05
 -0.311715536204 -0.0179663231615    0.28975902824 0.425969081889  1.1700347102 4.86613654413 8.61439035125 -0.208318469773  0.487898254192  0.850135976192 1779097905.07
  -0.316853230294 -0.00653355435998    0.304513873055 0.439508083843 1.18114999824 4.75789598389 8.61747430751 -0.318298179077  0.599583203951  0.610279844617 1779097905.09
 -0.325374349695 0.00776299511075   0.315947360824 0.453598353551 1.18438206843 4.65050565978 8.62921274002 -0.487557034172  0.702636862295  0.478334540096 1779097905.11
-0.337731573616 0.0235550150038  0.324997287406 0.469298083706 1.17990911279 4.54392296214 8.65191007948 -0.744268286261   0.82638183299  0.443389774581 1779097905.13
-0.353573756139 0.0390735824581  0.332746851945 0.4870950763  1.1696606824   4.437397535 8.68670977702 -0.926614351734  0.781809942157   0.41359775122 1779097905.15
-0.371941578179 0.0524189341076  0.340267049773 0.506823388758 1.15708031473 4.32970082793 8.73343265761 -0.965197865719  0.579630279266  0.399720733776 1779097905.17
-0.39153568401 0.061870859198 0.348468156564 0.527786179442 1.14658585231 4.21941983826 8.79061191916 -0.906802481815  0.319599257823  0.411514886307 1779097905.19
 -0.41098228161 0.0661786889512  0.357984061973 0.549034282441 1.14282445338 4.10526365433 8.85570476508 -0.879231919303 0.0679892865769  0.483933669614 1779097905.21
-0.429034073116 0.0647705363675  0.369107458489 0.569654082921 1.14986130391 3.98632825865 8.92543387418 -0.886226132192 -0.219419501798  0.626054539674 1779097905.23
-0.444673125908 0.0578372194294  0.381784201974 0.588929970143 1.17045478738 3.86227314262 8.99619568518 -0.757372328881 -0.498823665378  0.716182787704 1779097905.25
-0.457117657144 0.0462740112273   0.39566372247 0.606339523589 1.20555334442 3.73338197766 9.06446801293 -0.540084578871 -0.674471248863  0.727385737763 1779097905.27
-0.465765930486 0.0314959928844   0.41019198442 0.621439750621 1.25410457495   3.600504726 9.12715661715  -0.30166569843 -0.721130531017  0.673840430133 1779097905.29
-0.470128546796 0.0151715364921  0.424726567617 0.633753645569 1.31320535722 3.46490385222 9.18183717684 -0.0918540322449  -0.741300467505   0.647924553467 1779097905.31
  -0.469800491764 -0.00106460449437    0.438651173969 0.642750719851 1.37855626176 3.32804621552 9.22687217772  0.145293004838 -0.801909244688  0.691152983464 1779097905.33
 -0.464506766291 -0.0158565075913   0.451469151496 0.647952436152 1.44512798317  3.1913899201 9.26140711636 0.432063072757 -0.75509549626 0.671621857772 1779097905.35
 -0.454225716015 -0.0282838781716   0.462861435115 0.649123784012 1.50791299907 3.05621013926 9.28527272585  0.659493375224 -0.578399052975  0.556883640647 1779097905.37
 -0.439361354906 -0.0379099241652   0.472702220339 0.646469606128 1.56262836747 2.92349183682 9.29883535224  0.778796914923 -0.384419654498  0.424814645781 1779097905.39
  -0.42091014412 -0.0447286796234   0.481034263746 0.640749535389  1.6062552836  2.7938957632 9.30284244433  0.881685433244 -0.252963821146   0.34789342688 1779097905.41
 -0.400556974583 -0.0490432648711   0.488013564203 0.633252217179 1.63734130736  2.6677836999 9.29830267666   1.02600790311 -0.167896684459  0.326268468537 1779097905.43
 -0.380643353508 -0.0513179667206   0.493839022916 0.625619594348  1.6560414282 2.54527510856 9.28642243049    1.00022033722 -0.0820739583578   0.291801395801 1779097905.45
 -0.363976698421 -0.0520448915634   0.498685388446 0.619576326517 1.66392277241 2.42630295563 9.26859762649    0.710817843862 -0.00876432350952    0.230804000318 1779097905.47
 -0.353487300804 -0.0516527985389   0.502656648488 0.61667251414 1.66359526195 2.31064165629 9.24643894826   0.28044966312 0.0362785406976  0.162947860997 1779097905.49
 -0.351779961358 -0.0504671402587   0.505771980005 0.618143485946 1.65825120807 2.19789278256 9.22179480951 -0.164413535897 0.0673846357858  0.122202026382 1779097905.51
 -0.360660487624 -0.0487128789106    0.50798819227 0.624900740431 1.65119909001  2.0874308429 9.19673321805 -0.760491744319  0.103130123678 0.0914268904147 1779097905.53
 -0.380734392687 -0.0465406359852   0.509252903552 0.637544687335 1.64546258419 1.97832765732 9.17345217818  -1.37481398002  0.126788802152 0.0431551079538 1779097905.55
 -0.411170914311 -0.0440546803552   0.509573703436 0.656252767514 1.64348994564 1.86928535954 9.15410773151    -1.80062074526    0.136115308892 -0.00444507656249 1779097905.57
  -0.44969952245 -0.0413273172088   0.509082653774 0.680516536179 1.64698762136 1.75861177684 9.14057580174   -1.92412423342   0.133306876267 -0.0353088483053 1779097905.59
  -0.49286319773 -0.0383948882645    0.50807460042 0.708892162965 1.65686288858  1.6442665889 9.13419205543   -2.00478437137   0.140564445875 -0.0480377617212 1779097905.61
  -0.53650173235 -0.0352412240062   0.507002737383 0.739004620011 1.67324043208 1.52399287873  9.1355339611    -2.1379162419    0.16928275327 -0.0422233452805 1779097905.63
  -0.57638982306 -0.0317811506306   0.506424969123 0.767920255635 1.69551234374 1.39552892777 9.14431232984   -1.94815201251   0.198628523543 -0.0025607425094 1779097905.65
 -0.608919057507 -0.0278577414635   0.506907548649 0.792788581673 1.72239166384 1.25687356496 9.15942096098  -1.44520489534  0.222584204617 0.0647991569215 1779097905.67
 -0.631697809553 -0.0232628538671   0.508904832641 0.811521664313 1.75196278601 1.10656052301 9.17915457017 -0.831458289466  0.239106847387  0.136104354207 1779097905.69
 -0.643952354489 -0.0177830314017   0.512642273195 0.823281829827  1.7817491499 0.94388859593 9.20155658334 -0.345384546522  0.277242117708  0.210884238369 1779097905.71
 -0.646645272323 -0.0112644414472    0.51803142598 0.828633546365  1.80883805803 0.769058592236  9.22481480789 0.0428235868902   0.36058567917  0.306830412887 1779097905.73
  -0.642277853066 -0.00368329626478    0.524640052928 0.829325986779   1.8301038749 0.583185191574  9.24760031173  0.33028075259 0.433273835278 0.369515628165 1779097905.75
 -0.634402461661 0.00479610549117     0.5317285907 0.827783051384  1.84254977442 0.388177747758  9.26925359379 0.401306667001 0.456901820022 0.358398441103 1779097905.77
-0.626927406905 0.0137937290769  0.538349209607 0.826467247975   1.8437486072 0.186511833767  9.28976267898 0.255764755802 0.414624534697 0.271897721064 1779097905.79
-0.623339760801 0.0227300353722  0.543489097511 0.827314638465    1.83231752863 -0.0190645282901    9.30953898231 0.021494385371  0.39289240637 0.181078550929 1779097905.81
-0.625992048688 0.0308909911979  0.546229095804 0.831376282715    1.8083253939 -0.225834809373   9.32905931125 -0.317706590384  0.383927267536 0.0621299490498 1779097905.83
-0.635591862937 0.0375358852877  0.545885089614 0.838675437806   1.77352171244 -0.431374541267   9.34848555149 -0.668320986462  0.297728232203 -0.110252478264 1779097905.85
-0.650999208936 0.0420313530358   0.54210368085 0.848199861745   1.73129868885 -0.633727747051   9.36738306602 -0.881508980007    0.1683072445 -0.286730442921 1779097905.87
-0.669380171008 0.0439871151184  0.534894689336 0.857972615131   1.6863499388 -0.83147853414  9.38463158898 -0.853535185805 0.0319006889989 -0.418550966016 1779097905.89
-0.686697755449 0.0433655783249  0.524598062596 0.865238411077  1.64405699584 -1.02371984645  9.39856720436  -0.688909683439 -0.0816869474893  -0.547262990798 1779097905.91
-0.698455177098 0.0405395681426  0.511797794093 0.866844895606   1.6096987368 -1.20994248631  9.40732797011 -0.353810511731 -0.180884425264 -0.699278906678 1779097905.93
-0.700556944444 0.0362801149123   0.49720645549 0.859831691977  1.58762210063 -1.38988356977  9.40931840565  0.219186884187 -0.233527480729 -0.796304763638 1779097905.95
-0.690128821773 0.0316684498278  0.481548190274 0.842121927581  1.58052476384 -1.56338155377  9.40367506296  0.894317541529 -0.216710456665 -0.824882252067 1779097905.97
  -0.6661433534 0.0279410354644  0.465464753954 0.813132895605  1.58898049035 -1.73028228035  9.39061393519   1.44183580192 -0.128388348389 -0.766030348435 1779097905.99
-0.629731486947 0.0262903658219  0.449459798947 0.774123400923  1.61129207028 -1.89042583756  9.37156807498     1.94191742439 -0.00679474002659    -0.74764528665 1779097906.01
-0.584116484045 0.0276540246752  0.433884110266 0.728156736668  1.64369636892 -2.04371908733  9.34907090998  2.43328131951 0.158828834922 -0.77683309491 1779097906.03
-0.534173813363  0.032527751463  0.418952696164 0.679647761065 1.68088421015 -2.1902692562 9.32639508543   2.59103040213  0.346967984622 -0.766214060033 1779097906.05
-0.485687939501 0.0408347089704  0.404777028127 0.633565064167  1.71674687661 -2.33052928785  9.30700716725   2.35197212066  0.507038550767 -0.722246803668 1779097906.07
-0.444431327787 0.0518744518038  0.391394451408 0.594474373259  1.74522965849 -2.46539525886  9.29393704254   1.67339174267   0.55876210927 -0.617322866406 1779097906.09
-0.415222267583 0.0643638961106  0.378781877403 0.565710131841  1.76116459119 -2.59620544597   9.2891818614  0.992833011558  0.566134361551 -0.562643155616 1779097906.11
-0.401120765822 0.0765710493796  0.366850151439 0.548944467125  1.76096733806 -2.72461771852  9.29326427855  0.310536549917  0.558475000401 -0.588437427829 1779097906.13
-0.402896326043 0.0865311102698  0.355425382533 0.544187729678  1.74311128885 -2.85237791319  9.30504196383 -0.476459473843  0.423239038281 -0.607757644878 1779097906.15
-0.418853792843 0.0923233005447   0.34423042546 0.549960614421  1.70832808595 -2.98102445778  9.32182143834  -1.09219522535  0.151441379173 -0.584212587751 1779097906.17
-0.445042787961 0.0923750456506  0.332881341861 0.563388160982  1.65952125061 -3.11159315337  9.33977051978  -1.36288455987   -0.1573014343 -0.558003023885 1779097906.19
-0.475812974426 0.0857491847146  0.320909744826 0.580287836884  1.60141325459 -3.24438574321   9.3545613136  -1.40589279653 -0.472218116877 -0.591519355481 1779097906.21
-0.504621640856 0.0723634104896  0.307813964923 0.595507263264  1.53997309115 -3.37884857664  9.36212421868  -1.21065932863 -0.804396825931  -0.68423462644 1779097906.23
-0.524960910581  0.053093884492  0.293132550251 0.603597225163  1.48169012009 -3.51358042398  9.35936642974 -0.695645224743   -1.1135138227 -0.817204286721 1779097906.25
-0.531255922813 0.0297301255014  0.276525531372 0.599652487185  1.43277187378 -3.64646032272  9.34471395444  0.140402865058    -1.264411267 -0.923417128582 1779097906.27
 -0.519595459526 0.00477480806847   0.257844456914 0.580074136911  1.39835112242 -3.77486478509  9.31837359414   1.05624265973  -1.19238226963 -0.965186577279 1779097906.29
 -0.488190586232 -0.0188859224321   0.237172751563 0.543081615078  1.38179250135 -3.89593269973  9.28227142733  1.94045279495 -1.02030833636 -1.01696457341 1779097906.31
-0.437507856727 -0.038387625805  0.214823475327 0.488912937101  1.38419000261 -4.00683566117  9.23969226617   2.93469251123 -0.805347815395  -1.14003850339 1779097906.33
 -0.370080922587 -0.0512979585244   0.191290750753 0.41974220795   1.4041387117 -4.10501809663  9.19470427565   3.88985638387 -0.463634103932  -1.25734682086 1779097906.35
 -0.290056444959 -0.0559624399941   0.167161673573 0.339422393286  1.43784124988 -4.18838132007  9.15149119607    4.31031519614 -0.0111670696417   -1.24245161406 1779097906.37
  -0.20256733069 -0.0517319490475   0.143004831241 0.253298440132  1.47956821502 -4.25539562325  9.11372387534  4.22503525711 0.403807508436 -1.14339811921 1779097906.39
 -0.113042917663 -0.0390443820213   0.119257473521 0.168894967337  1.52243541617 -4.30513409867   9.0840829137  4.13109480713 0.759799930512 -1.10010395397 1779097906.41
-0.0265613685712 -0.0193605501735  0.0961347244321 0.101598338791  1.55939885192 -4.33723206354    9.064002216  4.14516650523  1.10231899618 -1.14254868149 1779097906.43
 0.0526716739425 0.00502389413634  0.0735809034956 0.090629432898  1.58431619312 -4.35178735548  9.05365132168 3.87139988441 1.32203299469 -1.1716281049 1779097906.45
  0.12166539502 0.0312569726903 0.0512758497855 0.135678588798  1.59289655076 -4.34922805562  9.05212594777  3.31135669935  1.34536094614 -1.17841760633 1779097906.47
 0.178788587723  0.056263547805 0.0286994832354 0.189616998841  1.58336913797 -4.33018201604  9.05778162774  2.53821232316  1.14006801034 -1.14467114288 1779097906.49
  0.223729960201  0.0771004762819 0.00524724870742 0.236700469272  1.55674733574 -4.29538316682   9.0686294963  1.83612861645 0.819368173601 -1.12988963826 1779097906.51
  0.257311761577  0.0913043336028 -0.0196209447056 0.273734918218 1.51663840766 -4.2456408253 9.08271558341  1.39460116871  0.48771276504 -1.24881512961 1779097906.53
  0.281209697778  0.0972019951794 -0.0462237865553 0.301104235166  1.46863370195 -4.18188096054  9.09842137084   1.03473603736 0.0730296268091  -1.40882760961 1779097906.55
  0.297636158423  0.0941503499264 -0.0745239552956 0.320944529638  1.41939030404 -4.10524653804  9.11464814212  0.724395612838 -0.378369454297  -1.50523668631 1779097906.57
  0.30903680462 0.0826672201974 -0.104046309704 0.336397459069  1.37556675244 -4.01722386706  9.13087457711 0.514609585004 -0.75752354896  -1.5120615712 1779097906.59
 0.317835022401 0.0644169062215 -0.133873658242 0.350842978614   1.3427938087 -3.91974987977  9.14710020491  0.399726220944 -0.944359675501  -1.36367362293 1779097906.61
 0.326239320583 0.0420259974281  -0.16273302085 0.366988167152  1.32484604964 -3.81525599563  9.16370264352 0.434670674878 -1.08659036266 -1.31510781168 1779097906.64
 0.336111112433 0.0187303107277 -0.189168459933 0.386142733551  1.32313802571 -3.70661783815  9.18124320634 0.590794369258 -1.15177171865 -1.27983748059 1779097906.65
   0.348879162371 -0.00211106758654   -0.211777696262 0.40813100737  1.33661059301 -3.59700183971  9.20025594076  0.761466443477 -0.940834393518  -1.04484677413 1779097906.67
   0.36548444869 -0.0175620896002  -0.229473106181 0.431908804825  1.36200966122 -3.48962213114  9.22105322582  0.940179948497 -0.589884687669 -0.751338000353 1779097906.69
  0.386344433465 -0.0256174078071  -0.241717796464 0.456449083666  1.39449977781 -3.38743754167  9.24357880598   1.07896977515 -0.188365023496  -0.45215559654 1779097906.71
  0.411335539785 -0.0255667084971  -0.248687571612 0.481348201563   1.4285053384 -3.29282656516   9.2673356171   1.27088090743  0.177964984073 -0.228292702707 1779097906.74
  0.439802706308 -0.0181314973497  -0.251320689637 0.506870062946  1.45863846697 -3.20727946201  9.29140808994    1.55755200902   0.531638763654 -0.0670018582194 1779097906.76
   0.470611063634 -0.00533421158418   -0.251237451309 0.533501156482 1.48055986285 -3.1311446069 9.31458473677    1.6508682244  0.740547507336 0.0207274630887 1779097906.77
  0.502254059244 0.00988296986438  -0.250536582163 0.561360305083  1.49163053215 -3.06346300367  9.33556760838     1.60644958434    0.760604169092 -0.00674548873577 1779097906.79
 0.533023655942 0.0242162196126 -0.251499522053 0.589875116172   1.4912481592 -3.00192051315  9.35323454735   1.39429846483  0.584844860957 -0.135112959442 1779097906.81
 0.561232864627 0.0346218992281 -0.256251858441 0.617936905516  1.48081719875 -2.94293997008  9.36690340267   1.21895859835  0.340761620591 -0.347283139922 1779097906.84
 0.585462685781 0.0388756254483 -0.266439480606 0.644412808316 1.46336752601 -2.8819230023 9.37653942449   1.14198037081 0.0350241341296 -0.700601125281 1779097906.86
  0.60479024095 0.0359577885566 -0.282974162647 0.668684211592  1.44290073616 -2.81363348942  9.38285120626  0.907742763244 -0.343761241072  -1.06944350167 1779097906.87
 0.618948477774 0.0261945908205 -0.305890263466 0.690906815722  1.42359344569 -2.73269312394  9.38723775485  0.607850984701 -0.639722876486  -1.32373576948 1779097906.89
 0.628374425084 0.0111369977823 -0.334334165208 0.711869218919  1.40901282971 -2.63413842664  9.39157761809 0.352149071347 -0.76537688907 -1.41085570868 1779097906.91
   0.634122870131 -0.00678612717774   -0.366685193296 0.732540713495  1.40149518921 -2.51397240384  9.39788535734  0.215905622018 -0.835475612973  -1.54652667182 1779097906.94
  0.637651465352 -0.0247617473839  -0.400785376976 0.753552555431  1.40180348302 -2.36963664501  9.40789343364  0.165732745587 -0.864644667789  -1.75171297452 1779097906.96
  0.640514261249 -0.0401306676926  -0.434239029484 0.774875812037  1.40912053342 -2.20033351861  9.42264065709  0.168080104989 -0.688394967931   -1.6864193051 1779097906.97
  0.644025022552 -0.0508655191812  -0.464733991863 0.795822350721  1.42136262764 -2.00714426572  9.44215529296  0.219647152581 -0.410060587926  -1.45848092687 1779097906.99
  0.648962365618 -0.0559024844625  -0.490335359194 0.815295041217  1.43572909469 -1.79291646824   9.4653086192  0.267060294113 -0.103641597411  -1.05757521696 1779097907.01
  0.655382221425 -0.0552730565773  -0.509709199061 0.832096409408  1.44935373703 -1.56193032133  9.48988432223  0.314969614712   0.13600738396 -0.738065645122 1779097907.04
  0.662580547495 -0.0500220020132  -0.522246730078 0.845137166193  1.45990678998 -1.31939116005  9.51286624531  0.358369251397  0.345450580298 -0.475796041922 1779097907.06
   0.66921637379 -0.0419376045433  -0.528076385735 0.853506875657  1.46601622697 -1.07082745648  9.53090104484  0.291530917439  0.447451122929 -0.151797869483 1779097907.07
   0.67357096693 -0.0331535492238  -0.527969355553 0.8564745447     1.467429015 -0.821490885449   9.54085414571 0.123247333063 0.427932913478 0.129576753739 1779097907.09
   0.67389199873 -0.0257031453196  -0.523160642031 0.853515163897   1.46490157795 -0.575852949357   9.54035623163 -0.114017657988   0.28523918713  0.304395564099 1779097907.11
  0.668757889372 -0.0211126219289   -0.51511977169 0.844411769569    1.4598751928 -0.337270883767   9.52823815853 -0.382025125234  0.129541078338  0.413417407396 1779097907.14
 0.657397888634 -0.020110149815 -0.505311155746 0.829406876164   1.45403892586 -0.107859030297   9.50477381915  -0.747594711137 -0.0360405886685   0.521932577608 1779097907.16
  0.639914660234 -0.0225031172625  -0.494982897116 0.809323934593   1.4488990611 0.111440868168  9.47168729181  -1.06270718207 -0.189379972864  0.538886522012 1779097907.17
  0.617373166165 -0.0272427645023  -0.485015081861 0.785577128072  1.44545776534 0.320635887014  9.43192380501  -1.25965520774 -0.265548308227  0.500368805327 1779097907.19
  0.591738593158 -0.0326591290269  -0.475846072229 0.760033332031  1.44406196736 0.520376175086  9.38922472676  -1.23399618433 -0.228496258972  0.418452757106 1779097907.21
  0.565665294874 -0.0368173930945  -0.467480747817 0.734759141378  1.44443004262 0.711646560002  9.34757826526  -1.15863547711 -0.123059792102   0.38033119757 1779097907.24
  0.542158169008 -0.0379251137208  -0.459570908499 0.711743784245 1.44581568309 0.89552378122  9.3106361879   -1.0813006959 0.0548299549826   0.41496959475 1779097907.26
 0.524147285719 -0.034712122487 -0.451547426494 0.692697904535 1.44723932119 1.07304184698 9.28119109532 -0.762443854307  0.303991741269  0.455272023361 1779097907.27
   0.51403413735 -0.0267118639758  -0.442777429576 0.678967208472 1.44771386315 1.24517440483 9.26079812172  -0.2725910495 0.509693769722 0.472314193462 1779097907.29
  0.51328011396 -0.014392564122  -0.43271805013 0.671497231712 1.44640990393 1.41290942026 9.24960004341 0.185835513934 0.635004307657 0.500157956049 1779097907.31
    0.52211048446 0.000885203431021   -0.421040737933 0.670727548687 1.44273584858 1.57736549711 9.24637868957  0.61837272314 0.745102548439 0.592213898292 1779097907.34
 0.539396727745 0.0170764104304  -0.40770623916 0.676361450073 1.43633866838 1.73988743031 9.24881438852  1.06311228579 0.808278515629 0.733977931665 1779097907.36
 0.562755233553 0.0317871861324 -0.392979403988 0.687122034323 1.42705250284 1.90206508227 9.25389748087  1.31686517126 0.681538602005 0.807213960435 1779097907.37
   0.5888635027 0.0426777532131 -0.377384022283 0.700714146928 1.41483088671 2.06564379731 9.25841053239  1.32888863326 0.417204807779 0.814250477862 1779097907.39
 0.613952391207 0.0478605423063 -0.361609348559 0.714135485146 1.39969438328 2.23232984128 9.25939307379   1.06927262262 0.0832523965374  0.727894843305 1779097907.41
 0.634394032337 0.0462227104371  -0.34638964626 0.724277649981 1.38171245601 2.40352974215 9.25451361698   0.76954595273 -0.236539388461  0.674841718131 1779097907.44
 0.647279718966 0.0376165462211 -0.332383451072 0.728604692327 1.36102206856 2.58008621843 9.24230141416  0.429199370539 -0.607653414121  0.685092238312 1779097907.46
 0.650877613738  0.022885526828 -0.320078392208 0.725682845713 1.33787158553 2.76207795267 9.22222371484 -0.0653575961762  -0.922796678836   0.616504559411 1779097907.47
  0.644879209035 0.00372327716665  -0.309739942069 0.715417282956 1.31267117378 2.94873506171  9.1946235853 -0.536450132336  -1.05991975781  0.488642462566 1779097907.49
  0.630382841386 -0.0176081049908  -0.301410084702 0.698956802124 1.28603110314 3.13849261687 9.16055271888 -0.815841278565 -0.980284648211  0.342204644357 1779097907.51
  0.609614234488 -0.0386498094577  -0.294948047628 0.678319742792  1.2587750949 3.32917064908 9.12154218251   -1.0378871599 -0.912919477058   0.26130920909 1779097907.54
  0.585436973302 -0.0571422277476  -0.290094047955 0.65586297392 1.23192360037 3.51824062193 9.07935426879  -1.26410374953 -0.846556067884  0.217716904254 1779097907.56
  0.560748441823 -0.0713746813741  -0.286531879962 0.633745752161 1.20664849311 3.70312245717 9.03575362229  -1.27153066705 -0.622541258341  0.164841585343 1779097907.57
  0.537879595043 -0.0804263142995  -0.283928696359 0.613513125704 1.18420467912 3.88145536237 8.99232732621 -1.08971571296 -0.32922184615 0.117376079212 1779097907.59
  0.518114910816 -0.0842550038461  -0.281939712801 0.595845590852 1.16584565038 4.05129776986  8.9503723275  -0.846836853649 -0.0741864703718  0.0871033699308 1779097907.61
  0.501422821725 -0.0836200809878   -0.28017885033 0.580445821988 1.15272974067 4.21123137896 8.91085538866 -0.741049435541  0.102880602645 0.0882188762604 1779097907.64
  0.486443439038 -0.0798580230957  -0.278169354825 0.566023597741 1.14582261549 4.36036558698 8.87443781906 -0.779482824634  0.230064908858  0.123976142863 1779097907.66
  0.470729704253 -0.0745609855842  -0.275297133638 0.550394682775 1.14580050704 4.49825657518 8.84154738566 -0.949579545472  0.286319821356   0.19874169196 1779097907.68
  0.451191098954 -0.0692286411092   -0.27079123706 0.530748440029 1.15295948438 4.62476697474 8.81247501322 -1.24595101992 0.259386201559 0.312253743348 1779097907.69
  0.424654543048 -0.0649689062326  -0.263750017152 0.504099703686 1.16713966983 4.73989648524  8.7874740097  -1.4503810595  0.15988585801 0.406141113019 1779097907.71
 0.388440556946 -0.062311200907 -0.253219596278 0.467855657205 1.18767874389 4.84361226561  8.7668425455  -1.93222279928 0.0876042625869  0.586443149534 1779097907.74
  0.340855866591 -0.0611695921683  -0.238316532067 0.420379840444 1.21341288375 4.93570310091 8.75097376315  -2.82342401357 0.0357214166189  0.920226476117 1779097907.76
  0.281524418005 -0.0609585185171  -0.218372877789 0.361467360444 1.24274141941 5.01567615901 8.74036162519   -3.54068871975 0.00933746606453    1.23850715298 1779097907.77
   0.21151191195 -0.0608284876876  -0.193072957808 0.292770491764 1.27376213408   5.082711036 8.73555569969  -3.90653412184 0.0262792292507   1.47062049714 1779097907.79
  0.133236834636 -0.0599609889226   -0.16254979964 0.218563061059 1.30446916278 5.13568204968 8.73706607445  -3.71249668199 0.0686077074399   1.51101154194 1779097907.81
 0.0501955301887 -0.0578473275484  -0.127416087075 0.148663256392 1.33298954834 5.17325429368 8.74523040786 -3.79043302898 0.124661970742  1.67895945184 1779097907.84
-0.0334460856205 -0.0544790238888 -0.0887181655537 0.109350434779 1.35782279722  5.1940500578 8.76006655301 -4.16776035543 0.189862443505  2.02871069584 1779097907.86
 -0.113329014206 -0.0503979622001 -0.0478184221536 0.132928633304  1.3780436065 5.19686998814 8.78114284708  -4.0874766773 0.212277534011  2.21926259228 1779097907.88
   -0.18538024475  -0.0465885302717 -0.00622673564098 0.191246172598 1.39343212597 5.18094022766  8.8075009183 -3.56858200535 0.165508952167  2.21261191098 1779097907.89
 -0.246237573242 -0.0442337332971  0.0345882761806 0.252558734727 1.40450730517 5.14614650508 8.83766082723  -2.55415647757 0.0518314725908   1.87911356941 1779097907.91
 -0.293577529999 -0.0443928838131  0.0733748818284 0.305846967513  1.4124543868 5.09321209983 8.86972524033   -1.78656002157 -0.0768990707486    1.66523346224 1779097907.94
 -0.326319837927 -0.0476807217348   0.109232097421 0.347404287476 1.41895442532 5.02378031862 8.90157959684 -1.2973204326 -0.2445864571 1.73353105724 1779097907.96
 -0.344697343884 -0.0540306061919   0.141683206266 0.376576282078 1.42593916241 4.94037285164 8.93116227787 -0.658812904228 -0.411878084054   1.69573550708 1779097907.98
 -0.350194184512 -0.0626065376475   0.170682893166 0.39457343479 1.43530662103 4.84621104259 8.95675798586 -0.0180085968283  -0.480623461397    1.47656781067 1779097907.99
 -0.345366683585 -0.0718943168975   0.196563964959 0.403837010752 1.44863979653 4.74490565348 8.97725538992  0.391745364559 -0.408941114695   1.16076405137 1779097908.01
 -0.333570870672 -0.0799595355548   0.219938728372 0.407475272041 1.46697155587 4.64004089277 8.99231202551  0.610613709154 -0.295163220823   1.02785241567 1779097908.04
 -0.318627119067 -0.0848198963075   0.241574952383 0.408749450683 1.49063259179 4.53469931923 9.00238701864  0.737084788564 -0.123849077127   1.07159155617 1779097908.06
-0.304455847195 -0.084851603393  0.262266848284 0.410703125382 1.51920644078 4.43099356741 9.00863151632 0.643389512262 0.152818682692  1.10719633519 1779097908.08
 -0.294718663035 -0.0791411298892    0.28271854331 0.41599541285 1.55159815822  4.3296842518 9.01265935222 0.321991103594  0.46164954995  1.10896864986 1779097908.09
  -0.29249751604 -0.0677065390283   0.303452502819 0.426875150113 1.58620460636 4.22996477342 9.01624686385 -0.126319001052  0.654983128096  0.997530273165 1779097908.11
  -0.30004114429 -0.0515432594768   0.324749719428 0.445133436323 1.62115819042  4.1294776537  9.0210237181 -0.594514112765  0.802000533717  0.983141849987 1779097908.14
 -0.318603355232 -0.0324897182403   0.346623459551 0.471923195517 1.65460513253 4.02459199033 9.02821351995 -1.21344120825 0.968644527607  1.10617013201 1779097908.16
-0.34839040752 -0.01294785912 0.368824793297 0.507518720107 1.68497521634 3.91092229468 9.03846621475 -1.88148423194  0.99334309577  1.18909924277 1779097908.18
 -0.388623677606 0.00447801319931   0.390876348255 0.551210245753 1.71120217923 3.78401565616  9.0517999718 -2.35105116166 0.797513111575  1.13989519576 1779097908.19
-0.437708741946 0.0173503087677  0.412130333375 0.60144940575 1.73286189809 3.64009008598 9.06764612303 -2.49850864192  0.45824562096  0.97619618458 1779097908.21
-0.493484930335 0.0237103700801   0.43184685086 0.656186909893 1.75020862926 3.47668426149 9.08497349521 -2.65286364009 0.113215446175 0.851196719319 1779097908.24
-0.553514228462 0.0222925039214    0.4492876334 0.713256149197 1.76410684591 3.29308565457 9.10246126621  -3.05563622085 -0.277868480712  0.801574288577 1779097908.26
-0.615359844271 0.0126275072244  0.463817867818 0.770684245581 1.77587517271 3.09044171311 9.11869116199  -3.36646294885 -0.743894517103  0.702203753565 1779097908.28
  -0.676806612618 -0.00495167787055    0.475004944494 0.826874480977 1.78707513846  2.8715217342 9.13233634946 -3.26584933495 -1.13716791255 0.511180916077 1779097908.29
 -0.735988958545 -0.0293755198607   0.482699112731 0.880648114572 1.79928598389 2.64017301072  9.1423313419 -2.80708860593 -1.32249848015 0.295729632661 1779097908.31
 -0.791415066229 -0.0589469473435   0.487079061362 0.931159793844 1.81390455095 2.40058666355 9.14801174013 -2.43820443612 -1.42957723359 0.136929764712 1779097908.33
 -0.841902486427 -0.0914751395423     0.4886472253 0.977723687245 1.83199717915 2.15653789883 9.14921394127  -2.32108602032  -1.59905648191 0.0265469918097 1779097908.36
-0.886463124382 -0.124428024801  0.488166155937 1.01961041582 1.85421314214 1.91077724802 9.14632415509   -2.17638486764   -1.68301949566 -0.0557817180143 1779097908.38
-0.924187636937 -0.155107043334  0.486538220072 1.05588845185 1.88075281213 1.66471685188 9.14026557683   -1.77960007419   -1.48281541729 -0.0925595042267 1779097908.39
-0.954177218124 -0.180849410496   0.48464425063 1.08537584391 1.91137388876 1.41848374856   9.132415208   -1.27545309497   -1.09620996177 -0.0836502520913 1779097908.41
-0.975555417553 -0.199255960333  0.483169277839 1.10673567824 1.94541822556 1.17131698487 9.12444942729  -0.793529384799  -0.655430263081 -0.0521138475775 1779097908.43
-0.987568686356 -0.208429710895  0.482451316229 1.11870198319 1.98184893784 0.92219221774 9.11812947843  -0.344134480119  -0.192410863031 -0.0188999605762 1779097908.46
-0.989758509997 -0.207197127036  0.482389240084 1.12038026425  2.01929840678 0.670493153036  9.11505153939     0.142490021326     0.346961385125 -0.000383787551167 1779097908.48
-0.982166857871  -0.19527632741  0.482436766757 1.11154388787  2.05613690833 0.416534063171  9.11639683915   0.652171079704   0.910676922082 -0.0187445892897 1779097908.49
-0.965524817957 -0.173357748437  0.481692719465 1.09284901017  2.09057400929 0.161778439013   9.1227220273   1.05354331068   1.34820435941 -0.086778189102 1779097908.51
-0.941373271767 -0.143073356669  0.479076683225 1.06591185874    2.12079838555 -0.0913146738132    9.13382712385   1.24569123947   1.55001946413 -0.189556412954 1779097908.53
-0.912073271495 -0.106847737947  0.473559015789 1.03322419306   2.14514801835 -0.339777672544   9.14872805946   1.44104801038   1.79093308144 -0.348467456899 1779097908.56
 -0.880680137894 -0.0676439882601   0.464400154851 0.997918192165   2.16228719398 -0.580818961795     9.165744505   1.60490316332   2.04448661021 -0.580542160622 1779097908.57
 -0.850676973785 -0.0286349762965   0.451350112385 0.963425243361   2.17135635796 -0.812511486273    9.1826939066   1.44799339538   1.96600855526 -0.778875252689 1779097908.59
 -0.825588224187 0.00715688722649   0.434766229485 0.933096356895  2.17206102789 -1.03428897994  9.19716292914   1.06564449383   1.66420532299 -0.903071271124 1779097908.61
-0.808519230603 0.0372023090417  0.415623895111 0.909851955122   2.1646778323 -1.24710592232  9.20681194614  0.557685332797   1.22706361594 -0.918211693234 1779097908.63
-0.801688871602 0.0597421432422  0.395416682862 0.895895375373  2.14997585693 -1.45320854546  9.20966052712 0.0581436461565  0.859840073716 -0.927776956763 1779097908.66
-0.806033735231 0.0739583204937  0.375963751917 0.892473505632  2.12907332722 -1.65556875634  9.20430468965  -0.49923349901  0.525120256927 -0.939331057484 1779097908.68
-0.820959268666 0.0800117683329  0.359158534142 0.899650407952 2.10326613077 -1.8571219893  9.1900309856   -1.0437348216  0.135870253534 -0.798270850218 1779097908.69
-0.844294768232 0.0789390264611  0.346700890592 0.916114912606  2.07387044632 -2.06000041127  9.16681661043  -1.29288328639 -0.190487858604 -0.484435618107 1779097908.71
-0.872477888964 0.0724212365641   0.33985481591 0.939129276582  2.04211494123 -2.26495258307  9.13523299098  -1.32656970364 -0.385767989709 -0.174039733546 1779097908.73
-0.900956759243 0.0624616545556  0.339267102687 0.964741782697  2.00910089799 -2.47109191392  9.09629332582 -1.27946726166 -0.52356328868 0.122770187343 1779097908.76
-0.924761112206 0.0510267256424  0.344871607902 0.988293107998  1.97582671889 -2.67603405928  9.05129292391 -0.993092262218  -0.59119029946  0.432086838687 1779097908.77
 -0.93916459977 0.0397164318384  0.355891041524 1.00511988034  1.94325309232 -2.87639028306  9.00168119708 -0.411447556246 -0.567676387727  0.688207381104 1779097908.79
 -0.94034319105 0.0295280483572  0.370934957922 1.01129123679  1.91237212786 -3.06850277082  8.94898095731  0.341960252445 -0.489817929466  0.834390066621 1779097908.81
-0.925931599346 0.0207617117433  0.388179835404 1.00422306285  1.88424128405 -3.24925659172   8.8947456514   1.05288182166 -0.385072815885  0.812075721937 1779097908.83
-0.895391357905 0.0130877142073  0.405605793341 0.98306308631  1.85995202073 -3.41679042414  8.84052922135    1.7736765543 -0.351034432553  0.773938823292 1779097908.86
 -0.850129126024 0.00575938330626   0.421256033464 0.948793627265  1.84052254595 -3.57095422626  8.78784103918   2.64724259335 -0.393449041707  0.723089698511 1779097908.88
 -0.793339158207 -0.0020798946383   0.433481173745 0.904044951259  1.82672949511 -3.71341927895  8.73806751511   3.22571275207 -0.450398930845  0.531889214699 1779097908.89
 -0.729585117588 -0.0110719022707   0.441132588791 0.852651741169  1.81891744352 -3.84742164382  8.69235697283   3.34295735429 -0.499629354335  0.263885769616 1779097908.91
 -0.664177572864 -0.0213840354485   0.443676907863 0.799023356253  1.81683917632 -3.97719791581  8.65148048475    2.96342419651  -0.501351028877 0.00196003984183 1779097908.93
 -0.602437716021 -0.0325826534718   0.441216685415 0.747438957027  1.81957754904 -4.10723529741  8.61569563429   2.68999960173 -0.520375329212 -0.216179675785 1779097908.96
 -0.548958502322 -0.0436729464677   0.434417419015 0.701413756258  1.82558140173 -4.24149253522  8.58464991874   2.49571362906 -0.541507058865 -0.440814644104 1779097908.98
 -0.506976745873 -0.0532952819479   0.424355538731 0.663282316352  1.83281951867 -4.38274710319  8.55736209955   1.85115131227 -0.426362456686 -0.576261507414 1779097908.99
 -0.477952090084 -0.0600273461116   0.412313195616 0.634069123973  1.83902770155 -4.53218916127  8.53230998586    1.1784175759 -0.243635099684 -0.641500613806 1779097909.01
 -0.461413725953 -0.0627153306022   0.399552187319 0.613577859429  1.84200348506 -4.68932418234  8.50763173694    0.54434359091 -0.0172673671781  -0.600300014516 1779097909.03
  -0.45508988872 -0.0607525682545   0.387100848047 0.600537049584  1.83989568284 -4.85217813536   8.4814193621   0.14235586476   0.19695184938 -0.556978211654 1779097909.06
 -0.455287946095 -0.0542402061384   0.375584604977 0.592699678857  1.83144168012 -5.01773674108  8.45205603707 -0.0619353565572   0.439010488846  -0.575763267271 1779097909.08
 -0.457453967427 -0.0439954943198   0.365123906986 0.586954174777  1.81612018572 -5.18250619411  8.41853224757 -0.0411914433367   0.614984215312  -0.546044411475 1779097909.09
 -0.456817133882 -0.0314095822299    0.35531329673 0.579582603687  1.79420530183 -5.34306510149  8.38067584992  0.218271079056  0.667790682476 -0.513402270032 1779097909.11
 -0.449018979312 -0.0181890224115   0.345283706146 0.56671837984  1.76672411493 -5.49648879122  8.33924856896  0.626498338019  0.607215026605 -0.513942414966 1779097909.13
  -0.430638750359 -0.00603695650633    0.333838089485 0.544916551543 1.73533155021 -5.6405641073 8.29589077233   1.17971426922  0.521080398606 -0.611540878578 1779097909.15
 -0.399549950441 0.00366147304771    0.31963992598 0.511686673232  1.70212243319 -5.77376662881  8.25292816167   1.93884117834  0.413760531154 -0.831620364567 1779097909.17
-0.355074263717 0.0100889657605  0.301426478554 0.465872774433  1.66940275255 -5.89503095048  8.21307902037  2.65782840106 0.247777135247 -1.08347543786 1779097909.19
-0.297932452508 0.0131348056823  0.278215105994 0.407847906187   1.6394418185 -6.00339537812   8.1791134841   3.26170406106 0.0862952072817  -1.35512431841 1779097909.21
-0.230022563853 0.0133974701982  0.249471857174 0.339596936987  1.61422606152 -6.09763374628  8.15351688543     3.4903387668 -0.0262851465544   -1.52853950955 1779097909.23
-0.154079171582 0.0120514711339  0.215216801771 0.264960187267  1.59523493557 -6.17599146197  8.13820126069    3.68893814083 -0.0657267444597   -1.72799535841 1779097909.25
-0.0732795619847  0.0106047404651   0.176049324903 0.190986176264  1.58326038165 -6.23611857976  8.13429701958    4.19878954785 -0.0374697681205   -2.11277739443 1779097909.27
0.00913819278865  0.0105949283074   0.133087903932 0.133821333301  1.57829281636 -6.27524492854  8.14204347301   4.25844153508 0.0698497980584  -2.29805644823 1779097909.29
0.0901935505996 0.0132861354796  0.087831502164 0.126592933208  1.57949616003 -6.29058230563  8.16078358909  4.05176757766 0.226151199363 -2.33314531334 1779097909.31
 0.167388145407 0.0194277194036 0.0419622092293 0.173657866242  1.58528862581 -6.27988086798  8.18905582143  3.47921702405 0.370691042392 -2.12333809249 1779097909.33
   0.238830955253   0.0291226165295 -0.00288070724641 0.240617228093  1.59353258384 -6.24202451953  8.22476567944  3.16806404556   0.5222031603 -2.03481036474 1779097909.36
  0.303278725212   0.041827042526 -0.0453187157396 0.30948549667  1.60181669374 -6.17753250529  8.26541383414  3.14519151352 0.709249018017 -2.11411342718 1779097909.37
  0.360118266846  0.0564732265878 -0.0844067869407 0.374164264888  1.60779131483 -6.08884488269  8.30835682224  2.78954531135 0.785342103734 -1.95751933385 1779097909.39
 0.409318324368 0.0716804245597 -0.119730328505 0.432452223364  1.60950090781 -5.98030550026  8.35107937302  2.32330116805 0.751858387706 -1.70588135784 1779097909.41
 0.451370191152 0.0860038469082 -0.151408413196 0.483793570369  1.60565126768 -5.85781019586  8.39146060117  1.82271099364 0.619759608693 -1.41017718686 1779097909.43
  0.48722249021 0.0981694595774 -0.180002460409 0.528605602991  1.59575852482 -5.72814946688  8.42801622356   1.6117208418 0.512449571189 -1.32490265747 1779097909.46
 0.518202572393  0.107253324001 -0.206347455501 0.567993357299  1.58015015571 -5.59813199956  8.46009424086  1.52739130007 0.380302427779 -1.33603296247 1779097909.47
 0.545910632345  0.112782115113 -0.231337892525 0.603535785612  1.55982080513 -5.47361767913  8.48799451455  1.42347437601 0.198089130811 -1.30427393124 1779097909.49
 0.572076188241  0.114750317215 -0.255709743939 0.637044954143  1.53617958395 -5.35860926302  8.51297886864   1.37303949211 0.0204661542639  -1.26979056433 1779097909.51
 0.598379265223  0.113564198324 -0.279861023385 0.670281108641  1.51075162239 -5.25454886007   8.5371438954   1.28811295566 -0.114585615855  -1.14207523843 1779097909.53
 0.626255623804   0.10993072126 -0.303746673865 0.704658010461  1.48490739251 -5.15994098189  8.56314692338   1.34845006574 -0.204608825473  -1.08654293822 1779097909.55
 0.656719454962  0.104711873715 -0.326869898823 0.741005364204  1.45968505203 -5.07038267877  8.59380480075   1.63433442279 -0.285215704505  -1.13988239132 1779097909.58
 0.690241374456 0.0987642545348 -0.348374156127 0.779456275645  1.43574577221 -4.97902780394  8.63161821185   1.88331487624 -0.320979386952  -1.08575901425 1779097909.59
 0.726710917899 0.0927830044917 -0.367221017355 0.819492965012  1.41346662223 -4.87745119014  8.67830118964   1.95683198313 -0.301505139743 -0.885384290383 1779097909.61
 0.765492766515 0.0871696558804 -0.382422250666 0.860130514688   1.3931393327 -4.75681511142  8.73440675853   1.82926183164 -0.251447455351 -0.604612608328 1779097909.63
 0.805561042461 0.0819443903402 -0.393282775521 0.900174881765  1.37521462708 -4.60918345503  8.79912935361   1.85719462801 -0.241986853351 -0.398032691428 1779097909.66
 0.845674897333 0.0767221662964  -0.39960683049 0.938476393818  1.36051674708 -4.42878975997  8.87033294707   2.06958032395  -0.29287230768 -0.223792660577 1779097909.68
 0.884548740601 0.0707666123314 -0.401824056531 0.974113422721  1.35035459154 -4.21305434877  8.94480760738    2.02657993084  -0.365969352594 -0.0376335085879 1779097909.69
 0.920975197292 0.0631240833355 -0.401005154061 1.0064716079  1.34647527653 -3.96316946321  9.01870860265   1.79591767941 -0.464807105336 0.0794610205225 1779097909.71
 0.95387667182 0.052823632317  -0.3987566174 1.03521876002  1.35084043346 -3.68412962504  9.08809433318   1.43127905658 -0.560588889354 0.0933243407098 1779097909.73
 0.982286761589 0.0391101906041 -0.397007428188 1.06020365357  1.36524875207 -3.38417134928  9.14946197937   1.19103494299 -0.721879129774  0.023946874344 1779097909.76
  1.00528822554 0.0216633982075 -0.397722939905 1.08132199467  1.39087059955 -3.07369004727  9.20018589867   1.01657173196 -0.983141137183 -0.143270045832 1779097909.78
   1.02195199886 0.00074936936967  -0.402597629237 1.09839487463    1.427792082 -2.76380442019  9.23878993331  0.701193181298  -1.19575849001 -0.405622815301 1779097909.79
   1.03132544964 -0.0227383909297  -0.412784826452 1.11109879419  1.47467914281 -2.46481651068  9.26502267485  0.279413610357  -1.27409115222 -0.691555447657 1779097909.81
   1.03250466071 -0.0473694501411  -0.428715722679 1.11897583086  1.52866310649 -2.18484547327  9.27974440161 -0.157876579979  -1.17649641596 -0.901030634985 1779097909.83
   1.02479727076 -0.0713863857832  -0.450042342156 1.12153625531  1.58551635989 -1.92888075804  9.28466699785 -0.578308774225  -1.07433656723  -1.10676121276 1779097909.85
   1.00794734658 -0.0929900973282  -0.475713250593 1.11844003347  1.64013267569 -1.69840886367  9.28200806283  -1.06647164756 -0.986416163404  -1.36018188936 1779097909.87
 0.982363471535 -0.110634860444 -0.504162566863 1.10971075347  1.68725808687 -1.49163938589  9.27412615087  -1.54055838531 -0.794923754507  -1.51917210284 1779097909.89
 0.949276674589 -0.123263997563 -0.533569446763 1.09590901654  1.72234903387 -1.30422562919  9.26319775542  -1.87804241393 -0.519289198337  -1.52050735459 1779097909.91
 0.910762137341 -0.130433028556 -0.562132692794 1.07818996938  1.74238393831 -1.13027797894  9.25098220891  -1.94637299601 -0.220643753662  -1.33692225149 1779097909.93
 0.869586969428 -0.132297741717  -0.58830661187 1.05820076518   1.74644125028 -0.963428745852   9.23870185581  -1.92243968005 0.0223647110014  -1.14646207133 1779097909.95
 0.828888368151 -0.129480549679 -0.610958761038 1.03783030756   1.73589191378 -0.797731385266    9.2270439536  -1.9309723022 0.234086572409  -1.0200106801 1779097909.97
  0.79173078186 -0.122859445752  -0.62943311728 1.01888081908   1.71413351007 -0.628252548541   9.21626902774  -1.79641328681  0.424714442816 -0.857056512012 1779097909.99
 0.760625327972 -0.113341558008 -0.643526591362 1.00275803268    1.6858988292 -0.451316878089   9.20638984678  -1.42514845742  0.552521406213 -0.625492799727 1779097910.01
  0.73711050644 -0.101683496519 -0.653405769965 0.990257811073   1.65627550408 -0.264461579639   9.19736991797 -0.957290716609   0.60993684592 -0.390674978804 1779097910.03
   0.72148606772 -0.0884040165325   -0.65949951307 0.981476960399    1.62964699964 -0.0662243766693    9.18928595916  -0.57294665786  0.656022183627 -0.211659847858 1779097910.05
  0.712763267777 -0.0738059821759  -0.662400207336 0.975834429387 1.60878835669 0.14409089362 9.18240914848  -0.309648396142   0.742851838677 -0.0807465673288 1779097910.07
  0.708850981171 -0.0580922261534  -0.662794346435 0.972183504238  1.59431694247 0.366553276376  9.17718416572 -0.153403151332  0.851304933635 0.0256831314686 1779097910.09
  0.706947683526 -0.0415326193278  -0.661426547971 0.969012416882  1.58461906533 0.600592053488  9.17411623036 -0.126731683418  0.886184927257 0.0981972746165 1779097910.11
   0.70406489541 -0.0246250066868  -0.659085876972 0.964732067015  1.57626893988 0.844851580518  9.17360407391 -0.231307257747  0.823042496663  0.119298659251 1779097910.13
   0.697578378095 -0.00819455372075    -0.65659425007 0.958018138409 1.56485208235 1.09699785953 9.17577185418 -0.431446074911  0.733572587161  0.101225173698 1779097910.15
  0.685696335191 0.00660641022746  -0.654776275363 0.948132416664 1.54602236329 1.35359588129 9.18035157743 -0.732744308606  0.653530835641 0.0539589435057 1779097910.17
 0.667751172726 0.0184081755264 -0.654397788808 0.93512937907 1.51657506922  1.6101707262 9.18665204275    -1.0900891641   0.505536728583 -0.0341286147487 1779097910.19
 0.644259055954 0.0258232479662 -0.656073597625 0.91987452232 1.47531410543 1.86152059175 9.19362686409  -1.35155309835  0.245979659664 -0.152645222883 1779097910.21
 0.616740669297 0.0276919737643 -0.660158945861 0.903850503333 1.42352970679 2.10227960834 9.20002937851   -1.44400874526 -0.0635597179782  -0.268328578869 1779097910.23
 0.587346030649 0.0233181552169 -0.666649289253 0.888785897134 1.36497723093   2.327652172 9.20462140926  -1.33389222583 -0.343937071272 -0.341768627071 1779097910.25
 0.558365329454 0.0126402004416 -0.675115821211 0.876192323553 1.30534524827 2.53417867749  9.2063895795  -1.31541100851 -0.639069637528 -0.426892714761 1779097910.28
   0.531728625792 -0.00370259687656   -0.684698906288 0.866926544168 1.25130456191 2.72036121806 9.20471946811  -1.33464863915 -0.993999582907 -0.510960677746 1779097910.29
  0.508595834991 -0.0244263766982  -0.694169715904 0.860893701758 1.20931867679 2.88698713337 9.19948502867   -1.1420183532  -1.18107544877 -0.465145869449 1779097910.31
  0.489115423605 -0.0477731731115  -0.702055330488 0.856970163275 1.18445132415 3.03704063831 9.19102726302 -0.917308756379   -1.1993590081 -0.320228215591 1779097910.33
  0.472391447126 -0.0717627380016  -0.706808499129 0.853159905484 1.17941390454 3.17518088113 9.18001973752 -0.742879328815  -1.06877697759 -0.113014686459 1779097910.35
 0.456653914466 -0.094475392812 -0.706993719718 0.846934777398 1.19405036659 3.30687023874 9.16724568023 -0.777023027342  -1.00779950648  0.126731151362 1779097910.38
 0.439588223891 -0.114308545557 -0.701458348487 0.835672223323 1.22536635565 3.43733159934 9.15333713737 -1.01549743669 -0.95601152794 0.469774516012 1779097910.39
 0.418754200414 -0.130155013686 -0.689461110396 0.817099767899 1.26809276321 3.57056762994 9.13854424274  -1.31111992621 -0.748577032877  0.846663640488 1779097910.41
 0.392017150957 -0.141468999697 -0.670739039759 0.789671947062 1.31565857137 3.70866738787 9.12260482628  -1.56811756276 -0.465463201705   1.13304653613 1779097910.43
 0.357919836157 -0.148212434018 -0.645505116702 0.752828260894 1.36136256975 3.85155398784 9.10476683052  -1.76242609391 -0.213956460665   1.30562128688 1779097910.45
 0.315939983171 -0.150704678636 -0.614380381629 0.707101991554  1.3994992053 3.99721099685  9.0839798792   -2.15392852192 -0.0285891369963    1.58571404865 1779097910.47
 0.266598140084 -0.149424548744 -0.578274428713 0.654066952969 1.42621775196 4.14229944712 9.05922651499 -2.67357319717 0.150315628361  1.94742279428 1779097910.49
 0.211402816292 -0.144827311993 -0.538235819047 0.596124062541   1.439967427  4.2829791226 9.02992124257 -3.15178526581 0.337134495503  2.29496546867 1779097910.51
 0.152643135395 -0.137235214834 -0.495298344148 0.536147256535 1.44148242489 4.41570490161 8.99627936762 -3.08515393932 0.468996377578  2.29121196305 1779097910.53
0.0930625644818 -0.126837561558 -0.450349572204 0.477035790182 1.43336272944 4.53779199499 8.95955585126 -2.61399856602 0.522783027056  2.03573732399 1779097910.55
0.0354679553428 -0.113800926798 -0.404044320303 0.421260536444 1.41938428145 4.64762406388 8.92207849544  -2.5840271218 0.662466659204  2.18380290002 1779097910.57
-0.0176581143902 -0.0984521171417  -0.356777744891 0.370533382603 1.40371014592 4.74449029762 8.88704457493 -2.63873093761 0.853696372886  2.51684045418 1779097910.59
 -0.064471296341 -0.0814680445566  -0.308721546763 0.325733915599 1.39016936462 4.82814773744 8.85810482706 -2.35894959826 0.941918068603  2.64804023785 1779097910.61
 -0.103947005733 -0.0639973471309  -0.259914099936 0.287151492745 1.38172976982 4.89828121886 8.83880945009 -1.83513131708 0.868831462369  2.52661365877 1779097910.63
 -0.13589622095 -0.047652360022 -0.210383521351 0.254950497823 1.38022978048 4.95405468354 8.83202375975 -1.29951977918 0.677600295883  2.27683134737 1779097910.65
  -0.16081716918 -0.0343439011455  -0.160274392298 0.229629149446 1.38636893135   4.993911336 8.83942768247 -1.01795790423 0.504637404456  2.33825365103 1779097910.67
 -0.179621552243 -0.0259761810751  -0.109946248736 0.21219529124 1.39990247098 5.01570051266 8.86119287728 -0.850712237919  0.269233727773   2.62538268336 1779097910.69
 -0.193304151662 -0.0240624087585  -0.060016329182 0.203831926678 1.41995193266   5.017111486 8.89589177785 -0.625129523669 -0.091651397172   2.67819436369 1779097910.71
 -0.202639972914 -0.0293509543586 -0.0113301985127 0.205067819373 1.44533525695 4.99630610466 8.94064662777 -0.376884172292 -0.449041886675   2.44220593634 1779097910.73
 -0.207988809467 -0.0415585705264  0.0351401170224 0.214991366041 1.47483505686 4.95258492013 8.99148539456  -0.15045749068 -0.680078113752   2.03956520649 1779097910.75
  -0.20926324574 -0.0592885990045  0.0784532795163 0.231216697183 1.50735545079   4.886907199 9.04384242821 0.0436654221913  -0.88220324198   1.89031538416 1779097910.78
 -0.206077581081 -0.0801724621222    0.11787891218 0.250581386068 1.54195705801 4.80211520428 9.09312659912 0.292995857683 -1.09573833913  1.94953235664 1779097910.8
-0.198050504817 -0.101221717832  0.153060481846 0.269995092033 1.57779598344   4.702779083 9.13527670235 0.581364922551 -1.09000940434  1.84404470888 1779097910.81
-0.185193622379 -0.119328094843  0.184121218947 0.287117563474 1.61401715083 4.59466504211 9.16723073505  0.767653280761 -0.789075406176   1.51217435042 1779097910.83
-0.168290264723 -0.131812446912  0.211684176761 0.300842691539 1.64965995564 4.48391636335 9.18725050766  0.818263928195 -0.399250852666   1.19617910624 1779097910.85
-0.149160819494 -0.136909374892  0.236795771088 0.311553148292 1.68362443986 4.37610396644 9.19506446171   0.864255902777 -0.0523040327294    1.12915532986 1779097910.88
 -0.13072485098 -0.134085873826  0.260763606835 0.321038419622 1.71472327964 4.27533468659 9.19181718549  0.84711905955 0.334659730068  1.26046316723 1779097910.9
-0.116805398108 -0.124127161501   0.28493872863 0.332025800689 1.74181626153 4.18359376073 9.17984032227 0.536155837695 0.706698253853  1.39918438556 1779097910.91
-0.111672117727 -0.108972777269  0.310484760642 0.347485992026 1.76399781316 4.10044687814 9.16228233137 -0.0694910458498   0.885395826154    1.43769000363 1779097910.93
 -0.119378766234 -0.0913394926741   0.338178762434 0.370079813163 1.78079119752 4.02315051552  9.1426508571 -0.733589570081   0.81383848513   1.35315839861 1779097910.95
 -0.143005175777 -0.0742121297113   0.368280825886 0.40198095379 1.79229884307   3.947136983  9.1243299914 -1.45350879052 0.698491040301  1.40269923098 1779097910.97
 -0.183951256322 -0.0603088542148   0.400494025182 0.444826580597 1.79926726434  3.8667719024 9.11013559217 -2.55661232184 0.586561055664  1.70737313352 1779097911
   -0.2414391974 -0.0516285087442   0.434017661505 0.499329269575 1.80304438066 3.77623988456     9.1019657 -3.60713691311 0.313063611456  1.88739814501 1779097911.01
 -0.312353959052 -0.0491647765693   0.467679449187 0.564540732084 1.80543178524  3.6704038468 9.10059067736   -3.97884676195 -0.0319077534476    1.75276690618 1779097911.03
 -0.391493647627 -0.0528318474722   0.500119848953 0.637321224781 1.80845859597 3.54550239296 9.10560976338  -3.64350947295 -0.283385836424    1.4202380472 1779097911.05
 -0.472221547538 -0.0615989998412   0.529995749821 0.712518856992 1.81412105611 3.39959083685 9.11557849681  -3.54927357002 -0.476997503384   1.27579934387 1779097911.07
 -0.54742781181 -0.073788306742  0.556170953616 0.783867369521 1.82413854531 3.23268476616 9.12828692485  -3.63412699697 -0.678966329217   1.25681875852 1779097911.09
 -0.610640212089 -0.0874598496804   0.577866166645 0.845257357542 1.83977016094  3.0466190047 9.14114489189  -2.96001059225 -0.729071937267   1.04136559317 1779097911.11
 -0.6570856444 -0.10079782105 0.594749833766 0.891991653307 1.86171815129 2.84467842506 9.15161244283  -1.94549597768 -0.657393867124  0.766325277171 1779097911.13
-0.684505720635 -0.112419414165  0.606961578283 0.9217312861 1.89012060411 2.63108268401 9.15760531673 -0.859387037909 -0.488877465815  0.478654522019 1779097911.15
-0.693570270286 -0.121552743637  0.615070749016 0.934947493502 1.92461369424 2.41041282553 9.15781096111 -0.0755465487299  -0.358394249867   0.298294132555 1779097911.17
-0.687803338842 -0.128063377038  0.619982162002 0.93480026886 1.96443083747 2.18705798884 9.15186910257  0.529086940729 -0.277854672832  0.199237384192 1779097911.19
 -0.67302315319 -0.132343243382  0.622808142529 0.926479833131 2.00850613432 1.96474261065 9.14039777856  0.841506471065 -0.188550016953  0.127142169946 1779097911.21
 -0.65638415788 -0.135103236275   0.62472924712 0.916176663846 2.05556114093 1.74617536574 9.12487300614  0.721481509658 -0.123948549901  0.105122621229 1779097911.23
-0.645180182561 -0.137126589577  0.626864970065 0.909956515573 2.10417130882 1.53284419839 9.10739061326   0.255539195265 -0.0934297028613   0.129069557792 1779097911.25
-0.645611043151 -0.139042079813   0.63017060868 0.91283148228 2.15282357078 1.32496720021 9.09034883544 -0.387993411653 -0.094724415352  0.199439460027 1779097911.27
-0.661723285248 -0.141165410039  0.635368587312 0.928169500131 2.19998327682 1.12159507427 9.07609180534  -1.26102712925 -0.112887905893   0.32730775779 1779097911.29
-0.694707863799 -0.143437256682   0.64291400643 0.957356611871  2.24418476507 0.920846277304  9.06655189977  -2.14798448145 -0.114012540569  0.467481581576 1779097911.31
-0.742677584907 -0.145462370959  0.652987263968 0.999560735219  2.28414737704 0.720241372739  9.06292762497   -2.80009031023 -0.0841684272201   0.595268716046 1779097911.33
-0.800964724088 -0.146631251097  0.665503058134 1.0516365976  2.31890264704 0.517091275817  9.06543489025   -2.87396854709 -0.0197664366841   0.648817377713 1779097911.35
-0.862888332624 -0.146289150409  0.680125634075 1.10839869552  2.34790460851 0.308887990178  9.07317100586  -2.78762574088 0.0632718649187  0.715689950943 1779097911.37
 -0.92085783872 -0.143909988754  0.696284197823 1.16340058799   2.37108904456 0.0936477398916   9.08412780205 -2.67398768003 0.180071317588 0.844141799673 1779097911.39
-0.967620851318 -0.139236267265  0.713188275864 1.2100885781   2.38885272218 -0.129835596134   9.09537780254 -2.01756447584 0.304312467351 0.884237083157 1779097911.41
-0.997440843927  -0.13235885195  0.729848197365 1.24301467973   2.40194072351 -0.361856295287   9.10343269231 -1.03218497077 0.406386300462 0.836487342471 1779097911.43
 -1.00700936433 -0.123728434331  0.745108903956 1.25879460758   2.41125530813 -0.601796311061   9.10473842536 0.0362996615393   0.44521959444   0.67954922612 1779097911.45
-0.995952804146 -0.114107869992  0.757705103979 1.25660638972   2.41762600733 -0.848256308908   9.09623376242 0.940652854665 0.450968401576 0.497635354693 1779097911.47
-0.966872144724 -0.104485822479  0.766342772983 1.23816003693  2.42159911837 -1.09929823396  9.07587031577   1.7764951219 0.453629388756 0.302743080442 1779097911.49
  -0.92493711618 -0.0959739597288   0.769807308972 1.20719632321  2.42330823569 -1.35276167425  9.04298402613   2.34283503981  0.385902043396 0.0195966136987 1779097911.51
 -0.877125835003 -0.0897031836162   0.767093454841 1.16868676729  2.42247271244 -1.60660140734  8.99842756792   2.41884648057  0.238809130926 -0.316519319022 1779097911.53
 -0.831244461899 -0.0867238227223   0.757547111656 1.12799202269 2.41853999466 -1.8591857222 8.94441929044   2.03421040628  0.044423875335 -0.645218376758 1779097911.55
 -0.794874323088 -0.0879069432174   0.741004616224 1.09024798162 2.41094778219 -2.1094983285 8.88412657438    1.3479782814 -0.168782227312 -0.939586755033 1779097911.57
-0.774380549026 -0.093843831999   0.71791102841 1.06012647558   2.3994438684 -2.35720241612  8.82106320098 0.514238165364 -0.41663807562 -1.27671426216 1779097911.59
-0.774087194109 -0.104748768657   0.68939579793 1.04184924765  2.38437709411 -2.60255144219  8.75842406171 -0.561678460475 -0.699450987366  -1.59794404237 1779097911.61
-0.795691447531 -0.120382020749   0.65728270509 1.03905594893   2.3668709184 -2.84616182843  8.69849429391  -1.71763746856 -0.948406402943  -1.75816496455 1779097911.63
-0.837963197067 -0.140018382477  0.624012646635 1.05412487412   2.3488140287 -3.08869083504  8.64225133537 -2.60237063043 -1.08411413834 -1.66900310263 1779097911.65
-0.896758360357 -0.162485196919  0.592464500832 1.08701020273  2.33264490327 -3.33048232122  8.58923486042 -3.13803874955 -1.13952597789  -1.4370322937 1779097911.67
-0.965360281359 -0.186280490324  0.565672473405 1.13428666618  2.32095823551 -3.57125036643  8.53770423443   -2.9502492374  -1.00785181926 -0.980812343982 1779097911.69
  -1.0351441414 -0.209759969306  0.546458054815 1.18917578342  2.31600773307 -3.80986507356   8.4850488276  -3.42631645319  -1.17752959506 -0.748494508728 1779097911.72
 -1.09652706229 -0.231358861965  0.537018489864 1.24269359852  2.31921104064 -4.04428777243  8.42837161504  -3.34443908131  -1.27562660269 -0.252387712527 1779097911.73
 -1.14012034101 -0.249799697828  0.538536037925 1.28541640925  2.33077121353 -4.27167739404  8.36513511643  -1.47563574965 -0.789876360742   0.33316255522 1779097911.75
 -1.15794832323 -0.264236353633  0.550885912258 1.30925186965  2.34951209003 -4.48866031556  8.29374427018 -0.101406261185 -0.559999894295  0.776754622619 1779097911.77
 -1.14455679724 -0.274299319363  0.572518534125 1.30882689865 2.37298305766 -4.6917274089 8.21394808104   1.41783670751 -0.372496727312   1.17156359026 1779097911.79
 -1.09782071903 -0.280033190934  0.600569568694 1.28230757854  2.39782836064 -4.87769906761  8.12697477764   3.17883901835 -0.189002495762   1.48939448915 1779097911.81
 -1.01928975664 -0.281747253396  0.631210414673 1.23156798853  2.42034979143 -5.04418560398  8.03537150262    4.90704738316 0.00555855187075     1.5916639135 1779097911.83
-0.913982399819 -0.279824944558   0.66019989132 1.16169261135 2.43713675975 -5.1899696545 7.94258732801  5.87773867523 0.184195247373   1.3395462933 1779097911.85
-0.789642943324 -0.274550633416  0.683547300427 1.07988468837  2.44561198118 -5.31525070335  7.85239862684  5.93917008556 0.317568481029 0.872551323641 1779097911.87
-0.655586338029 -0.266008461167  0.698162068273 0.993973954184 2.44435590963 -5.4217182312 7.76831003477  6.42048720849  0.48967174231 0.450129809672 1779097911.89
 -0.52134450489 -0.254088297842  0.702357263146 0.910860406963  2.43312891144 -5.51245366933  7.69306223022    6.83972859417   0.720346522747 -0.0542530277768 1779097911.91
-0.395369345834  -0.23860292849  0.696098015656 0.835344674077  2.41259457551 -5.59169264715  7.62834135363  6.25239333492 0.911633076184 -0.56435006492 1779097911.93
-0.284030158068 -0.219486570723  0.680936926987 0.769754885632  2.38383755464 -5.66449754674  7.57472633955   5.25776600505   1.07023646285 -0.938149013511 1779097911.95
-0.191070927684 -0.197017278578  0.659644822557 0.714461475092  2.34783743264 -5.73638989628  7.53184759988  3.87635488352  1.10608501947 -1.05561323247 1779097911.97
-0.117585406935 -0.171992971368  0.635610508986 0.668886110827  2.30508236119 -5.81297450913  7.49868097259 3.06035051902 1.21873548354 -1.1305248917 1779097911.99
-0.062452857144 -0.145797195971  0.612131987225 0.63234701826  2.25547066447 -5.89956253528  7.47387702129  2.47778604557  1.35495189918 -1.15017700711 1779097912.01
-0.0230830929136  -0.120315349691   0.591742964852 0.604291609243  2.19856116644 -6.00078244661  7.45603194582   1.70958588684   1.24239206517 -0.940825328655 1779097912.03
 0.0037327498852 -0.0976987215772   0.575708490772 0.583951402059 2.13411772358 -6.1201669216 7.44383839242   1.13113292577   1.03249005116 -0.716229284319 1779097912.05
 0.0210699643929 -0.0800127545149   0.563785408393 0.569824508951  2.06278612033 -6.25972155777   7.4361013753  0.653044585205  0.681875853475 -0.506115914058 1779097912.07
 0.0313736533979 -0.0688374996936   0.554286521333 0.559425111362   1.9866779377 -6.41951108958  7.43165164367  0.354090670752  0.351361786988 -0.450264526389 1779097912.09
 0.0362950973607 -0.0649049576465   0.544425007651 0.549480278604  1.90963955836 -6.59732808536  7.42922186519   0.14276815544 0.0255872255404 -0.610924439634 1779097912.11
 0.0368479421873 -0.0678563855124     0.5308612918 0.536447547324  1.83705747881 -6.78852635897  7.42736056136 -0.0662961015708  -0.298717258362  -0.902822362669 1779097912.13
 0.0337921030226 -0.0761829602539   0.510339153301 0.517099411189  1.77517402343 -6.98609918594  7.42444342151 -0.228062348571 -0.509142876117  -1.31896842507 1779097912.15
 0.0281031952141 -0.0873787909106   0.480287204428 0.488979183012   1.7300256254 -7.18105817632  7.41880794394 -0.292751911928 -0.521172982251  -1.67513338479 1779097912.17
 0.0213728951652 -0.0982923140532    0.43927615133 0.45064588845  1.70623014782 -7.36312379616  7.40899649179 -0.286101342676 -0.431556067253   -2.2010437853 1779097912.19
0.0160106621196 -0.105619201726  0.387256551139 0.401720541515  1.70590831427 -7.52167915292  7.39405645605 -0.162743411137 -0.214010519734   -2.9847171549 1779097912.21
0.0151717885021 -0.106446881114  0.325547741023 0.342844649004  1.72801017452 -7.64687652318  7.37382350719 0.168303488538 0.180835083003 -3.43772423677 1779097912.23
 0.0224074967145 -0.0987460695949   0.256596435198 0.275852519883  1.76823242068 -7.73073753127  7.34911051334 0.675161178455 0.643978316127 -3.69667717589 1779097912.25
  0.041103728668 -0.0817126284724   0.183563849773 0.205090607064  1.81957675879 -7.76806906713  7.32174212913  1.19573784422 0.996483101008  -3.4128505531 1779097912.27
 0.0738304753845 -0.0558920865955   0.109826018887 0.143654512161  1.87344815812 -7.75703733137  7.29441010512  1.90689542726   1.3867785794 -3.43052716386 1779097912.29
  0.12175037523 -0.023062825052 0.0384795899086 0.129752559156  1.92106467251 -7.69929972463  7.27036886077  2.87197064321  1.82076925165 -3.58721385432 1779097912.31
  0.184227626114  0.0140973953627 -0.0280647320194 0.186885483553  1.95488121208 -7.59967541913  7.25303290108 3.54087616925 1.95298552366 -3.2781225676 1779097912.33
  0.258737907215  0.0524932390692 -0.0883426706324 0.278397687189  1.96973479077 -7.46542076444  7.24556470721  4.05471703011  1.93953575231 -2.94261884348 1779097912.35
 0.341116594299 0.0891437575823 -0.141923339337 0.38006496112  1.96349359517 -7.30524537945  7.25054477521   3.9461743556  1.63066915338 -2.38091273488 1779097912.37
 0.426110748892  0.121656358953 -0.189326584244 0.48188711904  1.93711367637 -7.12824362868  7.26979238002  3.97881934044  1.41513240947 -2.14110710795 1779097912.39
0.508136158731 0.148547007245 -0.23180095025 0.57792754711 1.89414257715 -6.9429163128 7.30436219008 4.08107508979 1.24764152768 -2.1370918932 1779097912.41
 0.582097905049  0.169343806384 -0.271010669818 0.664049756403  1.83982631408 -6.75641994808   7.3546902026  3.58732593864 0.947361032312  -2.0283424652 1779097912.43
 0.644120511072   0.18445851309 -0.308689095117 0.737702604902  1.78004959966 -6.57411658023  7.42081778224  2.85073995215 0.661607735432 -1.95238413757 1779097912.45
 0.692054135861  0.194862757282 -0.346316311324 0.798025944833  1.72035491129 -6.39942396027  7.50259878558  1.89891947248 0.400336276117 -1.77390264846 1779097912.47
 0.725671697076  0.201651394931 -0.384871296065 0.845806485876  1.66524290567 -6.23390502372  7.59980009005  1.29659459369 0.255613722097 -1.86528070262 1779097912.49
 0.746536838491  0.205603606023 -0.424695115567 0.883151196127  1.61786709894 -6.07750328972  7.71203975996 0.832403563337 0.135721098269 -2.10235273824 1779097912.51
 0.757588904477  0.206855407303 -0.465482710206 0.912909777151  1.58012354767 -5.92883264731  7.83856004593   0.420665076579 -0.0218292420125   -2.14726300918 1779097912.53
  0.76254321815  0.204772999551 -0.506398848221 0.937999965017  1.55303143494 -5.78545922911  7.97788912907  0.198125751158 -0.227757787713  -2.09476767828 1779097912.55
  0.76523192291  0.198069285561 -0.546291731173 0.960856905721  1.53723086615 -5.64415419773  8.12748983025  0.15067124474 -0.45740006026  -1.8075606752 1779097912.57
 0.769008356569  0.185146462932 -0.583959301016 0.983189468237  1.53340737659 -5.50113205463  8.28351284522  0.256829901778 -0.776194461581  -1.67206685887 1779097912.59
  0.77630971107  0.164589859074 -0.618412626457 1.00607194861   1.5424909487 -5.35230710013  8.44076040598 0.504462202667 -1.28457854277 -1.69168249654 1779097912.61
 0.788427781509  0.135696223728 -0.649081129947 1.03021266981  1.56555774319 -5.19359675515  8.59292551894 0.754129235666 -1.69766545607 -1.48621634062 1779097912.63
 0.805488297794 0.0989041961992 -0.675916951093 1.05615205472  1.60346138525 -5.02127845065  8.73311176249 0.988503028249 -2.06363893885 -1.30255421618 1779097912.65
 0.826598107374 0.0560103062228 -0.699378314141 1.08421935595  1.65630966568 -4.83237596665  8.85457408127  1.09030555176 -2.17061561717 -1.08479757813 1779097912.67
 0.850095823378 0.0100980890307 -0.720299129687 1.11426914009  1.72295744319 -4.62502288811  8.95156793904    1.1194311376  -2.15252121833 -0.954922005467 1779097912.69
  0.873839534917 -0.0348288456964  -0.739677245639 1.14539556879  1.80069235138 -4.39873580612  9.02016424676   1.17843476018  -2.19527926123 -0.990057928756 1779097912.71
  0.895482221493 -0.0744511977779  -0.758430356658 1.17586053415  1.88524486409 -4.15453483624  9.05888535269    1.0054600038  -1.81137388109 -0.969820382751 1779097912.73
 0.912713065576 -0.104860968143 -0.777172861815 1.2033447635   1.9711706053 -3.89487438649   9.0690414165  0.721019356784  -1.25756975473 -0.969415383928 1779097912.75
 0.923469119052 -0.123264694348 -0.796058929022 1.22543837756  2.05255379014 -3.62338588551  9.05469130889  0.328215809198 -0.578433589106 -0.918103414161 1779097912.77
 0.926135915752 -0.128516828664 -0.814720000705 1.24016651674  2.12389398208 -3.34447393419  9.02221074309 -0.0884922047263  0.0451375691423  -0.862862168116 1779097912.79
 0.919751935203 -0.121368655668 -0.832304125148 1.24635634135  2.18098738265 -3.06283514031  8.97951439406 -0.556632658202  0.612982665506 -0.834932025858 1779097912.81
  0.90421209752 -0.104373580258     -0.84760506 1.24375548212  2.22161094063 -2.78297684167  8.93503863357  -1.04892454092   1.06487494427 -0.719074401466 1779097912.83
  0.880438371932 -0.0814572732341  -0.859254945608 1.23293392998   2.2458613349 -2.50880115035  8.89663675428   -1.3959823419    1.2244906009 -0.476390222829 1779097912.85
  0.850463350559 -0.0572276862959  -0.865947253001 1.21508335669  2.25607846539 -2.24329542411  8.87055968675  -1.49372122057   1.07294025036 -0.175285437696 1779097912.87
 0.817366522746 -0.036152751397 -0.866656311096 1.19184236185  2.25637464725 -1.98834365848  8.86068596421 -1.54509707753  0.83730961938 0.120954538859 1779097912.89
  0.785019196723 -0.0217625881243   -0.86082410083 1.16522396218  2.25187434416 -1.74465329249  8.86812422999 -1.51710563462 0.511012749576 0.461331573105 1779097912.91
  0.757631472224 -0.0160319557734  -0.848491679578 1.13762937797  2.24782554155 -1.51178299396  8.89124614488   -1.2122314017 0.0712559507787  0.805030585776 1779097912.93
   0.73914502618 -0.0190660669538  -0.830359529188 1.11184343878   2.2487601315 -1.28825822841  8.92613041515 -0.648093350522  -0.33925380447   1.05293842026 1779097912.95
  0.732565335027 -0.0291531865351  -0.807767455389 1.09086669229 2.25785484985 -1.0717675576 8.96732718805 0.00515804094618  -0.574163179231    1.13779349801 1779097912.97
  0.739361579331 -0.0431715067496  -0.782590857043 1.07748214533   2.27658579606 -0.859436427709   9.00880213993  0.625432985219 -0.663283179673   1.19661386074 1779097912.99
  0.759069902028 -0.0572617671373  -0.757057414512 1.07359301181   2.30469638285 -0.648170604265   9.04490015234   1.26096203493 -0.618424141942   1.24185852696 1779097913.01
  0.789210163271 -0.0676191640905  -0.733497476507 1.07955712271    2.3404313145 -0.435046426457   9.07117932006   1.71470541043 -0.360259151285   1.10887772502 1779097913.03
  0.825570221411 -0.0712334665763  -0.714052521414 1.09385163554    2.3809446575 -0.217703605713   9.08499979248   1.91052492735 0.0310619644531  0.859440831086 1779097913.05
  0.862835655517 -0.0664221357815  -0.700377388232 1.11329499887     2.4227765293 0.00532252801165    9.08579836465  1.70734372671 0.444083048868 0.504971719962 1779097913.07
  0.895463660838 -0.0530540623995  -0.693380520944 1.13377530765 2.46230838958 0.23439796104 9.07502938428   1.3273467301 0.808388406231 0.174327963476 1779097913.09
  0.918637141109 -0.0324375912912  -0.693048663098 1.1512006097  2.49614064798 0.468769995691  9.05579856636  0.850774753343   1.16652729339 -0.126819242663 1779097913.11
   0.929105976104 -0.00692589649341   -0.698395353515 1.16234330242  2.52137339596 0.706750007738  9.03225457941  0.188458127537   1.40902380323 -0.385066225781 1779097913.13
 0.925736968424 0.0206448934834 -0.707555353489 1.16535390529  2.53579830333 0.946074110348  9.00883188245 -0.512249891365   1.43410223653 -0.516778977115 1779097913.15
 0.909651417209 0.0475393691778 -0.718021920969 1.15986256576 2.53802022976 1.18437555646 8.98945654792  -1.01417217651   1.23551894892 -0.471454896305 1779097913.17
 0.883917850855 0.0715911858207 -0.726995669635 1.14671651624 2.52752206487 1.41967686851  8.9768336577  -1.33548194762   1.03297008978 -0.323785865648 1779097913.19
 0.852866663051 0.0914613051538 -0.731789310946 1.12750268776 2.50467333154 1.65080571919 8.97192783377   -1.56411355781   0.874147166131 -0.0803426072336 1779097913.21
 0.821178844582  0.106654576369 -0.730218335479 1.10405104543 2.47067223094 1.87765588759 8.97372461325 -1.59878873821 0.690255977977 0.290357699861 1779097913.23
 0.792950737115  0.117329216945 -0.720907916786 1.07807478457 2.42741002825 2.10124717424 8.97931938166 -1.31809385146 0.454670619517 0.701966365539 1779097913.25
 0.770937465245  0.123985117015 -0.703461698679 1.05098774782 2.37725855124 2.32357711752 8.98432762174 -0.890020218132  0.237157639086   1.02588098723 1779097913.27
 0.756128978756   0.12714086066 -0.678465350823 1.02382179271 2.32280257141 2.54729345811 8.98355568526 -0.539834518094 0.0724784469119   1.30553931927 1779097913.29
 0.747727421779  0.127101308823 -0.647330378187 0.997139738707 2.26656086054 2.77524235847 8.97182685886  -0.311925136054 -0.0804736859222    1.64075126084 1779097913.31
 0.743495810843  0.123881624807 -0.612013873252 0.97092412616 2.21075288673 3.00996041733 8.94483174873 -0.196313321952 -0.261217975059   1.93669216796 1779097913.33
 0.740362274181  0.117301113287 -0.574670899318 0.944532948463 2.15716416538 3.25318015098 8.89986848013 -0.22790623766 -0.45339011382   2.0313494613 1779097913.35
 0.735113772674   0.10720663917 -0.537303988633 0.916832099382 2.10713911321 3.50541300054 8.83635620476  -0.38332479853 -0.588135770763   1.82775401232 1779097913.37
 0.725009921811 0.0937459777236   -0.5014684252 0.886509039174 2.06169056836 3.76566455784 8.75604124419 -0.610499786265 -0.671373056398    1.5696976156 1779097913.39
 0.708188811712 0.0775969755121 -0.468075386145 0.852436068428 2.02167227571 4.03132454439 8.66286252744 -0.991367719777 -0.810224804435   1.54364225272 1779097913.41
 0.683807326034 0.0600719287911 -0.437312545908 0.81390623451 1.98793064986  4.2982581652 8.56249357839  -1.50560787789 -0.924573705622   1.58974041158 1779097913.43
 0.651935782619 0.0430527410374 -0.408678968966 0.770644083118 1.96134841959 4.56110487328 8.46162455005  -1.86127097223 -0.826455845867     1.483325899 1779097913.45
  0.61328828575 0.0287595223993 -0.381112927268 0.722631783758 1.94272045264 4.81376587145 8.36708510349  -2.07565031325 -0.591265226176   1.38729649661 1779097913.47
  0.56890044667 0.0193994761416 -0.353180877635 0.669896104051 1.93245582852 5.05003492082 8.28493529434  -2.17369577348 -0.278888466568   1.34521380777 1779097913.49
 0.519860346511 0.0167725760075 -0.323294093819 0.612417480383 1.93016586597 5.26430122048 8.21966461344   -2.4262878786 0.0600975991297    1.5085606792 1779097913.51
 0.467162821531 0.0219194520546 -0.289924830307 0.550252643272 1.93425615544 5.45223201576 8.17363407868 -2.88635444223 0.483372729527  1.90788862145 1779097913.53
 0.411704909455 0.0348851778621 -0.251803037597 0.4838622509 1.94167255146 5.61133091226 8.14686742183 -2.99624922348 0.869481825129  2.17439427985 1779097913.55
 0.354388003012 0.0546455865383  -0.20808353407 0.414579008101 1.94794279059  5.7412708913 8.13724346559 -2.90923111052  1.11690258932  2.35167878756 1779097913.57
 0.296254815553 0.0792084041434 -0.158478881991 0.345190444628 1.94760324106 5.84392266994 8.14106857621 -2.69780002454  1.19321990177   2.4396669898 1779097913.59
 0.238576896374  0.105868107122 -0.103353557293 0.280729316948 1.93501279251 5.92303944533 8.15392919311 -2.67681563497  1.23560980049  2.70696132715 1779097913.61
  0.182824518163   0.131567477849 -0.0437711582496 0.229457446956 1.90545213001 5.98361330564 8.17165867875 -2.87411739632  1.26137334443  3.24070794478 1779097913.63
 0.130490779251  0.153304216453 0.0185188265309 0.202170653626 1.85631143274  6.0309777773 8.19121910944 -2.77012841454  1.02328699084   3.4600004006 1779097913.65
0.0827940698666  0.168518781584 0.0811708442074 0.204553522827 1.78810767279  6.0697846188 8.21130970057  -2.2762524278 0.558069709058  3.10295673949 1779097913.67
0.0403318837991  0.175408508551  0.141422221977 0.228899651795 1.70506366193 6.10302108636 8.23256962893 -1.76845247683 0.101920831788  2.54620941654 1779097913.69
0.00278899013681   0.173129696709   0.196361775289 0.261800720287  1.6150346036 6.13124811493 8.25733080174  -1.68517850957 -0.318975688165   2.39948230008 1779097913.71
-0.0311962278686   0.161869451108   0.243269258911 0.29386196788 1.52868078149 6.15222406247  8.2889733821  -1.80216750172 -0.819503485568   2.25860562693 1779097913.73
-0.0639344975605   0.142788382327   0.279984437787 0.320729523912 1.45793916567 6.16103005161 8.33102025127 -1.79091572563 -1.17408351334  1.65306042753 1779097913.75
-0.0983413061945   0.117850668797   0.305245861325 0.341664789664  1.4140115383 6.15073375021 8.38615829128 -1.86642536622 -1.35213481578 0.989499038605 1779097913.77
-0.137397531543 0.0895679708833  0.318931401761 0.358633158131 1.40522453445 6.11352793225 8.45538551113 -1.98952778597 -1.33501503168 0.394560656804 1779097913.79
-0.183528096442 0.0606885390282  0.322139998792 0.37568582589 1.43519093611 6.04217572407 8.53745417794   -2.37416970838   -1.31396684659 -0.0437283344718 1779097913.81
-0.238046766795 0.0338643883677  0.317077606976 0.397933749294 1.50168489987 5.93150988151 8.62872014651  -3.00783190356   -1.2658381977 -0.394783393281 1779097913.83
-0.300811413133 0.0113301616385  0.306746350735 0.429778085206 1.59652885863 5.77969349017  8.7234318969  -3.55439693096  -1.05536189724 -0.607921412012 1779097913.85
  -0.370188886737 -0.00537089151686    0.294476860436 0.473059488512 1.70659391581 5.58897144427 8.81441494915  -3.71032135642 -0.700365116109 -0.608219963016 1779097913.87
 -0.443352087687 -0.0155760026785   0.283380158031 0.526410485726 1.81578019964 5.36572809223 8.89404118684   -3.4103870458 -0.330184832955 -0.433898048573 1779097913.89
 -0.516844415259 -0.0195696996101   0.275818113852 0.586162737349 1.90762548173 5.11980040648 8.95532692622   -3.40293487751 -0.0691244804023  -0.245571234351 1779097913.91
 -0.587274279257 -0.0184995222487     0.2729940791 0.647888168301 1.96804542772 4.86314717878 8.99298362156   -3.56774770188   0.143565978388 -0.0283048241406 1779097913.93
 -0.651967531201 -0.0141323525878    0.27474611091 0.70763465898 1.98767563908  4.6081070065 9.00425330928 -3.28286963733 0.269417130425  0.17721519086 1779097913.95
  -0.709420425522 -0.00847528496405    0.279587747145 0.762573589208 1.96337288586  4.3655607442  8.9893959261 -2.73148164248 0.274696821471 0.260405786854 1779097913.97
  -0.759455982094 -0.00332256520136    0.284993521765 0.811175527014 1.89861669553 4.14333054538 8.95175141368 -2.17137411227  0.20063319257 0.192233938898 1779097913.99
  -0.803073172446 0.000178152277391    0.287878919232 0.853112433492 1.80278406785  3.9450964099 8.89736597559   -1.93285571748   0.120652419239 0.00454518969783 1779097914.01
 -0.842063676496 0.00183395946169   0.285187777155 0.889048180314 1.68949173709 3.77000535668 8.83423768329  -1.94932994291 0.0599343978464 -0.346099148963 1779097914.03
 -0.878529174731 0.00249813411389   0.274481875663 0.920412978829 1.57436226405 3.61301169089 8.77129231135  -1.94741024284 0.0555438235964 -0.827498868993 1779097914.05
 -0.914447392471 0.00389847995302   0.254430291246 0.949191237236 1.47264269658 3.46584891514 8.71723919236 -1.89844252838 0.149097506282 -1.28595418551 1779097914.07
 -0.951405254913 0.00822158460567   0.225117568379 0.977710321681 1.39708285336 3.31842375678  8.6794743217   -1.774358029 0.318050698498 -1.54589600844 1779097914.09
-0.990553120175 0.0175403039031   0.18812375178 1.00841146966 1.35638234921 3.16036204207 8.66319026711 -1.89503084998 0.582381463175 -1.83446055728 1779097914.11
-1.03275465033 0.033221905805 0.146368318859 1.04360411439 1.35437447905 2.98243333672 8.67081848035  -2.2737226195 0.976862380166 -2.17312131174 1779097914.13
 -1.07883590165 0.0554693491176   0.10374705946 1.08523140561 1.38996890862  2.7776311313 8.70187356842 -2.59641630074  1.33509828298 -2.18721810582 1779097914.15
 -1.12979625927 0.0831214867928 0.0646205790855 1.13469140663 1.45775519093 2.54177213604 8.75320156107  -2.7986766767  1.51077510091 -1.82712009688 1779097914.17
 -1.18684671577  0.113775494287 0.0332320439911 1.19275075291  1.5490924668 2.27358103675 8.81956938447 -2.85236878906  1.43546542892 -1.20966531628 1779097914.19
 -1.25118928141  0.144212986342 0.0131388320263 1.25954143729  1.6534784127 1.97432479689 8.89448339029  -3.15724577996   1.32253687483 -0.611963021529 1779097914.21
 -1.32353335501  0.171032082241 0.0067383293482 1.33455532671 1.75999236424 1.64713605931 8.97109849923 -3.89677828278  1.20601164108 0.046446132931 1779097914.23
 -1.40343877127  0.191332592281 0.0149535105971 1.41649996578  1.8586297998 1.29620762891 9.04307781864 -4.45898244919 0.870992301106  0.82045612873 1779097914.25
 -1.48865470863   0.20328594944 0.0371207827694 1.5029291305   1.9413777403 0.926045543115    9.105282168 -4.43687234373 0.391745409732   1.4547072947 1779097914.27
 -1.57466487742  0.206450683565 0.0710930265349 1.58973129155  2.00291985553 0.540938333719  9.15420388159   -3.92484150765 -0.0360565177534    1.80697832102 1779097914.29
-1.65463708305 0.201761111706 0.113538276739 1.67075502785   2.0409084701 0.144739683373  9.18810332558  -3.37577022548 -0.354382660698   2.07534151142 1779097914.31
-1.71990664318 0.191203448132 0.160384135098 1.73791849367    2.0558002871 -0.259020766547   9.20685445637  -2.71217866398 -0.624312640723    2.3915520579 1779097914.33
-1.76100963368 0.177275361978 0.207335745074 1.78201279318  2.05031874306 -0.66677432954  9.21155248638  -1.32652270557 -0.776519125548   2.42459530868 1779097914.35
-1.76914762002 0.162378792424 0.250385942785 1.79414138072  2.02866480125 -1.07445243386   9.2039760282  0.606183653984 -0.757982985065   2.06463812426 1779097914.37
-1.73784249382  0.14830675204 0.286242129076 1.76749143774  1.99563222171 -1.47712599032  9.18601983112   2.48163539106 -0.626472898258   1.47513421113 1779097914.39
-1.66446084531 0.135951289255 0.312613876584 1.6990115051  1.95578133035 -1.86893245628  9.15921476151   4.42014908283 -0.545236882858  0.997232429998 1779097914.41
-1.55127598059 0.125293287513 0.328333509675 1.59058431698   1.9127888527 -2.24340840976  9.12442624158   6.65571597905 -0.522238766011  0.532603741681 1779097914.43
-1.40580013027  0.11565555352 0.333312425784 1.44939552453  1.86903572378 -2.59423005752  9.08177621448     8.23700661391   -0.507485963342 0.000765949818537 1779097914.45
-1.24024841571 0.106130728735 0.328362431772 1.28736232306 1.82544107713 -2.9162336249 9.03077914249   8.74573794436 -0.510798590806 -0.479013689489 1779097914.47
 -1.07016245261 0.0960524904213  0.314929180902 1.11966697946  1.78151553545 -3.20648092188  8.97063418808  7.51529960876 -0.47585035264 -0.76951497772 1779097914.49
-0.912389012307  0.085371474834  0.294791884404 0.962623630296  1.73559539212 -3.46508696037  8.90058538455   6.57039577248 -0.485229224009  -1.03209092986 1779097914.51
-0.782741787365  0.074826233862  0.269780567039 0.831303329304  1.68522376424 -3.69555463978  8.82025542988  5.73807582431 -0.51215677262 -1.39721683366 1779097914.53
-0.693743674173 0.0658561017096  0.241551920975 0.737539586812  1.62765096973 -3.90446244889  8.72987668267   3.52551185229 -0.394967001737  -1.58304946491 1779097914.55
-0.652838529345 0.0602730278353  0.211450516904 0.688870310277 1.56042153289 -4.1005003059 8.63037912803  0.841009005842 -0.157985950315  -1.58726640298 1779097914.57
-0.661377600876 0.0597760421474  0.180466272207 0.688158107966 1.48199513785  -4.293008194 8.52333866898 -1.42433496485 0.119219446573 -1.43495909834 1779097914.59
-0.714545729188 0.0654380335372  0.149283042234 0.732900513053  1.39231982587 -4.49030132214  8.41082652725 -3.33174546562 0.414690918312 -1.46821620478 1779097914.61
-0.802226185944 0.0773069819168   0.11839785277 0.814592704613  1.29325138302 -4.69813065293  8.29521985378 -5.17039033427 0.759341669273 -1.60850520841 1779097914.63
 -0.91064390271 0.0942376994805   0.08827702275 0.919753170308  1.18870792594 -4.91861089924  8.17902950596 -5.88496307055 0.971768668074 -1.55919127536 1779097914.65
 -1.02450283772  0.114010948152 0.0595067752889 1.03254327614  1.0844730455 -5.1498522309 8.06477721528  -5.7421048912  1.03701676535 -1.45463187986 1779097914.67
 -1.12926205437  0.133719856769 0.0328950785078 1.13762730001 0.987615945803 -5.38638035835  7.95492217704 -4.46418611026 0.859313125005 -1.18338214653 1779097914.69
  -1.21318351716    0.15033017416 0.00949063753529 1.22249886698 0.905574826763 -5.62026023335  7.85180942716 -3.32151534903 0.655698733485 -1.00884719483 1779097914.71
   -1.26883081945    0.161272058966 -0.00949628276642 1.27907408104  0.84503389933 -5.84269240834  7.75759874993  -2.12881756201  0.385063167797 -0.854392448314 1779097914.73
  -1.29379407654    0.16491111238 -0.0228620893578 1.30446213537 0.810793057659 -6.04576049202  7.67413689852  -0.568550165094 -0.0129209257737  -0.527193855486 1779097914.75
  -1.29054856648   0.160778499357 -0.0296342820031 1.30086260573 0.804860442752 -6.22398906984  7.60275563445  0.722416448877   -0.3933901439 -0.164465731078 1779097914.77
  -1.26550372215   0.149505667778 -0.0293026871926 1.27464122912 0.825976920823 -6.37542207454  7.54400732849   1.48098762251 -0.663841953372  0.179076978589 1779097914.79
  -1.22743955036     0.1324903409 -0.0220033121306 1.23476543763 0.869705997041 -6.50203584861   7.4973798125   1.88852402205 -0.901121997079  0.489303211357 1779097914.81
   -1.18563269045    0.111394665347 -0.00860866802775 1.19088528302 0.929106651478 -6.60943435588  7.46105360278  2.03923582476 -1.15208753872 0.803863948404 1779097914.83
  -1.14802256585  0.0876228875604 0.00930275358426 1.15139920243 0.995876736428 -6.70590833202  7.43177088897  1.69813429149 -1.27491026117 0.984826761599 1779097914.85
 -1.11974953153 0.0619314893396 0.0296000286384 1.12185145382  1.06174352849 -6.80104968456   7.4048752623  1.17808722844 -1.37472220799  1.04518421704 1779097914.87
 -1.10231615057 0.0342875974291 0.0498529121055 1.10397547436  1.11981529773 -6.90417801699  7.37455783412 0.625080234661 -1.37884203206  0.90576043771 1779097914.89
  -1.09349702129 0.00402202017452  0.0676407214219 1.09559444112  1.16561160365 -7.02284935527  7.33431571888 0.344735294595 -1.53981230739 0.745530670016 1779097914.91
  -1.08797722092 -0.0297593995273  0.0808625360215 1.09138389434  1.19756217389 -7.16168171278  7.27759835116 0.397214630709 -1.90535611599 0.541363164082 1779097914.93
  -1.07856239804 -0.0676162669252  0.0879950947846 1.08425640082  1.21688846443 -7.32166155854  7.19858797666 0.782056231354 -2.05255586003 0.190981101825 1779097914.95
 -1.05770056267 -0.109222396963 0.0882562109514 1.06698133584  1.22692744305 -7.50000763996  7.09303274389     1.499490079  -2.14942120141 -0.159739153152 1779097914.97
 -1.01900578202 -0.152986790502 0.0816505890491 1.03365591981 1.23208607235 -7.6905809032 6.95902519665   2.35633402354  -2.06041816763 -0.459766664134 1779097914.99
-0.958486090479 -0.195977202923 0.0688975349503 0.980739272197 1.23669375799 -7.8847535918  6.7976010846   3.47552573162  -1.96364322758 -0.734690792126 1779097915.01
-0.875248436792 -0.234208498863 0.0512617483393 0.907491715603   1.2440292603 -8.07259370575  6.61303268403  4.98924801093  -1.7961572602 -1.02958042447 1779097915.03
-0.771567005765 -0.263269121534 0.0303249424153 0.815809951442   1.2557385077 -8.24418583187  6.41271611515  5.51717118856  -1.1127784294 -1.07706563325 1779097915.05
-0.652333518693 -0.279169023736 0.0077441576725 0.709601532835  1.27174915423 -8.39089727314  6.20660606995   6.00128701763 -0.386793775844  -1.09787303894 1779097915.07
 -0.524031143341  -0.279223254473 -0.0149591689309 0.593968047764  1.29065711748 -8.50641028931  6.00622719162  6.34933220706 0.402547187801 -1.08630775193 1779097915.09
 -0.393461819821  -0.262756577359 -0.0365462218616 0.474540671529  1.31044290944 -8.58737702505  5.82337424161   6.12146886579   1.13582460255 -0.978542888611 1779097915.11
 -0.266492730279  -0.231437588635 -0.0561277819175 0.357396223578  1.32929897566 -8.63361073258  5.66868473149    6.2699593018   1.87368005136 -0.931543922686 1779097915.13
-0.147066093179 -0.189125037579 -0.073153866454 0.250495915694  1.34632997546 -8.64779864497  5.55031102225   5.76784789958   2.26394782817 -0.783368911154 1779097915.15
-0.0366453864451  -0.141219815222 -0.0873448435678 0.170044236177  1.36192848906 -8.63479770333  5.47292250638   5.33119433277   2.39112820273 -0.637015566418 1779097915.17
 0.0658306653681 -0.0936373453554  -0.098592546939 0.151069915138   1.3777173554 -8.60064107741  5.43722829775    5.1961968598   2.32604919332 -0.506636402234 1779097915.19
  0.163522535391 -0.0516157363781  -0.106861493629 0.202047476211  1.39606367071 -8.55142790844  5.44013091705   4.76160699293   1.83081397641 -0.330035641542 1779097915.21
   0.26091752414 -0.0186274278667  -0.112114371963 0.28459544598 1.41928001968 -8.4922810806 5.47551356575   5.00460448383   1.40488448376 -0.186106584119 1779097915.23
  0.36288680183 0.0043494783439 -0.114275266834 0.380479415362  1.44870978519 -8.42653477118  5.53554556855    5.21685294578   0.922727921662 -0.0274046439284 1779097915.25
 0.473755667508 0.0190181986675 -0.113232431758 0.487470725252  1.48392810775 -8.35526061637    5.612283764  5.71942760558 0.611862760225 0.132231434344 1779097915.27
 0.596539985138  0.029345630325 -0.108873275988 0.607103376791  1.52227224011 -8.27717270547  5.69927401677  6.62552775878 0.553070162429 0.309717771921 1779097915.29
 0.732446871917 0.0406126122222 -0.101139619477 0.740511328124  1.55884928128 -8.18888566314  5.79283591482  6.90634793696  0.69953635044 0.456525699519 1779097915.31
  0.880675921315  0.0581254453064 -0.0900912281957 0.887178153008  1.58706900519 -8.08545225619  5.89275710022  7.52033474424  1.11186504782 0.618499436706 1779097915.33
   1.03850267033  0.0858622927895 -0.0759684874258 1.04481162928  1.59963503018 -7.96108369072  6.00223073864  8.03955688068  1.68415888274 0.772689249196 1779097915.35
   1.20158701695   0.125351199202 -0.0592481659191 1.20955968336  1.58982314718 -7.80995335977  6.12702288479   8.2955598253  2.26969649949 0.897990290183 1779097915.37
   1.36442887863   0.175036934362 -0.0406871349273 1.37621202442  1.55280449714 -7.62699405093  6.27402307932 7.98870246653 2.62566379458 0.94826395088 1779097915.39
   1.52089101502   0.230297521924 -0.0213465827765 1.53837645093  1.48674986879 -7.40861147805  6.44947094233  6.99088075081  2.53983278637 0.887030397135 1779097915.41
    1.66472161405    0.284135252889 -0.00258481365301 1.68879767156  1.39348490479 -7.15325042418  6.65722779876  6.63787769376   2.4199777552 0.871680114847 1779097915.44
  1.79003159096  0.328418372721 0.0139967150319 1.81996363486  1.27854760554 -6.86176466967  6.89745537891  5.97753657949  1.87729871812 0.770357276798 1779097915.45
  1.89170617478  0.355421780245 0.0266679070548 1.92499040799 1.15061253692 -6.5375592111 7.16597539013  4.58193846473 0.806303184815 0.515065088541 1779097915.47
  1.96574941349  0.359340184751 0.0337495154064 1.9986083045  1.02036789066 -6.18649149078  7.45443739535   3.03033793129 -0.462146148417  0.184530782221 1779097915.49
  2.00956795059  0.337447096571 0.0338450358695 2.03798414555 0.899037484491 -5.81653418486  7.75125480102   1.31354782547  -1.59845287682 -0.178201842083 1779097915.51
  2.02219530606  0.290651327288 0.0260918101916 2.04314288107  0.79680804577 -5.43721377634  8.04311902152 -0.121781815119  -2.71173357372 -0.557630887347 1779097915.54
  2.00444355509  0.223341428879 0.0103807673501 2.01687459197 0.721438197361 -5.05884903322  8.31680035123   -1.627930309 -3.81176458744 -0.99372788802 1779097915.55
   1.95895359431   0.142572189038 -0.0125124545622 1.96417478226 0.677286264195 -4.69162760099  8.56090580889 -2.99438870413 -4.36179142486 -1.34388040141 1779097915.57
   1.89010746164  0.0567931810489 -0.0409332237024 1.89140350289 0.664908852378 -4.34458276781  8.76728952197 -3.94134283458 -4.27104454622 -1.52393846398 1779097915.59
   1.80377329367  -0.025589273832 -0.0725136366276 1.80541162436 0.681270904991 -4.02456597812  8.93188999374 -4.27450774769 -3.59962584801 -1.48258270064 1779097915.61
   1.70687644846 -0.0975083502878  -0.104485601283 1.71284918471 0.720494777136 -3.73534533527  9.05488391425 -4.81846152635 -3.14501497893 -1.50653082368 1779097915.64
  1.60682347621 -0.154138629806 -0.134091584089 1.61975953581 0.774982612311 -3.47698125077  9.14017588736 -5.05834991132 -2.47067931171 -1.40704537699 1779097915.65
  1.51083919498  -0.19325996791 -0.159015895958 1.53142761613 0.836688112848 -3.24562243304   9.1943626247 -4.66742662362 -1.56673154835 -1.12257606732 1779097915.67
  1.42530111501 -0.215070880694 -0.177750044051 1.45235458147 0.898298545757 -3.03382039065  9.22539613693  -4.04950083473 -0.736164780991 -0.801219135942 1779097915.69
   1.3551629104 -0.221560591275  -0.18981742516 1.38621292168 0.954117286753 -2.83138221638  9.24120828863   -2.86014234491 -0.0132446550385  -0.424298265827 1779097915.71
  1.30354725658  -0.21563469454 -0.195812065013 1.33569312959  1.00050746697 -2.62668508888   9.2485443433  -1.94030287131  0.495185782822 -0.172382713811 1779097915.74
  1.27156060709 -0.200224400608 -0.197244921217 1.30225256653  1.03585737517 -2.40828364537  9.25219162998   -1.18181536778   0.994645666037 -0.0109157836748 1779097915.76
   1.2583448272 -0.177591188162 -0.196229575188 1.28587572511  1.06013866913 -2.16657376064  9.25469554824 -0.279946420273   1.40396175675 0.0596182601736 1779097915.77
  1.26134190171 -0.148976481315 -0.195068713944 1.28500162963  1.07422269281 -1.89524693474  9.25654925219  0.478584356553   1.63939944772 0.0106992905855 1779097915.79
  1.27671718652 -0.114656336021 -0.195818840469 1.29672582608  1.07917150604 -1.59228417739  9.25674856014  0.883468333325   1.71088480548 -0.111052541207 1779097915.81
   1.29987046179 -0.0743638149281  -0.199911778879 1.31725392911   1.0757115992 -1.26029685629  9.25354063384   1.14016781026   2.00728073245 -0.279677085421 1779097915.84
   1.32596457091 -0.0279556548364  -0.207898961314 1.3424550421   1.06403067614 -0.906119394794   9.24517675487   1.31648537675   2.55828017759 -0.506571625346 1779097915.86
  1.35041588139 0.0238593384146 -0.219361197622 1.36832439713   1.04393155225 -0.539683406836   9.23050727375   1.18588376135     2.924223378 -0.686615744359 1779097915.87
  1.36931235134 0.0789339047181 -0.232996925803 1.39123486309   1.01526470633 -0.172335353014   9.20931896698  0.765680775653   2.86021917883 -0.718177197846 1779097915.89
  1.37974513478  0.133419478478 -0.246870835683 1.40799240186 0.978476019497 0.185125332264  9.18239078355 0.246746242492  2.36685458985 -0.59235019487 1779097915.91
   1.3800512708  0.181944433069 -0.258777261783 1.41584284367 0.935072866104 0.524339325282  9.15131035818 -0.226163213988   1.96179243461 -0.457460880564 1779097915.94
  1.36996495875  0.218255004993 -0.266653221413 1.41263695828 0.887837951541 0.840855525748  9.11813367311 -0.762638411345   1.40885701286 -0.264468369119 1779097915.96
  1.35066545513  0.236230201882 -0.268967698863 1.39729936055 0.840696511425  1.13488253012  9.08497824141  -1.20101573224   0.34029256142 0.0433746218068 1779097915.97
  1.32469762141  0.231080930381 -0.265018393838 1.37056810616 0.798245334089   1.4111622931  9.05362294845  -1.40179015794 -0.912419058889  0.354305686743 1779097915.99
  1.29573557327  0.200476582964 -0.255084044876 1.33573553 0.765052100221  1.67797755547  9.02516063357 -1.25356122982 -1.90157330292 0.545779981593 1779097916.01
  1.26816831926   0.14532954525 -0.240406463639 1.29890986233 0.744903671117  1.94548183276  8.99972923748 -1.15747140097 -3.06764721957 0.754286080895 1779097916.04
  1.24651183287 0.0700188712191 -0.223006550604 1.26823748305 0.740203569021  2.22368060963  8.97634338216 -0.932441860513  -4.55086672936  0.975961940553 1779097916.06
   1.23469154753 -0.0180568631841  -0.205367222607 1.25178471151 0.75168492362 2.52046179539 8.95285788317 -0.300323427029  -4.80327437005  0.881804354898 1779097916.07
  1.23528360107 -0.109561784783 -0.190038414221 1.25460908598 0.778521881762  2.84005716168  8.92610463371 0.362464507511  -4.5269901253 0.669599315438 1779097916.09
  1.24883925582 -0.194754262179 -0.179231433897 1.27657848032 0.818810225467  3.18221927494  8.89223858164 0.872580028847 -3.55917517891 0.356104188658 1779097916.11
  1.27343176579 -0.265164705448  -0.17446996113 1.31239496741 0.870278378682  3.54224325314  8.84729775305   1.30487466055  -2.81794948683 0.0674180785793 1779097916.14
  1.30454969436 -0.315064056248 -0.176353080262 1.35359361461 0.931017670684  3.91178562538   8.7879287636   1.65816444538  -2.06617060774 -0.267383337681 1779097916.16
   1.3354135244 -0.342397629008 -0.184464681219 1.3908963427 1.00001086419 4.28027470449 8.71216654053   1.42240612219 -0.907043481443 -0.564064105784 1779097916.17
  1.35771954601 -0.348969539779 -0.197437919787 1.41568493581 1.07729605864 4.63660291137 8.62010602957  0.719343314811 0.0676166893021 -0.755613664624 1779097916.19
  1.36272978167 -0.339829960911 -0.213158264426 1.4205468334  1.1637120444 4.97076018468 8.51428734221 -0.357657888627  0.635746002071 -0.745628232732 1779097916.21
  1.34254738932  -0.32200064502 -0.229068113721 1.39949637681 1.26029712207 5.27510886583 8.39965091576  -1.65241458106  0.856748617897 -0.679902425006 1779097916.24
  1.29136317378 -0.302827598807 -0.242522765518 1.34838447521 1.36751733413  5.5450988083 8.28300707888  -3.55310609326  0.878901909927 -0.576294448993 1779097916.26
  1.20644635059 -0.288334478082 -0.251142960648 1.26559170145 1.48455091032 5.77935175676 8.17208488281  -5.40560678773  0.556962692929 -0.282461326278 1779097916.27
  1.08868823228 -0.281945136275 -0.253113220027 1.15273649596 1.60884022078 5.97917652669 8.07434092677  -6.90026211504  0.117240873818 0.0982422385955 1779097916.29
 0.942585567051 -0.283851276094 -0.247386252044 1.01500692404 1.73604856108 6.14768240713  7.9957801932  -7.30859247247 -0.214822242449  0.451633396718 1779097916.31
 0.775654316925 -0.291146175724 -0.233769335276 0.860844827549 1.86045147154 6.28871656756 7.94004240152 -8.00510347361  -0.3435743699  0.80001732657 1779097916.34
 0.597371892531 -0.298667645563 -0.212886145719 0.700982204861 1.97568293297 6.40585490165 7.90793935222  -9.33014786509 -0.239621148976   1.24492958186 1779097916.36
 0.417833266045 -0.300335900537 -0.186024967481 0.547166866588 2.07567403348 6.50163243613 7.89751545369 -9.27722151182 0.211366358377  1.53254704519 1779097916.37
 0.246356033342 -0.290670321818  -0.15490021565 0.411308409783  2.1555830378 6.57712705415 7.90458185503 -8.36687610137 0.873391692798  1.65154578125 1779097916.39
0.0902720646872  -0.26614282433 -0.121367344534 0.306122656666  2.2125252842 6.63192914997 7.92357885831 -6.80990963246  1.50512883507  1.57890327878 1779097916.41
-0.0459000772027  -0.226075764335 -0.0871395321628 0.246597579819 2.24596115658 6.66445660512 7.94857286492 -5.91009937923  2.19493180409  1.59634195437 1779097916.44
 -0.160786090992  -0.172903185668 -0.0535555124172 0.242107148967  2.2576749413 6.67251971226 7.97419719332 -5.49645851663  2.99112114244  1.71904074481 1779097916.46
 -0.255969088207  -0.111758179969 -0.0214395567974 0.280124471447 2.25135874655 6.65400901985 7.99638999266 -4.65933522496  3.29388024703  1.66759696335 1779097916.47
 -0.335354084615 -0.0494937209702 0.00892315503423 0.339104133238 2.23188840907 6.60757052731 8.01284748025 -3.81643962773   3.0479308999  1.52233602088 1779097916.49
 -0.404221652873 0.00664106563896  0.0376967695674 0.406029918651  2.2044319861 6.53314433509 8.02317529541 -3.12433690963  2.34996112684  1.32683053423 1779097916.51
-0.468145911866 0.0503852744865 0.0653166414566 0.47535832204 2.17356008832 6.43227089263  8.0287682444 -3.01514137563  1.67562807153  1.28813344903 1779097916.54
-0.531956903116 0.0776283741483 0.0922680244306 0.545451830667 2.14252749586 6.30810959272  8.0324721928 -3.34798667952 0.940758885921  1.37130743915 1779097916.56
-0.598905089534  0.087127612519  0.118874510779 0.616773602261 2.11286516902 6.16516336273 8.03808532199 -3.65851559898 0.080292064836  1.39988224012 1779097916.58
 -0.67014439114 0.0806611229361  0.145143625219 0.690410308202 2.08436185462  6.0087540199 8.04975104336  -3.78157573147 -0.636176024927   1.34518096941 1779097916.59
-0.744597902633 0.0626176512544  0.170700313956 0.766476094891 2.05543233896 5.84433818701  8.0712942666  -3.50558708917 -0.976560668791   1.16813410522 1779097916.61
-0.819213817408 0.0391344585258  0.194816640449 0.842968746676 2.02378091627  5.6767834419 8.10556321704 -3.41806840492 -1.07623442878  1.08045937408 1779097916.64
-0.889563535631  0.016972863983  0.216524287773 0.91569325062 1.98719612188 5.50973208192 8.15385763007  -3.41395526614 -0.955125555143   1.03776645763 1779097916.66
-0.950684708049  0.002352720741   0.23478086664 0.979249204622 1.94427816705 5.34516304009 8.21553984232  -2.88183727767 -0.452223534233  0.853621796102 1779097916.67
    -0.99803478967 -4.86570599706e-05     0.248654286027 1.02854382392 1.89491703795 5.18322445475 8.28792464595 -2.04784164396 0.259963059395 0.598419658193 1779097916.69
 -1.02840135461 0.0122184529202  0.257491201302 1.06021712658 1.84040540474 5.02235849609  8.3665173057 -1.00685260482 0.925243508787 0.292923375778 1779097916.71
 -1.04061839928 0.0390833948262   0.26104312489 1.07357239054  1.7831691619 4.85968723996 8.44561518703 -0.173213339608   1.50776366508 0.0467799266175 1779097916.74
 -1.03596453816 0.0780534132911  0.259533799015 1.07082802189 1.72620143092 4.69158406512 8.51921450413   0.56090702026   2.13742768897 -0.184416426654 1779097916.76
-1.01816676084 0.124639025133 0.253661418504 1.05666577247 1.67236318657 4.51432645236 8.58208587402   1.11469831089    2.4632340602 -0.389014717169 1779097916.78
-0.992995687327  0.173004967316  0.244538248032 1.03719338048 1.62374374245 4.32471638903 8.63082214732   1.38581380829   2.51923442877 -0.549370378769 1779097916.79
-0.967505291656  0.216735175873  0.233577977028 1.01862618128 1.58125098428 4.12056411934  8.6646397487   1.06879535227   1.86232283412 -0.539456295355 1779097916.81
-0.949030457981  0.249612196516  0.222347545483 1.00618263243 1.54453430047 3.90095838486 8.68574222824  0.536028698454   1.13586690548 -0.484892441308 1779097916.84
-0.94409861246 0.266334893841  0.21240425657 1.00367924853 1.51225336831 3.66628825152 8.69913032042 -0.213493939541  0.343425944892 -0.437426417443 1779097916.86
-0.957429110063  0.263122252274  0.205139598974 1.01389648165 1.48261760303 3.41803127075 8.71185161891  -1.25705539641 -0.752012318695 -0.287174340965 1779097916.88
-0.991182624451  0.238167672943  0.201647912695 1.03914807229 1.45405537225 3.15836946042 8.73180040392   -2.28428161455    -1.8663013502 -0.0657225037349 1779097916.89
-1.04458387681 0.191915156872 0.202632014337 1.08122460033 1.42584240538 2.88972680804 8.76627618743 -2.92019270269 -2.64054108367 0.159418223721 1779097916.91
-1.11398056855 0.127129447251 0.208351658687 1.14040563711 1.39852866487 2.61433163706 8.82056489994 -3.47775115884 -3.34765653518  0.37372815788 1779097916.94
 -1.19332946455 0.0487337973866  0.218616600916 1.21416778584 1.37404707211 2.33389294234 8.89680799186 -4.06173865707 -4.12933959477 0.617216538214 1779097916.96
 -1.27503029435 -0.036600685483  0.232824566135 1.29662991647  1.3554554947 2.04944707508 8.99337453408  -4.2236747307 -4.55047172246 0.842022368617 1779097916.98
 -1.35097268928 -0.121106704574  0.250044002396 1.37924473688 1.34634272278 1.76138932696 9.10486184871 -3.72481269497 -4.30448856413  0.97594865288 1779097916.99
 -1.41363052869 -0.196770651752  0.269139603447 1.45241388288 1.35000588088 1.46966434083 9.22273787805 -2.54535709473  -3.2443665303 0.933289896298 1779097917.01
 -1.45703611264 -0.256297409866   0.28893360323 1.50735703234  1.3685658648 1.17405891054 9.33652249867  -1.4715337055 -2.24204031897 0.904375189876 1779097917.04
 -1.47749235719 -0.294071035573  0.308387806233 1.53771404317  1.40221512149 0.874526758007  9.43530674619 -0.418746470536  -1.25610969905  0.938188727256 1779097917.06
 -1.47392912166 -0.306971204073  0.326781875979 1.54061181687  1.44877956642 0.571478800655  9.50934887912   0.778239427074 -0.0219525430385   0.931833298853 1779097917.08
-1.44787074814  -0.2949066006 0.343855556542 1.51708149094  1.50372289892 0.265990098052  9.55147690524 1.86410746693 1.21015795329 0.87041503588 1779097917.09
 -1.40304483952 -0.260953911982  0.359880152809 1.47178309892    1.56063523105 -0.0401024314336    9.55806826759  2.54979729405  2.07295977904 0.785441920644 1779097917.11
 -1.34471661243 -0.211043316692  0.375631252072 1.41205555372   1.61214531768 -0.344218339747   9.52945711455   2.9278285742  2.54063898487 0.763263679049 1779097917.13
-1.27887104535 -0.15320143455 0.392251360541 1.34641856792   1.65109951605 -0.643164744639   9.46972067286  3.24608415804  2.79008938278 0.861431774195 1779097917.16
  -1.21138218626 -0.0964390893557   0.411014965402 1.28284083227   1.67178484753 -0.933375007621   9.38590067042 3.48978900484 2.75224169861 1.08173096059 1779097917.18
  -1.14730372077 -0.0494401250888   0.433033324208 1.22730110957  1.67095557212 -1.21125016423  9.28680674138 3.25956086094 2.07931708204 1.29149098675 1779097917.19
  -1.09038772578 -0.0192551191102   0.458954937018 1.1831972728  1.64845705066 -1.47359276306  9.18161215656  2.60304396235 0.977821685932  1.38842963923 1779097917.21
  -1.04289285543 -0.0102186559731   0.488724715592 1.15177331818  1.60731849936 -1.71810505462  9.07847856593    1.97810805151 -0.0940913147517    1.45968461342 1779097917.23
  -1.00568612813 -0.0232840621594   0.521457902277 1.13307770242  1.55328988092 -1.94389338215  8.98343224205  1.57660697107 -1.12007093123  1.63621175456 1779097917.26
 -0.978584057017 -0.0559056388737   0.555464755323 1.12662917214  1.49390643229 -2.15188720278  8.89966216422  1.17979549795 -2.08365254391  1.76157098058 1779097917.27
-0.960830145241  -0.10250481103   0.58843306696 1.13135108546  1.43725588983 -2.34506140876  8.82732881546 0.712568726238 -2.62644990668  1.64322008853 1779097917.29
-0.951577043393  -0.15545051897  0.617744316135 1.14510775627  1.39068003713 -2.52836229205  8.76387669406  0.26690824828 -2.61845739885   1.3217989143 1779097917.31
 -0.95024107029 -0.206387107026  0.640872914224 1.16459083879    1.359652427 -2.70828841012  8.70475298808 -0.120040971452  -2.19176882814  0.904461520869 1779097917.33
-0.956628100953 -0.247675285027  0.655802048821 1.18598343057  1.34703627688 -2.89215776395  8.64436946459 -0.497367274775  -1.62899640387   0.49651905817 1779097917.35
-0.970789364082  -0.27368766818  0.661386164689 1.20613788099  1.35284791428 -3.08717568992  8.57711802455 -0.924486786205 -0.874090237827 0.0461049789374 1779097917.37
-0.992640797708 -0.281724821636  0.657598034064 1.22357664362  1.37454619596 -3.29947265356  8.49826548993  -1.29793822616 0.0333554898789 -0.404056728983 1779097917.39
-1.02145108501 -0.27238572138 0.645614836876 1.23869884067  1.40775762986 -3.53328767197  8.40460200617 -1.61848671891 0.836190807451 -0.77112204804 1779097917.41
 -1.05535164774 -0.249325274757  0.627719680078 1.2529813206  1.44725556145 -3.79043192675  8.29478490169  -1.67397981809   1.29773188243 -0.928503908775 1779097917.43
 -1.09103275182 -0.218443405902  0.607020076705 1.26749491544  1.48796360853 -4.07009718683  8.16938909141  -1.62686087409   1.49041085419 -0.968133124513 1779097917.46
 -1.12375863283 -0.186655802089   0.58701117865 1.28150535589  1.52576243209 -4.36900102124  8.03073094764  -1.47507631477   1.50713668233 -0.935564076404 1779097917.47
 -1.14776596929 -0.160477107961  0.571037151843 1.2919764128  1.55794249054 -4.68180647832  7.88256286554 -0.869061223137   1.09662288409 -0.660692775047 1779097917.49
 -1.15701781012 -0.144687786541  0.561726310846 1.29428019254   1.5832452658 -5.00172717405  7.72973344462 0.0406683454543  0.493707026929 -0.272185884572 1779097917.51
  -1.1461901221 -0.141346582171  0.560490291457 1.28369779119  1.60154352876 -5.32122696857   7.5778750726   1.06266251865 -0.109318690092   0.12785461973 1779097917.53
 -1.11169476361 -0.149350279091  0.567179369343 1.25692608784  1.61329840346 -5.63273658195  7.43312978395   2.24735432615 -0.558802289839  0.467338676615 1779097917.56
 -1.05251213732 -0.164639514572  0.579970684435 1.21295258101  1.61897524185 -5.92932613102  7.30187659866   3.67143948588 -0.824293121715  0.737944679921 1779097917.57
-0.970630320277 -0.181021358187  0.595532759309 1.15306167145  1.61859278656 -6.20528486697  7.19039950507   4.58871841132 -0.677669669138  0.745412821312 1779097917.59
-0.870962379182 -0.191451088851  0.609462473927 1.08012660948  1.61152735284 -6.45656556255  7.10444593626  5.29231488225 -0.21414856627  0.53969064114 1779097917.61
-0.760723354338 -0.189515047018  0.616938293097 0.997611563872  1.59661459011 -6.68105432429  7.04866875183   5.27121969965  0.488835223884 0.0953091681862 1779097917.63
 -0.6483668873    -0.17080833 0.613487233353 0.908802339143 1.57250931008 -6.8786327321  7.0260057119   5.32373478672   1.35492137059 -0.516779264171 1779097917.66
-0.542279464594 -0.133919810526  0.595733767115 0.816639611244  1.53819920757 -7.05101335741  7.03710679681  5.22917329566  2.36600067162 -1.35387607343 1779097917.67
-0.44948320104 -0.08082107797 0.561994607464 0.724158224064   1.4935333844 -7.20135436148   7.0799489269 4.39475089982 3.07508172305  -2.178604714 1779097917.69
 -0.374593206157 -0.0165868921697   0.512606854708 0.635107063876  1.43962506991 -7.33369191138  7.14976566253  3.41087172533  3.46409896812 -2.93440105841 1779097917.71
-0.319215886144 0.0514790808895  0.449924562769 0.554058652056   1.3790167787 -7.45226339828  7.23936641461  2.15327405149  3.05870180506 -3.12663108406 1779097917.73
-0.281877707436  0.115114441017  0.377980628159 0.485361444434  1.31554817977 -7.56081987885   7.3398391179  1.43621771286   2.7190729275 -3.50014172225 1779097917.76
-0.258465951687   0.16649193768  0.301873624313 0.430873413603 1.25393236341  -7.662034248 7.44154363556    1.007735216  2.19016516981 -3.92077582367 1779097917.77
-0.243069258939  0.199458930366  0.226989351676 0.387802392099  1.19911271457 -7.75709906544  7.53523306093 0.751377185092  1.12138799151 -3.66927451286 1779097917.79
-0.229043981767  0.210402565271  0.158194409014 0.348935317931  1.15552580651 -7.84557739482  7.61310510265    0.83921146026 -0.0212876747449   -3.25529090128 1779097917.81
-0.210109686948  0.198622868561 0.0991395785365 0.305656311071   1.1264214661 -7.92552823386  7.66959610674  1.14429027443 -1.05895055818 -2.54986115154 1779097917.83
-0.181291467975  0.166211373347 0.0517858494682 0.251345561321  1.11338043092 -7.99388320406  7.70178508218  1.74600928877 -2.00719622888 -2.05238993399 1779097917.86
-0.139570029832  0.117531127148 0.0162219886111 0.183184366119  1.11612384339 -8.04701053542  7.70936188594  2.49981143256 -2.77335064282 -1.56986133338 1779097917.87
 -0.0841617011887   0.0584532850188 -0.00921085740857 0.102882546482  1.13263970229 -8.08137186869  7.69421099318  3.09060359739 -3.06200571068 -1.09785798174 1779097917.89
-0.0164175925171 -0.0044817594807  -0.027524768945 0.0323610323936 1.15957954729 -8.0941611877 7.65974466343   3.66915392546  -3.12481621083 -0.843737105484 1779097917.91
 0.060607160098   -0.0648383767 -0.042501055222 0.0984051962206  1.19282460013 -8.08381596897  7.61016462667   3.80595058735  -2.68714672688 -0.728971077595 1779097917.93
  0.142815504325  -0.116906417965 -0.0580234103566 0.193468589147  1.22809769529 -8.05030938875  7.54982802441   3.96514752738  -2.19098147386 -0.838510414076 1779097917.96
  0.225835190635  -0.156136758757 -0.0774418546111 0.285267351111 1.26150791378 -7.9951677992 7.48284469096  4.24247573799 -1.62723901546 -1.17283090471 1779097917.98
 0.305756640473 -0.179403928933 -0.103068429333 0.369182873431  1.28995085596 -7.92120526801  7.41295598559  4.01997224991 -0.75738874841 -1.52648553094 1779097917.99
 0.379722644767 -0.185130149516 -0.135876828169 0.443762291821  1.31133465896 -7.83201928589  7.34366368255   3.6265295401 0.157404627534 -1.86765856099 1779097918.01
 0.446282688791  -0.17330458518 -0.175439183322 0.509883932483  1.32464488926 -7.73133910351  7.27851187368  2.98427750116 0.942510858205 -1.99861761652 1779097918.03
 0.505469447005 -0.145416106017 -0.220091440944 0.570162650584  1.32988873026 -7.62235037469  7.22138852953  2.62597138946  1.61327713859 -2.14718030095 1779097918.06
 0.558604637111 -0.104299099395 -0.267281568111 0.627978406786  1.32796558303 -7.50712844322  7.17671086453  2.69316296583  2.40700175905 -2.47015844857 1779097918.08
  0.607886979378 -0.0538809172053  -0.314028397631 0.68632613782   1.3204999885 -7.38629360876  7.14938812777  2.61011698159  2.83108917154 -2.41905751598 1779097918.09
  0.655848406311 0.00117731561685  -0.357407134292 0.746912563675  1.30965228203 -7.25895723417  7.14451054265   2.4971138486  2.83020108711 -2.08629073764 1779097918.11
 0.704780953144 0.0559376359387 -0.394981454744 0.809849097438  1.29790362367 -7.12296659546  7.16678343781  2.35102656896  2.44801543687 -1.58580948041 1779097918.13
  0.75623512156  0.105705368098 -0.425119769637 0.873951945167  1.28780419977 -6.97539303116  7.21979680401  2.48515025058  2.12659668256 -1.22455598096 1779097918.16
 0.810673623963  0.146552278823 -0.447159991378 0.937348042568  1.28168061025 -6.81315777658   7.3052758108   2.91634087669   1.83903894637 -0.952773765032 1779097918.18
 0.867336596242  0.175765744295 -0.461416819539 0.998033992107  1.28131873552 -6.63366528661  7.42248166913   3.03430828113   1.21710451423 -0.584397982541 1779097918.19
 0.924339804843    0.1921454121 -0.469051730988 1.05419801771   1.2876643822 -6.43532023882  7.56791527362   2.90020053864  0.527814539145 -0.270839271335 1779097918.21
  0.97898968142  0.196085760416 -0.471843698587 1.10431286222  1.30060508667 -6.21783840149  7.73541964415    2.42804173193 -0.0637457977181 -0.0666898766715 1779097918.23
  1.02826218427  0.189417034375 -0.471906117952 1.14712567606  1.31890156798 -5.98231223861  7.91669471039   2.08651545582  -0.48631140444 0.0103929086015 1779097918.26
  1.06936198557  0.175022373594 -0.471393555218 1.18168514053 1.34031891092 -5.7310448946 8.10215116655    1.88338881281  -0.866413739917 -0.0085793292903 1779097918.28
  1.10026088671  0.156295533055 -0.472234090898 1.207479751  1.36196556578 -5.46720788831  8.28196127176    1.3280777106  -1.00700088718 -0.118269466876 1779097918.29
  1.12011500491   0.13653943311 -0.475913270059 1.22466080268  1.38079235273 -5.19440095155  8.44712902294  0.741921215177 -0.961695037908  -0.28166290201 1779097918.31
 1.12948045204 0.118420472442   -0.483327004 1.23424247725   1.3941517159 -4.91619636116  8.59040547116  0.243133555448 -0.788052326208  -0.44955351105 1779097918.33
  1.13028315202  0.103582106557 -0.494714155957 1.23814835647   1.4002894795 -4.63573896132  8.70691353084 -0.0931438411451  -0.613472834576    -0.6232279322 1779097918.36
  1.12554280064 0.0924859378472 -0.509673934878 1.23901887179  1.39865070933 -4.35545239001  8.79441025671 -0.296603715403 -0.497066101918 -0.847875762725 1779097918.38
  1.11889563945 0.0844982374512 -0.527266667607 1.23978931391  1.38992769083 -4.07687700243  8.85318807272 -0.301412747848 -0.373336314072    -0.953336189 1779097918.39
  1.11399839368 0.0781867870202 -0.546187655728 1.24315186122  1.37584661639 -3.80064068138  8.88568202225 -0.129160249024 -0.330927825803 -0.979307454347 1779097918.41
 1.11391994292 0.071749760668 -0.56499295525 1.25107262254  1.35875721363 -3.52654499203  8.89589214199   0.16195539214 -0.359156953619 -0.882699937123 1779097918.43
  1.12063248457 0.0634748355154 -0.582345214527 1.26450471296  1.34113490313 -3.25373879851  8.88874091665  0.491514182299 -0.464191244574 -0.762860228446 1779097918.45
  1.13469715793 0.0521275368487   -0.5972404703 1.28333592628  1.32511665431 -2.98094852722  8.86946852562  0.883676848952 -0.671856162334  -0.68585598687 1779097918.47
  1.15520230793 0.0371915297073  -0.60917619957 1.30651108846 1.31217048977 -2.7067349671 8.84313427775   1.18824697769 -0.871627043768 -0.550948541798 1779097918.49
  1.17996314016 0.0189231146895 -0.618228722214 1.33224541635   1.3029553419 -2.42974767115  8.81425433049   1.3093993172 -1.00556253575  -0.4089837342 1779097918.51
    1.20593988314 -0.00177275270032   -0.625023804421 1.3582889606  1.29737774438 -2.14894940791  8.78657388659   1.16398953624 -0.993348189073 -0.289133843914 1779097918.53
  1.22978821659 -0.023597584935 -0.630605221677 1.38224413519 1.29480829479 -1.8637864059 8.76295249562  0.987000881788    -1.008121717 -0.260250938469 1779097918.56
   1.24842961521 -0.0451717226997  -0.636227434381 1.40192807837  1.29439231362 -1.57428651011  8.74533528155  0.767908282016  -1.07738938562 -0.323021953105 1779097918.58
   1.25952721831 -0.0653219490878  -0.643114984425 1.41572336771  1.29537776328 -1.28107646402  8.73478796097  0.358743022551  -1.02403318874 -0.430301927523 1779097918.59
    1.2617777544 -0.0832740318078  -0.652238143049 1.42282544999    1.2973869888 -0.985320275802   8.73158315759 -0.120815659901 -0.886625864553 -0.558605636386 1779097918.61
   1.25497783312 -0.0987083708688  -0.664149610337 1.42330861341   1.30057364339 -0.688591862295     8.735332877 -0.508775577859 -0.659912920536 -0.619776127458 1779097918.63
  1.23988112634 -0.111675292407 -0.678912000708 1.41799086143   1.30562968074 -0.392705034651   8.74516279299 -0.831472013953 -0.531596312789  -0.71731651427 1779097918.66
  1.21791399689 -0.122404897448  -0.69612483183 1.40815029177    1.31363772794 -0.0995295594628    8.75991783239  -1.23710112363 -0.489415713909  -0.91141662369 1779097918.68
  1.19084515444 -0.131074656565 -0.715038554229 1.39519635947  1.32579812299 0.189178919956  8.77837781727  -1.53934764134 -0.407656113104  -1.03501596633 1779097918.7
   1.1605023999 -0.137608862976 -0.734726846045 1.3804077505  1.34309038499 0.471914870364  8.79945013933  -1.68317049869 -0.283943257103  -1.06111253751 1779097918.71
  1.12859964814 -0.141575192199 -0.754279669249 1.36481446368  1.36594639183 0.747515744051   8.8222977792   -1.5242387505 -0.110090645694 -0.913715738809 1779097918.73
  1.09669179337 -0.142217688773 -0.772978567088 1.34924224134 1.39400999404 1.01521328077 8.84636045122  -1.43696476086 0.0678714985738 -0.832657168566 1779097918.76
  1.06622879742 -0.138629258366 -0.790420803237 1.334476289 1.42603554277 1.27465127075 8.87123910891  -1.48921280601  0.312716633161 -0.861794963375 1779097918.78
  1.03864759335 -0.130029110532 -0.806568258922 1.32145705532  1.4599441306  1.5258792932 8.89644171445  -1.34389650659   0.59653259315 -0.827743053586 1779097918.79
  1.01543005135 -0.116080566875 -0.821709156906 1.31140338025 1.49302264192  1.7693300458 8.92102809235  -1.08085297245  0.875263149717 -0.792874421467 1779097918.81
  0.998069324788 -0.0971692636695  -0.836335000591 1.30577198473 1.52222564602 2.00578546273  8.9432347395 -0.673841935711   1.01690875102 -0.716261384601 1779097918.83
  0.987920046384 -0.0745646514856  -0.850950961551 1.30601050695 1.54452728809 2.23633567783 8.96019283847 -0.279061994363   1.07667335387 -0.679674006194 1779097918.85
   0.98594943767 -0.0504084729667  -0.865853789958 1.31314130747 1.55726946627 2.46233428147 8.96785981237 0.113095333823  1.17632503472 -0.74928217982 1779097918.88
  0.992444152027 -0.0275086099347  -0.880924185232 1.32730160048 1.55846162695  2.6853509625 8.96125678291  0.546714015183   1.08938235137 -0.778799005185 1779097918.89
    1.00675134973 -0.00895858281259   -0.895486299771 1.34741391171 1.54700265592 2.90711757949 8.93504158298  0.923354101519  0.794880825458 -0.728138509769 1779097918.91
   1.02713610635 0.00235638903569  -0.908281564034 1.37112710319 1.52281109123 3.12945830927 8.88436206815  1.09937965672 0.330148303177 -0.55130583176 1779097918.93
   1.05081954401 0.00427528000905  -0.917585173762 1.39506363411 1.48686090585 3.35419317336 8.80584920486   1.07974479581 -0.150459484235 -0.302241419529 1779097918.95
    1.07422619741 -0.00420548636358   -0.921462989888 1.41529984493 1.44112425998 3.58300994686 8.69854812019    1.00795337512  -0.637683711022 -0.0128999306905 1779097918.98
   1.09342207317 -0.0226772949408  -0.918130406991 1.4279529173 1.38842241565 3.81731128735  8.5645673563 0.802076303418 -1.18802678461 0.398277496907 1779097919
   1.10467668936 -0.0493084271728  -0.906342551021 1.42975477925 1.33218689702 4.05805742103 8.40926116764 0.325831529937 -1.63768072259 0.908397718568 1779097919.01
   1.10504473059 -0.0810946065208  -0.885727172446 1.41852487318 1.27613967233  4.3056342918  8.2408435442 -0.294862306892  -1.62071302814   1.23047411422 1779097919.03
   1.0928465659 -0.114332795378 -0.856974895871 1.39348181791 1.22391465923 4.55977834297 8.06944992639 -0.845424520363  -1.46120931056   1.45588896885 1779097919.05
  1.06793844421 -0.145228127408 -0.821827165158 1.35535368779 1.17866022934 4.81958028242 7.90578707502 -1.48765492759  -1.3667839348  1.80360940693 1779097919.08
  1.03170249218 -0.170508952977 -0.782844783781 1.30626539834 1.14267826509 5.08357275676 7.75961194926 -2.18524169009 -1.14896515325  2.12185809474 1779097919.09
 0.986745458442 -0.187918101593 -0.742989206469 1.24940496781 1.11716371842 5.34988552788 7.63832902783  -2.57494696809 -0.701260476393   2.09984685288 1779097919.11
 0.936359006366 -0.196474776395 -0.705093000496 1.18849765078  1.1021037679 5.61643318971  7.5459777319  -2.58813483155 -0.214773212577   1.80252744786 1779097919.13
 0.883847096289 -0.196456996684 -0.671324809445 1.12714597144 1.09637325094 5.88109091933 7.48280167789 -2.40690191988 0.169269095173  1.43562294635 1779097919.15
  0.83185515814 -0.189125381854 -0.642760538481 1.06812570609 1.09802326965 6.14181648606  7.4454707189 -2.44059243389 0.482848583101  1.24818434754 1779097919.18
  0.78183609738 -0.176275066428 -0.619153652004 1.01276444793 1.10471082296  6.3966908951 7.42789551929 -2.55245874357 0.764531884728  1.13981371071 1779097919.19
 0.733761796921 -0.159743711133 -0.598956438482 0.960558818119 1.11417447456 6.64387153282 7.42246231563 -2.53287926324 0.933483077593  1.04719914082 1779097919.21
 0.686142593358 -0.141007587264 -0.579589920465 0.909175051346 1.12464101245 6.88147514955 7.42144412018 -2.51855644039  1.00273734801  1.06145222411 1779097919.23
 0.636360053595 -0.120964208626 -0.557906218035 0.85489520159 1.13506023588 7.10742827144 7.41832459014 -2.45207360429 0.960116362016  1.14189106219 1779097919.25
  0.581259443996 -0.0999402931886  -0.530747532283 0.793437802516 1.14510752902 7.31933492844 7.40880193755 -2.84581497187  1.03460423758   1.4994039984 1779097919.27
  0.517896833799 -0.0778965635364  -0.495490274911 0.720968527469 1.15495543463 7.51441186438 7.39131288085 -3.53196536637  1.16550455001  2.07014629902 1779097919.29
  0.444300866097 -0.0547456694746  -0.450473728961 0.635080253531 1.16488004878 7.68952768503 7.36701375181 -4.14612786208  1.24083802062  2.63393024931 1779097919.31
  0.360098380735 -0.0306712181852  -0.395244905582 0.535565218084 1.17481892371 7.84135672627 7.33925689735 -4.58834965686  1.25174407875  3.10006901213 1779097919.33
   0.266870189661 -0.00634094550492   -0.330594604014 0.424914930219 1.18401940881 7.96662744382 7.31268632412 -4.55650156659  1.13297839236  3.24834750131 1779097919.35
 0.168147122241 0.0170576424506 -0.258402114728 0.30876539764 1.19090050546 8.06241864648 7.29213408324 -4.74998991138  1.06397376942  3.58337028039 1779097919.37
0.0690203825235 0.0379764128487 -0.181337630398 0.197710286366 1.19319755168 8.12644471398 7.28152306988 -4.87850955888 0.955847236013  3.94655015337 1779097919.39
-0.0245865635946  0.0548199874188  -0.102487045133 0.118799514098 1.18837961374 8.15727869692 7.28297372942 -4.57218407569 0.736980862837  4.06489961144 1779097919.41
  -0.10686840498  0.0663275614971 -0.0249637285287 0.128231778975 1.17424649034 8.15448750525 7.29627547907 -3.84680864821  0.44270698604  3.90815538312 1779097919.43
 -0.17314387475  0.071916590211 0.0484393742426 0.193641860888 1.14955122974 8.11868502341 7.31882342127 -2.71559070992 0.132674679483  3.35053650564 1779097919.45
-0.220729778268 0.0718904473735  0.115520139821 0.259296691345 1.11447536142 8.05153148345 7.34604366321  -1.83198025607 -0.107213734128   3.03217966653 1779097919.47
-0.249511910041 0.0674472722669  0.174838991823 0.312048074582 1.07081562948 7.95570949217 7.37224539727  -1.05366336435 -0.290693729684   2.80882106693 1779097919.49
-0.262092739544 0.0604788771407  0.225784158627 0.351181982722 1.02181522682 7.83488828452  7.3917567388 -0.362466595279 -0.369843041296   2.43269884447 1779097919.51
-0.263472171085 0.0532029102519  0.268533449052 0.379945190593 0.971668056306  7.69365868107   7.4001380487 0.0460796002351 -0.328805677814   2.01286047678 1779097919.53
 -0.2603038952 0.047714396241 0.303924899019 0.402995193159 0.924813173388  7.53739776613  7.39523536374  0.086672560821 -0.182721153804   1.54812770796 1779097919.55
-0.259848574201 0.0455637243643  0.333257401877 0.425038622243 0.885192323634  7.37201797813  7.37784927124   -0.204402678267 -0.00606041415197     1.30198529853 1779097919.57
-0.268801196347 0.0474624564691  0.358050222937 0.450229641491 0.855650834972  7.20357557502  7.35185561407 -0.823024861876  0.194001212678   1.18418912567 1779097919.59
-0.292193226164 0.0531879189605  0.379795710623 0.482131328527 0.837620242659  7.03775366886  7.32371694063 -1.67756243724 0.374886095102  1.09697178904 1779097919.61
-0.332557147348 0.0617100451012  0.399740760397 0.523636382848 0.831143056853  6.87928198725  7.30144835586 -2.54985096992 0.480156664983  1.02024944889 1779097919.63
-0.389495149711 0.0715106239569  0.418728273759 0.576327691711 0.835208227198  6.73139193423  7.29322051566 -2.99627239423  0.45493675225 0.880711430046 1779097919.65
-0.459724475703 0.0810184001977  0.437119778348 0.639518784207 0.848284608703  6.59541660304  7.30586714165 -3.49164660272 0.413623768101 0.850597545179 1779097919.67
-0.537592171439 0.0890543376088  0.454806083877 0.709777846774 0.868889534865  6.47062509348  7.34359332278 -3.98328906876 0.360946975063 0.871291328889 1779097919.69
-0.615975091754  0.095177098259  0.471297515527 0.781412401895 0.896022449606  6.35433448625   7.4071462246 -3.98148917472  0.28665088071 0.825560649788 1779097919.71
-0.687418780071  0.099841238548  0.485872588632 0.847693945061 0.929331074349  6.24228623336  7.49361895396 -3.38709555664  0.23953880674 0.692816969859 1779097919.73
-0.745330314349  0.104325229792  0.497756613552 0.902309634988 0.968951289306    6.129224261  7.59693096185 -2.30706119605 0.250564049173 0.482806594672 1779097919.75
-0.78503108809 0.110442663074 0.506300250505 0.940644106321 1.01505470103 6.00958228961  7.7088915752 -1.39293827916 0.371463097286 0.314870160089 1779097919.77
-0.804497671749  0.120103739268  0.511131244413 0.960675054871 1.06722687503 5.87818081254 7.82063578277 -0.508194638933  0.631110222776  0.154181094013 1779097919.79
-0.804669921195  0.134831484573  0.512258473086 0.963370102586 1.12386045986 5.73084477486 7.92414807415   0.407197929093   0.942977261694 -0.0272066712798 1779097919.81
-0.789278174605  0.155348613361  0.510114363368 0.952528158269 1.18176218749 5.56487319176 8.01357630502  1.03688547139  1.19215985971 -0.17252270275 1779097919.83
-0.764223935829  0.181334287023  0.505528847777 0.934066252296 1.23613348921 5.37931530246 8.08608525627  1.25409282994  1.33530091238 -0.24959329091 1779097919.85
-0.736625940316  0.211410313744  0.499635358851 0.914848396466 1.28099808462 5.17503096474   8.142097485  1.18755101087  1.45801848615 -0.27763255875 1779097919.87
-0.713700898519  0.243364062334  0.493717279267 0.901305603682 1.31003671594 4.95453442915 8.18489663575  0.892882722922   1.61330869347 -0.271389887925 1779097919.89
-0.70167426541 0.274562886337 0.489011868339 0.89825617764 1.31767813087 4.72163986047 8.21970059646  0.235992789936   1.58614558755 -0.193744109481 1779097919.91
-0.704906443697  0.302473011022  0.486497254374 0.908329563141 1.30021620532 4.48094430202 8.25242256465  -0.614243086561    1.31154303316 -0.0600381148293 1779097919.93
-0.72537626718 0.325171832491 0.486695157683 0.932083486682 1.25669776812 4.23720035978 8.28840258522  -1.35365311905  0.921397038992 0.0710656525898 1779097919.95
-0.762594545006   0.34173982538  0.489525831273 0.968489590964 1.18936215265 3.99464766612 8.33139268758 -2.05739267241 0.633410684958 0.175518575871 1779097919.97
-0.813938296738  0.352437476311  0.494250488035 1.015377403 1.10350366107 3.75638813868 8.38301211681 -2.92887122063 0.438407022407  0.25989856245 1779097919.99
-0.875316490749  0.358612568792  0.499528412284 1.0697245291 1.00675085392 3.52390104026 8.44277088881  -3.4500463763 0.266729434696 0.251837326213 1779097920.01
-0.942016714793  0.362339454522  0.503599616374 1.12796185435 0.90788376689 3.29679315558 8.50862052834 -3.43651961659 0.185421908779  0.12931502467 1779097920.03
-1.00955226095 0.365855435271 0.504579657111 1.18644283363 0.815413463541  3.07285988272  8.57786525168   -3.09188865971   0.200393762478 -0.0648385609817 1779097920.05
-1.07433686196 0.370915485246 0.500824792027 1.24201588656 0.736204925645  2.84849019537  8.64818376001  -2.86792391585  0.284776533973 -0.305882800913 1779097920.07
-1.13405790718 0.378218485141 0.491300317451 1.29248309902 0.674421087628  2.61938373549  8.71848853381  -2.88380378124  0.410554978759 -0.634837308939 1779097920.09
-1.18768950082 0.387053022253  0.47587147007 1.33673858642 0.631002132201   2.3814718376  8.78939098967  -2.75177975561  0.463940081842 -0.975900218426 1779097920.11
-1.23517028258 0.395265664742 0.455441492253 1.37452083489 0.60378221795 2.13186510112 8.86313908025 -2.34477229514 0.329410636503 -1.15670813472 1779097920.13
-1.27685035643 0.399578986612 0.431887204645 1.40589357947 0.588208911458  1.86961238344  8.94302729645  -1.85457470168 0.0223075911464  -1.13751685041 1779097920.15
-1.31286885433 0.396200255282 0.407784509472 1.4306947533 0.578498908488  1.59607086275  9.03241493451  -1.56245467318 -0.427241066905  -1.09055353763 1779097920.17
-1.34264340744 0.381588389003 0.385965331992 1.44819551707 0.568968263219  1.31476203367  9.13359141352  -1.30044415071  -1.08021147323 -0.974682384904 1779097920.19
-1.36462767897 0.353206885535 0.368991290553 1.45709244 0.555241228917  1.03071172718  9.24677029476  -0.89460983224  -1.89320435664 -0.723181640095 1779097920.21
-1.37642687806 0.310094636701 0.358655565424 1.45579649985 0.535079971088 0.749411063562  9.36946643431 -0.289311200803  -2.72083290717 -0.363425910695 1779097920.23
 -1.3752687173 0.253133030192 0.355624269035 1.44288218385 0.508679083597 0.475646680774  9.49642232379  0.419190160224  -2.96420972868 0.0152722219195 1779097920.25
-1.35873111958 0.184963027178  0.35930026937 1.41755361814 0.478405630219 0.212494620529  9.62012368974  1.14543405801 -3.30718731386 0.283805738739 1779097920.27
-1.32555272642 0.109589110602 0.367942467031 1.38002951517   0.448097883784 -0.0392651944153    9.73181168479  2.11792147081  -3.9367522789 0.506656117993 1779097920.29
 -1.27631843673 0.0317758946555  0.379015301557 1.3317849144   0.42212740764 -0.281168457223   9.82279011233  2.95307405502 -4.04965862024 0.574899490383 1779097920.31
  -1.21383055652 -0.0436195932778   0.389692351168 1.27559688672  0.404458241465 -0.516526271279   9.88576477052  3.52024894315 -3.80394046991 0.485787834996 1779097920.33
 -1.14304378361 -0.112239160758  0.397406956876 1.21535139356 0.397903187773 -0.74947791462  9.91595003608  3.41556958581 -3.02768688829 0.253761756724 1779097920.35
 -1.07054256938 -0.170635351268  0.400338016677 1.15561600177  0.403698648688 -0.983888721604   9.91173333839    3.19201254784   -2.38654507831 0.00760839790429 1779097920.37
 -1.00364650712 -0.216461145836  0.397739220591 1.10107139937 0.421424959445  -1.2223732895  9.87478712971   3.02452492039  -1.94161697969 -0.256484659056 1779097920.39
-0.949315791837 -0.248457811277  0.390057787707 1.0559719856 0.449217815978 -1.46567837181  9.80963774578    2.4228556792  -1.33344828183 -0.505726892778 1779097920.41
-0.913073278231 -0.266309231085  0.378833712513 1.02378630569 0.484168134427 -1.71255732428  9.72281402308   1.35470919394 -0.582353247067 -0.626102031536 1779097920.43
-0.898152902865 -0.270451368755  0.366411983229 1.00701555164 0.522798095532 -1.96013904229  9.62177846778   0.19672234613   0.10748441292 -0.570006357217 1779097920.45
-0.905030665911 -0.261914938923  0.355530105977 1.00701618543    0.561522231 -2.20467350568  9.51386950819 -0.784970675155  0.665770573965 -0.414336589722 1779097920.47
-0.931410115245 -0.242244361696  0.348857595024 1.02367414501 0.597038317479 -2.44245323736  9.40544899864  -1.68155802778   1.20437449997 -0.173275175982 1779097920.49
-0.972641718643 -0.213490188494  0.348563164089 1.05503850773 0.626627240002 -2.67068293192  9.30136840672 -2.40639045089  1.69152105901 0.188010326182 1779097920.51
 -1.02247626999 -0.178231342341  0.355972557374 1.09724226845 0.648363088219 -2.88809994237  9.20476967529 -2.67307638694  1.94967138598 0.601200667553 1779097920.53
 -1.07400158379 -0.139560977297  0.371359975614 1.14493008514 0.661241780507 -3.09522298876  9.11715602542 -2.40371584265  1.89268983149 0.928982542008 1779097920.55
-1.12059509719 -0.10097241546 0.393893294883 1.19209090605 0.665232527888 -3.29420234879  9.03862709632 -1.91239711164  1.69775825884  1.16426248522 1779097920.57
  -1.15674027642 -0.0661085034943   0.421731080717 1.23299452787 0.661248908182 -3.48833619918  8.96817660053 -1.40576647078   1.5170835414  1.41443873965 1779097920.59
  -1.17859401101 -0.0383807977157   0.452250007944 1.26296753645 0.651032377912 -3.68138318497  8.90398656705 -0.721802347008   1.19659835836    1.5912440827 1779097920.61
  -1.18424490696 -0.0205115393201   0.482366212735 1.2788799342 0.636944962442 -3.87682849563  8.84369821837 0.130504321825 0.642269452056  1.49783635704 1779097920.63
  -1.17365779546 -0.0140874991158    0.50890440083 1.27931808697 0.621679881018 -4.07724908032  8.78467425941  0.889996398755 0.0317972595999   1.15535573905 1779097920.65
  -1.14834886538 -0.0192290669928   0.528964937974 1.26446778498 0.607915599884 -4.28388286874  8.72427857625   1.48468666048 -0.481865465361  0.741041004171 1779097920.67
  -1.11087256157 -0.0344648869867   0.540241944306 1.23575363033 0.597954951234 -4.49645266173  8.66018699818   2.04008346622 -0.912659679226  0.298019776732 1779097920.69
  -1.06422267991 -0.0568640847358   0.541254271928 1.19530733431 0.593401431039  -4.7132432111  8.59071627228   2.60832047806   -1.2557341729 -0.229809360587 1779097920.71
  -1.01125487592 -0.0824242283119   0.531465002655 1.14537558317 0.594926082159  -4.9313900167  8.51513061848   2.96966747033  -1.34431665963 -0.809194403455 1779097920.73
-0.954226211084 -0.106657567347  0.511281715114 1.08781087088 0.602168747951 -5.14731345126  8.43386745906  2.95791609955 -1.08578819775 -1.25474460138 1779097920.75
-0.894520863286 -0.125274805857  0.481946568994 1.02378408232 0.613797173975 -5.35721974706  8.34862332403   2.82159779484 -0.653875486928   -1.5297069703 1779097920.77
-0.832593484298 -0.134844667081  0.445339492476 0.953793613888  0.62771942646 -5.55758759055  8.26225939626   3.06604979491 -0.194968097431  -1.89732327158 1779097920.79
 -0.76811943881 -0.133312589615  0.403727237848 0.877938153521 0.641415492561 -5.74556385298   8.1785194634  3.44108512098 0.378573640977 -2.23295369392 1779097920.81
-0.700302621836 -0.120290585532  0.359494661668 0.79632279817  0.65233048924 -5.91920541803  8.10159164881  3.69180026097 0.956570255466   -2.345003324 1779097920.83
 -0.628264570096 -0.0970752533458   0.314892493596 0.709434463057 0.658261073144 -6.07752846888  8.03557774612  3.88676450442  1.40690660338 -2.28873557843 1779097920.85
 -0.551428275891 -0.0664019848343   0.271829455327 0.618363663086 0.657670939778 -6.22036218987  7.98395168083  3.66651672611  1.50610049703 -1.92446003929 1779097920.87
-0.469817664676 -0.031989783721  0.231727800617 0.524833076209 0.649888683304 -6.34804570223  7.94908905488  3.86865874813  1.58340343412 -1.76709201125 1779097920.89
 -0.384216376498 0.00203617757882   0.195451870525 0.431077491502 0.635166416308 -6.46104498483  7.93193618708  4.50479437012  1.65329609655 -1.77481483068 1779097920.91
 -0.29616151402 0.0317434330328  0.163310135725 0.33969028299 0.614603968585 -6.55958865763  7.93186534865  4.68008268098  1.37620472654 -1.60028052466 1779097920.93
-0.207782013705 0.0539176977463  0.135122920397 0.253650718442 0.589965645011 -6.64341959516  7.94673760691  4.54776247512 0.903575976968 -1.37934912857 1779097920.95
-0.121520141735  0.066442199612  0.110340917127 0.177078594779 0.563430870775 -6.71173241395  7.97316780784  3.98637780993  0.34579759722 -1.11361935118 1779097920.97
-0.0397931735342   0.068489858254  0.0881941965991 0.118543551732 0.537325038017 -6.76332137797  8.00695869167   3.66085925233 -0.138180164255 -0.991697899891 1779097920.99
0.0353416317492  0.060521407762 0.0678482997894 0.0975462122099 0.513872497122 -6.79691042274  8.04364551239  3.68695196133 -0.63180512764 -1.02765951575 1779097921.01
 0.102461521381  0.044112744958 0.0485437231393 0.121658500269 0.495001414132 -6.81158934981  8.07907386402  3.34153956444 -1.03390773801 -1.01490491046 1779097921.03
 0.160950193715  0.021656788124 0.0296979969493 0.165093768361 0.482213436865 -6.80724877027  8.10992716617   2.81978035901  -1.24949542501 -0.976106875983 1779097921.05
   0.211046121993 -0.00400304578364   0.0109556269797 0.211368199468 0.476514490712 -6.78489863751    8.134128996   2.18671280969  -1.21578195127 -0.883885999662 1779097921.07
   0.253768746772   -0.029949038233 -0.00781997029005 0.255649513327 0.478391152862 -6.74677412054  8.15106708371   1.89250160202  -1.17590726848 -0.891972977925 1779097921.09
  0.290744263918 -0.0535235451451 -0.0266076643339 0.296824804704 0.487812613612 -6.69617550711  8.16161465729   1.84151387394  -1.11843199178 -0.983918599582 1779097921.11
  0.323967313391 -0.0725837008301 -0.0453269781587 0.335078720185 0.504241366068 -6.63704734421  8.16795448543    1.7115006443 -0.848713879133 -0.986287397046 1779097921.13
  0.355541535721 -0.0856557819002 -0.0639484230155 0.371262841397 0.526644744664 -6.57336292851  8.17323655212   1.64376933515  -0.50247522217 -0.964902420336 1779097921.15
  0.387439879459 -0.0919862964711  -0.082585753654 0.406683594014 0.553511490392 -6.50842853511  8.18111928436    1.5212880658 -0.135227458798 -0.869498549033 1779097921.17
  0.421315610038 -0.0915024463976  -0.101541869956 0.442933733546 0.582889026536 -6.44424488638  8.19525600766   1.63739504389  0.168040325032 -0.893332654139 1779097921.19
  0.458379933539 -0.0847059582352  -0.121289343867 0.481662088779 0.612463768872 -6.38105530847  8.21879300864  2.05537842016 0.499741878887 -1.07575604568 1779097921.21
  0.499346213442 -0.0725301929318  -0.142381986081 0.524289900461 0.639704818491 -6.31717324429  8.25394321079  2.29221413414 0.759605585719 -1.17270206357 1779097921.23
  0.544428465035 -0.0561907579344   -0.16531197201 0.571741027833 0.662079675564  -6.2491261982  8.30168936398  2.43547719932 0.918834543726 -1.24223840408 1779097921.25
  0.593376459163 -0.0370553225664   -0.19034301089 0.624258905434 0.677331860977 -6.17209293259  8.36165232615  2.37237384229 0.930155253593 -1.22127843384 1779097921.27
   0.64553211702 -0.0165502546651  -0.217359295898 0.681344764819 0.683789972586 -6.08055995312  8.43213492792  2.51059983335 0.964990760558 -1.30632528097 1779097921.29
  0.699899822167 0.00388870193215  -0.245769670391 0.741806992388 0.680661319999 -5.96909190142  8.51032478025  2.88971222774  1.03724827596 -1.50509340051 1779097921.31
 0.755232634477 0.0228262173283 -0.274496308806 0.803894017844 0.668254727282 -5.83310117004  8.59261735797  2.85954498055  0.90591602527 -1.46008298261 1779097921.33
 0.810142494825 0.0388140500238 -0.302059552663 0.86549255673  0.64807851923 -5.66951053387  8.67500994925  2.79012306904 0.711801545991 -1.34981996482 1779097921.35
 0.863241951959   0.05038098723 -0.326749607143 0.924386400411 0.622772439372 -5.47722107188   8.7535188407   2.4518385154  0.40976223369 -1.06456083808 1779097921.37
 0.913316846109 0.0560570096953 -0.346856701081 0.97857019207 0.595856651463 -5.25732021069  8.82458135496   2.23566510121 0.0946769980725 -0.793474483706 1779097921.39
 0.959515698271 0.0544580331565 -0.360918750414 1.0265955372 0.571315036723 -5.01299063047  8.88541274976   2.30396387485 -0.303379864707 -0.550747163836 1779097921.41
  1.00152633949 0.0444418170878 -0.367942590852 1.06790066671 0.553068032687 -4.74911341633  8.93428969099    2.1744904108 -0.790178465128 -0.180157071477 1779097921.43
  1.03969849759 0.0253207598989 -0.367561915284 1.10304844333 0.544423149403 -4.47160114231  8.97072788184  1.90745845863 -1.22818040017 0.203162022871 1779097921.45
    1.07506731312 -0.00290997818766   -0.360109794861 1.13378007571 0.547608618064 -4.18654638068  8.99551832115  1.60128754813  -1.4900529986 0.482635889969 1779097921.47
  1.10924065096  -0.03939059958 -0.346601570516 1.16279795741 0.563489180664 -3.89931929937  9.01059264393  1.59207326921 -1.83064100554 0.725420986583 1779097921.49
   1.14413414371 -0.0823262805836  -0.328639805791 1.19324124854 0.591530658428 -3.61377999081  9.01870745028  1.89780468747 -2.35318796048  1.00593783619 1779097921.51
  1.18157054605 -0.129076245023 -0.308262863354 1.22792329779 0.630027598433 -3.33177156376  9.02296923379  2.14201646677 -2.56199971477  1.11311801251 1779097921.53
  1.22279877184 -0.176414611822 -0.287761028302 1.2685288176 0.676548658245 -3.05301930886  9.02625936381  2.24792270308 -2.38835767459   1.0084039347 1779097921.55
   1.2680240819 -0.220930811713 -0.269480352905 1.31503427957 0.728502401396 -2.77548227698  9.03065301612  2.15416251752 -1.91898846393 0.742189288535 1779097921.57
  1.31606355046 -0.259497495687 -0.255627835411 1.36554304559 0.783694470631 -2.49610361947  9.03694584801  2.23247784005 -1.59589749985  0.49641763325 1779097921.59
  1.36423988355 -0.289711139356  -0.24808564086 1.41655550168 0.840743614969 -2.21181129041  9.04439800596  2.42467600993 -1.32890846408 0.193612124665 1779097921.61
  1.40859517562   -0.3102119249 -0.248239118539 1.4635554199 0.899251525317 -1.92055623098  9.05077293807   2.17838207417 -0.844768105374 -0.237340830908 1779097921.63
  1.44444465339 -0.320814237505 -0.256824175272 1.50176589011 0.959676794445 -1.62215602673  9.05269318969    1.5208786428 -0.316768427741 -0.663339756083 1779097921.65
  1.46720894065 -0.322419993097 -0.273803841127 1.52696603462  1.02293626956 -1.31874098146  9.04626912388  0.671737891781 0.0947311670995 -0.962608675289 1779097921.67
   1.4733811012 -0.316733503774  -0.29829046151 1.53627770316   1.0898302654 -1.01467002424  9.02789464369 -0.136703289051  0.391930076817  -1.29368482448 1779097921.69
  1.46142535049  -0.30583836619 -0.328536560975 1.5288026142   1.16044114452 -0.715884181139   8.99506001846 -1.06907398867 0.652190883896 -1.66206209986 1779097921.71
  1.43238862824 -0.291725957566 -0.362020415102 1.5059548458   1.23367107608 -0.428780667445   8.94701505339 -1.90928249774 0.801419681384 -1.79508732525 1779097921.73
  1.39004502853 -0.275876537625 -0.395647589002 1.47134974089   1.30705756559 -0.158802678595   8.88513119437 -2.39462599762 0.853063845852 -1.66894558309 1779097921.75
   1.3404831037 -0.258985445978 -0.426074392384 1.43021250183   1.37693962828 0.0909735259533   8.81286013041 -2.33435367769 0.825786432012 -1.28637034534 1779097921.77
  1.29116944123 -0.240898925093 -0.450134029766 1.3884420992  1.43895850419 0.320935413177  8.73526496702  -2.13928734123  0.899796776303 -0.924211976326 1779097921.79
  1.24964954864   -0.2207803211 -0.465316179973 1.35162387222  1.48878671463 0.535426893354  8.65819526423  -1.74655715035   1.09877883163 -0.508352969573 1779097921.81
  1.22214545854 -0.197475157919 -0.470224151961 1.32429102274   1.5229125188 0.742453014097  8.58726679429 -0.990633379413   1.34883503405  0.010528888125 1779097921.83
  1.21234996892 -0.169993641653 -0.464919743602 1.30951924511  1.53928418659 0.952574443893  8.52686409879 -0.0383293950805    1.56164343015   0.502848319589 1779097921.85
  1.22068553793 -0.137994035944 -0.451071263629 1.30865611272 1.53765002504 1.17715415145  8.4793880026 0.755192769463  1.60901421656 0.784269559724 1779097921.87
  1.24419666412 -0.102141051676 -0.431846871827 1.32096550075 1.51951001306 1.42628056151 8.44491567328  1.29709360449  1.69580230264 0.908883331991 1779097921.89
   1.27710223693 -0.0642356211814   -0.41153965451 1.34330980263 1.48770124417 1.70678798808 8.42134049038  1.71599703224  1.90331249894 0.935036330572 1779097921.91
   1.31188526299 -0.0270636745918    -0.3949637666 1.37031812462 1.44573992982 2.02079914854 8.40493994168 1.72698396044 1.90837108715 0.67443946668 1779097921.93
   1.34067979195 0.00601955812065  -0.386710696463 1.39535074529 1.39710595135 2.36512160083 8.39121491156    1.170017621  1.53523101185 0.119534441225 1779097921.95
  1.35665792807 0.0316844866916 -0.390389582925 1.41206539046 1.34466268745   2.731658751 8.37578291313  0.336835610805  0.961116940888 -0.495767516509 1779097921.97
  1.35513544906 0.0472669099365 -0.407987084697 1.41600837122 1.29035514951 3.10878334839 8.35510919037 -0.517537200994  0.451995540544  -1.13070905558 1779097921.99
  1.33419456705 0.0513030551481 -0.439467264056 1.40564526904 1.23524147951 3.48341332038 8.32692259229  -1.56784542836 -0.089112970293  -1.93938835526 1779097922.01
  1.29474188993 0.0438342696116 -0.482692513683 1.38248691404 1.17981493146  3.8433725388 8.29026648086  -2.56286406347 -0.677573099296  -2.56486747491 1779097922.03
  1.24004577436 0.0264118835229 -0.533689653612 1.3502724749  1.1244939448 4.17954937674 8.24524345759 -3.11703016698 -1.09315149847 -2.71873249156 1779097922.05
   1.17489950327 0.00180519785272   -0.58722130328 1.3134766692 1.07011709926 4.48740276149 8.19259079941 -3.21710287412 -1.25727227582 -2.46748973985 1779097922.07
   1.10461509974 -0.0265156227325  -0.637563795397 1.27568224493 1.01828537241 4.76750443972 8.13324904374 -3.31594990959 -1.33749143528 -2.16914559609 1779097922.09
   1.03406090486 -0.0550021799001  -0.679351592886 1.23847720266 0.971441054653  5.02501797869  8.06805742533 -3.46467640556 -1.36137012281 -1.78072567451 1779097922.11
 0.966920302369 -0.080619833708 -0.708334231716 1.20132086161 0.932646147162   5.2682502033  7.99764347834 -3.40816980721 -1.22499413656 -1.12632373768 1779097922.13
 0.905283027201 -0.101288648585 -0.721909795294 1.16230396292 0.905104021215  5.50661179538  7.92249688164  -3.09921232814 -0.937127576767 -0.290901873779 1779097922.15
 0.849601376756 -0.116094266831 -0.719346157224 1.11926729251 0.891537758564  5.74844166642  7.84315640692 -2.58867705818 -0.58331617296 0.492877914884 1779097922.17
 0.798967952278 -0.125245017509 -0.701667659535 1.07068838026 0.893580758345  5.99915896852  7.76041173618  -2.29716399442 -0.321482104332   1.12741046754 1779097922.19
 0.751613128471 -0.129807466383 -0.671255129731 1.0160490748 0.911338187628  6.26011158005  7.67543308926  -2.30767041329 -0.149399025674    1.7380103243 1779097922.21
 0.705488765689 -0.131296877999 -0.631264281971 0.955744663798 0.94323798526 6.52832003696  7.5897812772   -2.39651690969 -0.0365532734615    2.22732818884 1779097922.23
 0.658803681498 -0.131223057936 -0.584997821637 0.89076609332 0.986215749807  6.79711416656  7.50530062433  -2.48595991263 0.0158069836797   2.50729377934 1779097922.25
 0.610403838391 -0.130692280199 -0.535363360355 0.822366855872 1.03618945196   7.057471141 7.42393821108  -2.45705833806 0.0268039434675   2.49724530253 1779097922.27
 0.559937976581 -0.130144536224  -0.48451509668 0.751813152876 1.08870393272 7.29972720551 7.34755230253 -2.37048095507 0.032887675922  2.34834018312 1779097922.29
 0.507805170975 -0.129268842598  -0.43372298526 0.680214784666 1.13958423877  7.5152777582 7.27776716358  -2.57948908371 0.0748567439888   2.48254019544 1779097922.31
 0.454930737213 -0.127097227327  -0.38345450519 0.608402036819 1.18544225255 7.69791124795 7.21590584952 -2.76964659206 0.184773248797  2.63190282322 1779097922.33
 0.402449349337 -0.122240170601 -0.333606860262 0.536844181588 1.22392994332 7.84453070263 7.16299770016  -2.7034652143 0.362811624164  2.60174322434 1779097922.35
 0.351382761988  -0.11320083655 -0.283802680002 0.465648189081 1.25370942624 7.95517345029 7.11982557702 -2.5211200087 0.59317274231 2.51806125701 1779097922.37
  0.302384849404 -0.0986968511126  -0.233663763696 0.394685216385 1.27419115843 8.03240479604 7.08696005993 -2.27870399569  0.83915750609  2.39801148984 1779097922.39
  0.255596118607 -0.0779263643376  -0.183000876944 0.323869132626 1.28515217065 8.08029520931 7.06473045454 -2.26425373269   1.1833663652  2.51100253603 1779097922.41
    0.2106147218 -0.0507350521463  -0.131892915395 0.253630336685 1.28636882057 8.10326378443   7.053106624 -2.29897399248  1.55601969266  2.64249086184 1779097922.43
  0.166562552974 -0.0176655776188 -0.0806637542314 0.185908036224 1.27737940871 8.10507161525 7.05150595029 -2.28771846199  1.83321820633  2.64221911808 1779097922.45
  0.122210684249  0.0201057850657 -0.0297899503602 0.127385772675 1.25744131246 8.08818409423 7.05858435637 -2.32983125397  2.02469160966  2.59901164657 1779097922.47
0.0761295472499 0.0609233534952 0.0202175584002 0.0995796798209 1.22568376338 8.05361250059 7.07210363086 -2.26942949191  1.96935544546  2.34889436513 1779097922.49
0.0268414947921  0.102864836737 0.0689186248657 0.126694188237 1.18140069166 8.00122194523  7.0889750208 -2.46691235838  1.98607791198  2.29071702529 1779097922.51
-0.0270309675841   0.143976494481   0.116009995803 0.186864184096 1.12439281141 7.93038439028 7.10555390916 -2.90937007546  2.04193737591  2.37000553498 1779097922.53
-0.0866164079096   0.182495109308   0.161342706511 0.258531112218 1.05526091865 7.84078486605  7.1182049951 -3.25818188131  1.89486238036  2.30565569908 1779097922.55
-0.152637437525  0.217025508714  0.204895541119 0.335231922014 0.975571626237  7.73316736816  7.12408345516 -3.5704316727  1.6523320549 2.19891029841 1779097922.57
-0.225244501708  0.246649716955  0.246719145845 0.415260767892 0.88785449225 7.60983283694 7.12200256041 -3.58939867195  1.28008740598  1.94581643775 1779097922.59
-0.303853645347  0.270953751549  0.286869991362 0.498033498083 0.79543419778 7.47476410719 7.11320136952 -3.65805042179 0.979556221318  1.77808796008 1779097922.61
-0.387018210692  0.289969634619  0.325353350144 0.582855288093 0.702141152923  7.33333606397   7.1018045534 -4.32094880152 0.848376736791  1.92864973195 1779097922.63
-0.472378008316  0.304041889292  0.362090615904 0.668350257957 0.611968983636  7.19165689989  7.09479176048 -4.71527642247 0.657597626843  1.98835509352 1779097922.65
-0.556733374363  0.313638297677  0.396919464173 0.752240714757 0.528752306348  7.05566270207  7.10136921882 -4.24033497009 0.390436202315  1.74723263827 1779097922.67
-0.636280249631  0.319133472646  0.429626635471 0.831431160915 0.45592286433 6.93013875076 7.13175321963 -3.56986002817 0.165394917301  1.49855452979 1779097922.69
-0.707014099235  0.320600942673  0.460004251594 0.902362350968 0.396371788287  6.81785678688  7.19551262536   -2.99879241324 -0.0343821614043    1.35508876593 1779097922.71
-0.765269025088  0.317654573048   0.48791384461 0.961561765203 0.352410108221  6.71899495037  7.29974318074  -2.60336211132 -0.288342326573   1.37070445131 1779097922.73
-0.808313793625  0.309381224358  0.513339875329 1.00628314035 0.32579011197 6.63095201801  7.4474235128 -1.87633761008 -0.62670305138  1.30716383535 1779097922.75
-0.834892478135  0.294400106347  0.536417514433 1.03511382101 0.317736492169  6.54859342249  7.63630267203 -0.936842575809 -0.962992982794   1.10809636399 1779097922.77
-0.845587329754  0.271067259276  0.557426972696 1.0484370373 0.328943221693  6.46488940781  7.85858366903 -0.185431843909  -1.30976217387  0.933716401903 1779097922.79
-0.842903490446  0.237815861278  0.576755858877 1.0486610505 0.359517148406  6.37183941155  8.10151403422 0.347721101481 -1.85045184471 0.893515171623 1779097922.81
-0.831028289389   0.19358906487   0.59483834461 1.04015258497 0.408882272448  6.26153100146  8.34881071247 0.727121932564 -2.62075844088 0.930253971464 1779097922.83
  -0.815290462 0.138290494023 0.612082986592 1.0288189251 0.475685307366  6.12716239967  8.58267857408 0.801106469965 -3.25808892508 0.918793857714 1779097922.85
-0.801416620164 0.0731588159925  0.628800147218 1.02127882411 0.557751574803  5.96386747293   8.7860702561 0.533806309061 -3.56536855953 0.858254116697 1779097922.87
  -0.794731627077 0.000975100010164    0.645137494206 1.02362185221 0.652127280649  5.76921940778  8.94480449722 0.0450933566497  -3.39144782208  0.742977567355 1779097922.89
 -0.799460458608 -0.0739630738912   0.661030707612 1.03998517181 0.755216674832  5.54334727435  9.04921225617 -0.556137481745  -3.47720033742  0.733728767557 1779097922.91
-0.818258488795  -0.14612451868  0.676177184605 1.07150124331 0.862993308233   5.2886673641  9.09509365572 -1.38984586406 -3.57664894629 0.766920220286 1779097922.93
-0.852035504309 -0.209260437915  0.690041741621 1.1162042988 0.971245209675  5.00929634448  9.08390910173 -2.18934310629 -2.96962344547 0.688454138152 1779097922.95
-0.900066337648 -0.257088627174  0.701902230586 1.16999175881 1.07580957932 4.71026507368 9.02225970345 -2.82765656925 -1.95310960899  0.54564974226 1779097922.97
-0.960320024971 -0.284054364487  0.710937285102 1.22814219685 1.17276170862 4.39668225524 8.92081166194  -2.97375462751 -0.663672152066  0.330857166967 1779097922.99
 -1.02990591501 -0.286065769718  0.716348060894 1.28673787646 1.25853953786 4.07300104115  8.7928769022 -3.39685867831 0.536848008378 0.153372089282 1779097923.01
 -1.10553371202 -0.261104431604  0.717493850648 1.34356902999 1.33000403967 3.74251774368 8.65287756505    -4.0550133384    2.01271869329 -0.0614846017653 1779097923.03
 -1.18390791026 -0.209626392389  0.714012988094 1.39835464441 1.38445336737 3.40718257158 8.51489928009  -4.17645330187   3.37396292278 -0.309434953529 1779097923.05
 -1.26201190412 -0.134692957513  0.705900324131 1.45227804037  1.4196237168 3.06773534962 8.39148580449  -4.00825769751   4.38617661027 -0.535536920235 1779097923.07
  -1.33727047138 -0.0418040293473   0.693522460823 1.50698815329 1.43371919458 2.72410771951  8.2927596021  -3.40133296904   4.58474631011 -0.661874612856 1779097923.09
 -1.4076041918 0.061554722385 0.677569125768 1.56340604605 1.42551148947 2.37597452217 8.22588675106  -3.07832878756   4.78284413514 -0.793255905452 1779097923.11
-1.47140439385 0.166601793641 0.658957431074 1.62080595503 1.39453282034 2.02330686371 8.19485501205  -3.07974815998   5.20452077316 -0.998247717304 1779097923.13
-1.52746408999 0.264108079855 0.638718588795 1.67656227433 1.34135224893   1.666785821 8.20050749999 -2.79204215025  4.82098825247 -1.10762520417 1779097923.15
-1.57490083697 0.345307955507 0.617899573502 1.72665865572 1.26788345651 1.30797549192 8.24076900872 -2.23535963775  3.61953534405 -1.07577931649 1779097923.17
-1.61310243049 0.402775252246 0.597504658896 1.76673121115  1.17763517588 0.949214612641  8.31101072413  -1.58047923839   2.03113444121 -0.932290289691 1779097923.19
-1.64171627444 0.431175034903 0.578486601765 1.79326266478  1.07579815052 0.593251477729  8.40451433112  -1.09488574542  0.576179957832 -0.821978836471 1779097923.21
-1.66068891849 0.427817482235 0.561779391487 1.80458071773 0.969073985714 0.242703491967  8.51301212985 -0.732240829279 -0.977473758793 -0.770821433466 1779097923.23
-1.67034526964  0.39295797511 0.548349190354 1.80143168746  0.865192211219 -0.100539845214   8.62729092262 -0.290829184574  -2.64139011613   -0.6076545979 1779097923.25
-1.67148043701 0.329805962485 0.539231737409 1.78700578925  0.772125143139 -0.435839875188   8.73785082532  0.127864519005  -3.86573969272 -0.333299904396 1779097923.27
-1.66542573856 0.244225342193 0.535525623257 1.76637385669  0.697083831143 -0.764142890161   8.83560425348   0.403896231208   -4.30215114407 -0.0210907925047 1779097923.29
-1.65404906151  0.14413348958  0.53832149984 1.74540619854 0.645448178595 -1.08805034298  8.91258547417 0.594467869061 -4.74352161278  0.30085312837 1779097923.31
 -1.63966095338 0.0386367448054  0.548564875047 1.72942310098 0.619834052889 -1.41160310546  8.96261980067  0.76915977279 -5.45109835726 0.751226449329 1779097923.33
  -1.62481889079 -0.0630231263107   0.566870155324 1.72201919714 0.619513029567  -1.7398103638  8.98187893154 0.751611861907 -5.20490526388  1.21814076198 1779097923.35
 -1.61204578901 -0.152598015666  0.593320897496 1.72453108631 0.640363275223 -2.07799427612  8.96923311983 0.556933847801 -4.20187590703  1.57846268342 1779097923.37
 -1.60349680173 -0.223891015095  0.627301249679 1.73632832081  0.67544059386 -2.43104429852  8.92631141528 0.264103806205 -2.79557955082  1.71188237263 1779097923.39
  -1.6006166027 -0.273577716773  0.667403217103 1.75563245873 0.716130298654  -2.8026809953  8.85720644683 -0.00767612100594    -1.79413667441     1.94175141483 1779097923.41
 -1.60382942967 -0.301636007997  0.711442804845 1.78028199602 0.753701887199 -3.19482307327  8.76781298159 -0.307345375525 -0.991474453126   2.34600997458 1779097923.43
 -1.61230169522 -0.311272999153  0.756597152639 1.80799526763 0.780975908684 -3.60713852767  8.66486341392 -0.538467884521 -0.179952735915   2.37637811683 1779097923.45
 -1.62381625802 -0.308315486103  0.799649108141 1.83610358503 0.793759263144 -4.03684348845  8.55480177371 -0.58690278881 0.290691571553  2.10550010453 1779097923.47
 -1.63479786489 -0.300130699199  0.837301638128 1.8611062648 0.791731153678 -4.47878885243  8.44269793708 -0.394559886491  0.332237736694   1.57880915952 1779097923.49
 -1.64052504381 -0.294245912989   0.86650837321 1.87849403446 0.778566174611 -4.92584140995  8.33142425079 -0.0172331655671  0.0739775432759    1.09105227466 1779097923.51
 -1.63554751489 -0.296912644742  0.884762874062 1.88307677363 0.761241236877 -5.36952235343  8.22128574559   0.67049144812 -0.451045267769  0.608168359415 1779097923.53
 -1.61429624522 -0.311890247628  0.890299169427 1.86972203949 0.748651059871 -5.80081860575  8.11021369866    1.67226127506   -1.12273081382 -0.0678571408388 1779097923.55
 -1.57182917022 -0.339692173298  0.882177306392 1.83419587636 0.749809468099 -6.21104500762  7.99451505285   2.78014818786  -1.66169904266 -0.761529207907 1779097923.57
 -1.50461031354 -0.377449705379  0.860254353459 1.77379762891 0.772004108085 -6.59262255135  7.87004267754  3.82512517614 -1.89850882368 -1.35991236441 1779097923.59
 -1.41118829294 -0.419422406669   0.82506609952 1.68763195689 0.819279774394 -6.93965694188  7.73354534872 5.02670755246 -1.9113795266  -1.958591758 1779097923.61
 -1.29263501444 -0.458052215595  0.777660912447 1.57653848907 0.891550072392 -7.24824841682  7.58390127118  6.71624479511 -1.71255784405  -2.7439826528 1779097923.63
-1.15263321096 -0.48535069655 0.719431078553 1.44281311833 0.984498404444 -7.51652316109  7.42295280146   7.87270100745 -0.967132015537  -3.34870900851 1779097923.65
-0.997159836697 -0.494350241382  0.651978457524 1.28987821524  1.09026172804 -7.74443023574  7.25574188666  8.13033463673 0.127508519633 -3.63105495276 1779097923.67
-0.833789793059 -0.480350256343  0.577033745179 1.12201146645  1.19873398466 -7.93338151601  7.09007580138  7.68568394683  1.23857522545 -3.66232563282 1779097923.69
-0.670723352267 -0.441743844204  0.496427342921 0.944164999334 1.29921469601  -8.085821058 6.93549871767   7.5704701574  2.38112781475 -3.92562592475 1779097923.71
 -0.51570147691 -0.380302449354  0.412090787308 0.761837767018 1.38208221686 -8.2047991989 6.80187140776  7.76715655677  3.69920006772 -4.47478827648 1779097923.73
-0.375000208483 -0.300902203442  0.326056313676 0.580930298819  1.44019378734 -8.29360478741  6.69784044666  7.07861260716  4.56250418332 -4.62008735949 1779097923.75
-0.252681052639 -0.210773213523  0.240421930019 0.40752394572  1.46979371603 -8.35548476341  6.62949417526  5.91605067741  4.80273009164 -4.44261534752 1779097923.77
-0.150222092256 -0.118424283354  0.157260817594 0.247632697034  1.47082371855 -8.39345888994  6.59945544114  4.40986005119  4.22592558924 -3.83747241512 1779097923.79
-0.0665772084537 -0.0324317268841  0.0784738500076 0.107900355556  1.44664793467 -8.41022082494  6.60656468899  3.53513560811  3.68780892592 -3.53651393158 1779097923.81
0.00137315709729  0.0397179707676 0.00560646236358 0.0401352112558  1.40330408656 -8.40810579402  6.64618463574  3.18958867195  3.19819090946 -3.55137386319 1779097923.83
  0.058087582021  0.0925692812809 -0.0603312825932 0.124832298229  1.34845457905 -8.38910048108  6.71103666352  2.79967313267  2.18456975438 -3.25646318055 1779097923.85
 0.108497281158  0.123306343516 -0.118995856986 0.202820433758  1.29023151328 -8.35487209915  6.79238464871  2.58604073184  1.02832090483 -2.88205301664 1779097923.87
 0.157168799216  0.131968230286 -0.170753874702 0.266972903078  1.23615300543 -8.30679918456  6.88133265103    2.31681418994 -0.0476843255796   -2.28142513678 1779097923.89
 0.207633612221  0.121265934273 -0.216617892728 0.32363630079  1.19224753231 -8.24599384471  6.97000567997   2.39969235888 -0.822453901958  -1.99942185402 1779097923.91
 0.261975805134 0.0960474045804  -0.25807899257 0.380080508324  1.1624726701 -8.1733118354  7.0524316104  2.93231032959 -1.52394009008 -2.08094189753 1779097923.93
 0.320711634689 0.0624985759866 -0.296864786199 0.441464297436   1.1484658328 -8.08935210636  7.12502089246  3.20926263969 -1.82665575041 -2.03197704183 1779097923.95
 0.382939557221 0.0271969681569 -0.334668413484 0.509298857789  1.14962331267 -7.99445147504   7.1866279389  3.29731690227 -1.73655260992 -1.99002063695 1779097923.97
   0.446696330793 -0.00385205372656     -0.3728999847 0.58189934598  1.16347109258 -7.88868303241  7.23825412224  2.99733095245 -1.26217962962 -1.84444736595 1779097923.99
  0.509430047158 -0.0260683276254  -0.412506014564 0.656018096324  1.18626488878 -7.77186824939  7.28250310565   2.79209696793 -0.758211663719  -1.85651691782 1779097924.01
  0.568495894685 -0.0369274988272   -0.45388676759 0.728398531187  1.21373580758 -7.64361149295  7.32291917572   2.83308070531 -0.258066487322  -2.13218689833 1779097924.03
  0.621592728604 -0.0362852724357  -0.496920058757 0.796632717157  1.24188175489 -7.50336103573  7.36333118917  2.59835288355 0.278833385296 -2.29799486558 1779097924.05
  0.667083044362 -0.0263479548148  -0.541077681959 0.859336407184  1.26769606599 -7.35049319637  7.40729676413  2.20312192572 0.667004190142 -2.36601232347 1779097924.07
  0.704169145293 -0.0112849239326  -0.585601859447 0.915920887674   1.2897286178 -7.18440821733  7.45770236054  1.61309179894  0.73058957678 -2.17106374243 1779097924.09
  0.732927340467 0.00347375555294  -0.629697662553 0.966288621276  1.30839517172 -7.00462107804  7.51653258673   1.1426199436 0.535236681453 -1.98811262506 1779097924.11
 0.754224203547 0.0121623328916 -0.672695642311 1.01070346727 1.32598787445 -6.8108302118 7.58478416122 0.887392942534 0.150636791186 -2.04621743698 1779097924.13
  0.769551120699 0.00969071815303  -0.714147531521 1.04990929807 1.34638784393 -6.6029524448 7.66247560753 0.687624935383 -0.50644986469 -2.09817794586 1779097924.15
   0.780815686787 -0.00742283977415    -0.75383531717 1.08535520485  1.37452957835 -6.38112132234    7.748701034 0.544381756005 -1.32453842028 -2.05206285769 1779097924.17
  0.790123729318 -0.0403646156629  -0.791696577876 1.11924451361  1.41570618529 -6.14565488351  7.84169628499 0.464682275043 -1.98870836577 -1.82923313235 1779097924.19
  0.799577452561 -0.0877178769526  -0.827691466668 1.15416276693   1.4748265378 -5.89700494325  7.93891863156 0.480726524163  -2.4111039762 -1.60277405647 1779097924.21
  0.81110613898 -0.145602768387 -0.861653320763 1.19228343108  1.55573680453 -5.63570205061  8.03717015416 0.655190399307 -2.95097723251 -1.60320517643 1779097924.24
 0.826337244348 -0.208243965851 -0.893170809405 1.23448486645  1.66069992133 -5.36230951496  8.13280539928 0.936784212563 -3.26155321394 -1.58476548314 1779097924.25
 0.846507717314 -0.268858615406   -0.9215424592 1.27988310976  1.79009237251 -5.07739769859  8.22205100192   1.2246549494 -2.98910441647 -1.39966830692 1779097924.27
 0.872407970386 -0.320692138077 -0.945825424603 1.32609383078  1.94233685976 -4.78154635883  8.30143439348  1.43066927834  -2.2051547423 -1.07432972321 1779097924.29
 0.904344999537 -0.358005813228 -0.964974098043 1.37010329917  2.11405214042 -4.47537713361  8.36828112779  1.60614578409  -1.2939453221 -0.74227819024 1779097924.31
 0.942109032428 -0.376844801221 -0.978037679993 1.40930448686  2.30037508756 -4.15961018969  8.42120594786   1.98094366123 -0.429560495461 -0.476696209815 1779097924.34
 0.984932958316 -0.375481021726 -0.984366862845 1.44224028883  2.49539734867 -3.83513145636  8.46049931552   2.34874552867  0.587161671319 -0.150819325294 1779097924.35
  1.03144729103 -0.354511176487 -0.983774332057 1.46880006292  2.69265804018 -3.50305462752  8.48830496576  2.48584691255  1.54350480734 0.203727340589 1779097924.37
   1.0796526262 -0.316667962086 -0.976604121728 1.48986039683  2.88564163371 -3.16476816646  8.50850002595  2.38226830238  2.19677137139 0.501042411705 1779097924.39
  1.12694808375 -0.266446617521 -0.963688455309 1.50655276122  3.06824416455 -2.82196930735  8.52622932726  2.10253970321  2.48349310539 0.705530935574 1779097924.41
  1.17025729831 -0.209646877936 -0.946200701053 1.51945704919  3.23518836359 -2.47669670871  8.54710646033  1.89825022372  2.71734956552 0.915245122042 1779097924.44
  1.20627597682 -0.152888555958 -0.925440353838 1.52804335387  3.38238408476 -2.13137248427  8.57616618729 1.62008883563 2.80348501807 1.14718082187 1779097924.46
  1.23182857229 -0.103100779746 -0.902602237105 1.53059537459  3.50723721501 -1.78884949778  8.61672095519 1.03074956864 2.33120633015  1.2709470719 1779097924.47
   1.24427775025 -0.0669414185859  -0.878582955945 1.52466923749  3.60890258964 -1.45243623305  8.66932164107 0.253507602543  1.33456276817  1.22722799957 1779097924.49
   1.24189639806 -0.0500998232152   -0.85386398409 1.50794574144  3.68845482782 -1.12585135801  8.73103589798 -0.461106093125   0.23909138071   1.14500018495 1779097924.51
   1.22410400687 -0.0564809882677  -0.828488324288 1.47919357258   3.74892345825 -0.813056611304   8.79523080264  -1.18582929983 -0.876388740479   1.21731620088 1779097924.54
  1.19149495479 -0.087349077717 -0.802124249334 1.43899040999   3.79511856389 -0.517937668036   8.85198249819  -1.9052429035 -2.04237091165  1.31841780608 1779097924.56
  1.14564039821 -0.140591938989  -0.77419193058 1.38983134253   3.83317495441 -0.243846327802   8.88914239823 -2.71408339937 -3.24710549612  1.53427524754 1779097924.58
  1.08871086445 -0.210319058937   -0.7440202553 1.3353245273   3.86977720689 0.0069279307532   8.89397842701 -3.35782211122 -4.00908611617  1.73039243642 1779097924.59
  1.02301992546 -0.286995178514 -0.711001704428 1.27845978587  3.91109610083 0.233641346746   8.8551951313 -3.29679579133 -3.53104460499  1.65436520476 1779097924.61
 0.950610756934 -0.358231659673 -0.674720235793 1.21952373072  3.96155705906 0.437396878388  8.76503802133 -3.58493117891 -2.94446665425  1.81514657421 1779097924.64
 0.872989378172 -0.410222075091 -0.635037224121 1.15484409394  4.0226485659 0.62114280459 8.62112900837 -4.18832181279 -1.87479687194  2.16802193476 1779097924.66
 0.791058645488 -0.429651147674 -0.592130479606 1.07749357036  4.09203242761 0.789306443004  8.42768218102 -4.52534081424 0.120091624714  2.38881106236 1779097924.67
   0.7052445419 -0.405770531936 -0.546489038031 0.980137672552   4.1632119697 0.947085094496  8.19582103429 -4.48075689289  2.48924604448  2.38367529127 1779097924.69
 0.615752390775 -0.332261262092 -0.498870970609 0.859314144158 4.22593766798  1.0995040309 7.94285120478 -4.2221210906 4.56638605266 2.22828649331 1779097924.71
 0.522860922726 -0.208515645835 -0.450233400998 0.720813730756 4.26739201036 1.25041599877 7.69051385399 -4.41497678017  6.84027830863  2.27611199498 1779097924.74
  0.427162126493 -0.0400717539198  -0.401644510756 0.587700213368 4.27402593386  1.4016398775 7.46242360851 -5.04943928917  9.68215246906  2.51048536978 1779097924.76
 0.329680295967  0.161902567997 -0.354187660188 0.510245468086 4.23375914256 1.55241319926 7.28104980005 -5.15724117521  11.1443603582  2.44970334271 1779097924.77
 0.231844237412  0.381993622967 -0.308867991389 0.54320375046   4.138147667 1.69927297675 7.16470202408 -4.90094449314  11.1118270774   2.2104384216 1779097924.79
0.135329982863 0.602549687075 -0.26653120949 0.67262115287 3.98409528689 1.83639827901 7.12500840514 -4.45397862023  9.93788617847  1.90017986224 1779097924.81
0.0418268995355  0.805967520636 -0.227801791998 0.838586185364 3.77475308195 1.95636417107 7.16531548053 -4.36146272076  8.94464360068  1.75594716094 1779097924.84
-0.0471997043574    0.97688809216  -0.193043825422 0.996897224005 3.51940219539 2.05118518373 7.28029537717 -4.5815536881 7.91500467853 1.73852749574 1779097924.86
 -0.13067564714   1.10397962678 -0.162343556453 1.12347789094 3.23231524298 2.11347859996 7.45684017981 -4.42051509105  5.61488307608  1.58201915611 1779097924.87
 -0.20796030943   1.18108420554 -0.135510630413 1.20688463484 2.93079370009 2.13756053937 7.67609356191 -3.79564160659  2.65683415638  1.28804500272 1779097924.89
-0.278746522927   1.20762475483 -0.112095937901 1.24443668855 2.63273420497 2.12030327098  7.9162647458 -3.10142521105 0.165607406916   1.0136221138 1779097924.91
 -0.342844781293    1.18828665799 -0.0914270642504 1.24013170014 2.35415329796 2.06162684485 8.15573608336 -2.83255733248  -1.7658511905 0.921748505169 1779097924.94
  -0.39991905404    1.13208430385 -0.0726649268709 1.20284259669 2.10708800584 1.96456287653 8.37594218547 -2.76822810711 -3.57146986654 0.950561123467 1779097924.96
  -0.44926401949    1.05098832572 -0.0548845588264 1.14430194215 1.89820041055  1.8349004148 8.56356809966 -2.41447160341  -4.6725007961 0.954248637887 1779097924.97
 -0.489709127966    0.95832198198 -0.0371780503143 1.07683715509  1.7282728852  1.6804899835 8.71176357791 -1.77446089855 -4.63146161415 0.909785726073 1779097924.99
 -0.519702980573   0.867137926618 -0.0187697245097 1.01112396587 1.59261753058 1.51033086693 8.82026196733 -1.10972851631 -3.93056314608  0.88210426605 1779097925.01
  -0.537580626877    0.788765242107 0.000874187500029 0.954538790073  1.4822689423  1.3335907228 8.89448535925 -0.527841965436  -3.21233826349  0.965960368532 1779097925.04
-0.541961346381  0.731678063912 0.0219634885482 0.91080035409 1.38571017672 1.15870222132 8.94387845999 0.139587227552 -2.27450215811  1.12401255521 1779097925.06
-0.532181448783  0.700788408974 0.0443505432631 0.881072334868  1.29081629476 0.992650657253  8.97981821972 0.876265666577  -0.9065715803   1.1993518113 1779097925.07
-0.508648324277  0.697212900839 0.0675592877728 0.865674999206  1.18669544684 0.840517773802  9.01348157473  1.51079833415 0.452519654159  1.18806657545 1779097925.09
-0.473014243649  0.718510379273 0.0908786451247 0.865019403226  1.06515800001 0.705294107946  9.05401908703 1.90791362998 1.47168799703 1.08847384772 1779097925.11
-0.428108726844  0.759337913714  0.113507513171 0.879064903605 0.921631813453  0.58792986532  9.10729066373 2.25880109953 2.22400745539   1.038266971 1779097925.14
-0.377626396904  0.812428910815  0.134724050871 0.905976269363 0.755443236303 0.487572506318    9.175295014 2.65703269921 2.86296312934 1.05093510344 1779097925.16
-0.325627802512   0.86976151065  0.154041753057 0.941407145109 0.569479012835 0.401938200556   9.2562952832   2.6933652585  2.94938160573 0.969288796315 1779097925.17
-0.275957622319  0.923761754621   0.17131262861 0.979201922658 0.369323637958 0.327775243607  9.34553293863  2.40261991952   2.5227056137 0.836607879937 1779097925.19
-0.231705576741  0.968378076792  0.186746082836 1.01307338005 0.162027843042 0.261387837362    9.436344333  1.92418121022    1.805144526 0.700058112148 1779097925.21
-0.194824901517  0.999875317136  0.200830440683 1.0382871751 -0.0452928237712   0.199189062525      9.521454498 1.56107016696 1.16037644411  0.6513665084 1779097925.24
-0.165984224365   1.01723014686  0.214168737326 1.05269947395 -0.24680771447 0.138240841151  9.59422050446  1.28812152453 0.569913760714 0.678938800857 1779097925.26
-0.144671345216   1.02206515042  0.227265210016 1.0569751395 -0.439051706464 0.0767219477359   9.64962898039  0.962929150243 0.0237791025271  0.690255830349 1779097925.27
-0.129506915163   1.01813093761  0.240316741409 1.05409429531 -0.621555706481 0.0142523223404   9.68491255027   0.66808649535 -0.299205326141   0.66321642546 1779097925.29
-0.118678706949   1.01042423886   0.25306837287 1.04837272919   -0.79691407803 -0.0479972239304    9.69972748408  0.450610345607 -0.330654225481  0.576532135218 1779097925.31
-0.110385940932   1.00410012144  0.264781017936 1.04427539341 -0.970267969739 -0.107459763959   9.69591597405  0.368206214753 -0.167443476368  0.505637749685 1779097925.34
-0.103192956634    1.0033820224   0.27433411915 1.04531501381  -1.14828529607 -0.160599475206   9.67694656191  0.36786276399 0.170987535574 0.407165911187 1779097925.36
-0.0962274961187    1.01068115606   0.280452177531 1.05327563064  -1.33781207058 -0.203564019944   9.64717273021 0.367842822727 0.597583758925 0.201919461326 1779097925.37
-0.0892080494364    1.02610138212   0.282010835273 1.06788212537  -1.54443743507 -0.232960131744   9.61106488549   0.356302560026   0.942270734475 -0.0537802172326 1779097925.39
-0.0823311743501    1.04743109498    0.27835467028 1.08690921584  -1.77124032811 -0.246612571841   9.57255434077  0.313566819041   1.06345779254 -0.297602176328 1779097925.41
-0.0760802408997     1.0706241742   0.269551403491 1.10665364255  -2.01796060632 -0.244157415311    9.5345863388 0.268030194238  1.02501176151 -0.51768129505 1779097925.44
-0.0710250052823    1.09066859778   0.256517607251 1.1226770793  -2.28076353636 -0.227343938162   9.49892465183  0.216422446759  0.824081652469 -0.735115247993 1779097925.46
-0.0676676215773     1.1026572897   0.240976526753 1.13070849116 -2.55265727448 -0.19997074994  9.46619576964  0.122960910075  0.320730219847 -0.824716370927 1779097925.47
-0.0663621812166    1.10283106947   0.225243380837 1.12755260963  -2.82449999917 -0.167450564054   9.43611637483 0.00932380822734   -0.33910290156    -0.7428019858 1779097925.49
-0.0673022699352    1.08936960736   0.211869973014 1.11182040926  -3.08642139554 -0.136069703798   9.40782013608 -0.0985870098597  -0.944302918718  -0.519246227042 1779097925.51
-0.0705453850882    1.06276279241   0.203210936295 1.08431364877  -3.32940409945 -0.112067720868   9.38019224949 -0.206855302316  -1.50884112973 -0.257742269973 1779097925.54
-0.0760325190447    1.02568954317    0.20099205885 1.04795886877  -3.54673957227 -0.100696536892   9.35213344937 -0.331654996803    -2.045475951 0.0700899973876 1779097925.56
-0.0835686609341   0.982441983726    0.20596319807 1.00727196498  -3.73509563095 -0.105420682804   9.32270651216 -0.442057059033  -2.31754230206  0.441853274182 1779097925.58
-0.0927523209105   0.938033781738   0.217704153018 0.967422072809  -3.89500527843 -0.127391871047   9.29115976814 -0.503525506295  -2.22362459121  0.747647965349 1779097925.59
-0.102871594075  0.897198085896  0.234624702814 0.933057190838  -4.03069458532 -0.165280410607   9.25686205143 -0.476065256108  -1.76906605114  0.865371903093 1779097925.61
-0.112810536066  0.863497135716  0.254165154108 0.907167815787  -4.14928980538 -0.215484352905   9.21921012744 -0.431549489256  -1.39009982517  0.916355539493 1779097925.64
-0.121022933295  0.838729302814  0.273167397587 0.890356007946  -4.25955623886 -0.272676163205   9.17757595166 -0.330445219841  -1.05103415001  0.881696227273 1779097925.66
-0.125624326467   0.82274081517  0.288354998523 0.880813558887  -4.37040135225 -0.330595495086   9.13134701667 -0.0947887784517  -0.659716183998   0.622719295765 1779097925.67
-0.124626340763  0.813650108175  0.296840150814 0.875027027286  -4.48940721148 -0.382961952521   9.08008368093   0.23825500358 -0.366305115049  0.209811505246 1779097925.69
-0.116295734297  0.808398572712   0.29656991924 0.868899687638  -4.62163794203 -0.424367410509   9.02378014662  0.596575642701 -0.242303797113 -0.243016401143 1779097925.71
-0.0995758201598   0.803475646083   0.286635766109 0.858864669329  -4.76890398394 -0.451014423599   8.96317880424  0.993212165905 -0.302933055007 -0.692834513769 1779097925.74
-0.074474445087   0.79564293868  0.267396663445 0.842671409544  -4.92957318634 -0.461193344381   8.90005975984  1.48138789162 -0.54255445017 -1.19608230517 1779097925.76
-0.0423127080306   0.782503180672   0.240401153592 0.819691593022  -5.09892046298 -0.455431436262   8.83741670176  1.81305413751 -0.86602296283 -1.56350119985 1779097925.77
-0.00574764239684    0.762814912169    0.208129575802 0.790719638016  -5.26992210996 -0.436296832857   8.77944128568  1.88510259172 -1.17467558921 -1.70648485281 1779097925.79
0.0314728777508  0.736524714124  0.173606919132 0.757362897771  -5.43434089079 -0.407893058246   8.73126918771  1.73080707186  -1.4252045106 -1.66776393808 1779097925.81
0.0650043885733  0.704555320264  0.139954625679 0.721256588944  -5.58391912804 -0.375130242652   8.69848538246  1.44734223546 -1.66758794003 -1.55889733631 1779097925.83
0.0905701275553  0.668434487329   0.10995469988 0.683445424216  -5.71149914574 -0.342899923206   8.68643660744  1.01367167269 -1.90859243531 -1.38664013487 1779097925.85
0.104671266632 0.629868510486 0.085692790586 0.644231067955  -5.81191974614 -0.315302156889   8.69944859095 0.370629332397 -1.97778751141 -1.05437336214 1779097925.87
 0.105201590811  0.590356680823 0.0683308353959 0.603537478842 -5.88258723228 -0.29506770897  8.74008556225 -0.321564190814  -1.97870594524 -0.693104881945 1779097925.89
0.0918404513538  0.550915656906 0.0580370348676 0.561525624478  -5.92367965707 -0.283280609134   8.80860619845 -0.955185925742   -1.9175457517 -0.348642015928 1779097925.91
0.0661424647923  0.511945076188  0.054074289033 0.519024677079  -5.93800073162 -0.279442692406   8.90274897015   -1.45035772465   -1.86133246959 -0.0722499613429 1779097925.93
0.0313053723534  0.473227300318 0.0550214635755 0.477442630646  -5.93054295559 -0.281845961031   9.01791589765 -1.90386231508 -1.99186004858 0.127945487677 1779097925.96
-0.00833655068215    0.434023592998   0.0590795112495 0.438105427957  -5.90784075124 -0.288149510503    9.1477305107  -2.0590506948 -2.07765129899 0.243555490107 1779097925.97
-0.0479922795886     0.3932133065  0.0644012124724 0.401332131129  -5.87719434009 -0.296013382397    9.2848531811 -1.88213211191 -2.12870164666 0.259248114678 1779097925.99
-0.0831353343348   0.349425762207  0.0693824243763 0.365819310481 -5.84583213652 -0.30363438874  9.42187759824 -1.56672397632 -2.32150790594 0.213387541138 1779097926.01
 -0.11013337236  0.301135161062 0.0728648188195 0.328817619292  -5.82006594213 -0.310061552654   9.55212533356 -1.03651765337 -2.44481873419 0.115211736949 1779097926.03
