 0.0528342886218 -0.0416223797446  0.0172352818809 0.0694329856141 0.893995924923 -0.16046963395  8.30070240116  -1.46132919252  0.694357798979 -0.489631839282 1779097887.27
 0.0203581941813 -0.0262038069891 0.00640574233769 0.0337954006625 1.02252626854 -0.2479904389 8.12079960751 -1.63864749553 0.782577862121  -0.5413663515 1779097887.29
-0.00958256047347   -0.011813623158  -0.0033856155111 0.0155836308265  0.904355356133 -0.297215792736   8.35710047181  -1.40079626623  0.686709796375 -0.450528446665 1779097887.31
 -0.0335919315252 0.000244064647498   -0.010945864686 0.035331139026  0.693183825157 -0.317967545895   8.73151068098  -1.00875368963  0.533455228024 -0.307182549157 1779097887.33
 -0.049226304568   0.009151021396 -0.0154578056743 0.0524014695431  0.410931990736 -0.288521154644   9.19164973069 -0.514035279014  0.340282350757 -0.133702072118 1779097887.35
-0.0552744613474   0.014597519594 -0.0165855537975 0.0595267523917   0.15343738433 -0.243319638078    9.5818759977 -0.0624896586868   0.179498471739  0.0226411296864 1779097887.37
-0.0518613325737  0.0167200097686 -0.0145030875328 0.0563870205896 -0.105236545645  -0.18083733028   9.93456448829  0.391925855193 0.0365775246063  0.177225076886 1779097887.39
 -0.0403679681663   0.0159887077841 -0.00984498191348 0.0445211780993  -0.337734565129 -0.0647104140277    10.2094617647   0.747880885045 -0.0948649618322   0.284603656731 1779097887.41
 -0.0231835880651   0.0130823808458 -0.00358986442851 0.0268610232639 -0.516399481318 0.0579509751677   10.3693982424  0.977341828171 -0.190236092645  0.341668338595 1779097887.43
-0.00332744026273  0.00877890145552  0.00310399383348 0.00988816197208 -0.555713978022  0.149408254913   10.3375175293  0.929515079336 -0.218406480722  0.300651002274 1779097887.45
 0.0160043562229 0.00387446029783 0.00908544874197 0.018806813647 -0.561988962264  0.208143662211   10.2465613122  0.810663182425 -0.222080858298  0.236715138956 1779097887.47
   0.0319015749891 -0.000872073343563    0.0133909310245 0.0346090744228 -0.599968414336  0.261900499849   10.1390410168  0.690357113006 -0.228649761641  0.166499831182 1779097887.49
  0.0421454984486 -0.00478361800152   0.0153901505919 0.0451218658292 -0.491659777541  0.231321374991   9.91788057213  0.357881383099  -0.16951694129 0.0390146653888 1779097887.51
 0.0454986313312 -0.0073125631553  0.0148732227236 0.0484232566759 -0.339033424637  0.157660308347   9.68855323503 -0.00816600321353  -0.0876557133251  -0.0879702026595 1779097887.53
 0.0418368054036 -0.0080971985075  0.0120646816911 0.0442881412385 -0.135563309378 0.0491058983871    9.5236639771  -0.315137377764 0.00689638639817   -0.17202627926 1779097887.55
   0.032106714323 -0.00701949784214  0.00756288184491 0.0337240513042 0.0408384482205 -0.046230438683   9.40151481379 -0.555093298112 0.0901288589679 -0.230482679129 1779097887.57
  0.0181209257642 -0.00424652119147  0.00221750916034 0.0187434852591 0.233670499514 -0.14137693709  9.29216735159 -0.786430217498  0.178593179898 -0.278834232128 1779097887.59
  0.00222996954078 -0.000234683707419  -0.00303012310894 0.00376954727397  0.389755085842 -0.196038737562   9.32087602406 -0.821841599194  0.225675264884  -0.25111938883 1779097887.61
 -0.0130691705568  0.00431818672295 -0.00731284064597 0.0155861346694  0.497213110897 -0.208593706879   9.42790673385 -0.736981397543  0.233965624276 -0.184537968242 1779097887.63
 -0.0255213255406  0.00857537459234 -0.00997896554579 0.0287133219972  0.459573630322 -0.152513846398   9.62963984757 -0.465480050691  0.168810876324  -0.07709112124 1779097887.65
-0.0334368304268  0.0117047170505 -0.0106860587551 0.0370028901836   0.426221684157 -0.0979111066901    9.80605841722 -0.236489620036   0.10156381768 0.0123875300587 1779097887.67
 -0.0359052527341    0.013034899235 -0.00943504649252 0.0393461036735   0.386019304244 -0.0357162232035    10.0069922142 0.0147290350366 0.0127155676964  0.108738594181 1779097887.69
 -0.0328758367372   0.0121890225885 -0.00654446597615 0.0356682344355  0.226023259056 0.0379779679362   10.1742486669  0.282643993897 -0.101330986097  0.179542455136 1779097887.71
 -0.0251047084432  0.00916278510197 -0.00257427364514 0.0268482755804 0.0371934541335 0.0938291566724   10.2894058701  0.499868430025 -0.208060065466  0.220442794363 1779097887.73
-0.0139892349125 0.00432785877811 0.00178455628689 0.0147517353617 -0.140158276069  0.107866298694   10.2723418997   0.56261988656 -0.255573410297   0.19893719216 1779097887.75
-0.00132413809133 -0.00163967959721  0.00583431625148 0.006203316612 -0.283523152247  0.102102110241   10.2293584313  0.576673792852 -0.282123980088  0.166345422582 1779097887.77
0.0109791779945  -0.00788734523  0.008986862422 0.0162331839269 -0.440586928631 0.0876916001371   10.1888936617  0.592148383028 -0.313292824884  0.132090124047 1779097887.79
 0.0211683870656 -0.0135399852421  0.0108517080459 0.0273713605586 -0.488243640872  0.043966053056   10.0465536005  0.441715038639 -0.260206700714 0.0599534425477 1779097887.81
 0.0278841376058 -0.0178457649834  0.0112813519371 0.0349752106411   -0.470636720167 -0.00162710695167      9.8926472795  0.240879429127 -0.177513503874 -0.012710947325 1779097887.83
 0.0303236114351 -0.0202868293479  0.0103685967436 0.037928678515   -0.34220909099 -0.0352839089252    9.75447602301   0.010205737747 -0.0658847040202  -0.067938142613 1779097887.85
 0.0283167647987 -0.0206386561258 0.00840141433163 0.0360329995714  -0.208449019367 -0.0542262097477    9.65752242537 -0.183984085153 0.0301179231564 -0.105144499719 1779097887.87
 0.0223117159729 -0.0189752938873  0.0057899032143 0.0298562795236 -0.0631788947023 -0.0675050097598     9.5689619112 -0.391751633043    0.1305150194 -0.141123301172 1779097887.89
 0.0132789448946 -0.0156286926924 0.00298424026447 0.0207241912446   0.116288825386 -0.0598339454219    9.54633156262 -0.515866961359  0.205183411333 -0.140696776048 1779097887.91
 0.00255423805215  -0.0111168594017 0.000401278521304 0.011413576102   0.276981680538 -0.0442121089491    9.56245105217 -0.568731882761  0.251632493506  -0.12126298668 1779097887.93
  -0.008354080412 -0.00605727201951  -0.0016282763521 0.0104466495934   0.355706613951 -0.0241128564167    9.62709192799  -0.489293898627    0.23930615854 -0.0784233232173 1779097887.95
 -0.0179670852223 -0.00108019420979 -0.00288784969491 0.0182297187794   0.392554528132 -0.0111697037797    9.68454456444  -0.385761695126   0.215336017254 -0.0382448932216 1779097887.97
 -0.0250221188957  0.00324699293957 -0.00328076637398 0.0254443083062    0.423204116504 -0.00511196507603     9.72785841753  -0.275227901679   0.195174908604 0.00173752652612 1779097887.99
 -0.0286246018027  0.00647746913697 -0.00282056829776 0.0294835723803    0.347852260716 -0.00375518674751     9.77531003288 -0.0868270425631   0.132409301394  0.0435025979038 1779097888.01
  -0.028350040611  0.00832199925576 -0.00161339137231 0.029590260323   0.219090301181 -0.0055550169956    9.80845358335  0.114109683678 0.0575883049749 0.0784660809369 1779097888.03
  -0.024287115753  0.00866648992296 0.000162049131959 0.0257875609375   0.0527399499535 -0.00567967845583     9.82485577056   0.269660921768 -0.0178115768565   0.092518314171 1779097888.05
-0.0170182878088 0.00757351710777 0.00227443434225 0.01876574893  -0.0915527432082 -0.00158231206732     9.82956184009   0.384501112272 -0.0779556202121  0.0986766112715 1779097888.07
-0.00753988660689  0.00527107546706  0.00445998161533 0.0102237743829  -0.23392440714 0.0101198258154   9.83091753805  0.502072937238 -0.137425146638  0.105259853566 1779097888.09
0.00287033172119 0.00212969360601 0.00644409381619 0.00736890386401 -0.331687983827 0.0306928560081   9.82963517173  0.528797567695  -0.17253763194 0.0910302983594 1779097888.11
  0.0128233957735 -0.00137311644131  0.00796543584567 0.0151582682433 -0.354129256582 0.0552398909789   9.82956457546  0.459627776378 -0.173154767695 0.0597579388539 1779097888.13
  0.0210057933434 -0.00470244710791  0.00880195350702 0.0232557680658 -0.306498601219 0.0771497587002   9.83186459561  0.325781318511 -0.143363638774 0.0200109524669 1779097888.15
  0.0263571759907 -0.00732880471457  0.00879674144005 0.0287366449801 -0.227065722271  0.097598038889   9.83629471137   0.175355005938 -0.0996669810419  -0.022417822763 1779097888.17
  0.0282138918918 -0.00879933283709  0.00788045215124 0.0305868187324 -0.111070809968  0.109570497675   9.83792983838 0.00102822213096  -0.037254972311 -0.0682460822746 1779097888.19
  0.0263980099245 -0.00880831680594  0.00608647492661 0.0284866029909 0.030266364253 0.104508442844   9.8298806344 -0.180640545402 0.0400056284658 -0.112017802752 1779097888.21
 0.0212395360412  -0.007254754413 0.00355555368367 0.0227242450884  0.171188864052 0.0791887855218   9.80628308334 -0.340790023116  0.120064379876 -0.147199513684 1779097888.23
  0.0135287970655 -0.00427433999733 0.000527797307417 0.0141977780815   0.25790924407 0.0315173448195   9.76880787379 -0.408608487786  0.170354298398 -0.151305649152 1779097888.25
  0.00440519024596 -0.000236292357864  -0.00267811912229 0.00516080005568   0.297081172789 -0.0182944759963    9.72339089854 -0.418153337933  0.195542593923 -0.141984595724 1779097888.27
-0.00480301662095  0.00429823392325 -0.00569679764148 0.00860216756917  0.333496699985 -0.073684891815   9.65732893505 -0.429270178895   0.22219137276 -0.136932394973 1779097888.29
-0.0127662146104 0.00865167192391  -0.008155605581 0.0174453880711  0.312216353731 -0.127096772246   9.59214825844 -0.364772525222  0.210955601057 -0.108321992866 1779097888.31
 -0.0183424539797   0.0121283744862 -0.00971743717867 0.0240410413875  0.212925326904 -0.150753785338   9.57108999196  -0.209994739979   0.144009070039 -0.0517824735262 1779097888.33
-0.0207413809612  0.0141208388645 -0.0101221969369 0.0270566414258 0.0821719326306 -0.138656954379   9.60499871388 -0.0315002967987  0.0505063103314  0.0120092757805 1779097888.35
 -0.0196395352737   0.0142080625214 -0.00922293368023 0.0259353598789 -0.0419691904856  -0.105494517044    9.67746585045   0.126309883313 -0.0432987923964  0.0712442755531 1779097888.37
   -0.01522956176   0.0122313975234 -0.00701329084285 0.0207541052619  -0.167828349946 -0.0630131932363    9.78331072755  0.281103341565 -0.144234819975   0.13704262624 1779097888.39
-0.00819468665774  0.00833568238331 -0.00364337670126 0.0122438018606  -0.295121849011 0.00112324653093    9.94914859564  0.420720508449 -0.249542823381  0.204510812849 1779097888.41
0.000389432736167  0.00296727108637 0.000579049430891 0.00304822141574 -0.362053846951 0.0719058054642   10.1277202907  0.460655202034 -0.304587831167   0.23418257811 1779097888.43
  0.0092121831413 -0.00317383861219   0.0052057269849 0.0110470431884 -0.365829554013  0.122534075329   10.2612534366  0.411654716031 -0.303547421265  0.226778547295 1779097888.45
  0.0169221487518 -0.00922368195665  0.00968684092426 0.0215701255052 -0.320581512559  0.142618646804    10.319839084  0.302338603171 -0.255858749694  0.189625310762 1779097888.47
 0.0223297288242 -0.0142747658582  0.0134329882425 0.0297124704929 -0.275352273879  0.149331142615   10.3576450601   0.18392615568 -0.198809636274  0.148975097132 1779097888.49
  0.024588735085 -0.0175106557953  0.0158965637309 0.0341164139076 -0.203453672131   0.13099440239   10.3257029059 0.0263126994366 -0.106818204656 0.0849646986953 1779097888.51
 0.0233298776976 -0.0183349386772   0.016662506669 0.0340307551808 -0.080928590576  0.068408162846   10.1328367466   -0.150971656543   0.0266727910648 -0.00937295806478 1779097888.53
 0.0187245556378 -0.0164746067994  0.0155324907035 0.0293816255589   0.0429257855266 -0.00762794882512     9.87205194682  -0.289904033681   0.153803189697 -0.0996666691475 1779097888.55
 0.0114661696657 -0.0120408691751  0.0125838595102 0.0208520765745   0.150475664694 -0.0787151380288     9.6034733869 -0.376363887863  0.256402611551 -0.172192920073 1779097888.57
0.00266833456398  -0.005536105132 0.00818649476397 0.0102365602572 0.251284857672  -0.1430979382  9.33553886864 -0.432415849623  0.346411354635 -0.233970204161 1779097888.59
-0.00630654502466  0.00219697658563  0.00296745509717 0.00730787287927  0.341214857005 -0.193188200164   9.09029635061 -0.438127694132  0.408957844655 -0.274005264128 1779097888.61
 -0.0140619372225   0.0100802915988 -0.00227662500954 0.0174508847512  0.373010457522 -0.198484330287   8.99166544221 -0.344438295366   0.38834833716 -0.254711625751 1779097888.63
 -0.0193902276887   0.0169486069208 -0.00670790948048 0.0266126333905  0.339726886794 -0.158936948934   9.07224270748 -0.185948246102  0.292358394368 -0.183760517641 1779097888.65
  -0.021467230505   0.0217233143176 -0.00959479313105 0.0320125666844    0.25284615184 -0.0909504029465    9.29828729175 -0.0135900605954   0.151511852999 -0.0854069181596 1779097888.67
-0.0199856974821  0.0235873360983 -0.0104501473868 0.0326342781208   0.166161136113 -0.0231062585217     9.5426299016   0.148395141411 0.00967881515724  0.0109847440779 1779097888.7
  -0.015205296206   0.0221317380977 -0.00913126214847 0.0283618548822  0.047599523089 0.0564551812799   9.86665826796  0.325301803072 -0.165488926831  0.123170208175 1779097888.71
-0.00791038321602    0.017444330495 -0.00587802710376 0.0200357188959 -0.105104156094  0.121324732079   10.2127524981  0.419149821279 -0.316256113766  0.206740978834 1779097888.73
0.000717545050547   0.0101176666602 -0.00127749812409 0.010223211384 -0.239965392784  0.153907831463   10.4663921506   0.43681398137 -0.413299271167  0.246814225016 1779097888.75
 0.0092914876414 0.00116847626113 0.00384159407501 0.0101220019957 -0.318277919581  0.142787628254   10.5457535772 0.364198181466 -0.42239210052 0.227948310956 1779097888.77
  0.0164430974798 -0.00812061529855   0.0085649813212 0.0202405225375 -0.377967226858  0.115297256853   10.5604510571  0.275860738012 -0.412609091467  0.193105584775 1779097888.8
 0.0210431320348 -0.0164086365652   0.012067875854 0.0292863515548 -0.427454884723 0.0685830648596   10.5180972929  0.158829067169 -0.384852877491  0.139224787988 1779097888.82
 0.0223830785363 -0.0225135651696  0.0137717902384 0.0346052745659   -0.35262124219 -0.0104511676263    10.2494324066 -0.0201391372161  -0.245424199714  0.0369045079547 1779097888.83
 0.0202890254666 -0.0255985039869  0.0134497588784 0.035324552009  -0.203763883913 -0.0857205431901    9.90980327784  -0.184803765252 -0.0710413448629  -0.064204600454 1779097888.85
 0.0151492889561 -0.0252943426042  0.0112586240746 0.0315604394727 -0.0215875893052  -0.130934949594    9.61117492663 -0.284348121115 0.0881716602373 -0.131577388582 1779097888.87
0.00785088321915 -0.0217416413218 0.00769421433918 0.0243625997993  0.158850170341 -0.161797420988   9.37330737409 -0.35734075679 0.224412026182 -0.17910233472 1779097888.9
-0.000365281240467   -0.0155511043449   0.00348258484154 0.0159404728258  0.379001292566 -0.184215226912   9.14818011245 -0.421843779078  0.371307795189 -0.218373370065 1779097888.92
  -0.0081072134612  -0.00769529054534 -0.000566719031754 0.0111922105566  0.530330385844 -0.145629604461   9.12582237263 -0.360563524044   0.42650589569 -0.189478120802 1779097888.93
  -0.014059856463 0.000648030292634 -0.00371398997904 0.0145565527714   0.603229282598 -0.0760253692047    9.24157889504  -0.23579079564  0.414139999734 -0.125838026069 1779097888.95
  -0.017201141335  0.00827717045343 -0.00542001251908 0.0198435719982  0.535131116399 0.0093773571931   9.48617775589 -0.0675866357664   0.313482452116 -0.0399061284323 1779097888.97
 -0.0169703347129   0.0141475017231 -0.00543246460828 0.0227520490724  0.444920312689 0.0902268589821   9.72111423568 0.0883409562891  0.212744598793 0.0368731940414 1779097889
  -0.013360273232   0.0175268319685 -0.00381684813419 0.0223663825722 0.339032333872 0.189154485919  9.97642077284 0.270372038457 0.106353162315 0.121068970306 1779097889.02
    -0.00691791668    0.0181017066506 -0.000931126721118 0.0194009368801 0.102979627974 0.249748274185  10.1957432422   0.399418779939 -0.0410061314982   0.175584175971 1779097889.03
0.00134591930578   0.016017027985 0.00264798233474 0.0162901348888 -0.149881850763  0.260675862997   10.2964688938  0.443654824287 -0.163003198916   0.18653376055 1779097889.05
 0.0101204093679  0.0118416560483 0.00623260250532 0.0167777482914 -0.336037923263  0.214627957917   10.2469985669  0.385054602962 -0.220806131924  0.150225639117 1779097889.07
 0.0180026845408 0.00646535434279 0.00914647159785 0.0212027215268 -0.499724248439   0.16708191715   10.1650256127  0.321470529026 -0.257685529836  0.109003552656 1779097889.1
  0.0237150059147 0.000944449313126    0.010842229786 0.0260930534198 -0.646496386679 0.0967015751903   10.0202280852  0.219320218283 -0.268186820985 0.0488310389402 1779097889.11
  0.0262976064604 -0.00367775401876   0.0109933129809 0.0287392225097  -0.614016875423 -0.0108012227093     9.7899939359  0.0394192284354  -0.192344564301 -0.0333218242297 1779097889.13
  0.0252500827941 -0.00654589753695  0.00954460007616 0.0277761560747 -0.50720058752 -0.11687984238  9.56563070016  -0.147655574847 -0.0896334014073  -0.110985173289 1779097889.15
  0.0206035273928 -0.00713430941962  0.00671336383109 0.0228138766072 -0.282531286247 -0.184996120644   9.42829933708 -0.288424289235 0.0283600771308 -0.154404856314 1779097889.17
  0.0129160588917 -0.00533312218389  0.00294171238774 0.0142800714737 -0.0625851058994  -0.231705900716    9.34346661417 -0.401881046339   0.13085941874 -0.182415726655 1779097889.2
 0.00319463924586 -0.00146567437307 -0.00118861365829 0.00371035358258  0.184734012886 -0.278337429489   9.26914303506 -0.534115458979  0.241037307029 -0.212010655355 1779097889.22
-0.00724514728137  0.00376529045463 -0.00506103395044 0.00960643721595  0.403514306291 -0.243497854478   9.36315425992 -0.531206359621  0.286201623221 -0.182860853785 1779097889.23
 -0.0169630163279  0.00939480129905 -0.00812762340802 0.0210253294065  0.546038273908 -0.169756993451    9.5355493061 -0.454067356361   0.27719329414 -0.129034991181 1779097889.25
 -0.0245985949625    0.014359003612 -0.00999246523949 0.0301847845846  0.517245986922 -0.063559180743   9.76067454552 -0.275937837034  0.188809278402 -0.053202040072 1779097889.27
-0.0290705726029  0.0176793446152 -0.0104620140122 0.0355965048098  0.470760883626 0.0258987988247   9.96121652894  -0.118007020639  0.0981278684891 0.00997420157541 1779097889.3
 -0.0297428385988   0.0186366615029 -0.00955766294804 0.0363773352641 0.405090183703 0.122990844523  10.2022079919  0.0694967650762 -0.0212377127023  0.0812491444813 1779097889.32
 -0.0265315397168   0.0169034343852 -0.00749361325898 0.0323388765024 0.174266479579 0.175092549647  10.3319269338  0.258511977772 -0.158852444309  0.129874892055 1779097889.33
  -0.019932668788   0.0126084323007 -0.00462909152864 0.0240356472447 -0.0665764398268   0.187601136563    10.3900230555  0.407264247973 -0.276792188838  0.159194415371 1779097889.35
 -0.0109600061192  0.00632043111522 -0.00140689879818 0.012729844769 -0.261387786267  0.141864845218   10.3081224713  0.447080747972 -0.322396005742  0.149668325669 1779097889.37
-0.000996962994075  -0.00104636259161   0.00170997673673 0.00223893508723 -0.404824860881 0.0793844114262   10.1964945691  0.447011313909 -0.339263241165  0.131520410916 1779097889.4
0.00841888516542 -0.0083873520277 0.00429479076882 0.0126360804529  -0.555915163611 0.00170244654057    10.0696783945  0.445585440167 -0.358423102299  0.113545209916 1779097889.42
 0.0158456682706 -0.0145943549733 0.00600185867472 0.0223629762684  -0.567569574843 -0.0902151630454    9.84520579029  0.316635179471 -0.278765599389 0.0620457867337 1779097889.43
 0.0201787572091 -0.0187407429064  0.0065991794159 0.0283186662142 -0.468579858391  -0.15677673386   9.61379161916     0.130117601324    -0.146935235774 -0.000290618801305 1779097889.45
 0.0208390113835  -0.020233085169 0.00599070599917 0.0296568826627    -0.287681034 -0.168471201202   9.45419264084  -0.0532648349974 -0.00377815508045  -0.0546685474039 1779097889.47
 0.0178703625739 -0.0189044808194 0.00422995060768 0.0263556774855 -0.132158518717  -0.16167120022   9.31029316699  -0.20988391214    0.1223955776 -0.105180302554 1779097889.5
 0.0119261969468 -0.0150355020866 0.00152417729053 0.0192515872858 0.0370025289036  -0.12438252896   9.17784761303 -0.360468147092  0.252239010888 -0.157716035935 1779097889.52
 0.00414632207973 -0.00930102923131 -0.00177474434587 0.0103368684351   0.198227345662 -0.0341381066795    9.19258985414 -0.419908314606  0.325415876521 -0.176677194344 1779097889.53
-0.00405158801535 -0.00265321596014 -0.00519850506833 0.00710488390635   0.31507053644 0.0727848877642   9.29965881558  -0.40263985971  0.344181032194 -0.168659278088 1779097889.55
  -0.011225649226  0.00383910288246 -0.00821381271104 0.0144298520692 0.334140095039 0.154402126704  9.52168517339 -0.279313142984  0.272658767547 -0.117592784626 1779097889.57
-0.0161604734772 0.00916718658565 -0.0102964304469 0.0212418147259  0.34266182286 0.222219394543  9.73133144238  -0.157283130696   0.200091555534 -0.0644891248547 1779097889.6
-0.0180690694779  0.0125451262005 -0.0110197473406 0.0246029732885 0.356757361734 0.291575072341  9.98152912987   -0.01445271415    0.11453659028 0.00403879573642 1779097889.62
-0.0167111012722    0.01353086731 -0.0101425580899 0.0237742878021 0.290885916078 0.283320855442  10.2328422232   0.149684778469 -0.0121458109567  0.0884353023054 1779097889.63
 -0.0124099745777   0.0120859325701 -0.00767629603315 0.0189473680467 0.199974104797 0.223388488144  10.4272984159  0.281561438046 -0.130154503982  0.163327033981 1779097889.65
-0.00597105608876  0.00856617731803  -0.0039125155926 0.0111508153478 0.091811108852 0.115002987169   10.466352935  0.325183923869 -0.197552498899  0.193833715721 1779097889.67
 0.00147857469151  0.00364849943513 0.000602308514061 0.0039825251779 0.00461039702229  0.0118041179007    10.4673704947  0.336531857698 -0.237654535784  0.207864878544 1779097889.7
 0.00869566274227 -0.00179127376879  0.00514664376695 0.01026212231 -0.0866468520953  -0.101884806408    10.4665224675  0.340938395729 -0.273600871223  0.217947703518 1779097889.72
  0.0145328701214 -0.00682748874213  0.00894737538138 0.0183813612854 -0.175590414793 -0.205041255136    10.293817015  0.255384547231 -0.239664292452  0.167392374516 1779097889.73
 0.0181205205211 -0.0106359822507  0.0113241879457 0.0238686952937 -0.242195614906 -0.261447268216   10.0159559258  0.118203233843 -0.153727892312 0.0763296449436 1779097889.75
 0.0189892937786 -0.0126232406331    0.01182510744 0.0256860399489 -0.258664399903 -0.243092364293   9.72406556212 -0.0234310787208 -0.0438655107214 -0.0233943708189 1779097889.77
 0.0171179564384 -0.0125128905248  0.0103231945129 0.0235831551507  -0.28394872559 -0.216114073275   9.46228163324 -0.143604748592 0.0530312653503 -0.112671928576 1779097889.8
 0.0129050228605 -0.0103764027765 0.00705140361037 0.0179981010801 -0.305773073216 -0.166964834407    9.1939113605 -0.261464120172   0.15383891011 -0.202003211026 1779097889.82
 0.00707687854875 -0.00660497291887  0.00256561012801 0.010014501115 -0.256948623068 -0.070370112478   9.06376852932 -0.317641272041  0.219793893346 -0.242002997105 1779097889.83
0.000554413746484 -0.00183032044621 -0.00235821876794 0.00303622187851 -0.176042957564 0.0298405929706   9.02656095213 -0.334549301075  0.256521620093 -0.247185828074 1779097889.85
-0.00569593246535  0.00318880684376  -0.0068717369452 0.00947802217663 -0.0494392064159   0.103939023567    9.20088631306 -0.264183146673  0.221517781504 -0.182781612547 1779097889.87
-0.0108023077169 0.00769229965811 -0.0102156460432 0.0167397954026 0.0760516679608   0.15217096358   9.38783709544  -0.19247337244  0.179677975176 -0.114266297465 1779097889.9
-0.0140996267839  0.0110338337169 -0.0118607856777 0.0214761076275 0.233086262325 0.192238194399  9.60251743762  -0.115491020411   0.133212787817 -0.0363345338006 1779097889.92
-0.0152019378399  0.0127670404644 -0.0115998100141 0.0229924298122  0.36005488084 0.171136655209  9.90814263301 0.0018138112651 0.0437452666145 0.0603826380441 1779097889.93
 -0.0140308691188   0.0126921222329 -0.00957181036709 0.0212031792122 0.443664305121 0.117592704005  10.1981927883   0.116761950003 -0.0505787246991   0.142865591689 1779097889.95
 -0.0108029425979   0.0108614918736 -0.00621736258089 0.0165327303237 0.404956401426 0.039145497319  10.3510180214  0.187964690879 -0.120089765084  0.172726500127 1779097889.97
-0.00598343540026  0.00755065433129 -0.00217677753033 0.00987685377214   0.346637663155 -0.0263842536801    10.4542147043  0.242568796998 -0.175445800876  0.184711581704 1779097890
-0.000216860135742   0.00320476215937   0.00184374033022 0.00370363432615   0.267318991871 -0.0912241717064    10.5683248528  0.308422477548 -0.241154067975   0.19401293278 1779097890.02
 0.00575554983738 -0.00162800238161   0.0052076225041 0.00793070474991 0.0819612060999 -0.129504267917    10.486387432  0.302828612494 -0.254279534625  0.149117699054 1779097890.03
  0.0111817819336 -0.00636646486863  0.00745661575743 0.0148716253546 -0.135115525452 -0.138117619604   10.3043881247  0.256058013933 -0.235028696345 0.0842067625484 1779097890.05
 0.0153801669678 -0.0104621770369 0.00837275620514 0.0203987678741 -0.310515737705   -0.1080775983   10.0351548123  0.158749184638 -0.169794715939 0.0126942371312 1779097890.07
 0.0178092503353 -0.0134550626288 0.00798657536423 0.0237064019602  -0.451246362344 -0.0737973138923    9.79491856427   0.064580819015   -0.10723220632 -0.0432200974292 1779097890.1
 0.0181222970614 -0.0150153038699 0.00653761178276 0.0244257521667  -0.573406450026 -0.0374705776564    9.55362504674 -0.0409549870796 -0.0386644895308 -0.0914515754995 1779097890.12
 0.0162045151154 -0.0149700495091 0.00440323730016 0.0224961594756  -0.567554107436 0.00174290974818    9.36092355321 -0.152063953234 0.0435825982716 -0.115938370755 1779097890.13
 0.0121921239584 -0.0133156745591 0.00201626011965 0.0181664630694 -0.476825153334 0.0306449502605    9.2247973761  -0.25754327729  0.125753734643 -0.122068123453 1779097890.15
  0.00647181639666   -0.0102177483622 -0.000209782621122 0.0120967267396 -0.248270773579 0.0384955481426   9.26484630524  -0.291913819645   0.170350839667 -0.0920221915522 1779097890.17
-0.000342278672026   -0.0060010293826  -0.00193505400879 0.00631458172464 -0.0273467999019  0.0364534748007    9.31875687555 -0.318971834233  0.208090130276 -0.062141615377 1779097890.2
-0.00745774020896 -0.00113041544543 -0.00292351799227 0.00808966535493 0.227257229018 0.030208257984  9.37860060087   -0.35129625509   0.252930460163 -0.0287773913001 1779097890.22
-0.0139812843492 0.00381894430654 -0.0030523303749 0.0148113931953  0.470214902778 0.0181028281371    9.5411627658  -0.30742353062    0.2482143849 0.0163511612348 1779097890.24
 -0.0190225211433  0.00820701224049 -0.00230841349028 0.0208456262416  0.648214186221 0.0108385439964    9.7413678053 -0.212855339142  0.205835380168 0.0617383170932 1779097890.25
  -0.0218156606451    0.0113949432444 -0.000779983296679 0.0246247061884  0.622151379349 0.0123860594608   9.92884903853 -0.0669056009778   0.109717330426   0.086835398293 1779097890.27
-0.0218434868888  0.0128330648624 0.00135285971417 0.0253703705655  0.559292083692 0.0253649479068   10.0760684993 0.0659673812244 0.0176270483295  0.105812657151 1779097890.3
-0.0189420724833  0.0121627905723 0.00382929470276 0.022834164806  0.473574717403 0.0522546377313   10.2306103701   0.216536449268 -0.0898722185309   0.126960342983 1779097890.32
-0.0133630390302 0.00931330333605 0.00632514300611 0.0174732900508  0.265398711055 0.0847918937558   10.3297927578  0.357663053401 -0.206342513188  0.126362828412 1779097890.34
-0.00577447708388  0.00456615820702   0.0084814235213 0.011230713749 -0.0125875615348   0.108450803533    10.3279812575  0.433968307345 -0.288521597644 0.0971746621581 1779097890.35
0.00280840312881 -0.0014381968287 0.00994627017555 0.0104347414274 -0.256206122052  0.111071899241   10.2258865727  0.415404281298 -0.302561015876 0.0477364008209 1779097890.37
  0.0111586066368 -0.00776710662221   0.0104272977167 0.0171339133016 -0.436794796357   0.10344236334    10.101317365    0.359026194578   -0.280717667349 -0.00472301130219 1779097890.39
 0.0180210568436 -0.0133327625442 0.00974614679593 0.02444398544 -0.567830784238 0.0858703818128   9.95554391383   0.270862056076  -0.226021832888 -0.0617557213665 1779097890.41
 0.0223161650157 -0.0170775720003 0.00788340848997 0.0291856611344 -0.628255800408 0.0530738179034    9.7754480669  0.136623053616 -0.124565370745 -0.122133486083 1779097890.43
 0.0233281552934 -0.0181714824271 0.00500189304442 0.0299904074167   -0.57107478101 0.00404200037797    9.57774612389 -0.0390765845925  0.0238029306838  -0.170846223347 1779097890.45
 0.0208423094123 -0.0161797943892 0.00143958372314 0.0264246099197 -0.380238290358 -0.047101595536   9.43304921471 -0.200282381195  0.172672070678 -0.180709375037 1779097890.47
  0.0152017876776  -0.0111653907532 -0.00233030864209 0.0190050161177   -0.16691551677 -0.0885328288719    9.34538253989 -0.314490792328  0.289064653563 -0.166983141036 1779097890.49
 0.00726837399711 -0.00370329258379 -0.00576768093178 0.00999048446542 0.0423892816076 -0.130968576306   9.25753022218 -0.418191281165  0.404588618686 -0.148888230674 1779097890.52
-0.00171000195904  0.00519630284673 -0.00835139647902 0.00998356114443 0.265444866009 -0.16475153733  9.22471018028 -0.472426724454  0.482498620258 -0.104851463481 1779097890.53
 -0.0103031846505   0.0142428826946 -0.00966755268857 0.0200618268455  0.423196575568 -0.164103263036   9.32580655902  -0.407738612474    0.44600186246 -0.0299279274538 1779097890.55
 -0.0171377166736   0.0220717943643 -0.00948378745851 0.0295094504152  0.469669707417 -0.135331170414   9.50801092636 -0.264047547925  0.322619816213   0.04567117608 1779097890.57
 -0.0211272162896   0.0274679519123 -0.00779536618742 0.0355192255603   0.445429067087 -0.0986490647025    9.70097575081 -0.10469774072 0.173917955988 0.107833870724 1779097890.59
 -0.0216523234801   0.0295712034486 -0.00483394952135 0.0369681789308   0.397960655221 -0.0625657629276     9.9011354393 0.0613627791456 0.0139584004379  0.167971265567 1779097890.62
 -0.0186582529982   0.0280295754041 -0.00103695507151 0.0336877244423    0.27729556249 -0.0154342017737    10.1204941939  0.242633868605 -0.175229007076  0.211713490333 1779097890.63
 -0.012654174953  0.0230727840771 0.00301750766458 0.0264874849942 0.0784061003871 0.0349622730259    10.270835506  0.366817110968 -0.327622497074  0.202122113701 1779097890.65
-0.00461762716847   0.0154891983135  0.00669965504165 0.0174963745598 -0.117707189462 0.0757668082723   10.3425451428 0.426025714345 -0.41940403015 0.162257034671 1779097890.67
0.00417546511023 0.00650472578675 0.00942727918609 0.0121909621975  -0.26336313021 0.0968433663959   10.2948482972  0.390293697396 -0.411642121952 0.0933317992823 1779097890.69
  0.0123627333159 -0.00241996001503    0.010760206383 0.0165672998077 -0.384255326397   0.11448592552   10.2263330868  0.341426251818 -0.383897490448  0.024609096247 1779097890.72
  0.0187122988852 -0.00984039699029   0.0104750555055 0.0235947097956 -0.491384570914   0.12980204588   10.1125258267   0.262921249926  -0.321472595309 -0.0569137417398 1779097890.73
 0.0223098264932 -0.0145822248011 0.00860699019249 0.0280080331062 -0.471231123011  0.114413791758   9.89771832541  0.105336586431 -0.161877328496 -0.133176204954 1779097890.75
 0.0226877259435 -0.0159496846902 0.00544895482544 0.028263341255 -0.364083478028  0.081891081358   9.67409268434 -0.063081733213 0.0190540273017 -0.184264861274 1779097890.77
 0.0198786636565  -0.013847884752 0.00150544335774 0.0242732680243 -0.180646990366 0.0356383725587    9.5200243026  -0.19051362258  0.164234494407 -0.184603061787 1779097890.79
  0.0143879479113 -0.00879476405856 -0.00259332801055 0.0170612505437 -0.00511141883977 -0.00703564928748     9.39947754888 -0.300264662854  0.282443634018 -0.180997572988 1779097890.82
 0.00709278325419  -0.0018208600245 -0.00620180164188 0.00959611635637   0.205534536581 -0.0572454175923    9.31014490869 -0.405936176935  0.385197484993 -0.163945473138 1779097890.83
-0.000911368712781   0.00572293261536  -0.00877226412204 0.0105135706816   0.391081225782 -0.0996966286388    9.37488907641   -0.41312336602   0.377377267028 -0.0993104502434 1779097890.85
-0.00848873820064   0.0124124476662 -0.00994743318547 0.0180299462086  0.512033345495 -0.127204694041   9.53296008479  -0.358087721792   0.294421002557 -0.0219531022505 1779097890.87
 -0.0146344231965   0.0170060769773 -0.00961357645959 0.0244088887252  0.494533848737 -0.123055759479   9.75185512206 -0.232953289729  0.143842901116  0.047002465391 1779097890.89
-0.0186114190267  0.0186629529876 -0.0079050024658 0.0275169001959  0.465187532654 -0.119958243573   9.95794420577  -0.126027735893 0.00183447188291   0.103868332161 1779097890.92
 -0.0200348641277   0.0170846863166 -0.00516269278315 0.026831617244 0.407819618874 -0.11749566531  10.1961717197 -0.00769924343168   -0.164990712732    0.163312388223 1779097890.94
 -0.0188963970457   0.0125560248347 -0.00186019542883 0.0227637410807   0.204726961075 -0.0848820647841    10.3384716672 0.120156434929 -0.29909659485 0.177414804296 1779097890.95
-0.0155330199306 0.00587857595971 0.00148442360039 0.0166744078427  -0.030244903715 -0.0488680601622    10.3687576652  0.214161419076 -0.368209614617  0.160491425016 1779097890.97
 -0.0105534894004 -0.00178800978245  0.00439193505551 0.0115698837953  -0.236888440384 -0.0185160619836    10.2775582221  0.255456838687 -0.355569031143  0.118392880614 1779097890.99
-0.00473913676847 -0.00914537328342   0.0064869082751 0.0121728077605    -0.413501480219 -0.000115278865147      10.1453577738  0.277017322701 -0.314854577075 0.0750063287837 1779097891.01
0.00106480800274 -0.0149932277071 0.00753775217058 0.0168151241728  -0.561486280805 0.00925121013273    9.95546890533   0.27654807613 -0.238092214183 0.0252372245525 1779097891.03
0.00605495100946  -0.018438470871 0.00747195514617 0.0207959071332  -0.594000246899 0.00985853103967    9.70836597959  0.220367791234  -0.10489278762 -0.030256069156 1779097891.05
0.00956400989287 -0.0190387598323 0.00637082828067 0.0222380780232  -0.521589687318 0.00582291537003    9.47231192322   0.131896013177   0.041029287529 -0.0784423042509 1779097891.07
 0.0111376423475 -0.0168573828661 0.00444913428338 0.0206884806118  -0.321885041198 0.00272055085537    9.34763642438 0.0237207532581  0.153101755005 -0.100631005281 1779097891.09
 0.0105887298473 -0.0124248710701 0.00202363921716 0.0164497336321  -0.126616221673 0.00635096497995     9.2496356926 -0.0740546854125   0.243464716511   -0.11836165619 1779097891.12
  0.00802396916549  -0.00662076442208 -0.000527451770584 0.0104161801094  0.110802426165 0.0209132456203   9.20454184778 -0.176594329868   0.31187267325 -0.126517504235 1779097891.13
   0.0038376230088 -0.000502145472475   -0.0028130573442 0.00478464126711   0.34532714545 0.0449582638966   9.31727283423 -0.244839423576  0.301192830218 -0.103521240134 1779097891.15
-0.00133161630878  0.00488814711752 -0.00448311298041 0.00676501930755  0.529132952991 0.0761976575136   9.50953231896  -0.277178242428   0.242497948694 -0.0650474178138 1779097891.17
-0.00668143424519  0.00870077674808 -0.00528164039825 0.0121754180581  0.544431882773 0.0934864227115    9.7592843822   -0.22958545066   0.126611350384 -0.0138819471809 1779097891.19
 -0.0113591863295   0.0104181324791 -0.00508943274929 0.0162317874595 0.551653627673 0.116304133075  9.97516727071 -0.183978620893 0.0285792865558  0.031054501796 1779097891.22
 -0.0145945733897  0.00993000582953 -0.00394594936751 0.0180880376109 0.531528078614 0.142889065957  10.2069700638  -0.118828362686 -0.0766211181867  0.0809458658115 1779097891.24
-0.0158310472341 0.00753465436714 -0.0020432016599 0.0176512817094 0.354697384174 0.133967599874  10.3431319363 -0.00631005529844   -0.161791283625    0.113508936406 1779097891.25
 -0.0148311035778  0.00386531686226 0.000308892913747 0.0153296354364 0.124935513114 0.101788076143  10.3723783658  0.107385526561 -0.203784809453  0.125268186275 1779097891.27
  -0.0117320286156 -0.000244026381369   0.00273841690919 0.0120498535875 -0.0987319565687  0.0493019207361    10.2671313875  0.185005571197 -0.184955098241  0.108386716973 1779097891.29
-0.00703620255442 -0.00392745756734  0.00487558636835 0.00941830195765   -0.287393896495 -0.00341693437688     10.1402107112  0.242716174775 -0.147842402063 0.0873879037736 1779097891.31
-0.00153249625333 -0.00645672879292  0.00641067218196 0.00922684178342  -0.454981956955 -0.0615185423085    9.97175840749  0.277714077116 -0.088093120709 0.0576826980574 1779097891.33
  0.0038399451295 -0.00737745837651  0.00713462036978 0.0109578683381 -0.536784970686 -0.111972444334   9.75703161167    0.25186177503 -0.0033242894619  0.0142145795261 1779097891.35
 0.00816065699663 -0.00658466741003   0.0069577345447 0.0125842853397 -0.532159408686 -0.142677117112   9.55288595413   0.178801975562  0.0796471552532 -0.0319769240061 1779097891.37
  0.0106960818639 -0.00432339935281  0.00590846969307 0.0129617885848 -0.411496753954 -0.133376257317   9.43337224812   0.067971461877   0.129402641335 -0.0671875234422 1779097891.39
   0.011032883239 -0.00111658342289  0.00411863468336 0.0118293880975 -0.292930376637 -0.112024594318   9.35077268461 -0.036689280475  0.158619038545  -0.09744190579 1779097891.41
0.00914985536867 0.00236141312845 0.00180189538776 0.00961992475123  -0.159537219485 -0.0727381687449    9.30415873685 -0.143573790053  0.167457611074 -0.124950922049 1779097891.43
  0.00541573478566   0.00543499023613 -0.000769916898851 0.00771116555176 -0.00171395988996  -0.0083993663223     9.35726342172 -0.225541619255  0.135963320479 -0.133057135008 1779097891.45
0.000516012331156  0.00756615525874 -0.00329159654724 0.00826725964  0.141010952355 0.0631650184705   9.48046632167 -0.265783287372 0.0794487388977  -0.12332303796 1779097891.47
-0.00467442663679  0.00845117160786 -0.00545173633314 0.0110902657756 0.217429558325 0.110303017059   9.6682465274   -0.22438948927  0.0112598965925 -0.0843997953952 1779097891.49
-0.00924700491472  0.00805606485735 -0.00696376791619 0.0141032387936 0.282274864018 0.150603302469  9.82686445698  -0.181923087689  -0.043788462202 -0.0505044172097 1779097891.52
-0.0124144457377 0.00658816709233 -0.0076004748954 0.01597778543 0.342562566224 0.181044991564  9.99918041678   -0.115511935789  -0.0957220648646 -0.00696653043794 1779097891.53
 -0.0136383986261  0.00441701863397 -0.00722861308346 0.0160551804041 0.333889432019  0.16017103116  10.1379487024 -0.00777154738944   -0.121439504721   0.0463568929189 1779097891.55
  -0.012709993273  0.00196989166939 -0.00583754857465 0.0141244955857 0.297943533015  0.10912277655  10.2327203446    0.1019096116 -0.126172369571 0.0968719964478 1779097891.57
 -0.00977325742652 -0.000368339844256  -0.00355453427302 0.0104061015209  0.209895561474 0.0313631014082   10.2174809196   0.171341867506 -0.0992106070331   0.120041657505 1779097891.59
 -0.00529143631118  -0.00232561152666 -0.000640127261639 0.00581528418216   0.147107350867 -0.0410059371245    10.2166113496   0.230023565778 -0.0797661589566   0.142919492083 1779097891.62
3.49955387197e-05 -0.00376958554908  0.00253958276785 0.0045453801309 0.0792121790348 -0.120097317188    10.211136564    0.27875413619 -0.0617909813684   0.161968614255 1779097891.63
 0.00538332894207 -0.00469186958436  0.00556238854384 0.00905174220842 -0.0116991341785  -0.175061647398    10.1284743527   0.260957673232 -0.0367118723458   0.144269828405 1779097891.65
  0.0099373539172 -0.00516266248838  0.00801407802364 0.0137706039597 -0.102542129959 -0.195245175349   10.0175485281   0.199393223034 -0.0152532624456    0.10441341356 1779097891.67
  0.0130094956305 -0.00527525913081  0.00955587480278 0.0169820516635 -0.168343491167 -0.163427037636   9.88957453395  0.0997306022822 0.00150600679763  0.0467141232654 1779097891.69
  0.0141382664305 -0.00509922556274  0.00998179846734 0.0180424216679 -0.228833063611 -0.118685718289   9.77952984561  0.00331271914662   0.0148003140046 -0.00721007325983 1779097891.71
  0.0131482919776 -0.00465515539466  0.00925378706565 0.0167385969762  -0.281543030738 -0.0529390658963    9.66726530121  -0.101169917685  0.0301566660331 -0.0630510060011 1779097891.73
  0.0101672369776 -0.00391554357743   0.0075069778132 0.0132309827735 -0.292664748957 0.0326875922638   9.56607809845 -0.197129654602 0.0477187538259 -0.110467488507 1779097891.75
 0.00560080380225 -0.00282815107627  0.00502432668872 0.00803811547668 -0.260888694532  0.114592744795    9.4883749517 -0.264864373211 0.0672527039489 -0.139586959325 1779097891.77
7.22406288112e-05 -0.00135228528572  0.00218678382995 0.00257214263239   -0.174382283 0.157217822481  9.47482653411 -0.266061131359 0.0787067113953 -0.132598129247 1779097891.79
 -0.00566379115958  0.000504162892763 -0.000589662137954 0.0057166784026 -0.0921261566926   0.182332253234    9.45287384361 -0.258930943019 0.0953257689493 -0.121314982119 1779097891.81
 -0.0108212700166  0.00265817505836 -0.00291707140556 0.0115184671289 0.000954001338741    0.185448014257     9.43281002054  -0.231317522209   0.113831806566 -0.0999544484541 1779097891.83
  -0.014684575813  0.00494330872116 -0.00448762691835 0.0161310837602 0.0917746696312  0.134964111826   9.48286971994  -0.145080375464   0.110169219943 -0.0540598715587 1779097891.85
  -0.016700611776  0.00712275197538 -0.00510783262565 0.0188609115243   0.17164419478 0.0730581963569   9.52882438377  -0.0488664166883    0.104129890964 -0.00589834664993 1779097891.87
 -0.0165517807502  0.00892215267363 -0.00471300505599 0.0193850115036    0.203382911509 -0.00529057812521     9.62618968628 0.0627864010785 0.0742313562673 0.0438142559641 1779097891.89
 -0.0142023761475   0.0100763759416 -0.00336448799359 0.0177358568953   0.191427655307 -0.0685746682845    9.73491341404  0.156872041046 0.0344644418422 0.0821931290464 1779097891.91
-0.00991280432175   0.0103807211699 -0.00123451237696 0.01440649445  0.167608746793 -0.119674325432   9.84488380237    0.251486463783 -0.00860088191305    0.120414464397 1779097891.93
-0.00421811583247  0.00973491245819  0.00141608484578 0.0107035656692   0.10736283783 -0.142934627238   9.96829075598   0.316044249787 -0.0580545707559   0.144298835147 1779097891.95
0.00212961318361 0.00816863416114  0.0042637899005 0.00945736436255 0.0249271403602 -0.130529785184   10.0829483546  0.328247769215 -0.102495684889  0.145709931394 1779097891.97
0.00825126491927 0.00584133620221 0.00695127132461 0.0122688530199 -0.0511035918973 -0.0835089525172    10.1405133409  0.263015369522 -0.121821894302  0.114825512014 1779097891.99
 0.0132545952323 0.00301583115302 0.00912066104917 0.016369666774 -0.108997566875 -0.037650932917   10.1948490408  0.189497582056 -0.136220716481 0.0818335117551 1779097892.01
  0.0163595832616 1.26553184471e-05   0.0104528049969 0.0194138418906  -0.155379917914 0.00710943839512    10.2527918416  0.095247669951 -0.148202488724 0.0402415906109 1779097892.03
  0.0170196484891 -0.00284247764458   0.0107113743114 0.0203096443467 -0.170127947275 0.0444330012216   10.2591207245 -0.0355961400757  -0.140346632419  -0.017723100464 1779097892.05
  0.0150211160347 -0.00526458450301  0.00978639034967 0.0186848391214  -0.14466459186 0.0595303483565   10.1963904778  -0.171519353423  -0.111122048308 -0.0790086884331 1779097892.07
  0.0105428290327 -0.00703860729497  0.00772789168825 0.0148463310825 -0.0856059009474  0.0463143694409    10.0682705175  -0.260297610686 -0.0662495276971  -0.120481496927 1779097892.09
 0.00416028104136 -0.00802882496916  0.00475933822107 0.010218672567 -0.024997908187   0.02022720465      9.94296857  -0.315500510655 -0.0260215957976  -0.148261246219 1779097892.11
-0.00321467409436 -0.00817328750456  0.00126291147555 0.00887308872717   0.038926677485 -0.0139145369902    9.81424909367 -0.364229039619 0.0138399648202 -0.175044815381 1779097892.14
 -0.0104568017607 -0.00747340546729 -0.00226548484951 0.0130510119893   0.107527001373 -0.0527487539647    9.66187740048 -0.356222718604 0.0590203209185  -0.17696789031 1779097892.15
 -0.0163988004053 -0.00598889182943 -0.00528683085409 0.0182411090824   0.154174296035 -0.0764337234788    9.53226223877 -0.253288375686 0.0961110387747 -0.133392607079 1779097892.17
 -0.0200250217555 -0.00384271550595 -0.00730452308708 0.0216592709087   0.169450939807 -0.0762308915382    9.45821643541  -0.105213888628   0.117613116611 -0.0658647878362 1779097892.19
 -0.0206539848511 -0.00123224314973 -0.00795061245539 0.0221656886161   0.162414096574 -0.0577084499404    9.43074224638  0.0457069212397   0.126700717452 0.00577989593176 1779097892.21
 -0.0180744562599  0.00156430034687 -0.00705786316629 0.0194665466157  0.147604509257 -0.028766370708   9.41619208657  0.197083133951  0.132993567774 0.0794906759368 1779097892.23
 -0.0126056441692  0.00419885346666 -0.00470442883657 0.0140948318909  0.111600694738 0.0117623531641   9.44095350925 0.344599845002 0.125190297653 0.154605860619 1779097892.25
-0.00506507070822  0.00629050342885 -0.00122115929507 0.00816802330381 0.0430784249435 0.0508652102656   9.54733931983  0.415718174587 0.0856713807004  0.196616856412 1779097892.27
0.00335443759434 0.00748791399939 0.00284400492517 0.00868386271488 -0.0350687804249  0.0738024419266    9.67872056421  0.413012477839 0.0317314179576  0.202798629978 1779097892.29
 0.0112788562125 0.00754619424697 0.00680408489445 0.0151806856342 -0.106966806303 0.0714202239935   9.80679587671   0.329457388026 -0.0255729897658   0.166756346918 1779097892.31
   0.01738426768 0.00639889698464 0.00994526687282 0.0210253889039  -0.17473185009 0.0523682740259   9.90830218083   0.220362582473 -0.0788324932778   0.114408338644 1779097892.33
 0.0206245682205 0.00420285995319  0.0116562125664 0.024060426793 -0.252116953955 0.0162449589306   9.99478193509 0.0807001260239 -0.134737723212 0.0427267033768 1779097892.35
 0.0204156326586 0.00133770023602  0.0115502238741 0.0234945774662  -0.274883305111 -0.0380886293282    10.0166482765   -0.10385766897  -0.156562736051 -0.0562693974533 1779097892.37
  0.0167435591792 -0.00164766028448  0.00955350756221 0.0193476371979  -0.240241182888 -0.0857779967875    9.97483275285 -0.259818364003 -0.138884737995 -0.142443518529 1779097892.39
  0.0101774001495 -0.00413510090723  0.00593718775288 0.0124871426567 -0.158119807834 -0.108426091705   9.89450200736  -0.341677435698 -0.0894593375804  -0.188912413095 1779097892.41
 0.00178301719986 -0.00556468855583  0.00128186948712 0.00598231547483 -0.0660817233342  -0.120432390631    9.81322833258  -0.404948273092 -0.0335353601264  -0.224705820615 1779097892.44
-0.00704816363699 -0.00556161763379 -0.00362127860787 0.00968100511901 0.0641385633273 -0.116730075505   9.72292444192 -0.449676782449 0.0414646291503 -0.248960572271 1779097892.45
 -0.0148269078019 -0.00403308984473 -0.00791410547805 0.0172839831688    0.20775214121 -0.0630767667102    9.66554117137 -0.349394538116  0.115490504101 -0.191346457527 1779097892.47
 -0.0202122356903 -0.00121030371329  -0.0108306029654 0.0229630413332    0.32868133989 0.00970444709322     9.6561065234 -0.193091582534  0.167128440956 -0.102315381275 1779097892.49
-0.0222346604458 0.00237861456064 -0.0118393259678 0.0253023234455  0.366987013504 0.0800372560981   9.70765558518 -0.00574669856625    0.167807040875  0.00207937351161 1779097892.51
-0.0204592970459 0.00600403588098  -0.010741206796 0.023874773421 0.384512654821 0.144766425664  9.78167756476  0.166059175073  0.150548474356 0.0957112598511 1779097892.54
 -0.0150614557044  0.00888180855513 -0.00770491747955 0.0191075829061 0.394204600598 0.220607216779  9.88743053158 0.364514335032 0.115775530282 0.200349083348 1779097892.55
-0.00680212431659   0.0103417704031 -0.00323477488237 0.0127939391443 0.27386215194 0.23871228562 9.99373163665  0.477950753717 0.0289460561675  0.253440608979 1779097892.57
0.00309183570499 0.00998122348162 0.00192113958593 0.0106242669171 0.104954229867 0.214749582071  10.0632215031   0.506130904401 -0.0653639477508   0.257579155262 1779097892.59
0.0131213836366  0.007768761876 0.0069046580268 0.0167391359422 -0.070873951204  0.151070794651   10.0676487707  0.436140096759 -0.138096782026  0.209850510779 1779097892.61
 0.0217494593015 0.00407358555043  0.0108983280415 0.0246659002115 -0.233132989723 0.0794540238491    10.038826459  0.342888517515 -0.192715501415  0.150273501952 1779097892.64
   0.0276370082269 -0.000389533687656    0.0132662409576 0.0306585894876  -0.404155861198 -0.0103119202581    9.97050661496  0.215665666754 -0.233548580503 0.0735766838886 1779097892.65
 0.0298440998555 -0.0046922594704  0.0136599025573 0.0331553997563 -0.474521449141 -0.111532731872   9.82650386986 0.00871889625373  -0.197965662085   -0.03160674321 1779097892.67
  0.0279668201243 -0.00787803094031   0.0120706446749 0.031462785354 -0.457856035186  -0.19563140789   9.66747219423 -0.198559780162 -0.116051454148 -0.125585371564 1779097892.69
  0.0221918651714 -0.00916473099435  0.00882000630378 0.0255785786388 -0.337353705892 -0.233042659112   9.54738113234   -0.348696868102 -0.00580389494146   -0.179756938332 1779097892.71
  0.0132639192589 -0.00812275379206  0.00449114314811 0.0161889175071 -0.192481371139 -0.250843884065   9.46135184834 -0.464077433796  0.102473778627 -0.210859877385 1779097892.73
   0.0023738535354  -0.00478867995347 -0.000184576119884 0.00534796266333 -0.0170068018173  -0.262839022426    9.39119973331 -0.582969431532  0.220795226828 -0.234322279229 1779097892.75
-0.00901365610408 0.000314708001665 -0.00446324099695 0.0100630789367  0.187721383889 -0.207855612094   9.44226057269 -0.571046483453  0.290286709764 -0.197914301034 1779097892.77
 -0.0193677712941   0.0062634934152 -0.00771982693776 0.0217701089252  0.361673112852 -0.122167897721   9.57064108051  -0.48102982783  0.304956411358 -0.133770763353 1779097892.79
 -0.0273062592556   0.0119115909572 -0.00955027582456 0.0312845898485   0.408127538152 -0.0170479477596    9.76078770451  -0.282642404254   0.224487129065 -0.0479191397073 1779097892.81
 -0.0317894561084   0.0161293462389 -0.00982579702951 0.0369766360967  0.433009023316 0.0725587534415   9.93563100042 -0.113766034053  0.140742321881 0.0196899535989 1779097892.84
-0.0322679866547  0.0180498469008  -0.008691529336 0.0379810823712 0.445265478297 0.176285190634  10.1436514008 0.0822983159377 0.0308846486748 0.0900838732213 1779097892.85
  -0.028763632682   0.0172648675726 -0.00651372568478 0.0341738326745 0.283825585678 0.228339882439  10.2505029911  0.273366157406 -0.108540830789  0.128860679207 1779097892.87
  -0.021870267139   0.0139214020148 -0.00379020134531 0.0262007565736 0.0795863268041  0.241281783218   10.2680873954  0.411231033835 -0.219059382419  0.139743233768 1779097892.89
 -0.0126717814737  0.00869287106063 -0.00104544352674 0.0154023701151 -0.124855666719  0.202114320842   10.1703584814   0.45044841635 -0.263736064682  0.118121103916 1779097892.91
-0.00258540565175  0.00263017910894  0.00126686855449 0.00389963081119 -0.310160200633  0.152887502896   10.0385466054   0.46108411252 -0.277883121428 0.0916566830769 1779097892.94
 0.00684965894098 -0.00307218145348  0.00283512929872 0.00802459249005 -0.503311408677 0.0871736759294   9.85741397496  0.446471441499 -0.265042651292 0.0600057697764 1779097892.95
  0.0142083254272 -0.00733922676237  0.00352394631389 0.0163755597932  -0.576241773786 -0.0103648847863    9.63405410659  0.305406623971 -0.168479137532 0.0141317968102 1779097892.97
  0.0184037361558 -0.00944604767428   0.0033697603732 0.02095902207 -0.560141804598 -0.103446698726   9.44478634309   0.122317520013 -0.0479531289851 -0.0257309650868 1779097892.99
  0.0188615660628 -0.00916347441204  0.00254508104322 0.0211235739201 -0.408814412571  -0.15748079964   9.38279387807 -0.0648397983593  0.0617521645311 -0.0479941354924 1779097893.01
  0.0156128587761 -0.00678807026695  0.00130396512875 0.0170745302181 -0.261073239189 -0.195584853203   9.36839006287  -0.220963425665   0.141003072943 -0.0605136030923 1779097893.03
  0.00928712559695  -0.00305375049126 -7.69994591934e-05 0.00977660589535 -0.0913451535462  -0.230328787862    9.39309096906  -0.383460408598   0.205760561056 -0.0696614037671 1779097893.05
 0.00100539262574  0.00105013248704 -0.00134970282419 0.00198375660953  0.123227888814 -0.200935146572   9.56901048108  -0.448548351232   0.198423154688 -0.0590859166474 1779097893.07
-0.00780877111827  0.00450891638545 -0.00232899018785 0.00931297098909 0.321009702191 -0.14245823723  9.80195792852  -0.444828063803   0.145581730629 -0.0415494628846 1779097893.09
 -0.0156674510886  0.00650676087888 -0.00290704094528 0.0172121424525   0.409947380664 -0.0518620598713     10.022040203  -0.314482979868   0.048749898985 -0.0168282419233 1779097893.11
 -0.021264502999 0.00659477034877 -0.0030490174257 0.0224714617016  0.472379606155 0.0271528643244   10.2039144799  -0.184232187381 -0.0399272246886 0.00302453436119 1779097893.13
 -0.0236872954939  0.00476868169689 -0.00277537939731 0.024321410809 0.551104453532 0.114012614048  10.4026664298 -0.0342313038124  -0.136249457956  0.0240850981814 1779097893.15
-0.0225584732874 0.00144443335362 -0.0021385817142 0.0227056080412 0.486843598669 0.175814877855  10.4396844142  0.147684196509 -0.195733752787 0.0414784318755 1779097893.17
 -0.0180853152893 -0.00265592184511 -0.00120201298588 0.0183187713883 0.356634262575 0.202522702757  10.3576687916  0.295845884587 -0.208046887673 0.0540959312143 1779097893.19
 -0.0110112335261 -0.00667590030224 -2.7148970377e-05 0.0128769424041  0.18687275397 0.186389775093  10.1752528385  0.369906566773 -0.169623283216  0.059981559742 1779097893.21
 -0.0024810461458 -0.00981137028007  0.00132827029626 0.0102070014564 0.0281597196705  0.157880306877   9.97985159302  0.409429262309 -0.114359494757 0.0674741524581 1779097893.23
 0.0061544597038 -0.0114705258594 0.00280176607959 0.0133154132832 -0.139126102845  0.116439245355   9.75818111395   0.417872008047 -0.0407429027542  0.0777065055467 1779097893.25
 0.0135604295392 -0.0113754288226 0.00431130575997 0.0182173814678 -0.284728160379 0.0489547660008   9.53905963494  0.325592200815 0.0490877691778 0.0767036106419 1779097893.27
  0.0186291555463 -0.00958978366554  0.00574057791349 0.0217247237474  -0.388175258966 -0.0163601181175    9.37366748251  0.184546668373  0.127614483062 0.0682518991601 1779097893.29
  0.0206464815743 -0.00647540610543  0.00693197896531 0.0227213647918  -0.402887016059 -0.0605646447235    9.32730949463 0.0180708468939  0.166569616284 0.0465213623198 1779097893.31
  0.0193879985542 -0.00259508168016  0.00769413386589 0.0210197200935 -0.390758304695 -0.081886384631   9.32903398116  -0.12838353804  0.183629253748 0.0208519589079 1779097893.33
  0.015132817454 0.00141088557397 0.00782750419714 0.0170956890518  -0.376463086339 -0.0883281418077    9.34013181612  -0.278625838585   0.194697575404 -0.0136313712862 1779097893.35
0.00859770957825 0.00494493367591 0.00716623438584 0.0122363350037   -0.28633057341 -0.0641319791303    9.44349049026  -0.385744098778   0.165179816844 -0.0592222275949 1779097893.37
0.000807794559742  0.00754501611664   0.0056282229409 0.00944757607662  -0.145235341869 -0.0199235351608    9.60119844293 -0.415880165768  0.105934743275 -0.103666037166 1779097893.39
-0.00707103145612   0.0089361412293  0.00326050282152 0.0118526361866 0.0053359588232 0.0234028062567    9.7630652152  -0.35070927057 0.0356070555602 -0.127799324777 1779097893.41
 -0.0139092210153  0.00903921554401 0.000265306100514 0.0165904862566  0.135655672825 0.0550110849318   9.88697198129  -0.278938152182 -0.0236025944635  -0.149352596604 1779097893.43
 -0.0187731484691  0.00794595641571 -0.00300519281023 0.0206058368098  0.254898285954 0.0708217614661   9.98947725586  -0.178883716562 -0.0793340138734  -0.159321711955 1779097893.45
 -0.0210455839592  0.00587427505821 -0.00609065286105 0.0226830281029 0.343086925335 0.061778310364  10.0631155819 -0.0454236091461   -0.12744662705  -0.144989230299 1779097893.47
-0.0204935539766 0.00311895382366 -0.0084966162137 0.0224032612499  0.369481569863 0.0245926086074    10.095214966   0.101584970332  -0.158191090276 -0.0996922647515 1779097893.49
 -0.0172788808886 8.65474505852e-06 -0.00978717566882 0.0198582125892   0.281441923499 -0.0268482333738    10.0519435724   0.199485265656  -0.145208839736 -0.0274287125264 1779097893.51
 -0.0119146921969  -0.0031257508225 -0.00967618771129 0.0156639336368   0.190858012662 -0.0771129883508    10.0253852975  0.276030125228 -0.136430054749 0.0385819895757 1779097893.53
-0.00517754167785 -0.00597252709043 -0.00809571629316 0.0113145322471 0.0765356742634 -0.132447361981   10.0138086133  0.353292138002 -0.130129560975   0.11293455607 1779097893.55
 0.00201044442991 -0.00825485424951 -0.00522483158415 0.00997413507875 -0.084155504478 -0.167432695933   9.98375574692   0.37598606833 -0.102152965648   0.17934306039 1779097893.57
 0.00871159974514 -0.00974611634326 -0.00147068058358 0.0131545298386 -0.236630891925 -0.157176755161   9.93442261887    0.31892225018 -0.0536271516416   0.206376426175 1779097893.59
 0.0140957635779  -0.010287014885 0.00259564808929 0.0176422961967 -0.313188097152 -0.103723628301    9.8782677805    0.205074519374 -0.00131961023052    0.181365945616 1779097893.61
  0.0175390903373 -0.00980291933825  0.00633626775664 0.0210681087546  -0.361841882373 -0.0441487054716    9.83455080518  0.105580279989 0.0452997195387  0.150902025773 1779097893.63
 0.0186870652977 -0.0083170951211 0.00915782741414 0.0224108519169  -0.38661006626 0.0312099305943   9.78726851863 -0.00155406780414   0.0981517011087    0.109164028221 1779097893.65
  0.0174781666987 -0.00595510861449   0.0106157913277 0.0212989355432 -0.309315620986  0.115483115523   9.73425411883 -0.120952224584   0.14284308433 0.0354349014267 1779097893.67
  0.0141319609364 -0.00293757309368   0.0104923185704 0.0178446183644 -0.151008590804  0.182003607685   9.68590557781  -0.223806328213   0.170993544551 -0.0476549348573 1779097893.69
 0.00910956926776 0.000438705845819   0.0088338713588 0.0126970074524 0.0470572877007  0.195453475856   9.66400094595 -0.269051030946   0.16433915412 -0.110513185703 1779097893.71
0.00305484105478 0.00382844636749 0.00594237203336 0.00770070391858 0.225609782368 0.177719080874  9.65632601872 -0.283688125793  0.147293916906 -0.149134662663 1779097893.73
-0.00327738297934  0.00687014427809  0.00232205864325 0.00795814538305 0.419172145945 0.148976134476  9.64617379488 -0.304791221718  0.135141705346 -0.184296505813 1779097893.75
-0.00910169759619  0.00921854702439 -0.00140825828835 0.0130309516069 0.574658583536 0.078644620765  9.66459522386   -0.2810156335 0.0999977042337 -0.187450529232 1779097893.77
 -0.0136877416785   0.0105746071124 -0.00462213596736 0.0179036512684   0.601293981984 -0.0197609589675    9.72220376498 -0.194812386274 0.0396277182144 -0.142836157496 1779097893.79
 -0.0164460659985   0.0107125000891 -0.00679313848968 0.0207696286805  0.507531271921 -0.106853553783   9.79776257713 -0.0821466999284 -0.0264803993244 -0.0733344792916 1779097893.81
 -0.0170062356509  0.00950487399323 -0.00758464118925 0.0209064933121   0.34525265299 -0.162948259317   9.87274769372   0.0268416117539  -0.0863740403096 -0.00259730691372 1779097893.83
 -0.0152759167037   0.0069470584576 -0.00690636704247 0.0181469875758  0.174501535772 -0.209277763154   9.95517739661  0.135104027484   -0.1543481929 0.0648151739037 1779097893.85
 -0.0114685960356  0.00317845513311 -0.00492799888654 0.0128808557591 -0.0510890072475  -0.225151764287    10.0396600636  0.243588025191 -0.224107770293  0.128846146731 1779097893.87
-0.00609034026376 -0.00150392780577 -0.00204764654971 0.0065990074834 -0.281453541356  -0.18148053907   10.0820407828    0.3039861925 -0.257794086411  0.160238510217 1779097893.89
0.000117482779658 -0.00664706548906  0.00117930484772 0.0067518917159 -0.457246976954 -0.108211783383   10.0822479329  0.316382863432 -0.260019206176   0.15829318066 1779097893.91
0.00627439986327 -0.0116658875198 0.00413870002265 0.0138776749907  -0.527587402877 -0.0236615411201    10.0270935761  0.268907954871 -0.218777442332  0.120356924156 1779097893.93
 0.0114836302671 -0.0158943065299 0.00626652717163 0.0205857258063 -0.562182353355 0.0510350622896   9.95115201292  0.208260079787 -0.167689634995 0.0721519151002 1779097893.95
 0.0149645316191 -0.0186631239738  0.0071494049513 0.024967246428 -0.56141987468 0.120844064979  9.83535873537   0.123411495133 -0.0921616697998 0.00874725435693 1779097893.97
 0.0161756341514 -0.0193982176705 0.00659909061214 0.0261053631636 -0.430605655596  0.157396771246   9.67606150485 -0.00144935186181   0.0245097696703  -0.0643581838692 1779097893.99
 0.0149090967191 -0.0177256727806 0.00468782913586 0.0236316817537 -0.244649633111  0.158296580051   9.51754562281  -0.12172076135  0.146810306849 -0.122343872003 1779097894.01
  0.011339456393 -0.0135651885898 0.00173815558269 0.0177656634437 -0.0506694856862   0.129156092285    9.40048897193 -0.207194221789  0.245400011895 -0.149527896185 1779097894.03
  0.0060145190255 -0.00719097035036 -0.00173120841495 0.0095331829031  0.120079770058 0.0975558680838   9.29057207634 -0.272944172312  0.338343434151 -0.161382735042 1779097894.05
-0.000215514112783  0.000758430666594  -0.00509391094489 0.00515457002313  0.293623403212 0.0657574876075   9.17856373393 -0.325541375301   0.43597066194 -0.158098099813 1779097894.07
-0.00632403296621  0.00933303270216   -0.007723385669 0.0136656349494  0.409503620071 0.0284730982344   9.20072840085 -0.295986638424  0.445195481977  -0.10725580292 1779097894.09
 -0.0112716556359   0.0173880470588 -0.00910029225515 0.0226320507339   0.446409516804 0.00411297933891    9.33768649018  -0.203508308852   0.373456606156 -0.0305143534575 1779097894.11
 -0.0141813394531   0.0237519182537 -0.00890152246703 0.0290603013     0.38769929229 -0.00204166549341     9.56588760421 -0.0738886858032    0.23001640913  0.0468667484471 1779097894.13
 -0.0144943006442   0.0274201815412 -0.00705620537913 0.0318078786037  0.343923381734 0.0060266468832    9.7909114421 0.0497064738674  0.094213621973  0.121459610493 1779097894.15
 -0.0120774171531   0.0277396913708 -0.00376051037779 0.0304876355386  0.287088329163 0.0259311344699   10.0802847163   0.195355523795 -0.0776427805168   0.205406162702 1779097894.17
-0.00726047549556   0.0245451448522 0.000549785158377 0.0256023612965  0.149388138159 0.0443237404867   10.3387924612  0.294763786298 -0.248785203748   0.23575042127 1779097894.19
-0.000794348340288     0.018216606433   0.00526362470762 0.0189784478892 0.0118024859411 0.0533792317067   10.5216254978   0.34028575035 -0.374969885874  0.229867998182 1779097894.21
0.00626413196133 0.00964202149368 0.00968585517928 0.0150340852155 -0.103493120122 0.0453836163705   10.5669841579  0.312359182733 -0.418944031434  0.182074723645 1779097894.23
  0.0127217660836 8.84521186774e-05   0.0131421918653 0.0182912099952 -0.202186293296 0.0258037389443   10.5845719797   0.26433379471 -0.440616841743  0.127599727564 1779097894.25
  0.0174451326362 -0.00899553943681   0.0150831697435 0.0247538763018  -0.297993650694 -0.0118930802385    10.5511144079   0.18019707504  -0.43007979864 0.0535530171269 1779097894.27
0.0195510151918 -0.016211047086 0.0151717858216 0.0295841736013  -0.326959342697 -0.0644209420811    10.3182488315  0.0293970359009  -0.301827963207 -0.0459797017281 1779097894.29
 0.0185591532862 -0.0204335151868  0.0133407377045 0.0306585387142 -0.303727693408 -0.117249656213   10.0050434365 -0.131549620053 -0.124093142289  -0.13913886191 1779097894.31
 0.0144804804917 -0.0209941744243 0.00980872641363 0.0273249115073 -0.215959795194 -0.145071606531   9.68515440135 -0.249015401399 0.0613134519681 -0.192282817366 1779097894.33
0.00782406640772 -0.0177902841657 0.00505140002472 0.0200805096564 -0.129191370565 -0.170403123222   9.39922656901 -0.352446399038  0.228193816014 -0.237429936081 1779097894.35
-0.000480011640502   -0.0113079021332 -0.000269596702695 0.0113212960482 -0.0192242543482  -0.188717372973    9.10500819203 -0.449812630513  0.401906388738 -0.275886033988 1779097894.37
-0.00922928867598 -0.00255315676503 -0.00540802725917 0.0109975059794   0.11304433316 -0.156057871309   8.97029044089 -0.440652403962  0.486790458949 -0.247996156251 1779097894.39
 -0.0171432186554   0.0071000087675 -0.00964753553461 0.0209135126714   0.225450165398 -0.0923246507218    8.99301565882 -0.356762494829  0.481502982689 -0.180485046238 1779097894.41
-0.0230692071782  0.0161258303359 -0.0124095993611 0.0307608335413    0.27595824811 -0.0121636189411    9.19506558693  -0.20879826548  0.370195368903 -0.085400689678 1779097894.43
-0.0261649000738  0.0230952790018 -0.0133374982525 0.037361514526  0.314577315026 0.0658343106929   9.39879323458  -0.070425342011    0.25697807116 0.00155363530263 1779097894.45
-0.0260265213447  0.0269169016834 -0.0123443588162 0.0394243909797 0.323754647741 0.150000621171   9.6679431519 0.0900145526952    0.1034316796 0.0978074432052 1779097894.47
 -0.0227438867728    0.027026211735 -0.00962031526242 0.0366094382916 0.244328725117  0.20291432373  9.99316236937   0.240602239372 -0.0902359452443   0.177341387445 1779097894.49
-0.0168766121361  0.0234853014269 -0.0056002088104 0.0294574567644 0.121108602501 0.218002404726  10.2697264239  0.348361211124 -0.261752666736  0.227022888891 1779097894.51
 -0.00935961313636     0.016969497024 -0.000897942134699 0.0194003218372 -0.0186044712733    0.17184166436    10.3818150194  0.357370577273 -0.341822155731   0.21606354236 1779097894.53
-0.00135623143085  0.00864017894671  0.00378329572867 0.00952918582544 -0.1437296471 0.11840126617 10.4507181218  0.358941435877 -0.400429678296  0.203273199745 1779097894.55
  0.00591714162468 -7.30212894034e-05   0.00775348261489 0.00975368595838 -0.272180991986 0.0381658346679   10.4597538823 0.335486921186 -0.43176371748 0.175424390466 1779097894.57
  0.0113696712809 -0.00773775627564   0.0104376049889 0.0172651642078  -0.328243407008 -0.0706826154138    10.2647077089  0.213940922299 -0.338767212777 0.0958697974581 1779097894.59
 0.0141939741191 -0.0131790668492  0.0114624422955 0.0225065387763 -0.332833324156 -0.175597765455   10.0052763036  0.0675366698383  -0.205354175933 0.00715039131767 1779097894.61
0.0139825262094 -0.015682487219 0.0107142389308 0.0235848756714 -0.257585742343 -0.235854052505   9.72812782772  -0.080308406223 -0.0453117068223 -0.0732186681872 1779097894.63
 0.0107868008979  -0.015101466276 0.00835605907515 0.0203527167858 -0.173484178614 -0.278715092205   9.49371240737 -0.209980888133 0.0906752436829 -0.139989648264 1779097894.65
0.00511035027412 -0.0118512494236 0.00479935401167 0.0137695893821 -0.0750159656706  -0.309414287449    9.27604850235 -0.341135071972  0.218791308121 -0.203441474533 1779097894.67
-0.00216433099923 -0.00679509345713 0.000632439938623 0.00715944160122 0.0437054876822 -0.263991390904   9.19487588693 -0.401628488007  0.288886679923 -0.221501564476 1779097894.69
-0.00990605757073 -0.00105012267035 -0.00348232403102 0.0105526923045  0.143458230315 -0.173639763327   9.23582976935 -0.398833712109  0.298711728006 -0.204438389302 1779097894.71
 -0.0169045141259   0.0042447595924 -0.00692323854327 0.0187539812775   0.173855005985 -0.0442108128717    9.45363485545 -0.278942659051  0.211251649368 -0.131579943774 1779097894.73
 -0.0220544134466  0.00815019191982 -0.00921282071634 0.0252526997835  0.187768908012 0.0665319314351   9.64397542359  -0.174781602461   0.134092394503 -0.0726077077846 1779097894.75
-0.0245258398184   0.010091838444 -0.0100892868059 0.0283752661702  0.19077675648 0.192736279492  9.85826784103  -0.0484466045646   0.0471091740253 -0.00842890711505 1779097894.77
 -0.0238932411886  0.00993825646795 -0.00953274629992 0.027577693307 0.135236507155 0.281966593653  10.0706316157   0.114448153641 -0.0558945653612  0.0620679177667 1779097894.79
 -0.0202015739577  0.00797993927304 -0.00774413601664 0.0230598062398 0.060994439925 0.324021621721  10.2082981907  0.258777283528 -0.133282007375   0.11581946097 1779097894.81
 -0.0139584314847  0.00482138004758 -0.00508628064012 0.0156190193619 -0.0113736476632   0.293337629238    10.2169169458  0.333248877543 -0.159286657117  0.135193444953 1779097894.83
-0.00605342741803  0.00121739296433 -0.00200447176178 0.00649183611767 -0.0681139631646   0.254922069254    10.1817645735  0.387165799982 -0.164102534049  0.145478363962 1779097894.85
 0.00238184568949 -0.00210454391438  0.00105361288895 0.00334849131638 -0.116257178846  0.197696117379   10.0975634921  0.417091053407 -0.149605367358  0.146892278445 1779097894.87
  0.0101502904785 -0.00459467888107   0.0037021983326 0.0117407726881 -0.140327714809 0.0993027093623   9.94045222388  0.365963582486 -0.102655501766  0.122150032756 1779097894.89
  0.0161733275902 -0.00597315697419  0.00565688503555 0.0181453982564  -0.137314178645 -0.0111509852752    9.76760552052   0.248813857189 -0.0433295312605  0.0797745716967 1779097894.91
  0.0196525824612 -0.00624944948815  0.00674881833046 0.0216985291013  -0.106742228419 -0.0983389952168    9.64477485789  0.0939544477817 0.00703980616694  0.0295851767615 1779097894.93
  0.0201838433915 -0.00567265758818  0.00691975041008 0.0220782590777 -0.0810448383295  -0.165577627938    9.56633749276 -0.0433255857298  0.0379741555105 -0.0127166842069 1779097894.95
  0.0178071846989 -0.00463198903319  0.00620716747486 0.0194185498265 -0.0555657926022  -0.222826982984     9.5226384558  -0.18526983355 0.0550022044558 -0.056444411031 1779097894.97
  0.0129888803875 -0.00353664430088  0.00472772896023 0.0142678059895 -0.0229888254322  -0.235587660081    9.55599229756  -0.298648917662  0.0510425915588 -0.0939399118721 1779097894.99
 0.00654180196579 -0.00270660341954  0.00266364530362 0.00756411801426 0.00717879760471  -0.205498330644    9.64384802739 -0.352794919748 0.0323339963516   -0.1170485735 1779097895.01
-0.000500888318928  -0.00230029392359  0.000252159456394 0.0023676624832 0.0268061264508  -0.13419482819   9.75284285316  -0.311608201335 0.00947365183284  -0.112171819594 1779097895.03
-0.00703936364477 -0.00229370275156 -0.00222526343569 0.00773081562282  0.0411547238441 -0.0761742820882     9.8325080195   -0.271023806733 -0.00494638120385   -0.110392950237 1779097895.05
 -0.0120670280852 -0.00251138436996  -0.0044589406755 0.0131073403179  0.0526043577971 -0.0127011168193     9.8935454668 -0.202967142901 -0.010515672643 -0.102072071231 1779097895.07
 -0.0148160614473  -0.0026966113562 -0.00613616074003 0.0162616068777 0.0516045736513 0.0542291439257   9.91198268679  -0.0739489349578 -0.00230529226112  -0.0664206221062 1779097895.09
 -0.0148700784538 -0.00259876697156  -0.0069766287177 0.016629677425 0.0426223694009  0.106925773893   9.89127679274 0.0679686965022 0.0169049888186 -0.016791486561 1779097895.11
 -0.0122289331904 -0.00205314787218  -0.0067753039279 0.0141303562048 0.0254392210355  0.124438898078   9.84381231978  0.175455329029 0.0363830743957   0.03554997139 1779097895.13
-0.00731567184205 -0.00103225691289 -0.00544598875138 0.0091784204695 0.0115733354702  0.137533191979   9.80444862177  0.266607013339 0.0564980031619 0.0876884402324 1779097895.15
-0.000922093690959   0.00034294008435  -0.00305642531611 0.00321085664415 -0.00131906272369    0.143511003474     9.77931086254  0.344164275077 0.0745669361867  0.145835698994 1779097895.17
 0.00590259347018  0.00183162413872 0.000155100905202 0.00618219321524 -0.0102210087505   0.119034037795    9.78807357359 0.342164162764 0.073794538135 0.181200409449 1779097895.19
 0.0120065158421 0.00313125304358 0.00379019860287 0.0129740808437  -0.01051700608 0.0773879511283   9.83445314898  0.272316795328 0.0553944582431  0.187775682954 1779097895.21
 0.0163115607888 0.00394900769854 0.00733259043446 0.0183147088334 -0.0011104661757  0.0260930098936    9.89877640983  0.141311037766 0.0221787105887  0.152000341517 1779097895.23
 0.0179849477892 0.00406956553513  0.0102208618551 0.0210828301631  0.0150538666558 -0.0194501883442    9.97122236329 0.00627398835621 -0.0127185302639   0.107871165876 1779097895.25
 0.0165797147116 0.00340541029481  0.0119430669982 0.0207152264896  0.0381668948024 -0.0645817327186    10.0424192783  -0.144902035136 -0.0506346626845  0.0473718831093 1779097895.27
 0.0121230246864 0.00202117126162  0.0121372623788 0.0172732741213 0.0650153167274 -0.106255105277   10.0850021777  -0.302026425276 -0.0864923670573 -0.0334192585776 1779097895.29
 0.00513904269028 0.000129104908822   0.0106771553276 0.0118502351765 0.0865304291085 -0.132931482442   10.0645469257 -0.421579914834 -0.107652999668 -0.119931231625 1779097895.31
-0.00339861569731 -0.00194237417374    0.007721659589 0.00865721854277  0.085918670893 -0.124170126891   9.96052527143  -0.421216708998 -0.0955893283215  -0.169369207116 1779097895.33
 -0.0121823142622 -0.00380173838713  0.00371232123972 0.013290723251 0.0800235637653 -0.108502848232   9.84136822502  -0.384009011752 -0.0732741382052  -0.197552828795 1779097895.35
   -0.019744183614  -0.00506133067193 -0.000687291975611 0.020394171349  0.0701653964062 -0.0864652464294     9.7035564211 -0.311493102439 -0.040087666894 -0.209889097191 1779097895.37
 -0.0246718070401 -0.00540907614914 -0.00470330126686 0.0256919678152  0.0494294550634 -0.0467508876127    9.55968767487 -0.161797478273 0.0102648552491 -0.183281043662 1779097895.39
 -0.0258422025858 -0.00467445639726 -0.00759500953307 0.0273377787485  0.0198432935432 0.00873188618075    9.45689918784 0.0551377396281 0.0688143057154 -0.111419526762 1779097895.41
 -0.0226434794801 -0.00287763482155 -0.00880204195476 0.0244639303406 -0.00966232879934   0.0628853095344     9.46509271602   0.262489524172   0.108561411778 -0.0115094254682 1779097895.43
  -0.0151478126851 -0.000251430109288  -0.00806392837423 0.0171623537741 -0.0305603408724   0.107110314389    9.53177889092  0.418795303871  0.128251931251 0.0753221830687 1779097895.45
-0.00419725287669  0.00277134014144 -0.00548440671791 0.00744150354014 -0.0493401590261   0.159351117315    9.61908116988 0.578676134546 0.142596387934 0.159194933217 1779097895.47
 0.00863151403272  0.00560823109848 -0.00152218921687 0.0104054000674 -0.0646006426014   0.209938335088    9.76580061005 0.680444505176 0.129713467416 0.229861486376 1779097895.49
 0.0212036807487 0.00761353248939 0.00309630238339 0.0227409112111 -0.0665402467593    0.22049789846    9.94408798117  0.590469230498 0.0678368720308  0.237473065896 1779097895.51
 0.0311419089606 0.00819436887029 0.00753097091737 0.0330708587407 -0.0615328435292    0.20102005357    10.0848207704   0.372439909522 -0.0165325778364   0.196178826459 1779097895.53
 0.0362511515729 0.00694557646137   0.011022400237 0.0385211672944 -0.0556293136672   0.162461376602    10.1675614182 0.0907793618505 -0.103838381849  0.130912067157 1779097895.55
  0.034995466795 0.00378645938801  0.0130881505641 0.0375542228796 -0.0544015355825   0.112940360091    10.2107879602 -0.224076198435 -0.189566236262 0.0639319522684 1779097895.57
   0.0269480154523 -0.000924784211166    0.0136767100591 0.0302341389938 -0.0596628596508  0.0400567176572    10.2184848881  -0.580567436694  -0.268543674309 0.00396624292557 1779097895.59
  0.0131244438626 -0.00633006539094   0.0132375660919 0.0196863889679 -0.0623299767983 -0.0678785515962     10.124846906  -0.814244057657  -0.268637603555 -0.0263508572069 1779097895.61
-0.00388657370812  -0.0110978153322   0.0126788300643 0.0172921858692 -0.0651413409833  -0.185998457372    9.99110056939    -0.835203624679    -0.182101158943 -0.000783913093658 1779097895.63
-0.0200608449633 -0.0135655219629  0.0132064187386 0.0275838790359 -0.0671107257127  -0.294374839971    9.86479614198  -0.614972903983 -0.0211976713442  0.0786811920644 1779097895.65
-0.0303707187883 -0.0120107046638  0.0160672787134 0.0363977338786 -0.076026172356 -0.426709159254   9.77386939148 -0.223155851365  0.201980594797  0.214049824219 1779097895.67
 -0.0294859159066 -0.00503479590984   0.0222468932156 0.037278581846 -0.0936588631502  -0.610734799016    9.70955160964 0.472834070656 0.534013565087 0.430448826674 1779097895.69
-0.0126603417307 0.00799119912976  0.0321900826683 0.0355013371363 -0.0992542177272  -0.698014195699    9.70025475816  1.38698084115 0.828304299974 0.613726260478 1779097895.71
0.0233279678992 0.0265056304297 0.0456165508545 0.0576854595426  -0.10330902604 -0.718709920581   9.72995357879  2.32531090803  1.02300378126 0.740372193094 1779097895.73
0.0793479923356 0.0484696028273 0.0614852671705 0.111471271478 -0.107256080849 -0.652680379837   9.77321628103  3.04945864283  1.02759419286 0.762395707188 1779097895.75
0.153365519894 0.070325156757 0.078127262763 0.185931383989 -0.129647928761 -0.578758885486   9.79957181431  3.82511060951 0.922267014841 0.761365623555 1779097895.77
 0.240309273933 0.0872787500227 0.0935236574399 0.272236665136 -0.187204052461 -0.478964782142   9.79005707351  4.77889310162 0.630002660921 0.734997100456 1779097895.79
 0.332428854587 0.0939311205087  0.105667328841 0.361244492202 -0.250106242446  -0.23535682475   9.72945557056    4.70194981071 -0.0544865029878   0.507281496985 1779097895.81
 0.420134047992 0.0851949287393  0.112924498421 0.443308850023 -0.337789287773 0.0405919006463   9.62290176874   4.04828801999 -0.920843606195  0.217700195152 1779097895.83
0.493211648334 0.057358671395 0.114313562855 0.509524619513 -0.44557404464 0.298709666198  9.49896727193    2.89161858372   -1.80230658008 -0.0777288340219 1779097895.85
  0.542235754436 0.00909059388625   0.109642314759 0.553284456199 -0.61829559345 0.536778437768  9.35676743694   1.59337004764  -2.75099957857 -0.354111802249 1779097895.87
  0.559939914957 -0.0578496153611  0.0994838208309 0.571643522631 -0.916037193594  0.785957616927   9.18793097768 0.00214411782277   -3.90456428395  -0.652012431521 1779097895.89
 0.542316744482  -0.13839702948 0.0850137629057 0.56611706298 -1.17188032272 0.865824726255  9.14539350118  -1.85519172435  -4.37625380043 -0.832472242101 1779097895.91
 0.489254448601 -0.224591163802 0.0677654340526 0.542589403128 -1.44674667189 0.825606735936   9.1944803986  -3.59194653423  -4.38750804841 -0.929584211081 1779097895.93
 0.404601184959 -0.306614490413  0.049373419005 0.510051271056 -1.55760054771 0.603404916116  9.37989703592 -4.55577407848 -3.52355377837 -0.85643750352 1779097895.95
 0.295650256089 -0.374329665379  0.031369886677 0.478033306474  -1.7520118707 0.362316548174  9.57293091108  -5.37937110326  -2.60219659192 -0.793769153706 1779097895.97
 0.172140444758 -0.419064167949 0.0150719808858 0.453292702553 -2.18827927617 0.080847668458  9.77758028389  -6.62791249298  -1.61218192817 -0.787975047784 1779097895.99
 0.0449455926132   -0.43531138899 0.00156426999275 0.437628333886  -2.25406604364 -0.270412952793   9.98060099773   -6.47299620181 -0.0767594354499  -0.610072820051 1779097896.01
 -0.0753295430989   -0.421998768243 -0.00825179510029 0.428748868902  -2.16576801737 -0.574845658792   10.0826200635  -5.72322330773   1.33248860295 -0.386178038769 1779097896.03
-0.179630293739 -0.383025326928 -0.013589127085 0.423273089   -1.8608234913 -0.751189734303   10.0342695695 -4.39716870509  2.24721762209  -0.1296050849 1779097896.05
 -0.261432457199  -0.326888988261 -0.0137371165878 0.418798338936  -1.57361972841 -0.853363884138   9.85845817227 -3.19983415342  2.73394459765 0.127779056704 1779097896.07
  -0.317310840898   -0.265390796493 -0.00809112637655 0.413743774504   -1.3697350994 -0.952822887881   9.52338880265 -2.22330040634  2.99371566062 0.453738317788 1779097896.09
-0.347060954237 -0.211588612366 0.0037382232673 0.406491108331 -0.938034551061  -0.84485980519   9.06715444153 -0.956552612208   2.33331840046  0.790796498292 1779097896.11
-0.353407708067 -0.177339722993  0.021750699146 0.396004391877 -0.445745330517 -0.590419066793   8.63949403643 0.144703707433  1.03748561427  1.06072415203 1779097896.13
-0.341383556628 -0.170883239637 0.0453553516173 0.384448855175 -0.0206118151504  -0.284520959941    8.36220606301  0.851010699705 -0.416957379218   1.21864872391 1779097896.15
-0.317481792935 -0.194941822972  0.073196668799 0.379677172756    0.305402508106 -0.00495551036221     8.16149812427  1.23952831746 -1.76138298706   1.3576563349 1779097896.17
-0.288692940537 -0.245757168255  0.103067424604 0.392890689224 0.597387277874 0.267244284021  8.01105349464  1.43756570787 -3.04124370517  1.50969017164 1779097896.19
-0.261524302078  -0.31332275394  0.131961616734 0.428928871731 0.795791244303 0.484357476924  8.22529495732 1.26570559239 -3.6460318023 1.41564849256 1779097896.21
-0.241096323728 -0.382865497086  0.156302615505 0.478689809572  0.87178671572 0.570102278057  8.79654289128 0.804503354142 -3.20799694113  1.04433881793 1779097896.23
-0.230410270504 -0.437391494739  0.172351244432 0.523550536129 0.848003212633  0.50478874372  9.54691280584  0.26536346319  -1.8469958911 0.484226094613 1779097896.25
-0.229886194327 -0.460890793764  0.176758472973 0.544528735593 0.88674281906 0.38129349424 10.3007282094 -0.161959606145 -0.100154581972 -0.122056279468 1779097896.27
-0.237266642771  -0.44163142292  0.167184133264 0.528473564048  1.01559583282 0.185954795556  11.1253894212 -0.460732534833   2.19264426324 -0.864158594681 1779097896.29
 -0.24795561873 -0.374897691994  0.142867121227 0.47163681223   1.13259448506 -0.100251512682    11.818616534 -0.488249530731   4.66353286503  -1.63738210654 1779097896.31
-0.255804345634 -0.264567890641   0.10501653032 0.38270158563    1.2061895967 -0.396111111458   12.1546583313 -0.163599699397   6.52637342244  -2.22795016943 1779097896.33
-0.254267675499 -0.123095031658 0.0569076237474 0.288171676719   1.15973069556 -0.591086453857   11.9658492379 0.425659306512  6.95301748862 -2.39140611737 1779097896.35
 -0.237755324389  0.0302574742663 0.00361491837904 0.239700180766   1.16275881159 -0.737410161646   11.6643630017  1.21324447088  6.98934480159 -2.49323750988 1779097896.37
 -0.202921128842   0.172705796257 -0.0486103812371 0.270863887877    1.1595126095 -0.832404667413   11.1860353084  2.27360947701  6.49740178699 -2.49778960127 1779097896.39
 -0.149604322568   0.282170778881 -0.0932278586749 0.332705929341  0.930384423135 -0.728975042988     10.33167351  3.21178202814   4.4550786585 -1.99953912284 1779097896.41
-0.081180899618  0.341572267378 -0.124401437114 0.37247505938  0.517691724173 -0.458187815847    9.3656996765  3.77049724346  1.55769182845 -1.15861924269 1779097896.43
-0.00419899223604    0.342241554762   -0.137908812627 0.369006441599 0.00208800140625  -0.089994871915    8.58201471196   3.64330286174   -1.3241201446 -0.175022666557 1779097896.45
0.0726666961589  0.285657975183 -0.131792207927 0.322877861716 -0.523533693365  0.277657455645   7.93104067115  3.41081149882 -3.76061134839 0.739035018376 1779097896.47
 0.140143342089  0.183096019834 -0.106633545807 0.25403744193  -1.1224132665 0.676356650712  7.32548204376  3.01381146671 -5.96616670245  1.70407577705 1779097896.49
  0.190053833067  0.0532774048475 -0.0654189198993 0.207938876624 -1.61562614265 0.987465823655  7.11166770099  2.02180913363 -6.97430229136  2.46802272817 1779097896.51
   0.21681564314 -0.0813878011197 -0.0130396558264 0.231954801427 -1.86604927748  1.12018273418  7.29126898068 0.736741660162 -6.55176570959  2.85289915205 1779097896.53
 0.218429329456 -0.199062885228 0.0444600702074 0.298854650432 -1.73329514987  1.00128338457  7.84675285061 -0.472250762031  -4.73055481473   2.67946105317 1779097896.55
0.196760852409 -0.28227744382 0.100747414545 0.358532327507 -1.53205471838 0.831740644634  8.30136935381 -1.42357228378 -2.81767210792  2.44995581829 1779097896.57
 0.157083716725 -0.320484062013  0.150035349067 0.387163962726  -1.2905566642 0.628191639554    8.635747312  -2.30492818178 -0.737651552823   2.23485551811 1779097896.59
   0.1070087063 -0.311001032897  0.187770984555 0.378722125479 -0.772883709691  0.281620972903   9.03944129995 -2.73310965729  1.66296329558  1.63573971103 1779097896.61
0.0550511086077 -0.258402219889  0.211100878755 0.338180296312  -0.138383570862 -0.0926107864604    9.38337805099 -2.5572532233  3.6120890841 0.81810621561 1779097896.63
0.00914141463583  -0.172764673396   0.219080296783 0.279154749689  0.395454875838 -0.365936320043   9.58893391122  -1.89043565387   4.53250206557 0.0363457527176 1779097896.65
-0.0246316945746 -0.0673550031928   0.212632870312 0.224401769979   0.79575799489 -0.553136038943   9.63406694672  -1.22738209709   5.11128379236 -0.585244298866 1779097896.67
-0.0428359421479  0.0436887211323   0.194296285512 0.20370240268   1.11321742904 -0.683792713982   9.56600773537 -0.521313827522   5.50119093118  -1.14888938713 1779097896.69
-0.0449721492726   0.147288689365   0.167805874943 0.227761418793   1.18270092653 -0.664897592249   9.44628111974 0.253069079843  4.98574471594 -1.49547852467 1779097896.71
-0.0332369686397   0.232799265481   0.137572410951 0.272445154752   1.00012671082 -0.516497746647    9.3303548773 0.861696575749  3.79104583154 -1.55504569556 1779097896.73
-0.0118914801968   0.292827543915   0.108107422495 0.312372522119  0.606821535481 -0.277715382306   9.29821499178  1.10408784707  2.14100333182 -1.27619770306 1779097896.75
0.0135907051241  0.323605631855  0.083445042503 0.33446731881   0.223780455537 -0.0591412882345    9.28074286319   1.16264507696   0.75912589624 -0.978521509602 1779097896.77
0.0374156231986  0.325021632892 0.0666088928017 0.333879821653 -0.186874736727  0.170198986217   9.30046388702   1.03667306823 -0.592486243968 -0.618673277174 1779097896.79
0.0542543114175  0.300365298815 0.0591775204285 0.310909668495 -0.571480919871  0.387542473641   9.43488761153   0.58682634723  -1.81248050961 -0.146602796941 1779097896.81
0.0598306529842  0.255790241356 0.0610090998211 0.269685863312 -0.803930559203  0.540767606967   9.65554342708 -0.0753781630505   -2.55799733224   0.279165086001 1779097896.83
0.0512814388956  0.199479317089 0.0701876350247 0.217596158128 -0.84613009652 0.620371611949  9.89494614286 -0.772757509078   -2.7383159071  0.528172779376 1779097896.85
0.0273062576733  0.140537955869 0.0832392303174 0.165605912369 -0.804774509001  0.708181060462   10.1281618192 -1.52482071312 -2.69945053823 0.614563231538 1779097896.87
-0.0118493430639  0.0877163918658  0.0956318443253 0.130307413381 -0.652945614075  0.795225617864    10.345934615 -2.33360993378 -2.34784106877 0.489853074615 1779097896.89
-0.0645308281697  0.0481408167167   0.102516950305 0.130351413948 -0.380365822191  0.850940130642   10.4900391791 -3.04668239327 -1.61299362111 0.104395648164 1779097896.91
-0.127897446833 0.0262774799741 0.0996082735842 0.164225671034 -0.0508246932795   0.861591301902    10.5061945615  -3.49257879958 -0.647999641578 -0.482724310343 1779097896.93
-0.198212624497 0.0233380102299 0.0840402153076 0.216554069508 0.231346141642 0.796894105054  10.3640489503 -3.44269628943 0.263770964485 -1.07108329061 1779097896.95
-0.271193192256 0.0372564493049 0.0550264500266 0.279216225788 0.426900785117 0.769241366433  10.1752698009 -3.35981893842  0.92995283529 -1.62825733491 1779097896.97
-0.342406018121  0.063248808308 0.0141602738238 0.348486450744 0.583699965983 0.824613849786  9.95650749612  -3.4721567823   1.4647782042 -2.28341269403 1779097896.99
 -0.407687739798  0.0948385951491 -0.0347371758883 0.420012289939  0.62421192219 0.839121641484  9.67778967494 -3.25614210118  1.66335632621 -2.69810350371 1779097897.01
 -0.463547617342   0.125132362272 -0.0862200422516 0.487820046038 0.516639100084 0.765719042809  9.43227398557 -2.61058784501  1.39255344779 -2.60055454475 1779097897.03
-0.507504055617  0.148083137372  -0.13416986659 0.545426929242 0.331441084021 0.637364400803   9.3021132083 -1.79411332886 0.824636059125 -2.08043862249 1779097897.05
 -0.53830847046  0.159495016124 -0.172912094407 0.587463413269 0.164356518367 0.544853998896  9.24516652892 -1.13843006361 0.223070406336 -1.50392082517 1779097897.07
-0.556026866394  0.157590970538 -0.198270831555 0.610992727283 0.0225691828739   0.49325301082   9.23216150515 -0.593336521032 -0.411825660209 -0.888336711258 1779097897.09
-0.561975138391  0.143068349637 -0.208345561269 0.616191919565 -0.0867431474931   0.431854285185    9.31753439344 -0.0652918765924    -1.0147558227  -0.145544598695 1779097897.11
-0.558530614367  0.118678123075 -0.203852031132 0.606297447362 -0.130055110302  0.373983733144   9.47558493451 0.333815095534 -1.39004523571 0.518870568798 1779097897.13
-0.548861310466  0.088460831065 -0.187961883462 0.586859204915 -0.109262028569  0.356537365217     9.624245748 0.524453226909  -1.4802700724 0.913692500654 1779097897.15
-0.536619836463 0.0568349173708 -0.165679487944 0.564482727321 -0.0566398037203   0.420613740256    9.70034005137 0.548379495297 -1.43368480959  1.06444712584 1779097897.17
-0.525639239758 0.0277489877043 -0.142886043404 0.545420056554 0.00805870326411   0.597102734523     9.6801476186 0.427852294291 -1.32996980748  1.01937523142 1779097897.19
 -0.519647042004 0.00407534477948  -0.125241125196 0.534541856302 0.0648277375909   0.85194911051   9.55162001856 0.0964860593586  -1.06832861764  0.680504641928 1779097897.21
 -0.521990265293 -0.0126537800293  -0.117150262732 0.535124414756 0.0791746697088   1.09046590773   9.34907096849 -0.402811283445 -0.673076177348  0.109196442959 1779097897.23
 -0.535350165325 -0.0221637370225  -0.120984230515 0.549297928983 0.0426837427599   1.28586397197   9.12599805883 -0.954103702166 -0.301028372476 -0.472465371289 1779097897.25
 -0.561430290143 -0.0250974656201  -0.136680682687 0.578373117019 -0.0334345389105    1.47126300877    8.90061937743    -1.53756018228 -0.00948052382906   -0.961042451994 1779097897.27
 -0.600627218228 -0.0225662322631  -0.161785247414 0.622444179341 -0.146752874111   1.72539023429   8.63743801116 -2.26529974858 0.234530390086  -1.3855133539 1779097897.29
 -0.651731642182 -0.0157484108946  -0.191911223018 0.679582271242 -0.278842826769   1.87144835285    8.4670149191 -2.93670750421 0.447040698661 -1.57892452042 1779097897.31
  -0.711742803605 -0.00565164718847   -0.221526683053 0.745442037253 -0.378575293216    1.7821119771   8.50418915399 -3.25912780997 0.595070124654  -1.3915428283 1779097897.33
 -0.775895100978 0.00692206084242   -0.24492502938 0.813664176835 -0.405955362295   1.47930844067   8.74068609991  -3.10446887208  0.661566161675 -0.877471321555 1779097897.35
-0.837980573688 0.0212497779677 -0.257207512048 0.876823071774 -0.368315550912   1.10222542203   9.06071250251  -2.61623380447   0.67222136723 -0.231452761948 1779097897.37
-0.891002292495 0.0364979777683 -0.255108323148 0.927522206824 -0.32315308058 0.830900365645  9.32944057379 -2.17391102458 0.731561524058 0.474714339579 1779097897.4
-0.928118780216 0.0515829622602 -0.237524140144 0.959418047223 -0.224949641106   0.52932465177   9.63839276038 -1.40186539322 0.761818062049  1.31392886997 1779097897.41
-0.943754935272 0.0651654349167 -0.205664759845 0.968100152463 -0.0569847268388   0.179513411322    9.95280403029 -0.172934998052  0.638112750326   1.96828477714 1779097897.43
-0.934683236896 0.0758051472055  -0.16280982379 0.951780548446  0.112713687711 -0.080622281313   10.1620373111  1.0654741307 0.42390513585 2.28280192309 1779097897.45
-0.900843623507 0.0822379521361 -0.113726323992 0.911710475729  0.245254282021 -0.211965340833   10.2472812831  2.04476904296 0.181193213056  2.27349138548 1779097897.47
-0.845688116659 0.0836912758799 -0.063859949766 0.85221518028  0.374111213038 -0.261917595967    10.294728702    3.02432336782 -0.0508233746377    2.30642318634 1779097897.5
 -0.775910770761   0.080138471225 -0.0184494659106 0.780256420381  0.491509394477 -0.227047878923   10.2884130348   3.87676679018 -0.301344525099   2.19391045764 1779097897.51
-0.700542653638 0.0724089901527 0.0182796697763 0.704512042302  0.511369223865 -0.090076496204   10.1769847245   3.85727063641 -0.475036029948   1.63792710488 1779097897.53
-0.629529039314 0.0621110619197 0.0437091504268 0.634093908805    0.4732430068 0.0707888409632   10.0495903323  3.25121720671 -0.53217864026 0.982671236477 1779097897.55
-0.572028112405 0.0513729628871 0.0571228276183 0.57716406691 0.387419393129 0.191455553478  9.94421408806   2.18357453038 -0.452840453559   0.36785012527 1779097897.57
-0.534745658495 0.0424544170182 0.0596765827367 0.539737520774 0.344746561152 0.271884265163  9.90440937091    1.22955160943   -0.33638871847 -0.0728768898157 1779097897.6
-0.520628430707 0.0373107039925 0.0540763113835 0.524757371502 0.32750276313  0.2838637604 9.92688789192  0.176401109365 -0.141047146331 -0.419846831013 1779097897.61
-0.528177527609 0.0372026579923 0.0440439773161 0.531314794044 0.283964024738 0.134454508579  9.99789050232 -0.814277604123  0.135030968984 -0.537582034592 1779097897.63
-0.551526997106 0.0424345872234 0.0336772311357 0.554181268744   0.26694046931 -0.130048417397   10.1134092583 -1.34075986473 0.380426555894 -0.43505574193 1779097897.65
-0.581288739864 0.0522724076834 0.0268102142388 0.584249767895  0.268762609549 -0.447472938222   10.2338669603  -1.24578579944  0.517065056777 -0.164847969587 1779097897.67
-0.606023056792  0.065053249443 0.0264660678734 0.610078948477  0.335357595938 -0.870604692671   10.4266864935 -0.773756040362  0.617805902222  0.180593646988 1779097897.7
-0.614081516385 0.0784558167017 0.0344640053537 0.620031605328 0.463789562528  -1.4614372947  10.7140790525 0.277601148633 0.654878501479 0.653111558946 1779097897.71
-0.595503768309 0.0898689100125 0.0512147727465 0.604420476162 0.558724368377 -1.91921562893  10.9249002544  1.85032586691 0.481394192639  1.08355463271 1779097897.73
-0.543641884012 0.0967819021564  0.075713598925 0.557356065455 0.628798739446 -2.25089844995   11.095646165  3.55951476261 0.185523717337    1.393078331 1779097897.75
-0.456235329465 0.0971276517808  0.105719911027 0.478289824458 0.626750966088 -2.30830845253  11.1522420437   4.85295459103 -0.169281281222   1.45628328927 1779097897.77
-0.335758645597 0.0895304967943   0.13809557274 0.373925079608 0.643835291542 -2.46031936879  11.3085077793   6.28767507972 -0.557323553824   1.49489460087 1779097897.8
-0.188995526762 0.0734401942266  0.169256167772 0.264121982411 0.672991668062 -2.74759736581  11.6039308409  8.11321541521 -1.05723036984  1.50777504229 1779097897.82
-0.0259332666383  0.0491572559497     0.1956740974 0.203414165005 0.582485133217 -2.69814909739  11.7311054988  8.88427961694 -1.49512499904  1.21140222334 1779097897.83
0.141806580242 0.017769895537 0.214362178072 0.257635437732 0.398236694686  -2.3703081164  11.6675013078   8.4372739335 -1.74913763211 0.708393520675 1779097897.85
  0.302706316249 -0.0189732642113   0.223266676827 0.376615331119 0.179560875548 -1.91167838893  11.4555075775  7.10898521977 -1.78469915508 0.166566410634 1779097897.87
  0.446943670473 -0.0588342737336   0.221511664011 0.502282324629 -0.0211687618819    -1.7023526828    11.3900181471   6.32102492133  -1.91673612182 -0.329485459692 1779097897.9
  0.567564286922 -0.0992866383647   0.209460869809 0.613074964689 -0.242306916137  -1.61565631591   11.3599433842   5.60850014327  -2.06674173346 -0.862229407876 1779097897.91
 0.66105945558 -0.13773630058 0.188594320355 0.701098217071 -0.429284232423  -1.42501766507   11.1218005481  4.19681388749   -1.903926031 -1.26720837088 1779097897.93
 0.727302817902 -0.171753599121  0.161228565724 0.764502019712 -0.543965501346  -1.26907288705   10.8119895346  2.76043920157 -1.57547453873 -1.49596838801 1779097897.95
 0.768931890991 -0.199302690206  0.130134871866 0.804930369772 -0.542514269087   -1.1069227357   10.4528085854  1.46171340212 -1.09392437873 -1.46270216136 1779097897.97
 0.790364523381 -0.218948033329 0.0981242028781 0.825979830449 -0.526308524102  -1.12442804438   10.1972771524  0.647039702768 -0.715709683276  -1.45585544397 1779097898
 0.796694423251 -0.230011645291 0.0676684829313 0.83198941375 -0.49995854659 -1.32192598002    9.986192263 0.0615672988651 -0.360454321209  -1.51246420367 1779097898.02
 0.792705525835 -0.232653758059 0.0406150628324 0.827139290058 -0.358412696398  -1.42723857129   9.77411373051  -0.39133560508 0.0581632136683  -1.33918582637 1779097898.03
 0.782188904532 -0.227855727011 0.0180292862397 0.814900466233 -0.161469366151  -1.42707509633   9.62757933079 -0.645850411517  0.395927720426  -1.04267319178 1779097898.05
   0.767655768094   -0.217297425845 0.000174257357881 0.797818011787 0.0255747218214   -1.3271092616   9.56630663711 -0.738795470624  0.575127181904 -0.731023940964 1779097898.07
  0.750438678519  -0.203139254405 -0.0133869531246 0.777562201635  0.18434618532 -1.34527147285   9.5352920077 -0.852955191985  0.689425340559 -0.554458612556 1779097898.1
  0.731083643429  -0.187736963889 -0.0235992417551 0.755172421047 0.352660273101 -1.50110940788  9.50853959769  -1.06270080648  0.780972155294 -0.479168593279 1779097898.12
  0.709877563562  -0.173331145503 -0.0316758377074 0.731418621546 0.451154965829 -1.45579969403  9.54157522209  -1.13610164156  0.674707159745 -0.396216302309 1779097898.13
  0.687340399639  -0.161758760271 -0.0388547309396 0.707186263736 0.507407764705 -1.40564914644  9.57637877906  -1.17593944404  0.495442656657 -0.376432572443 1779097898.15
  0.664540449305   -0.15422987252 -0.0461888014773 0.68376477514 0.490239363809 -1.25660060901  9.61096610979    -1.069705337  0.255619506769 -0.376238080432 1779097898.17
  0.643154110696  -0.151199892334 -0.0543959869829 0.662923480462 0.457998500203 -1.13698359092  9.61283590248 -0.906066574193 0.0433770480538 -0.405914329954 1779097898.2
  0.625269825035  -0.152349829922 -0.0637818896578 0.646715512591 0.490864728544 -1.20456332777  9.54101501612 -0.784211774782 -0.142279354283  -0.51604729549 1779097898.22
 0.613007896806 -0.156669312692 -0.074233577603 0.637051472904 0.481809399047   -1.163130506  9.43867958833 -0.465682377102 -0.278243361666 -0.582027285686 1779097898.23
  0.608074911309  -0.162623722245 -0.0852727371886 0.635195255419 0.436410379226 -1.00814972711  9.33496941851 -0.0417758646878  -0.300979722617  -0.563313844761 1779097898.25
  0.611382491224  -0.168379761413 -0.0961508610522 0.641393235628  0.387118273212 -0.821461104078   9.24639339452  0.343600786159 -0.219730706258 -0.481822287619 1779097898.27
 0.622834338103  -0.17206228992 -0.105969490713 0.654795828709  0.391240319115 -0.735159391914   9.10334469257   0.700249200092 -0.0850339979781  -0.412960957638 1779097898.3
 0.641332252675 -0.172016678034 -0.113813262049 0.673684090996  0.449753825056 -0.739593451187   8.87134400306   1.10776420224  0.131661919888 -0.339519471046 1779097898.32
 0.664987864766 -0.167052185568  -0.11888915633 0.695880682647  0.472678922107 -0.700502088648   8.73105198092   1.35671668849  0.416046309785 -0.185475591267 1779097898.33
   0.6914711721 -0.156641240716 -0.120667711327 0.719186732841  0.451522355894 -0.649843194279   8.72277961312     1.38269050208    0.673245826806 -0.00334209856323 1779097898.35
 0.718395277023  -0.14104758268 -0.119018247284 0.741722008448   0.38848805138 -0.604544703402   8.84143674904  1.21321983291 0.820634074006  0.14760447186 1779097898.37
 0.743636711547 -0.121355946165 -0.114321073488 0.762097193456  0.356398441716 -0.674277795371    8.8916248194  1.11691699856 0.987530806855 0.272292880299 1779097898.4
   0.76552075181 -0.0993812294958  -0.107529541067 0.779398006432  0.322930564907 -0.833424865677   8.93333510127  1.02262045558  1.14499936849 0.369549086932 1779097898.41
  0.782850900322 -0.0774489216786  -0.100150060599 0.793022006152  0.172062161491 -0.690260641151   9.28871021915 0.567193579347 0.800023514374 0.259743219608 1779097898.43
  0.794815380407 -0.0580613123188 -0.0941142249807 0.80247124077  0.126470583415 -0.992083522576   9.30402299439 0.464736773934 0.877068786425 0.222499534503 1779097898.47
   0.80084368542 -0.0434922583034 -0.0915357513093 0.807230437222 0.0316474531718  -1.33057658448    9.3800944981    0.193488984418    0.772160954341 -0.00880902866573 1779097898.47
   0.80049894956 -0.0353797617639 -0.0943729824689 0.806818787343 -0.0570657860841  -0.872795792981    9.64443650195 -0.175123050337  0.215962923295 -0.297211076394 1779097898.5
  0.793471305553 -0.0344005898752  -0.104047827542 0.801003160877 -0.117566368848 -0.808427133748   9.72362646534 -0.544197734211 -0.123590479127 -0.698809817767 1779097898.51
  0.779689241443 -0.0401057678369  -0.121094939257 0.790055548774 -0.128468620341 -0.574112417485    9.7582002595 -0.896692345636 -0.437366013649  -1.07915014511 1779097898.53
  0.759507642885 -0.0509665300465   -0.14492237239 0.774888340863 -0.0835526868995  -0.257993131733    9.73577911562  -1.17765929555 -0.630616571397  -1.35390139436 1779097898.55
  0.733886276068 -0.0646324786551  -0.173752527849 0.756938811551 0.00752197278533  0.0668908060693    9.68024735905  -1.26455890832 -0.629082187458  -1.37509329757 1779097898.57
  0.704460806633 -0.0783507696691  -0.204780821914 0.737793369591 0.128270547514 0.360456300292  9.58874026401  -1.40246724449 -0.575876554506  -1.41043493105 1779097898.6
  0.673436762078 -0.0894540621717  -0.234545467172 0.718700687301 0.307728193354 0.691082860603  9.45126115296 -1.60325665597 -0.45761999664 -1.43310621001 1779097898.62
  0.643295302877 -0.0958093328497  -0.259454952186 0.70023220947 0.481609346208 0.910455698683  9.35335288622  -1.51437423217 -0.177265410466  -1.11012769095 1779097898.63
 0.616366610985 -0.096134421322 -0.276381331589 0.682302181259 0.624585448944  1.01772594056  9.30419738972  -1.28055104567  0.148700948436 -0.621771108804 1779097898.65
  0.594378073656 -0.0901289358013   -0.28320669559 0.664540857991  0.65676870006 0.943175888983  9.35395839685  -0.897439568137    0.41553387761 -0.0664077977264 1779097898.67
  0.578102595585 -0.0784173568458  -0.279212752317 0.646770170874  0.68185559127 0.891223756725  9.41557262174 -0.620419911671  0.634437918173  0.410539018685 1779097898.7
 0.567211005795 -0.062348044743 -0.265229933126 0.62925552934 0.748888503872 0.941116977392  9.47832842592 -0.458723696836  0.898012528052  0.924034474267 1779097898.72
  0.560377611088 -0.0437183468589  -0.243508259953 0.612560718236 0.670777340505 0.893718090651  9.63814810107 -0.31036651028  1.01316360661  1.28218190741 1779097898.73
  0.555615875576 -0.0244967832071  -0.217328288814 0.597110273482 0.484960840403 0.820960011071  9.84348894094 -0.253800744099  0.979169317855    1.4000145284 1779097898.75
   0.550754394999 -0.00659174990115   -0.190424718441 0.582782487872 0.219566418027  0.70626171612  10.0285557959 -0.272313650193  0.764197687998   1.18759391534 1779097898.77
  0.543923273697 0.00831633253746  -0.166335388399 0.568848969841 -0.023300743577  0.722837727973    10.200761698 -0.387901946043  0.587204815258  0.982083135985 1779097898.8
 0.533920448765 0.0188914279712 -0.147804837627 0.554323192449 -0.312998409634  0.902207754781    10.417481415 -0.619577950081  0.418593537009  0.788362822611 1779097898.82
 0.520365507558 0.0242322130987 -0.136360036621 0.538480752855 -0.612390923281   1.07724779083   10.5619794875 -0.83929429331 0.140210424367 0.433824481284 1779097898.83
 0.503611394218    0.0239547835 -0.132138330691 0.521208985414 -0.806913836657   1.18155020168   10.5719816726 -0.948005955843 -0.157550151875 0.0625080308226 1779097898.85
  0.48445170485 0.0182636587493 -0.133992012377 0.502972041911 -0.835392251275   1.18084556498   10.4626822667 -0.916639484879 -0.366985661105 -0.176778657612 1779097898.87
  0.463713585752 0.00798130225906  -0.139832829061 0.484403974881 -0.88500100354  1.32674429626  10.4099988287 -0.969178259139 -0.540789270624 -0.298840300447 1779097898.9
     0.4418506963 -0.00550716785016   -0.147127777728 0.465734849133 -0.973294944339   1.66673247526   10.4155924097  -1.15461227825 -0.727781521403 -0.348280759442 1779097898.92
  0.418643476231 -0.0204275354909  -0.153427913981 0.446340418499 -0.907741945988   1.90796907555   10.3776765389  -1.30677833136 -0.787767631049 -0.259491136955 1779097898.93
  0.393080303672 -0.0349075150577  -0.156812269985 0.424641905328 -0.722814847927   2.02822593994   10.3383011677   -1.46576373009  -0.714570139093 -0.0725119472494 1779097898.95
  0.363445081711 -0.0473371414804  -0.156158601738 0.398395081897 -0.450180624071   1.89794341163   10.2920693199   -1.5492930549 -0.515764273949   0.13271063851 1779097898.97
  0.327588816187 -0.0567098263674   -0.15120234545 0.365229497942 -0.2390504104 1.86918885649  10.328815202 -1.81650940138 -0.35152079273 0.311940858723 1779097899
  0.283326539114 -0.0628412360834  -0.142400210529 0.323265786432 -0.0772164149524    2.09110791658     10.499233318 -2.49405906003 -0.24448771684 0.519048073367 1779097899.02
  0.228882017207 -0.0663858602295  -0.130660099815 0.271783225978 0.061016080509   2.1780591662  10.7000458821  -3.22646381815 -0.155516345714  0.682162859394 1779097899.04
  0.163300630275 -0.0686265142658  -0.117023444575 0.212299743025 0.123161147091  2.06925160521  10.8738700337  -3.80745243842 -0.125818361006  0.757491061986 1779097899.05
 0.0867619530059 -0.0710822586306  -0.102385372789 0.151865363209 0.0835581310016   1.67210368323   10.8914238368  -3.79591126983 -0.149779487634  0.693716843818 1779097899.07
0.00074350745682 -0.0750407112362 -0.0873155283023 0.115133238593 -0.0125012110981    1.46934549738    10.9967731154  -4.06803166101 -0.229113930513  0.691363753365 1779097899.1
-0.0919886018162 -0.0811495947798 -0.0720066381095 0.142239641201 -0.177901632854   1.45031372332   11.2548031645  -4.81211471918 -0.361550213458  0.791560738467 1779097899.12
 -0.187562440052  -0.089188764533 -0.0563404573479 0.215194218722 -0.376995829336   1.28568685769   11.3575399328  -4.97200298138 -0.444884050148  0.839611834665 1779097899.14
 -0.281336586182 -0.0980920420163  -0.040031836578 0.300624136376 -0.571810350718   1.13487469466   11.4025645446   -4.8833813394 -0.459898415823  0.906017785148 1779097899.15
 -0.368355539728   -0.10621517602 -0.0227977638013 0.384040629751 -0.607839367555  0.861530467876   11.1368189781  -3.82150108157 -0.321717402961  0.835367231221 1779097899.17
  -0.443878922516   -0.111775852959 -0.00450063076111 0.457758227491 -0.606686529221  0.744494527073   10.9571152747 -3.02515387263 -0.15910066767 0.838260110423 1779097899.2
-0.503930166315 -0.113345396338 0.0147695158276 0.516731003513 -0.639710500452  0.844164903971   10.9618517478  -2.65668704835 0.0394643557946   1.02142573813 1779097899.22
-0.545802421551 -0.110261807399 0.0346862525036 0.557907775223 -0.496322652916  0.924475988486   10.7836153189 -1.77721592482 0.288806547101   1.1009401989 1779097899.24
-0.568454868923 -0.102859806882   0.05474093288 0.580273769532 -0.22934076134 0.986031624332  10.5051329509 -0.729006918037   0.48172587287   1.07308982573 1779097899.25
 -0.572735658391 -0.0924643946375  0.0743316683593 0.584894003722 0.0638807778725  0.969721027681   10.1987013127 0.170338861117 0.522768683404  0.91785306204 1779097899.27
 -0.561382054292 -0.0811533919854  0.0928520516431 0.574767072306 0.310218126624   1.0093483158  9.98564621406  0.77478643827 0.481813979325 0.808041900436 1779097899.3
 -0.538775169895 -0.0713454936163   0.109749812391 0.554449172129 0.560770726775  1.17818933749  9.83999343637  1.26136681656 0.392644478677 0.785019415398 1779097899.32
  -0.51046339829 -0.0653031818177   0.124541591151 0.52947898398 0.759435027375  1.32511622297   9.7365176936  1.50359782034 0.178888403424 0.722630956555 1779097899.34
 -0.482509053778 -0.0646513128036   0.136791376805 0.505674460492 0.816385242645  1.34940627587  9.70195994221   1.34317724437 -0.127023267542  0.581880230671 1779097899.35
 -0.460747986317 -0.0700047311497    0.14607889422 0.488393706568 0.677596770191  1.17327482805  9.74252332621  0.783546010601 -0.389535053651  0.367206112883 1779097899.37
 -0.450072898979 -0.0807767465741   0.151992467946 0.481863266389 0.521669323261  1.05284023196  9.81468351388  0.158917069292 -0.580784688828  0.186537930287 1779097899.4
 -0.453851394466 -0.0952092920566   0.154174160359 0.488687598855 0.379515407718  1.04165320268  9.91052558532 -0.585645904277 -0.744093709494 0.0107694488035 1779097899.42
-0.473568108355 -0.110628637234  0.152424521603 0.509645644946 0.189449070815 0.973848956313  10.0076982903  -1.42506418818 -0.744652137951 -0.190231645905 1779097899.44
-0.508740929128  -0.12389123472  0.146846963024 0.543810998013 0.0076151727403  0.901788630914   10.0771015148   -2.2453449754 -0.572970856375 -0.388007453535 1779097899.45
 -0.55711254915 -0.131947646256  0.137987601626 0.588918629333 -0.118640522937  0.770187076933   10.0679906835  -2.67881692658  -0.21500236584 -0.502161718064 1779097899.47
-0.615070245837 -0.132425246292  0.126914838574 0.641837385496 -0.162840943489   0.66883468507   9.99719887415  -2.78727696904  0.180183749933 -0.524751369955 1779097899.49
-0.678208098181 -0.124119414485  0.115189345136 0.699028210249 -0.164101186277   0.70943790268   9.89870119055   -3.0742204263  0.609070830847 -0.538380893047 1779097899.52
-0.741924320277 -0.107292657928   0.10469918699 0.756918312119 -0.112573885899  0.822003089956   9.73821331556  -3.26184555575   1.06518145102 -0.469714043337 1779097899.54
 -0.801947047496 -0.0837114824333  0.0973706222054 0.812162371295 -0.0111854272079   0.925206783409    9.53483202143  -3.03017417073   1.36744629707 -0.265887851461 1779097899.55
-0.854705961711 -0.056396957131 0.0948029676192 0.861794929451 0.0954317450947   0.97251950827   9.35564025166 -2.42020191181  1.38260073667 0.013534153492 1779097899.57
  -0.89751039713 -0.0291185342341  0.0979050276349 0.903304044289 0.169553140185  0.98240670703  9.23197371575 -1.71726846662  1.17873876814 0.274865948464 1779097899.59
 -0.928546838583 -0.0057123344682   0.106621936552 0.934665768904 0.227120424783  1.09106686041  9.07934896363 -1.19266167761 0.963250329518 0.531002155166 1779097899.62
-0.946755735564 0.0106543446672  0.119830257003 0.954368497163 0.253226122533  1.21127404261  8.93164271915 -0.609104052204  0.627884625931  0.759125572591 1779097899.63
-0.951675285797 0.0181292347599  0.135446889647 0.961436622282 0.211369474994  1.17296668905  8.90721220168 0.0900866746053  0.156609648968  0.815348567806 1779097899.65
-0.943339412766 0.0165933929944  0.150750411538 0.955452916134 0.129188099675  1.04003228276   8.9577057783   0.75840587552 -0.267950529175  0.707525500955 1779097899.67
  -0.92228801284 0.00774648906391   0.162862612141 0.936589246764 0.0311898722966  0.788485448795   9.10198138503   1.25570985034 -0.509828060251  0.434134488326 1779097899.69
  -0.889697783305 -0.00518552981122    0.169295843313 0.905676607791 -0.0498472864631     0.6009479723    9.17776797521   1.77346977886 -0.613299728269  0.132647079506 1779097899.72
  -0.84758611885 -0.0180868529143   0.168449957462 0.864352214832 -0.115581226631  0.424063459613   9.20957450394   2.36961192432 -0.565179445947 -0.244203471741 1779097899.73
 -0.798995794131 -0.0268189877887    0.15994843059 0.815289542183 -0.131523310984  0.201460531126   9.28439892929   2.61368992565 -0.264075163789 -0.622667015202 1779097899.75
 -0.748049388676 -0.0281435846122   0.144737030358 0.762442625521 -0.0908612231813  0.0213308130793    9.35045520371   2.50055651459  0.159264696724 -0.882749624979 1779097899.77
 -0.699777874584 -0.0204996297682   0.124922395082 0.711136353571 -0.0101632341911  -0.079361695998    9.37737706386  2.14334257683 0.574563782615 -1.00283706086 1779097899.79
   -0.6596758758 -0.0044533820332   0.103388421475 0.667743408368 0.0969610733968 -0.102288578639   9.34711584865  1.65253225817 0.935403450478 -1.03059795476 1779097899.81
-0.633005280851  0.017296494493 0.0832798200607 0.638694279555   0.213561545214 -0.0434382078619    9.29523716698  0.901105822385   1.13056306304 -0.905696955226 1779097899.83
-0.623941047411 0.0403809493366 0.0674715241888 0.628876345787  0.315888356709 0.0884616402059   9.23069732955 -0.0441719162718     1.0968727681  -0.651659144866 1779097899.85
-0.634709188543 0.0596077661054 0.0581424222886 0.640147936864 0.367136681567 0.266068927975  9.19138430995  -1.06452807656  0.770551769814 -0.284112877573 1779097899.87
-0.664892712863 0.0700235477661 0.0565418965265 0.670956483628 0.325381294685 0.414061872022  9.23512861877 -1.81964511539 0.199238292665 0.115398860106 1779097899.89
-0.711070176134 0.0679687551054 0.0629851088377 0.71708275045 0.254106118645 0.558766570794  9.26247457564  -2.44178420656 -0.433745629723  0.490917666805 1779097899.91
-0.766905205217 0.0519025882575 0.0770513807787 0.772511739546 0.136919684858 0.680552776575  9.30440441261 -2.86370312773 -1.14752717667 0.887638198263 1779097899.93
-0.823732408797 0.0228233723618 0.0979060823998 0.82984431588 -0.0292225136883   0.686422289281    9.41437428196 -2.69573491369 -1.74332352075  1.22523194647 1779097899.95
 -0.871598700799 -0.0158023750132   0.124635367885 0.880606600713 -0.197309950361  0.581288447385   9.55652763636 -1.98350361238  -2.0997056417  1.51086708821 1779097899.97
 -0.900634656925 -0.0585841346612    0.15648378046 0.916003307655 -0.301706634686  0.347841738769   9.71294398569 -0.73744200748 -1.98403687079  1.62618762021 1779097899.99
  -0.90256304237 -0.0991098008606   0.192917115356 0.928256328541 -0.351441809306 0.0884377928306   9.83284002159 0.678191865974 -1.72250079715  1.83102444362 1779097900.01
 -0.87211304814 -0.131024540295  0.233488188029 0.912285773672 -0.332194399385 -0.223655172681   9.92245233299  2.42378736629 -1.28227846142  2.17161363461 1779097900.03
-0.808106330611 -0.149081101441  0.277546438039 0.867348281631 -0.177007051854 -0.549306254665    9.9540795881  4.14303613907 -0.49669204339  2.36895136457 1779097900.05
-0.714016409659 -0.149978114385  0.323886445464 0.798257663672 0.0885165626165 -0.810288298452   9.91286871345 5.45379389686 0.42082505836 2.41032390794 1779097900.07
-0.597872222967 -0.132859039828  0.370460161128 0.715781705859  0.383255102998 -0.891362472779   9.80718493889 5.68458776946 1.18499288867 2.11841206932 1779097900.09
 -0.471469892472 -0.0994175619414    0.41427355711 0.635444955327 0.710044141329 -0.95075543552  9.66384347573 5.85603307553 1.86407079459 1.90775541805 1779097900.12
 -0.348959989446 -0.0536262180635   0.451549809358 0.573189389146   1.10607803722 -0.991677396673   9.46274405981 5.87867206499 2.55029967039 1.65860135681 1779097900.13
 -0.244975216114 -0.0011590960705    0.47817648848 0.537277353095   1.35288493187 -0.845408468627   9.27194856663 4.64560832455 2.76538029928 1.02248151054 1779097900.15
 -0.17254156724 0.0513899596073  0.490378862998 0.522381995908   1.42812748878 -0.616461337422   9.12737244892  2.71711413286  2.57672436798 0.191329610016 1779097900.17
-0.141064469956 0.0973827165394  0.485493517345 0.514865549001   1.21940784089 -0.348460483214   9.11483131008  0.424269956748    1.8923812472 -0.658595146344 1779097900.19
-0.154693376744  0.130998662635  0.462673079347 0.505130744236 0.972595422095 -0.17883294359  9.12971961666 -1.64911991561  1.18752039205 -1.45839085074 1779097900.21
-0.211339251897  0.147987124268  0.423346369614 0.495768713219 0.669088874887 -0.11592547342  9.17371079638   -3.775305125 0.388796275754 -2.33328540472 1779097900.23
-0.302546976709  0.146225227673  0.371293803921 0.500774978562  0.202382434618 -0.181646047205   9.35931749027  -5.33874097923 -0.577968171636  -2.92159532316 1779097900.25
-0.41431126204 0.126013523741 0.312271103391 0.533897435873  -0.29664989962 -0.401045829164   9.64598407352 -5.93021686138 -1.47214690024 -3.09527106928 1779097900.27
-0.528780935905 0.0900637702514  0.253211203376 0.593158220379 -0.650905451508 -0.682369879425   9.96527422424  -4.9554025594 -1.93351137298 -2.59373970233 1779097900.29
-0.626643259905 0.0431652933901  0.201133022007 0.659544926658 -0.923220944211   -1.1056023181   10.2844779673 -3.77076262686 -2.30618403056 -2.13627442672 1779097900.32
  -0.689845739309 -0.00844284876781    0.161962123387 0.708653762532 -1.15323488536 -1.74863929451  10.6765751826 -2.02496631387 -2.63836868285 -1.60858199323 1779097900.33
 -0.704228030014 -0.0579214389266   0.139501644097 0.720244902828 -1.09246983531 -2.26006856363  10.9737185094   0.74212171839  -2.37585894854 -0.715056312757 1779097900.35
 -0.661625394891 -0.0987886184109   0.134770983545 0.682400595177 -0.831379589424  -2.62264581788   11.1673859795  3.69611684403 -1.75377565949 0.164087159058 1779097900.37
-0.561078652999 -0.125844587375  0.145856685235 0.593228697595 -0.43281951442 -2.69047670148  11.1980273746   6.07096618558 -0.892074540988  0.805797032122 1779097900.39
-0.408935762774 -0.135919114726  0.168310382281 0.462634681587 -0.0398275368035   -2.76556481138    11.2367446541    8.17143207967 -0.0589519526091    1.19393084229 1779097900.41
-0.217829348135 -0.128320924027  0.196008963033 0.319899043514 0.350866493843 -2.89517791722  11.3183941371  10.2505624687 0.786238381383  1.36893881079 1779097900.43
-0.00472041976011   -0.104914999782    0.222292402552 0.245852296662 0.682838902126 -2.83370807327  11.3215303365 11.3758768031  1.5497384883  1.1954634439 1779097900.45
  0.211634476258 -0.0698149618475   0.241140280067 0.328347247757 0.842564673151 -2.52165046477  11.2070212582  10.9443947495  1.99414280981 0.676958190263 1779097900.47
  0.413343945144 -0.0287408424717   0.248151493196 0.482968339116 0.763735431427 -1.99967372555  10.9724798978    8.87727567351    1.93803211796 0.00021627755398 1779097900.49
 0.585722935449 0.0118537252066  0.241149394005 0.633533659833 0.613499414697 -1.71080774687  10.8529667953 7.18184575724 1.75043093538 -0.6538404309 1779097900.51
 0.718956078753 0.0457459887662  0.220328343566 0.753349266703 0.392977568306 -1.62540785453  10.8299753588  5.71198960621  1.43334109921 -1.36143953659 1779097900.53
 0.808876128175 0.0678507883326  0.187961345665 0.833194927777 0.0545316940604  -1.51607799738   10.7515458807  3.64939313847 0.772616842702 -1.92043101965 1779097900.55
 0.856826840753 0.0749347521568   0.14777620188 0.872699981642 -0.291872949066  -1.39790186429   10.6255846583     1.5413738527 -0.0466545242068   -2.15760819149 1779097900.57
 0.868742071631 0.0660387573946  0.104161267076 0.877452832954 -0.522888137113  -1.25281031902   10.4652411277 -0.0726973277731  -0.750392129522   -2.00249773492 1779097900.59
  0.85369016282 0.0425575175872 0.0613742576996 0.856950894689 -0.694555599442  -1.29236487453   10.4014957077 -1.08207243388 -1.34956868801 -1.88873763572 1779097900.62
  0.822188208876 0.00797643780102  0.0229023513883 0.822545799378 -0.842340255002  -1.50443515749   10.4155935103 -1.79933838725 -1.95916216454 -1.83051798556 1779097900.64
   0.784583674243  -0.0326872605508 -0.00892973356477 0.78531505718 -0.801310668673  -1.59586151878   10.3912672849 -1.94254941487 -2.18885205884 -1.50085229345 1779097900.65
  0.749742943924 -0.0736544160304 -0.0330703004381 0.754077648346 -0.589598417944  -1.52759220354   10.3333118665 -1.53700891881 -1.94882080937  -1.0350956739 1779097900.67
  0.724196500896  -0.109254012116 -0.0495973582784 0.734068735897 -0.314698178345  -1.37983202372   10.2700219867 -0.889216523122  -1.43187641361 -0.616781300921 1779097900.69
  0.711789252345  -0.134770009778 -0.0593958653122 0.726866400452 -0.0528842974428   -1.35627935698    10.2574726027 -0.251236413856 -0.914869435536 -0.341858452132 1779097900.72
  0.713791431016  -0.147143744185 -0.0637555809207 0.731583394114 0.237166818135 -1.36267349252  10.2499483827  0.458503745074 -0.278198018919 -0.119936285563 1779097900.73
  0.729356084608  -0.145428718647 -0.0639910308551 0.746461427263 0.508638623875  -1.2604701171  10.1881845156   1.12294812876  0.429673719798 0.0686543027468 1779097900.75
   0.75617282323  -0.130927349165 -0.0611644862322 0.769857391811 0.708423779795 -1.11025391682  10.0846893153  1.60064088689 0.995599000234 0.208055595647 1779097900.77
  0.791165577016  -0.106983200136 -0.0559568672492 0.8003246506  0.790066126315 -0.918524229404   9.95026443926  1.78144667679  1.24749892329 0.296557975398 1779097900.79
  0.831108359288 -0.0784520201152 -0.0486899445305 0.836221582499  0.862979533245 -0.823791283948   9.81994397309  1.91661673739  1.31172160689 0.385852427002 1779097900.81
  0.873076497165 -0.0509238317163 -0.0394665973266 0.875450409129  0.978812980527 -0.829324493284   9.67410716901  2.11979390705  1.23352377868 0.515233033607 1779097900.84
   0.91469971386 -0.0298095916164 -0.0283723905193 0.915625016495   1.02787117448 -0.823027484848   9.52106904357  2.15133816955  0.83482868956 0.630716133662 1779097900.85
  0.954227975097 -0.0194329285488 -0.0156751046052 0.954554543268  0.980615903504 -0.779385117317   9.40298992467  1.96785332292 0.195738037007 0.685902497141 1779097900.87
   0.99045422973  -0.022274456727 -0.0019678760162 0.99070661911  0.871291605484 -0.713251087406   9.34030324568   1.66500621934 -0.464609356783  0.668989125944 1779097900.89
   1.02255616387 -0.0384994734479  0.0117787359612 1.02334845305  0.778658207863 -0.675509343812   9.30015821816  1.40761817683 -1.03169030889 0.620991784025 1779097900.91
   1.04992094822 -0.0658595980505  0.0242667550879 1.05226439623  0.730796703383 -0.689179538773   9.24679352995  1.23710375499 -1.53862114529 0.556232616874 1779097900.93
  1.07200487306 -0.100000240261 0.0340121054748 1.07719604494  0.650812188626 -0.686096855865   9.22027016961  1.00694349083 -1.81961714713 0.401426467562 1779097900.95
  1.08825861115 -0.135138429971 0.0395503859434 1.09733013858  0.512574215035 -0.625786676518   9.24686061279 0.676136909217 -1.68285946129 0.146482171493 1779097900.97
  1.09812501497 -0.165011523238  0.039670922578 1.11116206441  0.357488855101 -0.529329295149   9.30148520879   0.31302900368  -1.19017417197 -0.144130943216 1779097900.99
  1.10109604948 -0.183947924782 0.0336395212224 1.11686210724  0.234847535691 -0.446095130409   9.33227482378 -0.0313611291977  -0.542644357597  -0.434139588352 1779097901.01
  1.09680311282 -0.187884511595 0.0213715159582 1.11298445617  0.151767933509 -0.386496413714   9.31869787214 -0.395484089697  0.217532026297 -0.745195250147 1779097901.03
    1.0851122579  -0.175156201776 0.00352188596659 1.09916364157  0.102716724562 -0.324609932843    9.2838750272 -0.801495379016   1.07313043534  -1.04509741349 1779097901.05
   1.06620135553   -0.14691150292 -0.0185311687283 1.07643472837 0.0944404060648 -0.246310662965    9.2688375713 -1.16298246831  1.77939275684 -1.21091200857 1779097901.07
  1.04060630913 -0.107060968146 -0.042818269017 1.0469751409 0.128914877956 -0.17371775674  9.28340048497 -1.40014833893  2.09339105484 -1.19167572897 1779097901.09
   1.00923340218 -0.0617375248122 -0.0670169794495 1.01333847138  0.201026837443 -0.134449119437   9.29331648855 -1.59273446207  2.10100729118 -1.08798271821 1779097901.11
 0.973341129571  -0.01833014951 -0.088766513773 0.977552271166  0.313597905878 -0.137165258086   9.28075462068  -1.84488382656   1.91318015956 -0.962598841797 1779097901.13
 0.934496390833 0.0157661993936 -0.106012259002 0.940622494193  0.448426682024 -0.180684417934   9.28671815573  -2.07454242637    1.3896276592 -0.751481852479 1779097901.15
 0.894508295784  0.034475849968 -0.117322904434 0.902827967755  0.544868778617 -0.252477613943   9.36301747943  -2.09225079371  0.487266639763 -0.425826053982 1779097901.17
 0.855340816881 0.0342008300095 -0.122122424096 0.864691561346  0.574699381225 -0.336746703008   9.49305224189   -1.91322706531  -0.504091131371 -0.0878539506873 1779097901.19
 0.819005164983 0.0145825193133 -0.120789951525 0.827992948356  0.531405730108 -0.407655304367    9.6478758905 -1.58383870946 -1.29450971372 0.175404465826 1779097901.21
 0.787434405881 -0.021300723361  -0.11460203223 0.7960152575  0.498569363497 -0.509255746526   9.79095646807  -1.3544593291 -1.95890866299 0.365013183501 1779097901.23
  0.762345462671 -0.0673624895305  -0.105520730904 0.772556104177  0.454335121112 -0.629132199886   9.94643586374 -1.11643478101 -2.48400118293 0.494160132918 1779097901.25
  0.745096006884  -0.115501150454 -0.0958620670916 0.76006454406  0.333560938504 -0.644737847207   10.0770470049 -0.684174987795  -2.37643603441  0.467133010276 1779097901.27
  0.736545257131  -0.156977776895 -0.0879051677891 0.758200670512  0.198395777389 -0.562557904013   10.1424041005 -0.208064301202  -1.74303268301  0.314505201884 1779097901.29
  0.736928710789  -0.183921652877 -0.0835165705685 0.764111324836 0.0874563982869 -0.392848729095   10.1221859298  0.213369627861 -0.780619160808 0.0936404892488 1779097901.31
  0.745758097444  -0.190683228537 -0.0838619734371 0.774304890942 0.0306559964603 -0.215889335909   10.0708641642   0.58353044872  0.214566917821 -0.134949441716 1779097901.34
  0.761759790754  -0.174791146824 -0.0892590993187 0.786636581039 0.0212557298573 0.0159742327338   9.97125540747  0.981000029384   1.40977674207 -0.405316515325 1779097901.35
  0.782867101861  -0.137354574325 -0.0991941772158 0.800991050548 0.0607623187484  0.308605744644   9.78639361826   1.19663836683   2.47074094999 -0.624319666417 1779097901.37
  0.806282980683 -0.0828625645297  -0.112488091347 0.818298246505 0.132364290598 0.572235583775  9.58456568179   1.16883639407    3.0372655079 -0.724665558455 1779097901.39
   0.82862788226 -0.0184434584277  -0.127565351874 0.838592420319 0.197228379753 0.737713501429  9.43328113587 0.908535670421  2.96312699212 -0.68928877419 1779097901.41
 0.846181138328 0.0472625496568 -0.142758066508 0.859439429521 0.270590553525 0.955331886815  9.27370667189  0.623647161904   2.90555022892 -0.680523880677 1779097901.44
 0.855211852432  0.105410325151 -0.156573784287 0.875793354117 0.339535195226  1.26500476976   9.0869061925  0.166857123219   2.71866595616 -0.676301721898 1779097901.45
 0.852377159633  0.148216658532 -0.167871647494 0.881303517616 0.295506256436  1.38369384784  9.05186826079 -0.543389641553   1.74881277207 -0.523889759469 1779097901.47
 0.835144038538  0.169995378972 -0.175921451946 0.870236951199 0.152164967148  1.36911166234  9.13621932814 -1.28814075494 0.503161451227 -0.32031165934 1779097901.49
 0.802170951868  0.167827736175 -0.180356023644 0.839149974864 -0.0512561210525    1.23122335324    9.30971045186  -1.85189831304 -0.639893687063 -0.116612228751 1779097901.51
 0.753574581021  0.141810364408 -0.181057801049 0.787887527465 -0.301743920562   1.26653757539    9.4359223455  -2.59406388163  -1.70191691111 0.0541337196521 1779097901.54
 0.691011558182  0.094898132057 -0.178036315368 0.719860791125 -0.671737186207   1.46292503659   9.56406951126 -3.68372822067 -2.96202907324 0.262866527322 1779097901.55
 0.617528917941 0.0324181440297  -0.17134974202 0.641680321224 -1.00320460152  1.49210038905  9.75490024674 -4.25721568299 -3.69546460195 0.468635267838 1779097901.57
  0.537178262142 -0.0386364460451  -0.161102311254 0.562145190295 -1.15014855976  1.36886459905  9.92690872265 -4.12023560542 -3.60863832657 0.602099655996 1779097901.59
 0.454439729497 -0.110420749769 -0.147517137853 0.49037691186 -1.17523057648  1.26173633326  10.0492150352 -3.76185628316 -3.13659740914 0.690877331891 1779097901.61
  0.37355027128 -0.175067796307 -0.131051490265 0.432854515487 -1.2346323573 1.32697798284 10.1713300672 -3.71683136112 -2.73103500672 0.831243151606 1779097901.63
 0.297862054904  -0.22547012087 -0.112499643903 0.390147086411 -1.24808426833  1.48634668248  10.3089708538 -3.75814437939 -2.10875103539 0.991106403943 1779097901.65
  0.229359629816  -0.255975322411 -0.0930252055574 0.356065856749 -1.08361401479   1.6031776054  10.4270757521 -3.57661244598 -1.03625300477  1.06163777843 1779097901.67
  0.168435418103  -0.262968939461 -0.0740822281957 0.320953781294 -0.698607198734   1.50659666393   10.4502547241 -2.96394887401 0.273881400598 0.919758684585 1779097901.69
  0.113969040189  -0.245312744329 -0.0572177400981 0.276479934956 -0.306232491122   1.32344719995   10.4173604894 -2.35664123908  1.31345415341 0.681609034052 1779097901.71
 0.0636915997179   -0.20459085415 -0.0437872763427 0.218703824946 -0.0119935002127    1.35643062928    10.4707089304  -2.3010144153   2.3241901206 0.523474295087 1779097901.73
 0.0147577407914  -0.145102193548 -0.0346474490686 0.149909583459 0.263257506508  1.51175140275  10.5771242612 -2.60270803525  3.43551513317 0.363916901051 1779097901.75
-0.0355913503994 -0.0735396286674 -0.0299052953273 0.0870008499752 0.454596260051  1.56663786404  10.6194655535 -2.89265149291  4.07610672746 0.162447153366 1779097901.77
-0.0894053380487 0.00167657584514 -0.0287978001617 0.0939438059284 0.448103142908  1.41095017183  10.5321664318   -2.88611655242     3.7356188012 0.00406436751398 1779097901.79
 -0.147562354379  0.0713890254804 -0.0297476123985 0.166601205975 0.290291635472  1.19282903483  10.3962627566   -2.72377784407    2.83938067297 -0.0408450489501 1779097901.81
 -0.209552640263   0.126923180872 -0.0305994971874 0.246897007093 0.0747830099955   1.16523794997   10.3421984932  -2.93651355549    2.0973996466 0.0174853243317 1779097901.83
 -0.273544637788   0.161371650013 -0.0289974571399 0.318917435727 -0.264443503471   1.23432420145   10.3175025812 -3.35068304657  1.15426826853 0.204812883337 1779097901.85
  -0.33671518658    0.17072908257 -0.0228265961395 0.378215004991 -0.692997602864   1.20115142824   10.2432705651  -3.39358008103 -0.186402000203  0.510053570302 1779097901.87
-0.395775866139  0.154657753506 -0.010626158118 0.425053493309 -1.02902230093  1.03485121245  10.1345065714 -2.90407830836 -1.41490992565 0.810417279466 1779097901.89
 -0.447591839314   0.116708336634 0.00811484059991 0.462628513062 -1.13699981435 0.807201453087  10.0360878392 -2.10513647719 -2.03235850441 0.973498833408 1779097901.91
-0.489773385089 0.0639098808142 0.0328420331524 0.495016202512 -1.31892117122 0.767524698484  10.0179016041 -1.68590948984 -2.54371198978  1.23594156642 1779097901.94
 -0.521126170588 0.00575922504206  0.0620229164058 0.524835685242 -1.55573641637 0.865912257269  10.0615198911  -1.3890651904 -2.96347995442    1.614973279 1779097901.95
-0.541873794984 -0.047242944415 0.0934156983672 0.551892741562 -1.46350105723 0.929679583219  10.1157901232 -0.898814468062  -2.51866932527   1.72756838472 1779097901.97
 -0.553611222703 -0.0852708008424   0.124460884424 0.573800494188 -1.02258285557 0.909238501982  10.1410742539 -0.419580741805  -1.31151682125   1.45256438794 1779097901.99
-0.559002132313 -0.100782347655  0.152713016738 0.588185116278 -0.599063065386  0.974329743165   10.1781310237 -0.174351741405 -0.102506241956   1.17600978338 1779097902.01
 -0.561285551935 -0.0897827526174   0.176224555866 0.595111340481 -0.215334108868   1.21550644215   10.2542853958 -0.113434993287    1.1661886337  0.993100671144 1779097902.03
-0.563696010145 -0.052526101354  0.193806978044 0.598392285976 0.213208383104    1.532373204  10.3182627555 -0.200543553869   2.52870252428  0.759248583755 1779097902.06
 -0.568918468609 0.00646255315337   0.205122424002 0.604801783518 0.606674341168  1.79540905565  10.3167451379 -0.409840163697   3.59619651087    0.4588979604 1779097902.07
-0.578690734457  0.079047082605  0.210596568263 0.620872226773 0.807037704873   1.8381704053  10.2162973971 -0.638997033631   3.83303153775  0.156672220009 1779097902.09
-0.593632789934  0.154711712517  0.211181994522 0.648793833267 0.784646195378  1.70726288646  10.0650524676  -0.804710841217    3.32471690174 -0.0595497876985 1779097902.11
-0.613330315412  0.222162838443  0.208033188243 0.684695706135 0.67961806791 1.66820470912  9.9212194069  -0.99244269438   2.68454796767 -0.207907665742 1779097902.13
-0.636639545478  0.271044573693  0.202172472656 0.720866687047 0.493169105581  1.76636716151  9.75829981251  -1.27698056514   1.86678990075 -0.361307218652 1779097902.15
-0.66212728794 0.293498063103 0.194226636363 0.749851748516 0.0954777941386   1.61900985237   9.58078471683  -1.40687776339  0.387163245583 -0.484690260823 1779097902.17
-0.688528239193  0.285323991273  0.184296047891 0.767753833876 -0.367363184323   1.28977749692   9.45720728433  -1.36617008088  -1.21014203426 -0.573596100995 1779097902.19
-0.715101139447  0.246574268385  0.171985192853 0.775723801381 -0.745013780985   0.93060332237   9.41377065845  -1.24726986919  -2.43123114498 -0.648897875456 1779097902.21
-0.741796243706  0.181491745502  0.156583123999 0.779563464756 -1.09473149875 0.711222059513  9.39175877603  -1.27042970155  -3.49323192414 -0.813487312228 1779097902.23
-0.769200136016  0.097821179845  0.137344277846 0.787465099627 -1.46785549973 0.592504152929  9.38353425197 -1.46711644379 -4.56788201069 -1.11129552773 1779097902.25
  -0.79828487757 0.00561380784264   0.113794723359 0.806374292534 -1.61013958874 0.484994730464   9.4547350886 -1.62811145976 -4.87299401283 -1.37445031627 1779097902.27
 -0.830039889533 -0.0842743105168  0.0859834094232 0.838726131896 -1.49614501532 0.432777388734  9.56793197122 -1.74784388634 -4.37851675304 -1.54830351059 1779097902.29
-0.865092763697 -0.161746361408 0.0546138746384 0.881776644357 -1.14005177635  0.42376073635  9.68195912814 -1.73618634295 -3.18387545328 -1.53690032577 1779097902.31
-0.903422181924 -0.218845164848 0.0210242133438 0.929788611737 -0.807229469924   0.50452752008    9.7450872546  -1.8443576103 -2.07402312698  -1.5751918216 1779097902.33
-0.944234331401 -0.250742899177 -0.012977762417 0.977046005264 -0.478516168883  0.690742237644   9.75439804747  -2.12347973292 -0.960451227643  -1.70712790359 1779097902.35
 -0.986024315509  -0.256206162167 -0.0453820748598 1.01977697612 -0.0642280648312   0.861269055935    9.70610577312 -2.18650970638 0.350858418028 -1.62362991543 1779097902.37
  -1.02679176707  -0.237495315051 -0.0742821883283 1.05651464784 0.303722578181 0.970319281673  9.60454265173  -2.0244307742   1.4592966227 -1.36397951401 1779097902.39
  -1.06434055415  -0.199752454781 -0.0981483864966 1.08736146896 0.538109540753 0.993693757269  9.47919314187 -1.69145995757  2.12041922735 -1.01140343266 1779097902.41
 -1.09657657246 -0.150012875725 -0.116009804401 1.1128532324 0.66144347413 1.00013449099 9.33439189912  -1.35907283063   2.45645751136 -0.695357212133 1779097902.43
  -1.1217282189 -0.096027064236 -0.127510261499 1.13302879969 0.724328127772  1.03048999196  9.15100283578  -1.05450120462    2.6423044117 -0.423727834591 1779097902.45
     -1.13844684 -0.0450969285916  -0.132834439328 1.14705707301 0.664420139441  0.97422817767  8.99877815335 -0.631701093281   2.43946765593 -0.131857714664 1779097902.47
  -1.14578895457 -0.0031106721862  -0.132532563426 1.15343265302 0.492570561947 0.817107513339  8.93099464943 -0.122481839679   1.86382543958  0.144988812496 1779097902.49
 -1.14312484576 0.0260890217575 -0.127296814297 1.15048664877 0.260805896899 0.572319855865  8.99807735219 0.376981348209  1.05479984415 0.353847131648 1779097902.51
 -1.13004586609 0.0409387412806 -0.117755581146 1.13690193811 0.0751071034948  0.373615777583   9.06205077591 0.857582438899 0.371038920457 0.535084178639 1779097902.53
 -1.10634593582  0.042001669246 -0.104348801456 1.1120495233 -0.0683455790976   0.209926805215    9.09738242086   1.44099887405 -0.234639906047  0.757037912168 1779097902.55
  -1.07212836888   0.031507952439 -0.0873282560803 1.0761404252  -0.15758319319 0.0497187236395   9.17139845634  2.05028154575 -0.76686960999 0.980720896605 1779097902.57
 -1.02804249144 0.0127137248778   -0.0668935435 1.03029498163  -0.162652065313 -0.0801401374179    9.28025499895  2.53819678514 -1.11190640957  1.15416857429 1779097902.59
 -0.975597950015 -0.0107790727781 -0.0434339541989 0.976623805188 -0.0832693024419  -0.148117229979    9.40892597285  2.67109108025 -1.16728391487  1.18559252783 1779097902.61
 -0.917454981048 -0.0356137256602 -0.0178080866399 0.91831863079 0.0351901549359 -0.175562412269   9.47241637373  2.80760868747 -1.14914377274  1.23370676524 1779097902.63
 -0.857563095438 -0.0590902988786 0.00843239002289 0.859637848911  0.191036914079 -0.180268680784   9.47915840766  2.95682462053 -1.11099400293  1.28964328294 1779097902.65
 -0.801030519188 -0.0793589238108  0.0329713962438 0.805626988394  0.352188333045 -0.152240602943   9.47116358031  2.71928013993 -0.95045198824  1.16323270715 1779097902.67
 -0.753655093704 -0.0954085749519  0.0528813544299 0.761508525288 0.468694299062 -0.10934352582  9.45820979161   2.06625074594 -0.712364848505  0.828777479703 1779097902.69
-0.721126009467   -0.1069069666 0.0650212615923 0.731901349566   0.508650986924 -0.0762548711611    9.45029441871     1.126837221 -0.458089237158  0.339397269954 1779097902.71
 -0.70799704602 -0.113969783123  0.066633311187 0.72020061566   0.482186256206 -0.0741138200421    9.44397987511  0.106750528243  -0.23725385533 -0.212821891624 1779097902.73
-0.716613034211 -0.116937088193 0.0560240233904 0.728249417846   0.42191145637 -0.120587670778   9.42125226829  -0.927360996095 -0.0544442782059  -0.811923935841 1779097902.75
-0.746219724252 -0.116213791806 0.0331685574618 0.755942904903  0.315802445147 -0.236106869384   9.38879682762 -1.98871660811  0.12422945034 -1.46667434781 1779097902.77
  -0.792486983515   -0.112197459139 6.71441357397e-05 0.800389838383  0.141966787864 -0.418568278324   9.38674633093 -2.75835698344 0.297375684048 -1.97081520458 1779097902.79
 -0.847620468347  -0.105281879867 -0.0392811397382 0.85503668958 -0.0485148288817  -0.603466441608    9.44527914027 -2.73783885019 0.410688071019 -2.00111127375 1779097902.81
 -0.901134231645 -0.0958998860536 -0.0793441159827 0.909689606585 -0.187328922768 -0.794482253238   9.51360757799 -2.17249411668 0.480911488852 -1.73223060367 1779097902.83
   -0.9412246627 -0.0845613024795  -0.113916117501 0.951856796676 -0.290794634276  -1.10396964685   9.55899259798  -1.3440425489 0.583214783708 -1.40375954887 1779097902.85
 -0.956551940616 -0.0718527104806  -0.137224082809 0.96901231984 -0.335073460896  -1.49307833168   9.62475402628 0.0812118469653  0.686650860526 -0.817057817099 1779097902.87
 -0.938129232433 -0.0583892606412  -0.145058685876 0.951071913606 -0.26580010066 -1.78671258933  9.73684479749   2.00294612213  0.718623616771 0.0408172713417 1779097902.89
 -0.880968887879 -0.0447347734956  -0.135683804747 0.892478277742 -0.103141868425  -1.94670393415   9.87645468859  3.91167166768 0.692084240697 0.888534021338 1779097902.91
 -0.785155158871 -0.0313238639154  -0.110310711023 0.793484883863 0.0997057939458  -1.91180368615   10.0163155454  5.22503702198 0.611424667939  1.45632871687 1779097902.93
 -0.656105523742 -0.0184216570199 -0.0730096125476 0.660412158623 0.323278074233 -2.04667740267   10.186175694  6.73994039472 0.603512717333   1.9235324868 1779097902.95
-0.503931683258 -0.006142343901 -0.030051471369 0.504864299303 0.570220203705 -2.22962366949  10.3954749055  8.20133040393 0.623957025991  2.19865824933 1779097902.97
 -0.341986441275 0.00547651545334  0.0112011774006 0.342213653457 0.723493194044 -2.15637771227  10.5485153615   8.3337086923 0.588002541803  1.92449719425 1779097902.99
-0.184845700522 0.0163714462769 0.0436348189936 0.190630413847 0.766351572913 -1.99023341869    10.64295376  7.59505559282 0.536150915708  1.29582652027 1779097903.01
-0.0460886596032  0.0263645609272  0.0616856258805 0.0813902393237 0.650226050148 -1.66574696916  10.6128592215  5.81586309589 0.438919392439 0.437601544851 1779097903.03
0.0637221348464 0.0351306985978 0.0623377469966 0.095815818913 0.520988734217 -1.53924195072  10.6111831173  4.40574104717 0.379034061594 -0.38337831006 1779097903.05
 0.138504182781 0.0422454250181 0.0456227453788 0.151820681986 0.342303116754 -1.52352694728  10.6033599021  2.96845340317 0.318314589949 -1.24925196448 1779097903.07
 0.177322005683 0.0473122933182 0.0145300698891 0.184099619037 0.0879101296119  -1.40552471157   10.4773652799  1.20532534565    0.208309053 -1.88058098001 1779097903.09
  0.184178506766  0.0501390408041 -0.0256395617407 0.192595516286 -0.141036348272  -1.27715605098   10.3061904271 -0.264979823275 0.0925506137205  -2.13124063177 1779097903.11
  0.167019308358  0.0509107596036 -0.0683348323663 0.187502010982 -0.266525352414  -1.10134188445    10.122511523   -1.11427826172 0.00374495497097   -1.88885612106 1779097903.13
 0.136177688303 0.0503003657711 -0.107007603176 0.180347211583 -0.316055802681  -1.09984306091   10.0191294498   -1.53105083291 -0.0343239685321   -1.61481478718 1779097903.15
  0.10257163152 0.0494659349223 -0.136308448474 0.177617035883 -0.271386709188  -1.19603246571   9.96712646752   -1.57359651857 -0.0102226662404   -1.20213160231 1779097903.17
0.0759816666952  0.049909310103 -0.152993686047 0.177964099972 -0.0814929273656   -1.20697920915    9.95161402067  -1.03446764857 0.0994950267136 -0.534045474592 1779097903.19
 0.063692377373 0.0532053388904 -0.156379921721 0.177037303807 0.191090203184 -1.15218468266  9.97635056138 -0.161792617979  0.276036880261  0.121200111251 1779097903.21
0.0696876031037 0.0606477090463  -0.14827875395 0.174702877801 0.443930893221 -1.01620438529   10.012060224 0.710182054809 0.454099505298 0.552115067267 1779097903.23
0.0944719833504 0.0728862133267 -0.132451009254 0.178271213559 0.703384105829 -1.00531820451  10.0713009427  1.53282094374 0.675601172711 0.805337497579 1779097903.25
 0.135473892449 0.0896434599273 -0.113714921917 0.198293239697 0.998060668783 -1.10698518106  10.1452481908  2.43940978477 0.958510250145 0.928174078208 1779097903.27
  0.187888674089   0.109592164154 -0.0969067758268 0.238125008128  1.13219380026 -1.13951065964  10.1573838277  2.98856718065  1.10569459145 0.753376528152 1779097903.29
  0.245762126799    0.13044732909 -0.0859127806001 0.291198445233  1.03637823265 -1.09280637759  10.0875120069  2.97677727494  1.02557823827 0.360252374731 1779097903.31
  0.303099489846   0.149285327109 -0.0829638549639 0.347905749974 0.777940200718 -1.00444986134  9.96580615138    2.54144380658   0.759863351445 -0.0560506394875 1779097903.33
  0.354812096653   0.163052053756 -0.0883178389101 0.400346895623 0.538448691997 -1.05141923779   9.8396002365   2.24091523162  0.472792208941 -0.413596998683 1779097903.35
 0.397371390688  0.169174977378 -0.100363252629 0.443392577279 0.252010901919 -1.18042622378  9.69038724689   1.93633304711 0.0809849290431 -0.723694260012 1779097903.37
0.429112222078 0.166159572059 -0.11608711877 0.474576149493 -0.0925753176193   -1.22482491403    9.55261870312   1.41168658622 -0.404496459396 -0.839496864016 1779097903.39
 0.450197761035  0.154038416631 -0.131777854621 0.49373197264 -0.380605014609  -1.17918809462   9.47929394748  0.861190340779  -0.81972034597 -0.718765256865 1779097903.41
 0.462313692852  0.134556893974 -0.143797675356 0.502510974758 -0.513999166737  -1.01533453168   9.50681493757  0.415521927251 -0.993299184759  -0.40375027399 1779097903.43
 0.468192004003  0.111023437883 -0.149262324277 0.503794797333 -0.594667540058 -0.977963223593   9.56260582096   0.206945402107   -1.10417617455 -0.0639374767174 1779097903.45
 0.471073401196 0.0878186666412 -0.146504058985 0.501084530617 -0.608055244479 -0.998535342904   9.67626768889 0.157919143875 -1.08681507074 0.367841206733 1779097903.47
 0.474206088487 0.0696339173102  -0.13525371177 0.498009902859 -0.450602736764 -0.923475109764   9.86665350377  0.252240292788 -0.732515911119  0.805679400822 1779097903.49
 0.480453606329 0.0605781753099 -0.116542794798 0.498083934872 -0.186529441612 -0.802771767516   10.0645995562  0.463528222161 -0.163613319037   1.11355072985 1779097903.51
  0.492052068266  0.0633347539723 -0.0923816645939 0.504639377079 0.0898686757195 -0.647854900515   10.1881848876 0.689168673286 0.411935923292  1.17435749816 1779097903.53
   0.51052277765   0.078551383221 -0.0653043125907 0.520642372025   0.33802405292 -0.614955122833   10.2877245451  1.02354164396 0.945804160065  1.24900419811 1779097903.55
  0.536714684919   0.104605266881 -0.0378809063421 0.548123962194   0.61868864596 -0.701603750744   10.3830298232 1.58051668971 1.55042583483  1.3871815168 1779097903.57
  0.570927375133   0.137805960595 -0.0122886489761 0.587451752355  0.804267016535 -0.772009669291   10.3402673965 2.09232040736   1.874637809 1.31214351191 1779097903.59
  0.613053902166   0.173002240145 0.00999321860727 0.637075134089  0.809599420919 -0.795346883496   10.1623911887 2.38431454035  1.7322008718 1.05543453387 1779097903.61
 0.662686702985  0.204468972127 0.0283292987736 0.694092051564   0.68729071803 -0.796214955916   9.94104910077 2.51045528353 1.27510606638 0.77888615064 1779097903.63
  0.71914856334  0.226889655293 0.0429098225344 0.755311078101  0.557188936657 -0.865918444582   9.73169637423  2.80479182915 0.750271472594 0.620192405392 1779097903.65
  0.78143969566  0.236234959807 0.0545878265578 0.818189944326  0.405408066819 -0.995820241122   9.51693110999   3.29506779995 0.0889137443288  0.554348401918 1779097903.67
 0.848123755868  0.230369907594 0.0646080685814 0.8812255115 0.193062232222 -1.06444424943  9.34152970054   3.61420342826 -0.717269347429   0.52406800182 1779097903.69
 0.917201189945  0.209291938932 0.0742735626948 0.943704244271 -0.0212045057494   -1.01726369411    9.26994433135   3.5763314283 -1.43619154857 0.518444064707 1779097903.71
0.986030197529 0.174989115858 0.084599721368 1.00500440495 -0.166346331848 -0.858956811574   9.31782230525  3.15738434823 -1.84297170393 0.511526836267 1779097903.73
  1.05135018768  0.130988894495 0.0960069992452 1.06381983978 -0.248829449694 -0.748563994767   9.38106334938  2.89891106315 -2.19079932928 0.552059309415 1779097903.75
  1.10944131928 0.0817234043987  0.108101738907 1.11768722893 -0.281142738911 -0.657421754119   9.45697068398  2.68649001947 -2.53463651881 0.602985314118 1779097903.77
  1.15642250843 0.0318557730688  0.119590584473 1.16302610297 -0.223590479468 -0.493776080928   9.57694121839  2.09894267702  -2.5444484141 0.536859938158 1779097903.79
   1.18865740113 -0.0143064853297   0.128363340743 1.19565389642 -0.0935559019381  -0.295522887987     9.6930552409  1.21475196546 -2.20906371591 0.315926380936 1779097903.81
   1.20321110781 -0.0532307303016   0.131759120347 1.21157374782 0.0566851019535 -0.109794720223   9.76386960215   0.224021820566   -1.58408626439 -0.0317239648577 1779097903.83
   1.19828542176 -0.0823874213509   0.126999906649 1.20780984243  0.198984893563 0.0164912725036   9.76626695247 -0.701081747578  -1.11320819568 -0.473376771932 1779097903.85
   1.1735590371 -0.100313582257  0.111737772536 1.18312677181 0.339708621385 0.114377290766  9.70145738326  -1.75917778316 -0.626338408306  -1.09762034758 1779097903.87
   1.1303711496 -0.106567647779 0.0846255157697 1.13853286177 0.409874865536 0.164459616017  9.58484755592   -2.67873656348 -0.0347801919953   -1.73429513745 1779097903.89
  1.07170864346 -0.101635987862 0.0457967446457 1.07749089663 0.400395765679 0.164646789394   9.4419367392 -3.35296414852 0.515391408061 -2.28477177052 1779097903.91
    1.00198447372  -0.0868330527379 -0.00285953917351 1.00574402389 0.297339651182 0.117429499923  9.33877204817 -3.47469894233 0.896412808803 -2.47912179316 1779097903.93
  0.926623553021 -0.0642065196997 -0.0577182981076 0.930636926047  0.175208120526 0.0600481141034   9.24076714793 -3.54444567444  1.18717793591 -2.61229159403 1779097903.95
  0.851499266185 -0.0364294820585  -0.113768628715 0.859838012858   0.0363361473131 -0.00456260150495     9.13419536242 -3.66516124212  1.46165376812 -2.73092963026 1779097903.97
   0.782286612216 -0.00664544135417   -0.165264461113 0.799580419752  -0.116264857175 -0.0725060802451     9.1048932195   -3.407351315  1.55296417677 -2.47666786259 1779097903.99
 0.723814902919 0.0217650578507 -0.206577303201 0.753031150504 -0.226469155828 -0.119118009629    9.1992955429  -2.6737164272   1.3567200789 -1.76473960219 1779097904.01
 0.679510894316 0.0455058932751 -0.233099769927 0.719820355753 -0.248637804055 -0.126106255768   9.38752922745  -1.69495334536  0.931041125346 -0.825360305707 1779097904.03
 0.651018417355 0.0617523070727 -0.242025670995 0.69729100997  -0.23067226701 -0.118493572122   9.54627005083  -0.973705516978   0.541281769182 0.00592700155033 1779097904.05
 0.638060371473 0.0685481909172 -0.232847458208 0.682669635267  -0.161992004717 -0.0895426151904    9.71171046309 -0.322876159713 0.0878083660675  0.896723214335 1779097904.07
 0.638574037018 0.0651366408839 -0.207463922161 0.674581990374 -0.0163614735582 -0.0211440140725    9.89146153561  0.296458852451 -0.440300948515   1.69028952958 1779097904.09
 0.649106020693 0.0521431829759 -0.169869594432 0.672988273853  0.158534649405 0.0699797779371   10.0271027162  0.706107182727 -0.883843844256   2.15726788889 1779097904.11
 0.665407195476 0.0315492160488 -0.125484425965 0.677870511222 0.298385765435 0.156305302121  10.0785599207 0.816712520575 -1.09726256074   2.1510254049 1779097904.13
  0.683130516532 0.00643088581916 -0.0802572117463 0.687858909187 0.409258154134  0.24265411133  10.0822624435  0.77579336012 -1.19650728983  2.00969311312 1779097904.15
  0.698514191324 -0.0195117544534 -0.0397207355643 0.699914652566  0.50987120344 0.346851065819  10.0555927679 0.648493024029 -1.23123066345  1.81141085953 1779097904.17
    0.70893446273  -0.0425605583743 -0.00818003183961 0.710257971793 0.549817986092 0.443591603257  9.97807643176 0.394790658404 -1.07523633383  1.38218828375 1779097904.19
   0.71323634949 -0.0596084462942  0.0118225167755 0.715820528489 0.49491808522  0.5003823355 9.86335905704 0.0777682647534 -0.711027960798  0.758452020002 1779097904.21
  0.711792063172 -0.0686873315692  0.0196893417973 0.715369527512 0.338847820162 0.473067136204  9.75466376721 -0.170560750625 -0.237514758355  0.117257609003 1779097904.23
  0.706286644985 -0.0692862729926  0.0166003201712 0.709871103186 0.181945641988 0.433684409532  9.68295517084 -0.281641787248  0.141651508446 -0.329060675584 1779097904.25
  0.699278310752   -0.06239354994 0.00506869950692 0.702074641813 0.0438488348508   0.44934894888   9.62095138243 -0.307434158698  0.461835980203 -0.685861870252 1779097904.27
  0.693617816023 -0.0502548125123 -0.0116628590486 0.695533782908 -0.108155644149  0.431355008189   9.59309298164 -0.186538315748  0.663583691642 -0.884816288981 1779097904.29
  0.691830750137 -0.0358999057418 -0.0302576779136 0.69342203393 -0.265215202816  0.424024418438   9.57681530986 0.0529502505159  0.752871834321 -0.982733258798 1779097904.31
   0.69556709994 -0.0225389670891 -0.0478407074571 0.697574604503 -0.374989333887   0.36715482489   9.59519107048  0.353020837359  0.605659555818 -0.848324926723 1779097904.33
  0.705205768801 -0.0129530793614 -0.0623984484515 0.708079462338 -0.395730979536  0.279328187837   9.62992189273  0.545081861817  0.306113405297 -0.568612874034 1779097904.35
   0.719672943138 -0.00900132757885    -0.07298719231 0.723420554881 -0.473149616613  0.269521255804   9.60307652627  0.755244895119 0.0390145413297 -0.418727530696 1779097904.37
  0.736498443186 -0.0113365582224 -0.0797479258975 0.740890144389 -0.547161364834  0.282084090799   9.53820529494  0.864425802767 -0.276522285504  -0.28691680416 1779097904.39
  0.752099339158 -0.0193742492446 -0.0837500338246 0.756995935036 -0.534179804832   0.28466056239   9.47581255078  0.678104478795 -0.531066652371 -0.183070891426 1779097904.41
  0.762249671848 -0.0315039796563 -0.0867000999856 0.767811155366 -0.468025682585   0.29734064073   9.42502777387  0.261363519685 -0.645441748328  -0.16837067698 1779097904.43
  0.762671830224 -0.0454831994375 -0.0905608446075 0.769375271648 -0.38712010907 0.334847173867  9.38686188151 -0.293780664752 -0.640242698556 -0.243637352668 1779097904.45
  0.749670130683 -0.0589188518675 -0.0971325296007 0.758229163413 -0.325291877689  0.429272672958   9.33697628821  -1.01512906274 -0.586736638022 -0.413668657425 1779097904.47
  0.720720559891 -0.0697307047245  -0.107656134569 0.732045312765 -0.264890902196   0.59158441445   9.29574660681  -1.99996271789 -0.470540264682 -0.678874880172 1779097904.49
  0.674932544557 -0.0765027014278  -0.122501737422 0.690212488078 -0.176284464961  0.744625586748   9.35028164357  -2.94280657994 -0.244677773077 -0.913598487115 1779097904.51
  0.613309590318 -0.0786613211701    -0.1410020228 0.634206454917 -0.0903269004714    0.81813331593    9.50172787875    -3.42030366867 0.000970498341684   -0.978887853481 1779097904.53
  0.538756590158 -0.0764640620113   -0.16147517388 0.567608710291 -0.0427756847494   0.860278262992    9.67076921171  -3.58185238164  0.178210464177 -0.919928429421 1779097904.55
  0.455812592201 -0.0708252603417  -0.181452033208 0.495687580102 -0.038274054432    1.0064217527     9.832609943 -3.99785906301 0.318268513255 -0.86788345316 1779097904.57
  0.370126649651 -0.0630394765995  -0.198082551171 0.42450489923 -0.0761097349662    1.22508524548    10.0250583261  -4.47607570108   0.43536932778 -0.724429582068 1779097904.59
  0.287736072565 -0.0544771540413  -0.208654344118 0.359578146008 -0.147337937284   1.32140797679   10.2043569284  -4.27729904666  0.458727666058 -0.357821509083 1779097904.61
  0.214243962637 -0.0463215196803  -0.211123065219 0.304333874847 -0.217526638578    1.2271951404   10.2914626758 -3.36445058143 0.379503492427 0.103485482523 1779097904.63
  0.154018881948 -0.0393941145945  -0.204541402745 0.259057711134 -0.272895904562   1.08640248263   10.3075229842  -2.3739274137 0.277400750082 0.495106467208 1779097904.65
 0.109547428245 -0.034087406285 -0.189287548694 0.221342192979 -0.351975383826   1.08227929262    10.346516661 -1.72268654241 0.212452530159 0.885566605826 1779097904.67
 0.0810560319703 -0.0303958774203  -0.167034020052 0.188133871319 -0.447632746125   1.14428204485   10.3897506209 -1.14676178794 0.161600795799  1.30029136353 1779097904.69
 0.0664805395995 -0.0280184532113  -0.140454823407 0.157899503749 -0.467628938023   1.05910412735   10.3333485768 -0.511829280853  0.103648901041   1.44383125369 1779097904.71
 0.0618051288335 -0.0264974389589  -0.112728694721 0.131262130239 -0.436912810354  0.927800233478   10.2428236998 -0.119377167534  0.066724618715   1.34341831942 1779097904.73
 0.0617254375897  -0.025360638697 -0.0869429895904 0.109600524997 -0.387013173029  0.808178112925   10.1642286239 -0.0296459672016   0.052402563705    1.09589666439 1779097904.75
 0.0605281757627 -0.0242402815457   -0.06552468207 0.0924377372666 -0.373312538456  0.791718521055   10.1484320032 -0.203923465089 0.0565397827583  0.871185920883 1779097904.77
 0.0530350575305 -0.0229511455059 -0.0498166257783 0.0762965832213 -0.404690835025  0.881131133093   10.2036675274 -0.651888519083  0.070726325488  0.666387956003 1779097904.79
 0.0354431664045 -0.0215186957457 -0.0398817268358 0.0575310737495 -0.426017805533  0.945520092892    10.278700788  -1.26313862247 0.0749291925564  0.408810453495 1779097904.81
0.00591111462424 -0.0201557603208 -0.0345651243775 0.0404468017702 -0.433555129012  0.970544276799   10.3544873216  -1.82285070313 0.0599800280798  0.208789837303 1779097904.83
-0.0352121683213 -0.0191938158454 -0.0317888447272 0.051174505505 -0.424374602929  0.958592732141   10.4093299905  -2.16117053462 0.0277219239022  0.131310786523 1779097904.85
-0.0855506811226 -0.0189825549207 -0.0290079875649 0.092307744932 -0.4484615134 1.03970570401 10.5112073702   -2.52383490595 -0.0139087202467   0.191844998395 1779097904.87
 -0.141215780889 -0.0197779961295 -0.0237311612254 0.144555297087 -0.497363454867   1.22293655311   10.6672047674   -2.94803507872 -0.0700159185006   0.394896957482 1779097904.89
  -0.19756438027 -0.0216428835196 -0.0140034615641 0.199239041592 -0.483078241426   1.32139253543   10.7381180278  -2.96019791659 -0.125215405671  0.679046635374 1779097904.91
 -0.250049866383 -0.0243816424228 0.00123454095097 0.251238779365 -0.386619219179   1.25672398841   10.6647405896   -2.4606995584 -0.148557189469  0.908449101544 1779097904.93
 -0.295002545496 -0.0275254139258  0.0219690785832 0.297097274768 -0.268083227729   1.13959526636   10.5374058736  -1.82990240101 -0.136778845652   1.04804341314 1779097904.95
 -0.330197185361 -0.0303723760082  0.0471374643466 0.334924772135 -0.176961866124   1.15294353904    10.482322252   -1.4122007447 -0.106946230332   1.24206313326 1779097904.97
-0.355113695177 -0.032077642696 0.0748382214421 0.364328795255 -0.0880205200817     1.2535995797    10.4650067029   -1.07534433793 -0.0371805638166    1.46874220637 1779097904.99
 -0.370862714486 -0.0317784068464   0.102679839811 0.386124551979 0.00504093597024    1.20721561825    10.3711459742 -0.660943834205 0.0894264059064   1.42771994107 1779097905.01
 -0.379816926075 -0.0287352692005     0.1282002373 0.401897889859 0.0619392475853   1.07784658139   10.2597292055 -0.360135508597  0.236359730546   1.18326325874 1779097905.03
 -0.385046165246 -0.0224696979856   0.149281065645 0.413582244854 0.071147601011 0.923037116852  10.1636023783 -0.230010474204  0.369512745876  0.845585651775 1779097905.05
 -0.389687137011 -0.0128787358926   0.164486014182 0.42317558466 0.0449010274278  0.858999032677   10.1187051455 -0.264674775024  0.517486678989  0.560165659027 1779097905.07
   -0.396380164008 -0.000309696609158     0.173268681711 0.432596077644 -0.0208297477214   0.900666902231    10.1123251101 -0.453702855966  0.720517088741  0.304431877917 1779097905.09
-0.406877378053 0.0144207670026  0.176020562165 0.443554278073 -0.127060118475  0.860057443615   10.0641071166 -0.69063244214 0.823019165327 0.018703282084 1779097905.11
-0.421877868585 0.0300756404504   0.17395919483 0.45732623106 -0.234706975749  0.756682317513   9.97741591443  -0.86983267509  0.780530455156 -0.181412803871 1779097905.13
-0.441088524228 0.0451195924894  0.168885465808 0.474465135066  -0.3202036822 0.655260662719  9.87733059346 -0.965800479431  0.646421525819 -0.257758551925 1779097905.15
-0.463458621667 0.0579061234791  0.162861877184 0.494642299216 -0.41616901463 0.635910179516  9.77497824112  -1.08830337422  0.510814066108 -0.258150102523 1779097905.17
 -0.48750360823 0.0669053172694  0.157875614164 0.516779255644 -0.542410862372  0.695771847158   9.65045690797  -1.26703116068  0.342672546396 -0.192364192681 1779097905.19
-0.511626180719 0.0709331907101  0.155548944481 0.539433351277 -0.595281262577  0.703732292681   9.53899196608   -1.26366740349  0.0655987381888 -0.0250859833147 1779097905.21
-0.534360759403 0.0693377373695   0.15694541868 0.56123168786 -0.563393184461   0.66292296367   9.48675708195  -1.09787689941 -0.226088756704  0.177905746507 1779097905.23
-0.554503359212 0.0621033774755  0.162496987975 0.581150648259 -0.476202835786  0.594518599087   9.50550424905 -0.852526100195 -0.451754049687  0.350210633251 1779097905.25
-0.571130345979 0.0498535132068  0.172050059108 0.598561999893 -0.410099653343  0.572821313814   9.55328073256 -0.661162860987  -0.64541516807  0.512410123496 1779097905.27
-0.583544023102 0.0337544092084  0.185003893684 0.613098220285 -0.384913636194  0.628288249319   9.62311269114 -0.518731901115 -0.891866123991  0.735227975791 1779097905.29
 -0.59120149044 0.0153447934296  0.200498024006 0.624463067454 -0.323970376641  0.639342094563   9.76387697134 -0.281242269425  -1.03825718761  0.904248100977 1779097905.31
  -0.593682092179 -0.00367212382878    0.217599739712 0.632314445344 -0.230385024987  0.562283918095   9.92511104519 0.0123812393777 -0.969920757541  0.916655984307 1779097905.33
  -0.59072941389 -0.0216367099109   0.235448628045 0.636290377185 -0.150736138936  0.459717651095   10.0371425955    0.2643875136 -0.781708087379  0.835254084684 1779097905.35
 -0.582372056086 -0.0371122305969    0.25333045073 0.636168882166 -0.106293022595  0.408603899228   10.1102054058  0.491611468719 -0.622171226072  0.800352008629 1779097905.37
 -0.569092810081 -0.0490194566051   0.270673394797 0.632086718942 -0.0832463529478   0.424681302676    10.1698903859  0.774157743925 -0.499653975945  0.857430886546 1779097905.39
  -0.55198939755 -0.0567216916613   0.286981253875 0.624714242985 -0.0512528150974   0.435985278371    10.1446912581  0.990707968659 -0.301915098685  0.849340135041 1779097905.41
-0.532860422335 -0.060061161394  0.301735647322 0.615298280238 -0.00396943651655    0.417106931645     10.0180472181   0.990172883155 -0.0687549494165   0.715307145105 1779097905.43
 -0.51416087758 -0.059348402634  0.314308815641 0.605535855683 0.0488025152004  0.381920155755   9.85932433107 0.783194597889 0.109359404298 0.510266807168 1779097905.45
 -0.498799341736 -0.0553051282266   0.323927116585 0.597317518062 0.113215669482 0.407809185114  9.71873308916 0.558677148663 0.238065120145 0.353067178102 1779097905.47
 -0.489786390784 -0.0489618759229   0.329712759208 0.592451244809 0.210820674894 0.504010987827  9.56695968484 0.236847062467 0.362158001382 0.180782746742 1779097905.49
 -0.489781792161 -0.0415165775162   0.330810112574 0.592490641886 0.296491488778  0.55647071283  9.46177423292  -0.294828485759   0.402664134208 -0.0853218253001 1779097905.51
  -0.50061833811 -0.0341680656141   0.326578050176 0.598698087534 0.338075385439 0.553606823509  9.43805595128 -0.864581826087  0.354307037591 -0.365603251083 1779097905.53
-0.522895926819 -0.027946351311   0.31680723289 0.612019584365 0.321802460132 0.498748804837  9.48394354442  -1.29821340159   0.24971899911 -0.581093455511 1779097905.55
 -0.555736409646 -0.0235657797034   0.301906643602 0.632886976032 0.293795293831 0.466144811844  9.52536262194  -1.70612812565  0.152909234297 -0.780779782141 1779097905.57
 -0.596767059193 -0.0213257592709   0.283001397458 0.660814271872 0.259333630405 0.465724120301  9.53598997791   -2.2172280322 0.0637116351186  -1.02409445555 1779097905.59
 -0.642361681248 -0.0210766186355   0.261896117364 0.69401896925 0.168513611796 0.412653659026  9.54131591764   -2.45756345837 -0.0250534708748   -1.13302423667 1779097905.61
 -0.688120388356 -0.0222570548449   0.240884260792 0.729404052949 0.0467303294609   0.31061258886   9.52603746373   -2.27748343428 -0.0763187963213   -1.03153588582 1779097905.63
 -0.729520964633 -0.0239973387145   0.222419242476 0.76305113166 -0.0580645354525   0.195192267197    9.48874636026    -1.7685066328 -0.0715459618004  -0.763840430459 1779097905.65
 -0.762635994089 -0.0252716269038   0.208700026193 0.791080283877 -0.12907353185 0.110735055876  9.40288470019   -1.27704574788 -0.0249073741995    -0.4890954153 1779097905.67
 -0.784788619088 -0.0250752735912   0.201252298024 0.810570437073 -0.177605673633 0.0514347624625   9.24057515246 -0.828221308898 0.0683323301788 -0.207208249215 1779097905.69
 -0.795021365347 -0.0225996745428   0.200597703775 0.820249447063  -0.165883123204 0.00515117513217    9.09872579221 -0.256012343871  0.207660781611  0.130593443715 1779097905.71
 -0.794278456533 -0.0173777265464   0.206093121452 0.820764659693 -0.0840546894085 -0.0144241675141    9.05629043267 0.255468409507 0.345682640552  0.40240807245 1779097905.73
  -0.785249401937 -0.00937691200526    0.215990279973 0.814466912014   0.0334501192706 -0.00803696566964     9.14241496659 0.517775394384 0.424331754148 0.499995685833 1779097905.75
   -0.77188289901 0.000976073791911    0.227719645741 0.804773508238   0.163353829541 0.00967561091164    9.20736610836  0.61137774531 0.510670501917 0.513871289818 1779097905.77
-0.758644444964 0.0128456285355  0.238352107273 0.795310084866   0.33339312233 0.0305426948502   9.26042699131 0.576616951713 0.625742456386 0.451981952802 1779097905.79
 -0.74964612458 0.0251073342634  0.245149970502 0.78911228502  0.474724697225 0.0338176334581   9.41892143793 0.289527091585 0.632718818142 0.206950191219 1779097905.81
-0.747810952493 0.0365206308141  0.246095746482 0.788110457728   0.549212473343 0.00241576953339    9.60809001516 -0.119793454638  0.543162294906 -0.126819742148 1779097905.83
-0.754237817055 0.0459267874617  0.240288959878 0.792920386118    0.53168793774 -0.0649693673301    9.76734487526 -0.480384866416  0.380606446844 -0.429618312599 1779097905.85
-0.767902732871 0.0524392445653  0.228127243753 0.802786721903  0.502585350456 -0.170970950321   9.86143914323  -0.74716271704  0.229050637789 -0.688478294029 1779097905.87
-0.785771356313 0.0555937276263  0.211232160311 0.815565026533  0.465869330984 -0.334055636486   9.89958700551  -0.90411046897 0.0763998923542  -0.91890339848 1779097905.89
-0.803317841935 0.0554319214705  0.192132677609 0.827832844779  0.367342845444 -0.518072057756   9.86744218434  -0.778981134826 -0.0813440771042  -0.986201136244 1779097905.91
-0.815362879291 0.0525036718866  0.173768873615 0.835325614312  0.237703274874 -0.679402861449   9.77603685604 -0.357567056852 -0.198683610324 -0.863242265113 1779097905.93
-0.817077123056 0.0477865201503   0.15891487196 0.833758066264  0.112319457065 -0.753838248258   9.66564819006  0.248349231797 -0.237969927286 -0.576119314036 1779097905.95
-0.804959730967 0.0425353042279  0.149635701819 0.819853806384  0.033249620239 -0.833934795353   9.55073764508   0.93451698907 -0.229652539307 -0.284804279555 1779097905.97
-0.777602991968 0.0380859640904  0.146884698515 0.792270199134 -0.0057928786781  -0.932574546308    9.42765018599   1.75363632633 -0.175469676441  0.017385224981 1779097905.99
-0.736092474924 0.0356444141648   0.15031843901 0.752129170427 -0.000336900798886    -0.939475270469       9.3485481578    2.46506604768 -0.0524804314239    0.30212233933 1779097906.01
-0.683959604736 0.0360923277063  0.158361778101 0.702980689488 0.0483025034162 -0.857855763941   9.33292479381  2.86731369686 0.109888458242 0.476654382835 1779097906.03
-0.626686476519 0.0398373479552  0.168505792806 0.65016702189  0.113787397938 -0.674180703073   9.40227364033  2.68620297601 0.252556550692 0.461053642359 1779097906.05
-0.570844968881 0.0467273551109  0.177776511586 0.599709856751  0.184587392214 -0.538655515975   9.46883946783  2.37644136991 0.371406272872 0.338704582317 1779097906.07
-0.523018477964 0.0560392814205  0.183281173589 0.557028471397  0.271457255209 -0.477448127749   9.50888889473  2.06971250701 0.499267056436 0.124733318187 1779097906.09
-0.488693108264 0.0665444637634   0.18272747658 0.525964305272  0.328278239372 -0.417867436572   9.56943887436   1.38933706165  0.553656679671 -0.227300193639 1779097906.11
 -0.47130966954 0.0766454596994  0.174821439453 0.508497656619  0.308627657816 -0.360188283278   9.64711268989  0.441959931175  0.467203207478 -0.602501130871 1779097906.13
-0.471638421542 0.0845732572748  0.159477703665 0.505003539083  0.233294058131 -0.342391264478   9.71185398436 -0.389339813322  0.286705083586  -0.88546995506 1779097906.15
-0.487581390402  0.088627756218  0.137814898002 0.514376746704  0.142505553304 -0.396318683565   9.75504332982  -1.00983891274 0.0675821586634  -1.12154092645 1779097906.17
-0.514433323242 0.0874372505318  0.111949099751 0.533684848743 0.0349405861157 -0.519276139076    9.7913301397  -1.42807524499 -0.207488635325  -1.31003876117 1779097906.19
-0.545555544901  0.080204545856 0.0846325535793 0.557876591079 -0.0850214499237  -0.696335351777    9.83182696462  -1.53881891797 -0.536387524119  -1.38797447419 1779097906.21
-0.573350333645 0.0669004940823 0.0588074951217 0.580228060922 -0.185349009066 -0.860575260355   9.87767466575  -1.17289240326 -0.833197582115  -1.24241832875 1779097906.23
 -0.59037725691 0.0483641639353 0.0371539303308 0.593519007589 -0.228261267352   -0.9581394278   9.91998609443 -0.418987720538  -0.99635951542 -0.909980246824 1779097906.25
-0.590433384629 0.0262767250156 0.0217055988382 0.591416250185 -0.223722487809  -1.05338523855   9.96110765615  0.495205706235  -1.07247292152 -0.556979583016 1779097906.27
 -0.569428409598 0.00299499472778  0.0135918427107 0.569598474225 -0.18597807073 -1.21465370627  10.0116388407   1.60293631001  -1.11859728482 -0.217852712487 1779097906.29
 -0.525921594145 -0.0187423523013  0.0129378964307 0.526414464203 -0.0976564005635   -1.36525659797    10.0605731055 2.85395338481 -1.0338460282  0.1407358753 1779097906.31
 -0.461244606861 -0.0361946414348  0.0189266678177 0.463049520226 0.0314516265879  -1.36670960986   10.0804574398  3.77521804671 -0.72768988229 0.438940651007 1779097906.33
 -0.379203707768 -0.0470228701804  0.0299966315193 0.383283707203 0.153706879839 -1.26848633162  10.0791911722   4.19654341518 -0.321106239975  0.601520342897 1779097906.35
 -0.285424783554 -0.0496478186785  0.0441281705643 0.293052057498 0.260487213413 -1.22478330739  10.0928211676   4.52387850425 0.0826407398486  0.684473090434 1779097906.37
 -0.186463132733 -0.0435019480989  0.0591587181939 0.200401280673 0.363055554243 -1.26705113229  10.1379061814  4.91744799696 0.513083881156 0.723889453485 1779097906.39
 -0.088836085481 -0.0291358595768  0.0730676703409 0.118657628688 0.425712023103 -1.27935018996   10.192767646  4.91854238645 0.922870731924 0.653641092823 1779097906.41
0.00185624560501 -0.0081674061011  0.0841850927953 0.0846007211502 0.430834118039 -1.24731634945  10.2484540224  4.47449146573  1.20906752335 0.478733503975 1779097906.43
0.0815801836291 0.0169128988151 0.0913007987914 0.123601004718 0.375575740212 -1.15418709752  10.2827893822   3.6392703589  1.27366929711 0.236050906803 1779097906.45
  0.14819567646 0.0430483656485 0.0936769831875 0.180528384154 0.300177874104 -1.06925107743  10.3045757241      2.8026249555     1.17105106849 -0.00723510205998 1779097906.47
 0.201436170109 0.0669936207317  0.090991385185 0.23096343439 0.245598213895 -1.09995654509   10.357471486   2.29012968325   1.03532193447 -0.252927312858 1779097906.49
   0.2425854247  0.085720087454 0.0832523572118 0.270419260873 0.189401210643 -1.15540524828  10.3934534091   1.86079013213  0.765025776684 -0.519963278785 1779097906.51
 0.273952480574 0.0968072175353 0.0707280476363 0.2990385522 0.126533372192 -1.16022267403  10.3656406871   1.44977301599  0.339916682541 -0.763609753197 1779097906.53
 0.298277353112 0.0987777284375 0.0539188689752 0.318800350449 0.0666913449551  -1.11533879893   10.2776774166   1.12727634394   -0.1394201043 -0.946439390867 1779097906.55
 0.318199036022   0.09133485984 0.0335794964301 0.332746548784  0.013373290219 -0.989168909345   10.1370067177  0.873883888418 -0.541795402471  -1.00260506734 1779097906.57
 0.335885597836 0.0754611593183  0.010771012339 0.344426387065 -0.032475907314 -0.974681771322   10.0255523363  0.824676028714 -0.903518300962  -1.11011484487 1779097906.6
  0.352873225516  0.0533456814377 -0.0130962054828 0.357122927873 -0.0837022990357   -1.02187224099    9.91549048191 0.892889728115  -1.2352910965 -1.22769874494 1779097906.61
  0.370102041375  0.0281235467035 -0.0362756536333 0.372937498726 -0.123684073193 -0.967402748158   9.80260419557 0.912885150013 -1.29374301965 -1.13275669307 1779097906.63
  0.388087492284 0.00343993828669 -0.0567919500922 0.392235975451 -0.142622333325 -0.895430405055   9.72532690757  0.929446536749  -1.13519830645 -0.912963622904 1779097906.65
  0.407139596284 -0.0171130193018 -0.0726563802017 0.413925664674 -0.128362669129 -0.810429761677   9.69396874533  0.928485794901 -0.801057909915 -0.597245815744 1779097906.67
  0.427543728912 -0.0306012184219 -0.0821720607629 0.436442805268 -0.0862064302297  -0.801120260866     9.6925164108   1.01044674262 -0.431988190606 -0.276265142038 1779097906.7
  0.449642979052 -0.0352841495967 -0.0842771837354 0.458831585139 0.00144775450667  -0.879699487969    9.71446564799     1.21554402192 -0.00959091028858   0.0872461612001 1779097906.72
  0.473803505949 -0.0309662182603 -0.0788517466553 0.481317220628  0.145018758216 -0.891460761858   9.77295511953  1.33875728539 0.428505485358 0.459160437757 1779097906.73
   0.50028736271 -0.0190740445708 -0.0669074202805 0.505101838596  0.312420610923 -0.883581094582   9.84363387522  1.42300519151 0.734705114333 0.727309443661 1779097906.75
   0.529089052246 -0.00242199800323  -0.0505948575308 0.531508166343  0.451499301784 -0.831607717514   9.90573839398  1.40701051627 0.812718773848 0.801695097736 1779097906.77
   0.55980388769   0.015303948092 -0.0329957289617 0.560984243655  0.586353546158 -0.840892937732   9.96009466298  1.45274847657 0.759410961422 0.764386029773 1779097906.8
 0.591585613503 0.0302475070317 -0.017711327378 0.592623101898  0.770252205546 -0.977103752865   10.0262622419  1.66268756096 0.624538279084 0.647314099597 1779097906.82
   0.623222059886   0.0391250658149 -0.00830589667019 0.624504199043 0.831917715596 -1.04231322039  10.0604294537  1.67352593919 0.260390776422 0.271382620613 1779097906.83
   0.653320439452   0.0398530822335 -0.00770027319791 0.65458013946 0.741372843928 -1.02418137392  10.0504052426    1.4778053695 -0.185530104187 -0.240339936727 1779097906.85
  0.680559852905  0.0319266302616 -0.0176309145857 0.681536405671  0.552771185055 -0.954803979759   10.0073918295   1.17489146311 -0.542597017549 -0.709783039351 1779097906.87
  0.703947476375  0.0164721316482 -0.0382854066075 0.7051802273  0.387506985059 -0.992162865079   9.96938297423  0.987992764925 -0.836790967619  -1.17683851352 1779097906.9
   0.723011960355 -0.00402863310875  -0.0681973527232 0.726232334463 0.220214060499 -1.14309318411  9.92703574282 0.879955210564 -1.10842119068 -1.71531681177 1779097906.92
  0.737882459453 -0.0262735148316  -0.104435645031 0.745699420345 0.0202621117271  -1.19416739699   9.85546640012 0.691397170356 -1.12823750445 -1.97436230979 1779097906.93
 0.749229574947 -0.046811128219 -0.143064697171 0.764201377437 -0.135231118916  -1.19431546678   9.77710542335    0.5250733668 -0.947159181246  -1.95932860587 1779097906.95
  0.758077916358 -0.0627033047174  -0.179795659316 0.781626708091 -0.19906500112 -1.07500707322  9.71092078029  0.383322879522 -0.593382846564  -1.59057938398 1779097906.97
  0.765531040463 -0.0720457555473   -0.21070682438 0.797261394177 -0.199578617568  -1.02541435076   9.64955392287  0.332899137857 -0.267127410669  -1.22810375167 1779097907
  0.772471307956 -0.0742529574232  -0.232894559886 0.810225462033 -0.15326185217 -1.07801183177  9.56811982893  0.356807443009 0.0512360956531   -0.8865094941 1779097907.02
  0.779304902234 -0.0700678850936  -0.244928810129 0.819887651571 -0.0293040687982  -0.995926787084    9.50754044179  0.353925632882  0.343218722175 -0.374880220763 1779097907.03
  0.785813944779 -0.0613139602573  -0.247027163385 0.82600567612  0.122770446169 -0.851752323319   9.46253020954 0.312359091905 0.517006760604  0.10567691206 1779097907.05
  0.791154845954 -0.0504542379329  -0.240919752949 0.828561372357    0.2393550448 -0.622520071031   9.46081425167 0.194153527895 0.503627533575 0.416611859749 1779097907.07
  0.794009833068 -0.0400541096159  -0.229440543665 0.827465352618  0.326968435476 -0.461503383071   9.43697365525 0.0396017632737  0.421509302594  0.578691417659 1779097907.1
  0.792864670257 -0.0322553803594  -0.215934485425 0.822376128605  0.413407505361 -0.357029949451    9.3633925132 -0.198328997701  0.303064868352  0.669693272267 1779097907.12
  0.786358028367 -0.0283614513998  -0.203602858865 0.812783762658 0.407769106908 -0.22027945819   9.3325048018 -0.510631546083 0.0968400621647  0.558100662223 1779097907.13
  0.773632763048 -0.0286080947501  -0.194914749704 0.798321886709  0.329850054632 -0.100258843496   9.33479999606  -0.829883719756 -0.0992375361352   0.324513806353 1779097907.15
  0.754618760747 -0.0321568345871  -0.191191685708 0.779126303474   0.200994064136 -0.0133346223549    9.38974018382   -1.0367606154 -0.207551841126 0.0592543164424 1779097907.17
 0.730189610515 -0.037305093998 -0.192431829087 0.756041365395  0.087160944575 0.0361428813904   9.43202316728   -1.2259571419  -0.22691166827 -0.144849939418 1779097907.2
  0.702157502407 -0.0418668572645  -0.197390116169 0.730575697573 -0.0122561932698  0.0693474545845    9.44808659893  -1.48689942867 -0.165167314105 -0.298218559956 1779097907.22
  0.673098087014 -0.0436469174012  -0.203882335823 0.704651754416 -0.0907222616612  0.0838262911384    9.51197965252  -1.52174554097 0.0257765244798 -0.321342313209 1779097907.23
 0.646025343263 -0.040916046544 -0.209243371118 0.680298210611 -0.109664488423  0.080425156023   9.61262411383  -1.23252593518  0.272184155403 -0.174734784364 1779097907.25
  0.623961950447 -0.0327959669672  -0.210848349262 0.659440002912 -0.078272432409 0.0780909562885   9.69363473944 -0.841134883525  0.493213879023 0.0607755820947 1779097907.27
   0.60946991238 -0.0194811420855  -0.206602085357 0.643830343078 -0.0158074102624  0.0950686958679    9.73608221641 -0.467517122054  0.723112050692  0.367782442029 1779097907.3
   0.604216635594 -0.00225574834986   -0.195315270851 0.635004634752 0.0860352494869  0.140287668324   9.74386444958 -0.0214057381297   0.946282488375   0.776605668263 1779097907.32
 0.608651531418 0.0166969877558 -0.176911014195 0.634060709271 0.205737917197 0.203105773342  9.71620674614 0.469593199561 0.982658523648  1.14147207289 1779097907.33
 0.621856452965 0.0346568749825 -0.152436969125 0.641204785254 0.307205302122  0.28216856905   9.6530619463 0.855474860156 0.834114911696  1.37620642099 1779097907.35
 0.641609809628 0.0488323462553 -0.123890877416 0.655283675486 0.348631547284 0.352042363867  9.58206633892  1.00548018607 0.521044234247  1.37481075161 1779097907.37
  0.664670646879  0.0568433777023 -0.0938963683945 0.673672595857 0.372759023681 0.455572934266  9.49077461471  1.05384554036 0.191690389012  1.35317598103 1779097907.4
  0.687249521729  0.0571340316845 -0.0652878280777 0.692703907299 0.399618708646  0.64295622112  9.35279855123   1.06557588612 -0.197930489801   1.38576569853 1779097907.42
  0.705594534618  0.0492417744282 -0.0406754569438 0.708479281581 0.336400560151 0.800366748295  9.26392773923  0.798892583953 -0.633174230265   1.17687459521 1779097907.43
  0.716591934759  0.0338782646918 -0.0220625670709 0.717731492026 0.19282177884 0.87299433722 9.26982442849  0.331763283747 -0.953583761106   0.78784145756 1779097907.45
  0.718269362277  0.0128106489152 -0.0105764219189 0.718461446574  0.02003731994 0.836647227702   9.3717744606 -0.150163749481  -1.04825584098  0.363431985834 1779097907.47
   0.710101063382  -0.0114328963424 -0.00635311467267 0.710221510094 -0.148397443103  0.868770357075   9.46292200643  -0.58240450738   -1.1266725723 0.0458781466299 1779097907.5
   0.693048242707  -0.0359800855354 -0.00858966150214 0.694034736565 -0.353056648401  0.976924155928    9.5672009207  -1.05500658222  -1.20671502627 -0.243020730854 1779097907.52
  0.669318229753  -0.058080243367 -0.0157474390322 0.672017997665 -0.532485224433  0.986405249981    9.7339047649  -1.36799812171  -1.05761499416 -0.461894347282 1779097907.53
  0.641882819947 -0.0755366590679 -0.0258652843076 0.646829463103 -0.625445307581  0.908205304203   9.90071771187  -1.41786168331   -0.7399195213 -0.541229973472 1779097907.55
  0.613846468339 -0.0870285107714  -0.036922268927 0.621083490621 -0.622724625147  0.797483307717   10.0133409994  -1.25655378223 -0.388560847491 -0.495167103885 1779097907.57
  0.587787516699 -0.0922644085464 -0.0471824893665 0.596852639413 -0.626991861824  0.794184409934   10.0888795399  -1.13816764114 -0.114939452482  -0.43372020221 1779097907.6
   0.56520269021 -0.0919408707988 -0.0554588961547 0.575311127918 -0.627465267101  0.885723953758   10.1290621898   -1.0570515866  0.120553238043 -0.357258915683 1779097907.62
  0.546164779807   -0.08751747304 -0.0612500089069 0.556513107105 -0.570719343419    1.0073997485   10.0976902551 -0.968169586117  0.298530242603 -0.249722356765 1779097907.64
  0.529260210539 -0.0808581872175 -0.0647296281217 0.539299862466 -0.463604770007   1.12116285955   9.99258219149 -0.928821752908   0.37049021941 -0.144676477809 1779097907.65
  0.511817031531 -0.0738167766953 -0.0666001325724 0.521383896899 -0.313525811945   1.07935423137   9.84866772866  -0.898714260607   0.300528092091 -0.0720734317545 1779097907.67
  0.490377458593 -0.0678558796215 -0.0678478754797 0.499677702627 -0.260883796705   1.21050101846    9.7313910666   -1.16425652792   0.231396530946 -0.0658970893334 1779097907.7
  0.461324326377 -0.0637813278655 -0.0694580270505 0.470863684534 -0.289227857097   1.53463458793   9.61706120589  -1.81769635823  0.163966546183 -0.113650633644 1779097907.72
  0.421545757986  -0.061646868878 -0.0721515460864 0.432096063533 -0.34531593485  1.71909983094  9.56333563916  -2.52675300034 0.0803613889039 -0.184497551332 1779097907.73
  0.369020186891 -0.0608456674152 -0.0761978578573 0.381686005924 -0.421261170541   1.73768352598   9.60221494424  -3.11712657772 0.0338390407802 -0.241961868678 1779097907.75
  0.303223185381 -0.0603623774531  -0.081336142881 0.319692797703 -0.469529049214   1.54746503946   9.72279319016  -3.30769297102 0.0396564386161 -0.244266179702 1779097907.77
  0.225293442393 -0.0591225054196 -0.0868117761101 0.248573712012 -0.567694614319   1.51412340243    9.8762335267  -3.75859851261 0.0911892578547  -0.23134501998 1779097907.8
  0.137940176457 -0.0563523628508 -0.0915094563844 0.174862979752 -0.733681507796   1.63661329587   10.1005218239  -4.59210997035   0.18513507752 -0.186951813283 1779097907.82
 0.0451192896893 -0.0518586210738 -0.0941469411588 0.116570637003 -0.838443539579   1.62973678499   10.3627040361   -5.01466115567   0.274388809939 -0.0531818508268 1779097907.84
-0.0484580310819 -0.0461531528237  -0.093486260272 0.114969453124 -0.851755791346   1.51012738265   10.5915977837 -4.91402657855 0.308093443504 0.151010999266 1779097907.85
 -0.137899116682 -0.0403839637552 -0.0885226751952 0.168769946773 -0.719050526004    1.2224373789   10.6584941847 -4.01873967275 0.237800178327 0.350877405021 1779097907.87
 -0.218696905063 -0.0360796377698 -0.0786226514791 0.235184178616 -0.618481739941   1.06399421335   10.7059136006    -3.33105809 0.125413062225 0.556077582613 1779097907.9
 -0.287213258061 -0.0347623434778 -0.0635965872842 0.296216815938 -0.611541749167   1.12487278878   10.8573213469   -3.10444668384 -0.0365823576113   0.886117033821 1779097907.92
 -0.341024999731 -0.0375211346163 -0.0437059595725 0.345855601208 -0.558876088788   1.15561120685   10.8928940021  -2.53583314634 -0.272925757567   1.21367067485 1779097907.94
 -0.379107874922 -0.0446527449655 -0.0196150651476 0.382232127432 -0.451866383493   1.08755001304   10.7381363556  -1.63678497187 -0.482804294977    1.3829839224 1779097907.95
 -0.401860675834 -0.0554659020812  0.0076964930431 0.405743398074 -0.333296463798  0.941275259433   10.4654272953 -0.751372542804 -0.557481005369   1.33519585244 1779097907.97
 -0.410991600217 -0.0683088811961   0.037042605115 0.418273060683 -0.28478620869 0.922133258341  10.2711392658 -0.169855735745 -0.579138165931   1.35751768829 1779097908
 -0.409298878312 -0.0808271118288  0.0671439493743 0.422571773468 -0.296543015162   1.05484869681   10.1314877884  0.268673978495 -0.559303758141   1.51111653409 1779097908.02
 -0.400378914522 -0.0904015119243  0.0967320656075 0.421702265904 -0.312953408407   1.17615930173   9.97856199918  0.565325518014 -0.372610797345   1.54710765342 1779097908.04
 -0.388291292652 -0.0946733879893   0.124634714462 0.4186490062 -0.320438147876   1.24839126831   9.85194826153   0.623982841365 -0.0441131429678    1.42992991311 1779097908.05
 -0.377205002669 -0.0920398167284   0.149837804365 0.416180621268 -0.290338982183   1.17298671126   9.78365040571 0.409263776594 0.300543253332  1.11282115909 1779097908.07
 -0.371046865756 -0.0820099262863   0.171523699572 0.41691939762 -0.283200666182   1.19719978547   9.76861850007 0.0918333507674  0.607917037314  0.893878552662 1779097908.1
-0.373172488324 -0.065345438786  0.189089100932 0.423417548648 -0.312469376526   1.39005519287   9.78549064237 -0.377344435243  0.954969394742  0.768572523368 1779097908.12
 -0.386082060954 -0.0439594081983   0.202147280666 0.438012911272 -0.331617188332   1.54220618767   9.83067501748 -1.02199552005  1.20227804845 0.575839854481 1779097908.14
 -0.411206533236 -0.0206020946183   0.210519252491 0.462421468953 -0.322226707705   1.52997013026   9.88106307365 -1.65063917845  1.19900206463 0.317704422815 1779097908.15
 -0.448791177864 0.00159164961463   0.214217128549 0.497297730581 -0.292685006991   1.36314338744    9.9094003089   -2.0656157106  0.957750887111 0.0691514535104 1779097908.17
-0.497899469748  0.019594267379  0.213421507028 0.542066930325 -0.287205399788    1.2477766325   9.91891376706   -2.4684813031  0.671811950491 -0.132015044794 1779097908.2
-0.556547820136 0.0309182642957  0.208454274304 0.595108897296 -0.325215584455   1.25269521124   9.91796009966  -3.11047161506  0.359069398821 -0.342790804931 1779097908.22
-0.621961508874  0.033915851794   0.19974919893 0.654130068104 -0.367263589036   1.20175952265   9.89134133104   -3.66895222711 -0.0821091674507  -0.563284946579 1779097908.24
 -0.69091848582 0.0279111214369  0.187824686194 0.71653715709 -0.372603845723   1.00555434864   9.84111288643  -3.74063108719  -0.56156747637 -0.717031062484 1779097908.25
-0.760127409563 0.0131735026124  0.173264565652 0.779735743474 -0.334667877374  0.734587160067    9.7925571432  -3.32264579635 -0.909549761155 -0.762040767618 1779097908.27
-0.826576225946 -0.009224183586   0.15671191199 0.841351273976 -0.297626173668  0.534143163983   9.75961147706   -2.9389341307  -1.16890289032 -0.791636341127 1779097908.29
 -0.887792209685 -0.0376026452078   0.138876555998 0.899375152152 -0.278134309782  0.422405790857   9.73550287066  -2.81803040861  -1.48101186177 -0.883081736659 1779097908.32
 -0.941974068082 -0.0698713549237   0.120549872529 0.952223410206 -0.236996238321   0.33328003583   9.72199818064  -2.65008663285  -1.74788333539 -0.959137638625 1779097908.34
-0.987987161732 -0.103686932718  0.102613307651 0.99869870465 -0.148279062444   0.24192368534   9.72320365195  -2.18847788188  -1.75290498413 -0.907392325391 1779097908.35
 -1.02524603384 -0.136569695825 0.0860234360143 1.03787318265 -0.0376955091715   0.173617153228    9.72476561086  -1.62753342616  -1.54723026765 -0.766112244042 1779097908.37
 -1.05353467603  -0.16600030611 0.0717587934127 1.06894374953 0.0772697494749  0.135352183309   9.70999017975  -1.13072416605  -1.25860908014 -0.601254859761 1779097908.39
 -1.07282655297 -0.189531572122 0.0607228196371 1.09113073937  0.20436912775 0.120822892492  9.66452269103 -0.717817280427 -0.943608972998 -0.439713947694 1779097908.42
 -1.08316037697 -0.204944864847 0.0536109523541 1.10368153653 0.362131337703 0.120160844503  9.57376856521 -0.310739167619  -0.55202011593 -0.262687138099 1779097908.44
 -1.08460674411 -0.210458777821 0.0507642916507 1.10600257678 0.504988739763  0.11211445654   9.4628488737      0.15684885009 -0.000631898385244   -0.0422043603073 1779097908.45
 -1.07733211067 -0.204968345237 0.0520427020863 1.09789113398  0.597317616892 0.0949944062023   9.36077714458 0.590598022613 0.573111110731 0.154664715032 1779097908.47
 -1.06173857054 -0.188267703942 0.0567529665404 1.07979369314  0.615161956924 0.0707504715765   9.30168715466 0.901788474299  1.02008911841 0.270765563561 1779097908.49
 -1.03863713794  -0.16119719298 0.0636610210103 1.05299779911  0.669364626924 0.0530638329586   9.20505641815  1.24263385594  1.48645552077 0.340703221933 1779097908.52
  -1.0094021165 -0.125662125731 0.0711024858562 1.01967601037  0.738581197643 0.0336011477333   9.08257835474  1.63590157694  2.00504529428 0.353546008335 1779097908.53
 -0.976054981874 -0.0844932767415  0.0771860837543 0.982741132232   0.696556144132 0.00476529122092    9.06058957986  1.79160835117  2.22120034686 0.235552879391 1779097908.55
 -0.941236658702 -0.0411519489408  0.0800645839888 0.945531738333   0.583198616608 -0.0281164874261    9.11566236459    1.719117249  2.15306078282 0.026434790849 1779097908.57
  -0.908045337097 0.000683519144883   0.0782318650915 0.911409362546    0.42782277616 -0.0618896943815       9.22893209   1.43498209967   1.83733018809 -0.216285417273 1779097908.59
-0.879741150149  0.037586004879 0.0707957703006 0.883385102954  0.300868961707 -0.105181059481   9.31348643891   1.13922099472   1.54724834428 -0.480851217022 1779097908.62
-0.859346490406 0.0668245139645 0.0576766788658 0.863868338073  0.190760778193 -0.172968114331   9.37052359107  0.791293018522   1.27260141514 -0.805803923769 1779097908.64
 -0.84919726499 0.0867083787251 0.0396917646638 0.854534829009    0.0707605283 -0.250372713576   9.46463201783 0.240777195497 0.816857472272 -1.06861796407 1779097908.65
 -0.85052012567 0.0967687201526 0.0185034843507 0.856207362911 -0.0190245783657  -0.299303125347     9.5891953793 -0.349335482536  0.276910046976  -1.08556223567 1779097908.67
  -0.863117533177   0.0977426489619 -0.00356555733681 0.868641591626 -0.0510209557659  -0.346265185529    9.67515338009  -0.81268373479  -0.12660448299 -0.991008604408 1779097908.69
 -0.885232420357  0.0913610419451 -0.0238256299665 0.890253300292 -0.0349248725026  -0.430542937521    9.71687770475  -1.23631721714 -0.434734648299 -0.881254922758 1779097908.72
 -0.913637504261  0.0799779672469 -0.0395765200559 0.917984893872 0.0365404194945 -0.523518721671   9.73006471591  -1.52633698421 -0.656276187433 -0.640643252256 1779097908.73
 -0.943956108278  0.0661117304106 -0.0484734861105 0.947509141966    0.1551538025 -0.587451881213   9.71513908366  -1.51942266368 -0.739108928605 -0.244811332575 1779097908.75
 -0.971180108133  0.0519869063568 -0.0488478583545 0.973796464428 0.290208628061  -0.6138931161  9.67401293467  -1.19798584392 -0.696256752771  0.220615990255 1779097908.77
 -0.990315142898   0.039168347841 -0.0399362029851 0.99189371509  0.386754390719 -0.575293544595   9.62562583562  -0.60617430557 -0.553391393585  0.629136951931 1779097908.79
 -0.99706016958 0.0283603633995 -0.021987427576 0.997705737653   0.48473155503 -0.576028959003   9.55054344979  0.044321534852 -0.462323444772    1.0225153431 1779097908.82
 -0.988420952012  0.0194098070273 0.00376353010808 0.988618674285  0.595953514076 -0.621092771573   9.43453469366  0.879242508436 -0.437164155269   1.48467419695 1779097908.84
  -0.9631650395 0.0115075204502 0.0352473222784 0.963878462292 0.608289823761 -0.60535210143  9.34125863764   1.77614639987 -0.424727309881   1.76744928633 1779097908.85
 -0.922046844004 0.00353786294531  0.0698126293484 0.924692760991  0.514454926902 -0.538415880879   9.30048946772   2.46921556993 -0.440417752185   1.79352502171 1779097908.87
  -0.867762148059 -0.00550886625671    0.104543610147 0.87405426584  0.344696605719 -0.435691472234    9.3319719361    2.7366784951 -0.459159575113   1.55663014292 1779097908.89
 -0.804628095792 -0.0161626399218   0.136600731472 0.816301024933  0.193459710818 -0.386284454177   9.35105468503   3.02898250926 -0.530525354268   1.37743679258 1779097908.92
-0.738023634648 -0.028232526951  0.163542498797 0.756453640212 0.0385783639063   -0.3824853751   9.36529399865   3.42395009699 -0.643092989134   1.22845656896 1779097908.94
 -0.673662109073 -0.0407609271306   0.183589157745 0.699419094122 -0.116267768836 -0.344418393352   9.47877766875    3.1604048028 -0.624522972902  0.840881014117 1779097908.95
 -0.616796912241 -0.0521879623452   0.195796990116 0.649229139597 -0.219840764911 -0.323689573871   9.62532540994   2.64286308677 -0.515383366996  0.427620140077 1779097908.97
 -0.571476919434 -0.0606880082408   0.200122910601 0.608537659588  -0.23802441707 -0.302497188102   9.78794071946    1.8293247893 -0.295456493297 0.0375195617049 1779097908.99
 -0.539966042195 -0.0645970105216   0.197372795892 0.578525817099 -0.204620606806 -0.322049440031   9.93097438347    1.14005110571 -0.0497032860503  -0.257506619256 1779097909.02
 -0.522418862622 -0.0628268129124   0.189042026337 0.559111405863 -0.138994616359 -0.418204715244   10.0858319182  0.605226766397  0.247066521336 -0.531865848517 1779097909.04
 -0.516864476447 -0.0551664568788   0.177071423662 0.54913251047 -0.00847160693509   -0.509655358064     10.1992033308 0.0786188942603  0.550282785432 -0.686562420825 1779097909.05
 -0.519500221197 -0.0423981596158   0.163554138959 0.546285676302  0.131887034475 -0.583987366048   10.2400107225 -0.216876700039  0.749576888332  -0.68921814861 1779097909.07
  -0.52524557941 -0.0261993936666    0.15043689692 0.546992309702  0.235291029449 -0.639220309568   10.2167080211 -0.214530938364  0.802846584592 -0.581395321762 1779097909.09
  -0.528464447981 -0.00885102225626    0.139260395803 0.546577049659    0.3098068801 -0.742919596075   10.1879757695 0.0359194328699  0.796171676237 -0.464056354807 1779097909.11
 -0.523739367687 0.00718652075839   0.130977594093 0.539916383804  0.360262693579 -0.916840607441   10.1617043556 0.561553985261 0.733599920846 -0.34342911946 1779097909.13
-0.506578416731 0.0197403353232  0.125875573261 0.522356231972  0.33719337895 -1.05485647034  10.1040183995   1.30215664802  0.527117485432 -0.192734138467 1779097909.15
-0.473953647723 0.0273399512677  0.123608735776 0.490569722552 0.257779335602  -1.1702722911  10.0486587709     2.1381197376   0.254485289437 -0.0663547943857 1779097909.17
-0.424604239216 0.0294971426357   0.12333157182 0.443136003944 0.137745313565 -1.19592200937  10.0049587151    2.78719431955 -0.0132079193613 0.00711332943237 1779097909.19
-0.359080257421  0.026795590774  0.123901909547 0.380799577394 0.0259624163426  -1.26009372732    10.005467919   3.41394682301 -0.205338610285 0.0184131495976 1779097909.21
-0.279545619953 0.0207723039568  0.124113946647 0.306564045509 -0.0776412154729    -1.4802142457    10.0703402151    4.36520256952  -0.339131808633 -0.0253411807763 1779097909.23
-0.189394006128 0.0136126961924  0.122916834994 0.22619448132 -0.156997213031   -1.5929956508   10.1584557724   4.86589196275 -0.340058260351 -0.118113051894 1779097909.25
-0.0927536919447 0.00771814275211   0.119579821176 0.151532672152 -0.192723208738  -1.64342446575   10.2641955361    5.0037091351 -0.214573902798 -0.233996007615 1779097909.27
0.00603594348564 0.00523207975771   0.113777649094 0.114057707787 -0.173851768168  -1.55427111467   10.3414043683     4.57978457445 -0.00225945333125   -0.327530919547 1779097909.29
  0.102901620246 0.00762161549418   0.105587205743 0.14763295868 -0.137915959791  -1.57407796272   10.4550292241     4.391675762  0.237084805624 -0.428338564527 1779097909.32
 0.194411985456 0.0154015685167 0.0954045432949 0.217106552833 -0.0879210297009   -1.74469134568    10.6406935248   4.54118751976  0.529929560578 -0.564801113626 1779097909.33
 0.278022411251 0.0280571697235  0.083806907672 0.291731492479 -0.00941073766086    -1.72313911744     10.7379116803   4.15046082434  0.756983274263 -0.631622645189 1779097909.35
 0.352184365181 0.0441769401314 0.0713945328316 0.362053322642 0.0680020747087  -1.58216523225   10.7518813224    3.5214802623  0.858079548586 -0.640501718729 1779097909.37
 0.416335022099 0.0617598214041 0.0586500252329 0.424957588032 0.123150501246 -1.34200528402  10.6753076437   2.77510781266  0.805927360279 -0.597696928992 1779097909.39
 0.470794753785 0.0786229378518 0.0458484748762 0.479511573579  0.17171742651 -1.24273108219  10.6594477378   2.41806197232  0.748993440069 -0.617621232794 1779097909.42
 0.516603527293 0.0928179388121 0.0330394501122 0.525914422165 0.210571548861 -1.17762399214  10.6397954671   2.19991410182  0.633606899593 -0.669995066583 1779097909.43
  0.55532376183  0.102968507831 0.0201047340969 0.565147055545 0.215608440155 -1.03658092138  10.5313332689   1.90840404146  0.413473895344 -0.691285535366 1779097909.45
  0.588830065365    0.10846650557 0.00687666699394 0.598776349949  0.194147009753 -0.895601821025   10.3838415512   1.66892722741    0.1709484095 -0.701814678611 1779097909.47
   0.619099298149    0.109501043414 -0.00671405511656 0.628744382092   0.14340989207 -0.733882347323   10.1972799417    1.40701659196 -0.0364663409991  -0.650902100849 1779097909.49
  0.648010717532   0.106932691502 -0.0205009851566 0.657094194876 0.0972926380192 -0.683601083976   10.0618964607   1.34214589283 -0.172121385001 -0.630531582432 1779097909.51
  0.677166740194   0.102054275814 -0.0339937691301 0.685656944526 0.0560051375039 -0.777729469029   9.96823885175   1.52583661221  -0.27171445667 -0.660688300468 1779097909.54
  0.707748675469  0.0962948115001 -0.0463675619493 0.715772889366 0.00665065029855  -0.894597393186    9.87684281541   1.70213880513 -0.299493358421 -0.606698404294 1779097909.55
  0.740424980543   0.090923912772 -0.0565410921583 0.748126463125 -0.0349966704206  -0.973120223518    9.80721455056   1.75732646727  -0.24678391095 -0.441212147193 1779097909.57
  0.775327938331  0.0868045573562 -0.0633346948232 0.782738606881 -0.0534769507727  -0.979317503554    9.77211978365   1.66293661996 -0.155340931235 -0.212061312384 1779097909.59
  0.812105675649  0.0842279594833 -0.0656819710675 0.819099565928 -0.0551082738754   -1.08353074726    9.75675590401    1.73052276569 -0.0915956766674  0.0110649347579 1779097909.62
  0.850041164769  0.0828500248489 -0.0628569796539 0.856379068118 -0.0363565936043   -1.31922928231    9.74707720985    1.99410880213 -0.0652824331033   0.288393686985 1779097909.64
  0.888212924204  0.0817363871292 -0.0546751243028 0.893639975002 0.0197640547713  -1.40883679684   9.74933949469    2.03514923181 -0.0898404869529   0.571284092333 1779097909.65
  0.925659868619  0.0795118808591 -0.0416301517059 0.930000753279 0.100966041237 -1.35944389677  9.75514636348   1.89874479058 -0.184896540919  0.770276221778 1779097909.67
  0.961510297327  0.0745988134984 -0.0249400993983 0.964722262311 0.183068716281 -1.18480144497  9.75953971602   1.61973312655 -0.326740675541  0.820349227589 1779097909.69
   0.995044221918   0.0655153217362 -0.00648893016586 0.997219818881 0.281461081888 -1.09905490879  9.75303439302   1.48653502227 -0.542280968324  0.840364208611 1779097909.72
  1.02567724356 0.0511910140079 0.0113345959039 1.02701645602 0.417475611299 -1.10166466089  9.73268941155   1.48221507708 -0.878304415991  0.829712465765 1779097909.74
  1.05287822505 0.0312450858393 0.0258853143565 1.05365974663 0.530429026857 -1.02044950226  9.70699987146  1.35671125266 -1.21250734533 0.625730726903 1779097909.75
   1.07605564979 0.00616729398059  0.0345696923089 1.07662846915  0.578849092993 -0.864026638973   9.68019691736  1.10105823184  -1.4270337836 0.246001779006 1779097909.77
   1.09446208051 -0.0226499443154  0.0351761058221 1.09526144097  0.542266857987 -0.666906235449   9.65725585867 0.752393034074 -1.43225975747 -0.20281642195 1779097909.79
  1.10716701736  -0.05305648636 0.0261832560076 1.10874675106  0.500019123758 -0.541189519292   9.61783697173  0.439695123321    -1.408426559 -0.663518177308 1779097909.81
   1.11313330209 -0.0824573948825 0.00700045808506 1.11620516779  0.462328388457 -0.477667070732   9.54606168652 0.106467604933 -1.38695734846  -1.2085078282 1779097909.83
   1.11140325279  -0.108242078776 -0.0219020153331 1.1168765537  0.374489275625 -0.413785545036   9.46047951241 -0.309009359018  -1.20219693924  -1.73306528491 1779097909.85
   1.10136498034  -0.128241899364 -0.0590016524796 1.11037471138 0.246316185442  -0.3496785564  9.37976304041 -0.744022825227 -0.862147482655  -2.09775401323 1779097909.87
  1.08303699942 -0.141111895544 -0.101879967398 1.09693264922  0.109357376671 -0.288542779631   9.33559364782  -1.07649007067 -0.446994673942  -2.16175131176 1779097909.89
  1.05729060379 -0.146543054306 -0.147509520713 1.07754227125 0.00611678004402  -0.264597208359     9.2958606087   -1.34086013282 -0.0971557416706   -2.13087543034 1779097909.91
   1.0259318147 -0.145249610164 -0.192630696779 1.05391656359 -0.0639894001484  -0.289977241614     9.2313781792 -1.62949346004 0.193723952275 -2.14909314045 1779097909.93
 0.991589947015 -0.138732166316 -0.234160270935 1.02826468843 -0.0927748057681  -0.341080079051    9.19533189108 -1.80339531651 0.430878151616 -2.02469537386 1779097909.95
 0.957403459977 -0.128876399838 -0.269568371796 1.00294447438 -0.0601306064042  -0.386436181378    9.23932983194 -1.69713677127 0.554212011151 -1.64398117409 1779097909.97
 0.926545440675 -0.117491422916 -0.297167534528 0.980101643542 0.0255668496367 -0.411901398115   9.34267566276  -1.3629858781 0.561772458853 -1.14237384631 1779097909.99
 0.901677171112 -0.105908080928 -0.316274838807 0.961388587499  0.144850534743 -0.436924634864   9.44219054414 -0.990703000022  0.535383675462 -0.707465909668 1779097910.01
  0.884445740722 -0.0947404146966  -0.327231138377 0.947787018471   0.30259940921 -0.477908926111   9.51012362755 -0.650294539423  0.540137559978 -0.367852504264 1779097910.03
  0.875142146579 -0.0838679705836  -0.331284922136 0.93949843685  0.493447686727 -0.507596537284    9.5523399296  -0.312248237287   0.583076220624 -0.0827387255464 1779097910.05
  0.872608265967 -0.0726357261263   -0.33036780164 0.935876070271  0.640902355586 -0.465160975684   9.57421047235 -0.0188558138568   0.626458328498   0.118731673198 1779097910.07
  0.874430047285 -0.0602094567434  -0.326800960784 0.935442116994  0.687628583994 -0.357243228519   9.56348587683 0.118084004926 0.657977040689 0.182482048395 1779097910.09
  0.877391363219 -0.0459837830743  -0.322976204576 0.936078918296  0.678420302882 -0.239238739657   9.50671326174 0.0862612549507  0.711245286497  0.135018271813 1779097910.11
  0.878102568947 -0.0299286113851  -0.321052638107 0.935432862266  0.660666723672 -0.126224366046    9.3882466283 -0.0913077902113   0.815712200752 0.00671360558742 1779097910.13
  0.873674573912 -0.0127792736055  -0.322702919489 0.931454639358   0.577419871515 0.00354089405245    9.23288134399   -0.415861878  0.89204652066 -0.20733441545 1779097910.15
  0.862294518257 0.00398052374546  -0.328933987956 0.922911290005   0.3869667811 0.135052406069   9.1129957545 -0.797439999983   0.82450259998 -0.458238149188 1779097910.17
 0.843577483459 0.0183392172292  -0.33999780691 0.909702042535 0.147746842325 0.236842039129  9.06226386694  -1.10821797629  0.612663359066 -0.671461091894 1779097910.19
 0.818616086298 0.0281275556608 -0.355398427482 0.892878210279 -0.0728188878678   0.289094355757    9.10361587276  -1.23077149593  0.299617463588 -0.776781628647 1779097910.21
 0.789715032691 0.0314514244384 -0.373992226158 0.874362173349 -0.264667181179   0.35767932762    9.0888029495   -1.38950986731 -0.0245350632569  -0.916944713482 1779097910.24
 0.759865678751 0.0270901791013 -0.394168123821 0.856445116387 -0.460216931355  0.458015443821   9.04762200109  -1.54580476745 -0.447191487673  -1.07513252663 1779097910.25
 0.732071455529 0.0147755041874 -0.414084277925 0.841197194925 -0.548790972393  0.509751115486   9.13464396476  -1.37210934619 -0.852110522747  -1.01196676521 1779097910.27
   0.708666875485 -0.00470542023371   -0.431928589098 0.829935652608 -0.532928776425   0.54415729547   9.26812962871  -1.04635309198  -1.12436836425 -0.812822043898 1779097910.29
  0.690773939374 -0.0296011226349  -0.446164778997 0.822865646262 -0.440564141366  0.568620324637   9.40920892103 -0.701590690531  -1.20731693532 -0.544609667251 1779097910.31
  0.678009551033 -0.0574614038893   -0.45572633256 0.81895375597 -0.378452611564  0.693171812185   9.47992858545 -0.527552973425  -1.32466218886 -0.330767635601 1779097910.34
 0.668502478495   -0.0855237761 -0.460128643912 0.816044269008 -0.329473027438  0.924933898788   9.52090881384 -0.503686924216   -1.4383926871 -0.100691745667 1779097910.35
 0.659211285562 -0.111144130764  -0.45948428234 0.811195625317 -0.256454147542   1.10501922899   9.58865656248 -0.607193943102  -1.28607603671  0.157230778414 1779097910.37
 0.646471795585 -0.132186187156 -0.454423874517 0.801186637615 -0.203268987008   1.16665393612   9.66806727247 -0.839093956469 -0.931789964415  0.349104794306 1779097910.39
 0.626659040369 -0.147292472861 -0.445940930282 0.783109148675 -0.197906453948   1.14163488327   9.73935699489  -1.14994327122 -0.551329097234  0.445593953335 1779097910.41
 0.596833159677 -0.155984947502 -0.435189294373 0.754937643964 -0.266976884687   1.21711426098   9.79688703845  -1.68422674978 -0.266282672111  0.534820037263 1779097910.43
 0.555251636737 -0.158582255695  -0.42326577073 0.715965519136 -0.40433063026   1.3307590288  9.86084346513    -2.43397008963 0.000509808208929    0.618407699184 1779097910.45
 0.501664515068 -0.155965013914 -0.411009448122 0.667024090786 -0.587844207115   1.40531103019   9.93513924295 -3.26082187661 0.257856792946 0.675410435461 1779097910.47
 0.437354336983  -0.14925926267 -0.398845833187 0.610438483569 -0.69575595306  1.26644036688  9.99188284702 -3.56473330071 0.428473838382  0.63376842957 1779097910.49
 0.364928571016 -0.139529625948 -0.386699375749 0.549706999833 -0.694058741172   1.03169901878   10.0176999253 -3.33382827806 0.483858856412 0.554458317366 1779097910.51
 0.287912048139 -0.127569790702 -0.373991667614 0.488914273066 -0.785555590329   1.04512882544   10.0802117275   -3.610722762 0.599369396534  0.62935430529 1779097910.53
 0.210215924211 -0.113847779995 -0.359732733122 0.431925561968 -0.890794546183   1.18740543922   10.1776834972 -4.02219682349 0.764509499625 0.826246321562 1779097910.55
  0.135575432482 -0.0986147706173  -0.342698428161 0.381507252278 -0.85103060987  1.29128958733  10.2626451831 -3.91383724494 0.867007668679  1.04056762576 1779097910.57
 0.0670502215574 -0.0821331852577   -0.32166942441 0.338692797284 -0.66924908096  1.32325833849  10.3153715121 -3.31201807738  0.86523881098  1.20777908724 1779097910.59
0.00666877644075 -0.0649389152341  -0.295690604008 0.302810945293 -0.436984133389   1.30742224872   10.3440395298 -2.55416464363 0.779120099619  1.31094395176 1779097910.61
-0.0447262693294 -0.0480369843993  -0.264299311234 0.272327224046 -0.26396151519  1.47664376354  10.4529828699 -2.19022043994  0.74483383619  1.58353661552 1779097910.63
-0.0874098823549 -0.0329453464333  -0.227671422822 0.246089740043 -0.101656337625   1.80660835252   10.6528356105 -2.03666694723 0.693751113521   2.0334092033 1779097910.65
 -0.122502467305 -0.0215440302989  -0.186647519921 0.224295110134 0.0553171128746   1.97693002991   10.8060416828 -1.74201355891 0.467136598357  2.30965152637 1779097910.67
  -0.15155403072 -0.0157445163257  -0.142625798795 0.208707049483 0.138831795226  1.89907612821  10.8514238789 -1.37501461771 0.115327581395  2.29213062472 1779097910.69
 -0.176077598932 -0.0170504850857 -0.0973385057878 0.201912913397 0.127827302047  1.63997697393  10.7948540028  -1.03555193083 -0.235688436828   2.04604272085 1779097910.71
 -0.197139949589  -0.026119731358 -0.0525571748116 0.205690682128 0.0599985539787   1.54285588192   10.8277645717 -0.891749152383 -0.580225684367    2.0001766598 1779097910.74
  -0.215109313464  -0.0424468683805 -0.00979110056552 0.21947578232 -0.0801143579495    1.58534445813    10.9562491461 -0.848921411131 -0.996741110093   2.15602474023 1779097910.76
 -0.229627561947 -0.0642642973704  0.0299523426504 0.240324488874 -0.289492765858   1.46671269249   10.9583336106 -0.688016629176  -1.28787578196   2.11792136548 1779097910.77
 -0.239824445582 -0.0887103142806  0.0662894825816 0.264158248138 -0.463862629759   1.15779743056   10.7617141823 -0.389667376583  -1.23778619185   1.79227012791 1779097910.79
-0.244734114572 -0.112250563015 0.0994347387475 0.287023070506 -0.552914001305  0.875751231091    10.519206165 -0.0907806405066  -0.966662481992    1.44752986237 1779097910.81
-0.243822032195 -0.131277947376  0.130032434463 0.305927306502 -0.649725467533  0.800647716748   10.3819570826 0.166528382128   -0.702181015  1.36775405934 1779097910.84
-0.237495856141 -0.142771292195  0.158885009174 0.319425061164 -0.756293609802  0.896872456509   10.2939948005  0.428220937492 -0.355990988926   1.48215861043 1779097910.86
-0.227466280636 -0.144874900869  0.186642973278 0.327971409123 -0.736233095829   1.04269075687   10.1702847634 0.581080185904    0.154701706  1.53786659794 1779097910.87
-0.216846699679 -0.137273841396   0.21353434806 0.333861522933 -0.557440690845   1.15409005369   10.0369784197 0.473548769614 0.637136146732   1.4194082833 1779097910.89
-0.209929988085 -0.121280697735  0.239206004803 0.340586435834 -0.315928070673   1.17839653276   9.94342195706 0.121748018969  0.88181126965  1.15170378939 1779097910.91
 -0.211646601556 -0.0996099420882   0.262725889436 0.351768840993 -0.140550523617   1.31614646978   9.91889449255 -0.379230806783   1.02189240032  0.980332945222 1779097910.93
 -0.226777411142 -0.0758828732979   0.282757540095 0.37032152401 -0.0121759640447    1.70420309711     9.9579767933 -1.23130555384  1.18554897656 0.912918268649 1779097910.96
 -0.259054007238 -0.0539642442257   0.297874830802 0.398435105314 0.0714189807269   1.97504393995   10.0315313632 -2.34682361842  1.08479090231 0.679522610408 1779097910.97
 -0.310316933677 -0.0372677369418   0.306946402854 0.438065723115 0.0548268378775   1.89369196641   10.0963510938 -3.20459770298 0.683891254834 0.308154675854 1779097910.99
 -0.379909163339 -0.0281726185615    0.30949628376 0.490828502114 -0.0427929734927    1.55836736894    10.1225605749   -3.51288532044   0.218812883409 -0.0227838016624 1779097911.01
 -0.464453078779 -0.0276668045825   0.305946709713 0.556853215531 -0.194033334104   1.39525534134    10.172029051  -4.05577876342 -0.161745715702 -0.269124663966 1779097911.03
 -0.558096180797 -0.0352787721139   0.297672532024 0.633502071902 -0.432961856833   1.33896509586   10.2501364747  -4.95610631562 -0.567850156253 -0.501664293603 1779097911.05
 -0.653224032066 -0.0492953993892   0.286839039114 0.715128175105 -0.649239606008   1.04949800991   10.2392421853  -4.95188170497 -0.861680694692  -0.58375298236 1779097911.07
 -0.741545732104 -0.0672009678022   0.276046566569 0.794108147414 -0.776715169834  0.703263047892   10.1580294957  -4.27085086237 -0.972768386544 -0.500062273284 1779097911.09
-0.815377320735 -0.086228928111  0.267852953023 0.862566407679 -0.740669598041  0.383174445317   10.0194851001  -2.99978832912 -0.864481705485  -0.27724520224 1779097911.11
-0.868899473896 -0.103901883942  0.264276331464 0.914124650469 -0.668892572508  0.208497552254   9.88781044549   -1.91939411668  -0.738127168871 -0.0335650470128 1779097911.13
-0.899159162411 -0.118448289972  0.266387833676 0.945240537999 -0.587748787102  0.158500936844   9.74199548338 -0.971393209077 -0.646816047015  0.252577098788 1779097911.15
-0.906623576454 -0.129021016612   0.27408517539 0.95589508602 -0.353440268494  0.204443780878   9.58207904428  0.10678791572 -0.46186047005 0.527931899244 1779097911.17
-0.895172040549 -0.135692694128   0.28609913531 0.949525252242 -0.0467489148384   0.335433663471    9.45894738895   0.90981159389 -0.265148195009  0.677620389458 1779097911.19
-0.871512687059 -0.139253452658  0.300235484647 0.932237756166 0.225847415578 0.493823044726  9.40091212572   1.21107986856 -0.122981235175  0.657214177792 1779097911.21
-0.844114893103  -0.14087738196  0.313806210664 0.911510135631 0.444835467898 0.692911965444  9.35652180944    1.16510594215 -0.0584807695002   0.561251283398 1779097911.23
-0.821835381559 -0.141746931531  0.324165884844 0.894756451711 0.644144061346 0.957888668804  9.30091291163   0.812791995739 -0.0474787385162   0.396632267292 1779097911.25
 -0.81246965573 -0.142725918804  0.329248688339 0.888190479657 0.717204769382  1.12684092408  9.30633004195 0.00962229638736 -0.0638370335263   0.101781619932 1779097911.27
-0.821472731702 -0.144152853169  0.328001880788 0.896204623849 0.652232005172  1.15903135754  9.35362548198   -1.01702321573 -0.0808097477465  -0.227088221022 1779097911.29
-0.851063301567  -0.14579245921  0.320631222936 0.921069251228 0.452103654185 0.990966242381  9.44062749901   -1.87405150312 -0.0667149576735   -0.46365216554 1779097911.31
-0.899859508997 -0.146943369076  0.308608497532 0.962589577336 0.250223249796 0.819074896597  9.48439851592   -2.60504657943 -0.0202567331616  -0.609103046516 1779097911.33
-0.963103861241 -0.146663681912  0.294434283975 1.01772826958 0.0480651276232  0.671870448248   9.46557454923  -3.41039311714 0.0738303335295 -0.699951456943 1779097911.35
 -1.03343494151 -0.144051644165  0.281193382796 1.08065182786 -0.161347076473  0.424902702981   9.43578771897  -3.66109223938  0.214783343507 -0.591586256411 1779097911.37
 -1.10207213184 -0.138510904585   0.27197876699 1.14355616572 -0.312109561878  0.162600249517   9.38617331244 -3.32225230368 0.369817513623 -0.31203203723 1779097911.39
 -1.16021316615 -0.129939287988  0.269286139127 1.19812095975  -0.355909273945 -0.0512519433009    9.34265200376   -2.3990033962  0.480750740885 0.0612519467502 1779097911.41
-1.20041499062 -0.11880338675  0.27448968113 1.23711558856 -0.324628718553  -0.18433870754   9.27770746614  -1.3482014843 0.558887692118 0.426800782844 1779097911.43
 -1.21774029614 -0.106091810225  0.287497529933 1.25570766135  -0.24910808862 -0.268677514891   9.15245741292 -0.252294258854  0.641251699294  0.804613137241 1779097911.45
 -1.21050049558 -0.093169243417  0.306654225115 1.25220955574 -0.0953247566591  -0.286263529682    9.04412113728 0.972191540188 0.640051097975    1.081152172 1779097911.47
  -1.18049883373 -0.0815735564431   0.328912916008 1.22817565839  0.103382028418 -0.239112697177    8.9978786958  2.00703681692 0.525766463692  1.12555422613 1779097911.49
  -1.13275905637 -0.0728039759597   0.350251933291 1.18790568459   0.29223855265 -0.163876894931   9.00808460652  2.61408768605 0.332244793222 0.923864175607 1779097911.51
  -1.07480049309 -0.0681395299117   0.366268552875 1.13753758105   0.442117648005 -0.0969396262465    9.04563915159  2.77780837618 0.101823247787 0.535823975026 1779097911.53
  -1.01557834533 -0.0685086038677   0.372855448683 1.08402674779   0.583701054965 -0.0614926840526    9.04046388184   2.73500801415 -0.155143410024 0.0145451920486 1779097911.55
-0.964242840671 -0.074410915996  0.366856515425 1.03435242694   0.687239252178 -0.0603819513696    9.03719608568   2.28499092931 -0.457867543629 -0.691793285346 1779097911.57
 -0.928882462888 -0.0858807650553   0.346607804296 0.995155819792   0.696641693419 -0.0957026406753    9.07800366995    1.3131760967 -0.754764554254  -1.46726614019 1779097911.59
-0.915408065131 -0.102479320291  0.312291394423 0.97262523709  0.599726459457 -0.153618599956   9.16401183005 0.0559060538892 -0.963825081078  -2.07407791697 1779097911.61
 -0.92671126859 -0.123312337757  0.266057920441 0.972001298869  0.461729162423 -0.220269514483   9.24120089134 -1.15250347154 -1.09863291641 -2.47282022265 1779097911.63
-0.962197029076 -0.147081264827  0.211900637174 0.996171622393  0.277086689142 -0.252710502617   9.35623101362  -1.9408637202 -1.04184957282 -2.36152245574 1779097911.65
 -1.01775033689 -0.172181824793  0.155287235259 1.04382778965  0.179357588865 -0.370404604231   9.29751556545 -3.23794674712 -1.30028650216 -2.85574893054 1779097911.68
 -1.08615261154 -0.196859035535  0.102576411145 1.1086040301 0.0365867023603 -0.498472927782   9.23671710618  -4.4655043779 -1.50467601998 -3.02721185059 1779097911.69
 -1.15791485104 -0.219411021195 0.0602682536701 1.18005943108 -0.0833986726582    -0.3909901939    9.41827010705  -3.27434549982 -0.998298191503  -1.64360949632 1779097911.71
 -1.22244263392 -0.238411792528 0.0341634794437 1.24594274322 -0.148084236196 -0.373618850537   9.47911716189  -2.54818716427 -0.765588275562 -0.725353539637 1779097911.73
 -1.26939633838 -0.252904997165 0.0285345205367 1.29465911356 -0.178337704521 -0.384214432273   9.51583585542  -1.59461462635 -0.568382967815  0.265761372411 1779097911.75
 -1.29006703426  -0.26251577146 0.0454338849349 1.31728953577 -0.168334790183 -0.420407374548   9.54834889847 -0.232711608376 -0.368878935151   1.41439066884 1779097911.77
 -1.27856669722 -0.267441238944 0.0842707601888 1.30895346615 -0.101984161798  -0.46699437184   9.59591710257   1.53279656752 -0.154665733778   2.57128186543 1779097911.79
 -1.23264212623 -0.268310190449  0.141764753466 1.26944642068  0.01367834666 -0.49154173142  9.66508753571    3.1890026824 0.0384026049103   3.27766541538 1779097911.81
 -1.15397042914 -0.265940825889  0.212331134992 1.20310298191  0.135803529824 -0.496080237907    9.7337593906   4.2468074081 0.166644807303  3.38119094096 1779097911.83
 -1.04787585525 -0.261059958295  0.288870562986 1.11787401437 0.278604906723 -0.58173851143  9.78358697646  5.53895800058 0.284177555654  3.62579070706 1779097911.85
 -0.92250921228 -0.254065653189   0.36384517952 1.02369718058   0.44707212324 -0.707782257458   9.83143456719  6.84045376367 0.424497276482  3.72129906082 1779097911.87
-0.787631274032 -0.244909989336  0.430447123419 0.930391666327  0.561025002611 -0.762446768746   9.86901657809  7.09489115359 0.551086642527  3.15589155996 1779097911.89
-0.653217219647  -0.23314874032  0.483629445172 0.845546279865  0.614716154792 -0.769662060427   9.88623788328  6.67843386371 0.688495484513  2.32498400431 1779097911.91
-0.528130666214 -0.218157460172  0.520787879141 0.773133037119  0.56724889435 -0.68788108348  9.87573871937  5.45253291269 0.784535967383  1.35832132535 1779097911.93
-0.419093794169 -0.199461965561  0.541953685792 0.71353940435   0.53623306733 -0.660247875332   9.85224258219  4.71174296221 0.977139614573 0.682357805715 1779097911.95
-0.330109137335 -0.177090983932  0.549465491017 0.665015477234  0.486464754495 -0.647874751435   9.80858012386  4.10874876465  1.24854614639 0.137662231951 1779097911.97
-0.262386855454 -0.151842640152  0.547204098553 0.625568041669  0.331763092436 -0.538471269109   9.74954526501    2.9804097311   1.33594466469 -0.255616294476 1779097911.99
-0.214724336392  -0.12537067595  0.539569457277 0.594103986061  0.156440364732 -0.430786799854   9.69277801284   2.00307222101   1.32714659062 -0.429707942684 1779097912.01
-0.184198200037 -0.100038313592  0.530430721185 0.570344975484 -0.0186336481371  -0.317454593178    9.66500851551  1.12798824466  1.10626023652 -0.40853186526 1779097912.03
 -0.166980866895 -0.0785468707298   0.522277850968 0.553919104583 -0.161260654486 -0.269392639636   9.66122060641  0.583873106644  0.851934359888 -0.341447418098 1779097912.05
  -0.15909291933 -0.0634069787941   0.515749220734 0.543441128945 -0.300783499216 -0.313930546063   9.68330498513  0.261734749996  0.578459248842 -0.330139354796 1779097912.07
 -0.156944934138 -0.0563664834345   0.509619018448 0.536209321786 -0.371864533232 -0.406100458345   9.77628185693 0.0396901223106  0.145098530951 -0.384737369386 1779097912.09
 -0.157594427729 -0.0579288165367   0.501223548268 0.52859889971 -0.371600669046 -0.563739916594   9.92138708189 -0.046420263526 -0.279505966662 -0.584388962646 1779097912.11
 -0.158724857311 -0.0670837674198   0.487211402091 0.516786960465 -0.290602344114  -0.72057797739   10.0773642331 -0.0195451443321  -0.551660110753  -0.867104358728 1779097912.13
   -0.1584235776 -0.0813315042833   0.464438991698 0.497409710941 -0.207706224447 -0.979641802879   10.2649526442 0.0909994473035 -0.708245498651  -1.33438887634 1779097912.15
 -0.154878619408 -0.0970189017723    0.43081131149 0.46797269168 -0.113693415783  -1.39040666394    10.520515832  0.322825607011 -0.750744608491  -2.06148762027 1779097912.17
-0.146122766104 -0.109937561889  0.385888932261 0.427022714068 0.00520738972601   -1.68281761547     10.705456895  0.656438500037 -0.501261773173  -2.62243969282 1779097912.19
-0.129928878064 -0.116070727017  0.331138315429 0.374174439226 0.105967277851 -1.90259021505  10.8372252511    1.09902232235 -0.0624671583794   -3.02299575566 1779097912.21
-0.103910947632 -0.112336832856  0.269780145857 0.310158630627 0.157082947849 -1.84497493141  10.8092130884  1.49063406958 0.439452130464   -2.903481545 1779097912.23
-0.0658238199733 -0.0971719879329   0.206273429469 0.237326564504 0.189833454357 -1.94473675336  10.8636812047   2.1260487502 0.981541923419 -2.93753815039 1779097912.25
-0.0139958428607 -0.0708253459376   0.145545435559 0.16246718763 0.207950438679 -2.12834323311  10.9676950722   3.0707174622  1.60950801215 -2.96954708555 1779097912.27
  0.05221306154 -0.035303284979 0.0921254878883 0.111622718316 0.182027989813 -2.03092756149  10.9279894705  3.77502667168  1.98642998977 -2.48633491666 1779097912.29
  0.132050379095 0.00602459988188  0.0493554340895 0.141101230672 0.148676246015 -1.89752126919   10.878158977  4.41944092507  2.18061466055 -1.89429883581 1779097912.31
 0.223214273596 0.0490711316731 0.0188294754717 0.229318854539 0.112053545283 -1.58952097401   10.733499648  4.47768147939  1.97493039751 -1.15974406912 1779097912.33
   0.321966537328    0.089789198949 0.000166107167969 0.334252268501 0.108983234502 -1.46659192573  10.6922185778    4.7718161479   1.80596806681 -0.659485696142 1779097912.35
   0.423521597548    0.124880555044 -0.00885386581479 0.441637959824 0.144863073207  -1.4813111539  10.7253635335   5.25058744885   1.63570379052 -0.313655966829 1779097912.37
  0.522654882012   0.152309191105 -0.0118224745662 0.544523632445 0.202323498656 -1.39813227795  10.6787338673   5.03601331606    1.2303260727 -0.109760248101 1779097912.39
  0.614421175919   0.171518384175 -0.0130145349333 0.638044916638 0.277537052794 -1.31584884449  10.6052308812  4.46420668612  0.80390879502 -0.12419416411 1779097912.41
   0.69484433072    0.18331685315 -0.0166127824875 0.718811308428 0.329023683602 -1.15574718281  10.4624504029    3.4233817289  0.418043262947 -0.302282726591 1779097912.43
  0.761442070791   0.189471712048 -0.0259963992088 0.785091949779 0.411444719332 -1.17127567502   10.401584583   2.82342763793  0.209234267673 -0.633169877061 1779097912.45
  0.813484319767   0.192108844449 -0.0432184819821 0.836976931466   0.5088417521 -1.27897718328  10.3628855975   2.36025792292 0.0936434485694  -1.11508594746 1779097912.47
  0.851942454214   0.193062323023 -0.0687526186945 0.876245358585 0.532076395607 -1.28088531955  10.2618462925    1.7259072903 0.0319763137021  -1.53256020272 1779097912.49
 0.879155393701  0.193325548772 -0.101532665454 0.905868564548 0.496974458013  -1.2472854058  10.1495368167     1.20167373854 -0.00847620865383    -1.82760409012 1779097912.51
 0.898298944884  0.192735339687 -0.139255376003 0.92923622685 0.378963602057 -1.09957492812  10.0252536794   0.783675129247 -0.0782102365867   -1.80241514895 1779097912.53
 0.912782036891  0.189969633009 -0.178872329341 0.949344415131 0.273370237817 -1.06908718923  9.94739507256   0.63523786261 -0.228738581698  -1.80642302028 1779097912.55
 0.925698521119  0.182869208312 -0.217171426305 0.968257366486 0.163721656066 -1.17386572758  9.89889274717  0.692393959626 -0.544254105042   -1.8825393589 1779097912.57
 0.939435951608  0.169018406761 -0.251341250866 0.987056003166 0.0131525864852   -1.1551538529    9.8580024382  0.770020134888 -0.941107947519  -1.60890830114 1779097912.59
 0.955491954688  0.146456086311 -0.279422918722 1.0062263305 -0.124792186995  -1.16106327235     9.841269908 0.907792377972  -1.4157243302 -1.27515032077 1779097912.61
 0.974489694383  0.114351240881 -0.300580253559 1.02618461282 -0.219453234823  -1.11568573924   9.84117633481   0.99826807216  -1.78375463696 -0.873370154024 1779097912.63
 0.996333963148 0.0734775708151 -0.315154995319 1.04757004091 -0.27129680579 -1.11306741103  9.85054733036    1.0884307918  -2.08504669515 -0.567108841567 1779097912.65
  1.02042286763 0.0263596002479  -0.32451297291 1.07110518947 -0.310762585467  -1.25809314501   9.86361179799   1.28523155605  -2.50414198516 -0.404219670496 1779097912.67
   1.04583354772 -0.0229672973399  -0.330723167195 1.09712037608 -0.273290648206   -1.2821119989   9.85842637954   1.31931189347  -2.48080226938 -0.300683107501 1779097912.69
   1.07143067615 -0.0695542528271  -0.336138113595 1.12507347284 -0.194234998274   -1.2807921385   9.82945607235   1.28963861993  -2.20051499997 -0.315158269961 1779097912.71
  1.09589182092 -0.108381908339 -0.342956267643 1.15340561934 -0.0828954745647    -1.1813061371    9.77367784426    1.1310781507  -1.60707462251 -0.408459416437 1779097912.73
   1.1176877184 -0.135277844667 -0.352842639691 1.17984060767 0.0303354476598  -1.06953976665   9.69551814163  0.932985089979 -0.936395479504 -0.564414557032 1779097912.75
  1.13508258489 -0.147715928371 -0.366664939864 1.20194660786 0.148465266941 -1.00027811549  9.58332092744  0.724421104008  -0.25514190834 -0.800569262288 1779097912.77
  1.14622013807 -0.145326994208 -0.384374269625 1.21765517258   0.26198740072 -0.851574513549   9.45341341604 0.380246969595  0.47242566268 -1.02361626359 1779097912.79
  1.14933419472 -0.130009472419 -0.405029952001 1.22552879039  0.333477993491 -0.599254445273   9.35401796385 -0.081641264386   1.03152519154  -1.10566274522 1779097912.81
  1.14307674898 -0.105610742189 -0.426944999451 1.22476941319  0.349233806268 -0.326924701341   9.31295384111 -0.531165279233   1.24980401339  -1.01568053347 1779097912.83
   1.12690592904 -0.0772369408656  -0.447916702585 1.21511805615 0.367216089031 -0.12453659323   9.2596326639 -0.983073327104   1.30530874603 -0.910408021048 1779097912.85
   1.10143768113 -0.0503230663395  -0.465506254565 1.1968264074  0.391642614172 0.0337344112181   9.18965629556  -1.47949631647   1.20876406707 -0.747229174919 1779097912.87
   1.06865172103 -0.0296426396063   -0.47733836677 1.1707890943 0.385917099338 0.133014194222  9.16300182599  -1.83859369574  0.842287337842 -0.420000265527 1779097912.89
   1.03186023854 -0.0184485967227  -0.481400219844 1.13878095974  0.34688100055 0.137375037364  9.19357846081  -1.89409955073    0.3032925928 0.0262539770321 1779097912.91
   0.99539412756 -0.0179122712331   -0.47632294856 1.10363665668  0.290182455216 0.0534249342009   9.26340640639  -1.61574509496 -0.202955971661  0.471013540562 1779097912.93
   0.96402543561 -0.0269694199539  -0.461625373675 1.06919145888   0.264420576604 -0.0814609417234    9.28530595276  -1.25497222907 -0.582593117878  0.906896232842 1779097912.95
   0.94221097874 -0.0426013725311  -0.437890546473 1.03986755699  0.271205407096 -0.265422884236    9.2530717817 -0.777362108427 -0.847951539807   1.38593036289 1779097912.97
  0.933294613238 -0.0604907967581  -0.406836518726 1.01990878247  0.280109235034 -0.445339595116   9.23153434998 -0.0871508172436    -0.8589524937    1.71855180252 1779097912.99
  0.938831064531 -0.0759135757924  -0.371241054934 1.0124161988  0.301749336324 -0.575235415513   9.20118878177  0.645865804679 -0.627658640122   1.87209460063 1779097913.01
  0.958184206205 -0.0846787441019  -0.334692007795 1.01848230363  0.314216233067 -0.583471952746   9.20068017917   1.21345440655 -0.195582969688   1.71185625455 1779097913.03
   0.9885061831 -0.083920145431 -0.301162886394 1.03676716237  0.339575302901 -0.516942800325   9.17589954739  1.59239611616 0.287793061083  1.43290494379 1779097913.05
   1.02512833385 -0.0725799608772  -0.274452868494 1.06371064139  0.391535903683 -0.398962699046   9.09264085278   1.8663199002 0.819928813954  1.10235299563 1779097913.07
   1.06230635432 -0.0514975758301   -0.25757237449 1.09429900797  0.426859097543 -0.181662895814   9.01757727618  1.83295268614  1.31314808756 0.591046455474 1779097913.09
  1.09418159103 -0.023109424464 -0.252186236517 1.12310520324  0.414461396837 0.0960247733753   8.99580713428    1.40768610359    1.59680107068 -0.0174321572774 1779097913.11
   1.11576837095 0.00914677177866  -0.258234424275 1.14529810046 0.346556976806 0.338968303562  9.04884404524 0.717510690859  1.56852851437 -0.52486141453 1779097913.13
  1.12376795184 0.0415684279494 -0.273828756111 1.15739558124 0.277118239626  0.52871825317  9.07979295646 0.0300559117504   1.45208010888 -0.875831881417 1779097913.15
  1.11704634971 0.0708892851438 -0.295474836366 1.15763691072 0.212355810046  0.69511749289  9.06957110166  -0.6751288785  1.32689547759 -1.11620926917 1779097913.17
  1.09668749165  0.094792251294 -0.318601630811 1.1459563798 0.133483585282 0.788361103917  9.08566926261 -1.37207321294   1.1007055646 -1.14306846491 1779097913.19
  1.06562677498  0.112139133551 -0.338312269384 1.12365065765 0.0487877971674  0.723682274429   9.19978117997  -1.80307463948  0.737410360774 -0.829412527274 1779097913.21
  1.02796024826  0.122899895997 -0.350216093895 1.09291260806 -0.00748543416901    0.551758966134     9.37338811452   -1.8741547769   0.37951462679 -0.310978828281 1779097913.23
 0.988089576476  0.127840345272 -0.351178030224 1.056404361 -0.0251330003603   0.386624616585    9.53586158607 -1.81585389449 0.120564202329 0.241459581125 1779097913.25
 0.949888086503  0.128083522243 -0.339834602558 1.01694656824 -0.00828214492259    0.260829252789     9.68903133368   -1.77861293902 -0.0779488427045   0.849456688604 1779097913.27
 0.916054612588  0.124683367187 -0.316774489945 0.977265610147 0.0443631741326  0.164456836477   9.86101281089   -1.6558043284 -0.259851981923   1.47879651386 1779097913.29
0.887766763558 0.118334575094 -0.28435413652 0.939675568001 0.116755144811 0.125188622979  10.0233466861  -1.39716009304 -0.418419268164   1.91897531343 1779097913.31
 0.864669229947  0.109294555049 -0.246197552306 0.905655238897 0.166690014932 0.161692658671  10.1124862399  -1.06393934737 -0.519574639131   1.94403740992 1779097913.33
 0.845155453713 0.0975253475844 -0.206494453419 0.875464958554 0.178400890797 0.266826867653  10.1302591083 -0.857719665492 -0.596332253607   1.74479195922 1779097913.35
 0.826841094656 0.0829944268427 -0.169246738487 0.848055852635 0.170557265873 0.478667989489  10.1377674265 -0.915679834662 -0.757955041109   1.65734827196 1779097913.37
 0.807098549765 0.0660237013706 -0.137612796745 0.821403968826 0.105023898377  0.79928051184  10.0987860808  -1.15927073416 -0.948379667966   1.49299388864 1779097913.39
 0.783528030682 0.0475607459776 -0.113464997513 0.79312830304 -0.0405885558268    1.06905085279    9.97494336075  -1.39415280755 -0.970075983081   1.06614715382 1779097913.41
  0.754277483158  0.0292698765111 -0.0972190683675 0.761080018477 -0.217097654602   1.26731880723   9.83452103717 -1.63356527548 -0.85404318477 0.638282121284 1779097913.43
  0.718178082004  0.0133951823905 -0.0879308456222 0.723664992932 -0.383506496805    1.3859542726   9.72057681908  -1.85104785708 -0.624797540258  0.316812199004 1779097913.45
  0.674717321691 0.00241536110942  -0.083602116428 0.679881322019 -0.564778224829   1.58807652069   9.64138243182  -2.24810023213 -0.353554781972  0.150864210781 1779097913.47
   0.623912112698 -0.00142986132828  -0.0816048994479 0.629227882796 -0.775753359477   1.91076124912    9.6024849746  -2.89708889558 0.0255626791579  0.119410740605 1779097913.49
  0.566159650772 0.00337322778588 -0.0791276414119 0.571672382107 -0.842856951062   1.98572588527    9.6655698303 -3.23550170187 0.495746420265 0.213606023816 1779097913.51
  0.502132150475   0.017229371735 -0.0735650540367 0.50778476244 -0.786458993624   1.92404124131   9.80942696099 -3.36182130646 0.903949127964 0.411262984164 1779097913.53
  0.432748941631  0.0392455967182 -0.0628070576094 0.439040533242 -0.644160089923   1.79021821868   9.99617976084 -3.32916461122  1.16591401335 0.655647980952 1779097913.55
  0.35921783722 0.0672797056749 -0.045419410346 0.368275625325 -0.51234659201  1.80792827072  10.2280992379 -3.53150526196  1.39162911131 0.992799467541 1779097913.57
  0.283101096308  0.0982160024088 -0.0207370930661 0.300370838945 -0.384001471275   2.01905740415   10.5541694721 -4.06512664364  1.62556933838  1.50282103579 1779097913.59
 0.206341773394  0.128412030375 0.0110967537802 0.243289364619 -0.196522155678   2.07714136809   10.8496496778 -4.20683773531  1.55118274732  1.93454876105 1779097913.61
 0.131190498098  0.154229833677 0.0491202387467 0.208352072804 -0.0229126098725    1.86753267746    10.9517940034 -3.6947018721 1.11448756761 2.03157380636 1779097913.63
0.0600002535588  0.172555187287 0.0915643013043 0.204351032197 0.0687627265793   1.61186624966   10.9180266331 -3.01260429206 0.596553896613  1.91828150512 1779097913.65
-0.00510021354897    0.181218029677    0.135903608259 0.226573999382 0.101148158279  1.69522019676  11.0283091975 -2.88837239704 0.157792165966  2.05948054772 1779097913.67
-0.0625979294704   0.179252742236   0.178979820644 0.260928769152 0.0644498679753   1.92187970304   11.1566908684  -2.88626617983 -0.384804204107   2.19660407415 1779097913.69
-0.111961393632  0.166971030686  0.217230723956 0.295979502977 -0.0655852976645     1.8821333733    11.0066840928 -2.43465389145 -0.89080060494  1.81534254201 1779097913.71
-0.153878062811  0.145854813157  0.247040710069 0.32554753442 -0.247597788271   1.78149835121   10.7595706074 -1.98973057588  -1.2364458177  1.21858965101 1779097913.73
-0.190277755784  0.118304171155   0.26519475968 0.34717396478 -0.437298479722   1.62573375855   10.4706244119 -1.63999614119 -1.36774699169 0.521688523616 1779097913.75
-0.224098749485 0.0872911796584  0.269378156748 0.36111575831 -0.672161954737   1.61967437345   10.2495624353  -1.6166505814 -1.47029098863 -0.15484976185 1779097913.77
-0.258813144857 0.0559734695703  0.258630144668 0.370144329928 -0.977313453439   1.71320420315    10.052887924  -1.88989814053  -1.53814405161 -0.916425205104 1779097913.79
-0.297790873658 0.0273148772231  0.233644315563 0.37949331107 -1.25464911008  1.70949574879  9.85694695212 -2.28145260418 -1.40472157267 -1.66257581506 1779097913.81
 -0.343630904246 0.00375001503051   0.196820420815 0.396023407156 -1.3871130914 1.52556544709 9.71119647387 -2.59825191069 -1.05146644631 -2.12485991762 1779097913.83
 -0.397608798963 -0.0130796660337    0.15201285109 0.425877613373 -1.33464456212  1.20849395293  9.65431323222  -2.69151525197 -0.610333971729  -2.15887470693 1779097913.85
 -0.459373072657 -0.0224959359413   0.103983183602 0.471531748123 -1.38381615444  1.04152397543  9.64825038769 -3.05865351362 -0.27804933969 -2.23151940854 1779097913.87
 -0.526970109943 -0.0248393592906  0.0576339765688 0.530694041608  -1.4925710409 0.941977745761  9.69142434804  -3.63916077101 0.0291492602457  -2.29242715625 1779097913.89
  -0.59720085194 -0.0213919512426  0.0171609286941 0.597830218883 -1.38539438633 0.751446150597  9.80335314033 -3.74288359677 0.287121618572 -1.94425493258 1779097913.91
 -0.666232053842 -0.0141563888738 -0.0147061628842 0.666544690279 -1.11925473965 0.561021119006  9.93736349953 -3.38287558063 0.403863667294 -1.38161996433 1779097913.93
  -0.730322762801 -0.00549922866503  -0.0372081680554 0.73129065846 -0.806433826005  0.440515255735   10.0475923682  -2.78847104367  0.381682348624 -0.857425440769 1779097913.95
 -0.786500584023 0.00230581365445 -0.0516874676517 0.788200532706 -0.578822354586  0.450041544788   10.1469273919 -2.40338927875 0.305663817144 -0.56378100192 1779097913.97
 -0.833040438658 0.00756443820258 -0.0613034216715 0.835327302722 -0.38722157405 0.585525159389  10.2372299059  -2.14824334721  0.187907857434 -0.482982955854 1779097913.99
 -0.869656262982 0.00957948006048 -0.0703831036334 0.872552327061 -0.176108656548  0.767840291079   10.2401447384  -1.73143303255 0.0356966448796 -0.598264329237 1779097914.01
 -0.897396450607 0.00889125458024 -0.0835404389844 0.901320391934 -0.00484081400516    0.927926367671     10.1338924424   -1.26749899936 -0.0606376092469  -0.895224232133 1779097914.03
-0.918312125526 0.0072517660489 -0.104748343532 0.924295387563 0.0860388489631  0.989942505641   9.94889795485  -0.877157968392 -0.0371963333054   -1.23602672962 1779097914.05
 -0.935019491958 0.00729583022513  -0.136556071783 0.944966793184 0.119536232304  1.11223989001  9.74126564711 -0.744890706553  0.109376602628  -1.74382953418 1779097914.07
-0.950288601598 0.0119470566278 -0.179607007875 0.967186556858 0.118883331984  1.30321032175  9.46382124473 -0.817473042264  0.421849447812  -2.47209708409 1779097914.09
 -0.96675986052 0.0236751556088 -0.232541221771 0.994615785482 0.0786367709504   1.35845705841   9.15760645016 -0.977651531849  0.851675895059  -3.01465889237 1779097914.11
-0.986828534585 0.0437786235188 -0.292280522228 1.03013350019 0.0266997442347   1.26067754665    8.9165833762 -1.18949544005  1.24909139794 -3.16298981369 1779097914.13
 -1.01266668925 0.0718820027662 -0.354612166107 1.07536534917 -0.00588564434269     1.06015056575     8.81340882182 -1.39725086655  1.45729560612 -2.88186969727 1779097914.15
 -1.04629367318  0.105799186376 -0.414929063784 1.13052644655 -0.00666253659812    0.952424047006      8.7240844511  -1.7765529973  1.61567006709 -2.64128190315 1779097914.17
 -1.08957899686  0.141829205797 -0.468961181605 1.19466418037 0.030401801391 0.970487016652  8.59610237751 -2.50269978698  1.78243023561 -2.51900759013 1779097914.19
 -1.14407567108  0.175439816247 -0.513348217432 1.26618113341 0.110731581217  0.96272292425  8.64095669672 -3.26908189396  1.62994551478 -2.07907859286 1779097914.21
 -1.21063693634  0.202188001287 -0.545951902126 1.34334852474 0.210002358101 0.889159076632  8.90753944367 -3.75149519924  1.11985002483 -1.36108362787 1779097914.23
 -1.28885196064  0.218656646565 -0.565874644087 1.42448735282 0.300807911205 0.785427765126  9.26877801518   -3.9202212202  0.496259748246 -0.644856589411 1779097914.25
 -1.37642391782  0.223174930614 -0.573223023179 1.50762544603 0.406354539506 0.727487646847  9.60346663533   -4.17964008122 -0.0584541522283 -0.0659769956892 1779097914.27
 -1.46868004879   0.21614166962 -0.568713289704 1.58970849936 0.561965280372 0.700676190565  9.94711113964  -4.64045324108 -0.594140737692  0.509287585842 1779097914.29
 -1.55842403967  0.199872532974 -0.553248594419 1.66574863773 0.705944474787 0.566041343989  10.2940506878 -4.51564969554 -1.02709764632  1.10763874234 1779097914.31
 -1.63630251099   0.17801545346 -0.527597360494 1.72844854824 0.783055419669 0.308241551833  10.5197627071  -3.4888418679 -1.18225721793  1.59555720435 1779097914.33
-1.69176067281 0.154689001327 -0.49226955505 1.76870352972  0.787443539034 0.0104553476871   10.5582873658 -1.85428377906 -1.05370280578  1.89564535469 1779097914.35
 -1.71452471435  0.133565431254 -0.447630335969 1.77702212654  0.854246854886 -0.276343471726     10.53779904  -0.10994856886 -0.889936396243   2.32295192708 1779097914.37
 -1.69640140342  0.117126392615 -0.394221947757 1.74553924546  0.985766022611 -0.586222303604    10.449451725   2.09603425483 -0.702458723331   2.94443024306 1779097914.39
 -1.63306665321  0.106265817473 -0.333201109354 1.67009643347   1.05171742191 -0.825299120055   10.2083886006   4.52708661953 -0.445121104095   3.37569291669 1779097914.41
 -1.52545960462  0.100318717257 -0.266756522891 1.5518536957   1.03980941071 -0.924868832393   9.88866255532   6.58298848215 -0.228831986272   3.51351848019 1779097914.43
 -1.38042942806 0.0974838671177 -0.198361809274 1.3980114154  0.883241599999 -0.807931142063   9.60019248831   7.22187807469 -0.110200382457   3.07178242678 1779097914.45
  -1.2104008897 0.0955111602034 -0.132748192386 1.22139869743 0.808579462858 -0.70491279115  9.36582976342   7.96478136465 -0.114772537347   2.80759883834 1779097914.47
  -1.03201164051  0.0924631651419 -0.0755439526621 1.03889573675  0.799181290816 -0.618146633302   9.12307663389   9.09375153518 -0.214247721026   2.62801393511 1779097914.49
 -0.863889891904  0.0873474016818 -0.0326095722191 0.868906610698 0.654680073858 -0.41485530179  9.03752018172   8.36103368546 -0.325966094548   1.80115393714 1779097914.51
  -0.723935661285   0.0804524105452 -0.00917748605192 0.728450175573  0.442538171033 -0.210371722698    9.1275938906   6.16597123205 -0.365060649912  0.614471789115 1779097914.53
  -0.626593649581   0.0732981112806 -0.00896174106917 0.630929891204   0.231221089351 -0.0871302547782    9.33852025204   3.30786116846 -0.282538917067 -0.559574767798 1779097914.55
 -0.58062748223 0.0682118310121 -0.033420232931 0.585574964441  0.0931217416056 -0.0819280422921    9.51403358069  0.917293878819 -0.133796436801  -1.71177085256 1779097914.57
 -0.587815313643  0.0676419052454 -0.0813263634666 0.597257270942 -0.0141837024659  -0.196138613918    9.69278957601 -1.63942474822 0.136655821678 -3.04071708574 1779097914.59
 -0.64280619176 0.0733947969585 -0.148745968158 0.663861400768 -0.0813114816302  -0.399728354138    9.85999938677 -3.87429478348 0.486244892147 -3.92132994737 1779097914.61
-0.734148478717 0.0860075067406  -0.22943605944 0.773958774993 -0.0979332617747  -0.660047459423    9.94249287279 -5.34430938082   0.8152755793 -4.38259820763 1779097914.63
-0.846279144773   0.10443464099 -0.315603860476 0.909230873796 -0.0692806983981  -0.847617708896    9.91208270568 -5.39318224133 0.949664453619 -4.00960872462 1779097914.65
-0.962093565351  0.126145469166 -0.398903836943 1.04912391023 -0.0308266650745   -1.08120756548    9.80681601818 -5.22020374097  1.02758567256 -3.71045896167 1779097914.67
 -1.06563004731  0.147613385709 -0.471515882776 1.1745996497 0.0139723760795  -1.38608743045     9.616947894 -4.81473758624  1.02796735357 -3.38657316897 1779097914.69
 -1.14441012315  0.165070844865 -0.527141015367 1.2707480332 0.0540553983502  -1.46705683128   9.40093649295 -3.28372225312 0.725566413696 -2.36272749467 1779097914.71
  -1.1910632168  0.175328913372 -0.561768460626 1.32851632193 0.0790795236149  -1.42391212037   9.21655654684 -1.52187930213 0.290402831631 -1.19925081336 1779097914.73
 -1.20400802525  0.176443231297 -0.574104550818 1.34549751913 0.0863208391817  -1.21827602689   9.14226183042   0.092228856787  -0.170775150657 -0.0900122801594 1779097914.75
 -1.18713308779  0.168051707558 -0.565604135113 1.3256826099 0.0955177883136  -1.06940877013   9.09903471907   1.31041912258 -0.594483768142   0.80393273014 1779097914.77
  -1.1485866877  0.151300828374 -0.540103957856 1.27822361312   0.11397923342 -0.943099473296   9.10069967884  2.26492116664 -1.01838063246  1.60448655607 1779097914.79
 -1.09892690437   0.12839140053 -0.503118236022 1.2154228286  0.129129269557 -0.710075653765   9.25642410163  2.56742438391 -1.27382892407  2.04119583036 1779097914.81
 -1.04897735201  0.101879605412 -0.460910910551 1.15029205269   0.14592592243 -0.483943358258   9.48240714556  2.34956954649 -1.40358181942  2.15534813642 1779097914.83
 -1.00777032545   0.07393644001 -0.419496892363 1.09409563966  0.144316479625 -0.269767907343   9.74176392545  1.62018641752 -1.33577160062  1.83752332659 1779097914.85
 -0.98093175055 0.0457790351366 -0.383737457793 1.05431364205  0.137300921855 -0.141872257067   9.96365186292 0.913466666095 -1.35833412829  1.51027598834 1779097914.87
-0.969775566929 0.0174378516021 -0.356678429902 1.03343516064   0.108914424951 -0.0775698679972    10.1728736535 0.257699202866 -1.53864478547  1.18360908598 1779097914.89
 -0.971242680184 -0.0120715031228  -0.339235683661 1.02885320336  0.0220339760534 -0.0656263930519    10.2753828527 -0.22958467052 -1.59256723515 0.682175066633 1779097914.91
 -0.978663746997 -0.0442170678022  -0.330268588091 1.03383519917 -0.102508218868 -0.118115649965   10.2970115585 -0.300393344033  -1.71547444054   0.30780611896 1779097914.93
  -0.98317367679 -0.0802065671465  -0.327010267107 1.03923014147 -0.245856863161 -0.215350344855   10.2411908881 0.0754364231487  -1.80553552497  0.107129290311 1779097914.95
-0.975487463486 -0.120239928882 -0.325757862579 1.03544754428 -0.418113568624 -0.367170169451   10.1852298735 0.857976460468 -2.00106893439 0.104705242248 1779097914.97
-0.947685400267 -0.162976306128 -0.322679369045 1.01429328571 -0.639126104833 -0.598862568008   10.1502542877  2.15734185304 -2.27274724575 0.298473428276 1779097914.99
-0.894663987944 -0.205386995941 -0.314575740564 0.97034291154 -0.724315022947 -0.745561528147   10.0834644019  3.28433107593 -1.98243528254 0.574885688981 1779097915.01
-0.814985803359 -0.243074309895 -0.299451777967 0.901642028265 -0.784191376455 -0.910223129273   10.0824954533  4.45298371312 -1.59123660667 0.915993544835 1779097915.03
-0.710991192333 -0.271020938227 -0.276793636253 0.809676195526 -0.799609408131  -1.08002091225   10.1422208704  5.56263706951 -1.01901653052  1.27385403648 1779097915.05
-0.588188832995 -0.284621126447 -0.247514858023 0.698740934698 -0.711169916769   -1.1651964605   10.2276493601   6.10639163598 -0.231519503967   1.50199773508 1779097915.07
 -0.45408709857 -0.280761274566 -0.213602575154 0.575020040082 -0.629066703013  -1.32492911469   10.3808381295  6.90767917271 0.659980485128  1.78022247939 1779097915.09
-0.316732106206 -0.258685332708 -0.177555997003 0.44582895883 -0.449300607989  -1.32750993226   10.4877093307 6.79620652596 1.51444715513 1.80313677363 1779097915.11
-0.183259912186 -0.220410921706 -0.141748010817 0.31977752953 -0.26768751979 -1.28862232195  10.5670790353 6.46034625427 2.20694621256 1.74552129193 1779097915.13
-0.0587436160523   -0.17055279324  -0.107850073371 0.210168280278 -0.113435522501  -1.24393931406    10.624856189 6.17122676166 2.72226573993 1.69535662407 1779097915.15
0.0544681164844  -0.11554378704  -0.07643947433 0.148862808226 -0.000733322354795     -1.04249011572      10.5485734687 5.26195143962 2.63998889633 1.48856632216 1779097915.17
   0.15684275613 -0.0623903300754 -0.0468623168648 0.175180707212  0.042695692611 -0.916827530173   10.4918295544 4.93927339777 2.46810918063 1.48289217232 1779097915.19
  0.251229842784 -0.0172237743645 -0.0173667321987 0.252417700837  0.019836820244 -0.741187686145    10.369599565 4.53944198029 1.92198208404 1.50494642959 1779097915.21
 0.342043760079 0.0160230548918 0.0145367693794 0.342727281904 -0.0510090535729  -0.608263892587    10.2555177977 4.48029434287 1.31491931611 1.68755502369 1779097915.23
  0.43426127662  0.036494028393 0.0515741882017 0.438833188545 -0.149959606482   -0.5455959701   10.1721799475  4.87629849842 0.783408599271  2.09084409189 1779097915.25
 0.532436975162 0.0466109448634  0.096172979513 0.54305704552 -0.222067613381 -0.494540005998   10.0830862611  4.99839298426 0.365104609702  2.39227019391 1779097915.27
0.639901519904   0.0515148963 0.149995225969 0.659261941515 -0.261447321595 -0.549606352567   10.0470958967  5.54846141646 0.275911188849  2.88576656021 1779097915.29
 0.758243251946 0.0578397294941  0.213615303379 0.789879586562 -0.237492657095 -0.683521850207   10.0387913409  6.19297913179 0.514956116432  3.41673757074 1779097915.31
 0.887103666483 0.0720701500263  0.286379483659 0.934965363141 -0.137460954877 -0.878147430659   10.0425188924 6.77070821476  1.0436977162 3.88983285692 1779097915.33
  1.02425920535 0.0988458154503  0.366443864763 1.09231795783 0.0282234220985  -1.07500495326   10.0353005775 6.97585468298 1.68961116348  4.1175089731 1779097915.35
  1.1659247015 0.139602969271 0.450954029111 1.25786681925 0.209245793592 -1.19444047905   10.000854215 6.58689229405 2.16599864116 3.95457042584 1779097915.37
 1.30719864823 0.191886117532 0.536312127851 1.42590998542 0.410328399506 -1.43145860413   9.9689186882 6.82303810097  2.7109749271 4.13165909117 1779097915.4
 1.44257282443 0.249522643436 0.618477017436 1.58927396142 0.590828152218 -1.62822624003  9.91031051491  6.8270678212 2.94354627977 4.13309686104 1779097915.41
 1.56644239687  0.30366118581 0.693257913625 1.73970067347 0.651852086826 -1.60937199658    9.827054388 6.02341266329 2.47588637467 3.60124510738 1779097915.43
 1.67357133424  0.34447314658 0.756585146463 1.86866900316 0.604225292257 -1.47412852814  9.74542685301 4.96335168942 1.52963372065 2.86693326396 1779097915.45
 1.75948669007 0.363154665003 0.804764238429 1.96858329839 0.415654515401 -1.13939263949  9.68867987834  3.42592310312 0.216718388262  1.81856742655 1779097915.47
 1.82079040283 0.353785988201 0.834732785696 2.03401598814  0.208714630079 -0.891945955621   9.63925019346  2.27907967129 -1.15319781327 0.940448084523 1779097915.5
 1.85538693268 0.314629836553 0.844336878475 2.06260935913 -0.0610631077118  -0.629940098356    9.59203339255    1.07698895876     -2.708226203 -0.0542952872569 1779097915.51
 1.86262918727 0.248577024445 0.832623526543 2.05534424448 -0.361901115497 -0.300533104398   9.56362938938 -0.314332504856  -3.98035870612   -1.1581839193 1779097915.53
 1.84338463298 0.162646006134 0.800113419893 2.0161106401   -0.60130394349 -0.0056926882062    9.54218318865 -1.59018650188 -4.62033477858 -2.12424513232 1779097915.55
  1.80001965804 0.0666631514081  0.748986803703 1.95076804802 -0.706741729026  0.183683820482   9.52002670375 -2.49823184972  -4.4606392733 -2.72975594808 1779097915.57
   1.73629544751 -0.0285637194518   0.683099724373 1.86605546557 -0.796589734203  0.290772434711   9.43273668858 -3.49496944903 -4.39947590771 -3.45515988419 1779097915.6
  1.65716626152 -0.113161046043  0.607760583519 1.76872224149 -0.775773406996  0.295735305598   9.30631983966 -4.33028068785 -3.90174181901 -3.97002665523 1779097915.61
  1.56847464671 -0.179776419919  0.529240632892 1.6650909663 -0.596130626829  0.176192784297   9.18458343199 -4.64414219268 -2.86327884798 -3.95212255516 1779097915.63
 1.47654946247 -0.22451772697 0.454057338489 1.56101716565  -0.337776394901 -0.0302876955755    9.05363241379 -4.70158796903 -1.75109926568 -3.67043189991 1779097915.65
  1.38772996323 -0.247094501512  0.388137019316 1.46201931906 -0.0240942699475  -0.268137516916    9.03796878546  -3.96276860601 -0.603419700433  -2.77306593509 1779097915.67
  1.30785772981 -0.250204797023  0.336010249728 1.37331612158  0.253913884425 -0.521949213535   9.00116202074 -3.38703395372 0.202234157798 -2.04083509245 1779097915.7
  1.24179200472 -0.238380789003  0.300203059655 1.29961327347  0.556571264194 -0.860715052194    8.9072683511 -3.00273874868  0.87822287667 -1.43944959887 1779097915.72
  1.19300807567 -0.216614264485   0.28095374884 1.24463850863 0.789389605627 -1.13274681372  8.93643086691  -2.14949197788   1.34984347491 -0.654357069016 1779097915.73
  1.16333047194 -0.189108314787  0.276317481504 1.21055817384 0.858201884497 -1.21557914385  9.09477942508  -1.04650530269   1.51527829746 0.0438525626916 1779097915.75
   1.1528338176 -0.158444295149  0.282637203445 1.19750331709 0.775111775491 -1.10385876405  9.30108351693 -0.0782402930656    1.46238042354   0.434859674477 1779097915.77
  1.15991836794 -0.125333066843  0.295281961002 1.20345769947 0.743828413057 -1.05330709006   9.4103296084 0.664626484595   1.6084801507 0.621958350632 1779097915.8
   1.18154109706 -0.0889690481226    0.30950151385 1.22464118935 0.757131654507  -1.0142730554  9.45194190603  1.39722440506  2.01781493458 0.675840687568 1779097915.82
   1.21356369897 -0.0478606510095   0.321230332127 1.25627083849  0.708223199044 -0.797751951704   9.47105002518  1.90488852556  2.40928406799 0.497740753938 1779097915.83
     1.25117076251 -0.000902139552124      0.32769550353 1.29337289048  0.617313150511 -0.449826288319   9.45972873992  1.97759533085  2.59656354413 0.169766310092 1779097915.85
  1.28931510398 0.0516002111804  0.327733197659 1.33131704263  0.527414297378 -0.103732550851   9.43095658351   1.65405294533   2.48438095924 -0.135854788104 1779097915.87
 1.32315865249 0.107223385494 0.321782815205 1.36593918394 0.551042553467 0.173433870686  9.32845633829   1.36838787464   2.53560967051 -0.373270486853 1779097915.9
 1.34848951192 0.161249824279 0.311591531637 1.39338248596 0.667034924004 0.451021776382  9.15313942478   1.01068785881     2.592249555 -0.572786222066 1779097915.92
 1.36210225496 0.207107375682  0.29971234237 1.40997996659 0.731406618047 0.634635434203  9.04526797094  0.361786878882   2.01986733121 -0.601823115289 1779097915.93
   1.362125577 0.237380397263 0.288908290072 1.41251673994 0.720684724039 0.671630259479  9.03360572981 -0.352989348987  0.972401496361 -0.462697933556 1779097915.95
 1.34827018236 0.245211437843 0.281581281396 1.3990172093 0.591200645788 0.538595922735  9.15482260884 -0.890785238161 -0.256586370002 -0.212469471384 1779097915.97
 1.32195564618 0.225809643404 0.279326986295 1.36988331284 0.521309971684 0.426353578527  9.19615773909 -1.45799376609  -1.5867171265 0.025905110215 1779097916
 1.28626613924 0.177733181481 0.282682946991 1.32890154386 0.409745477285  0.24328011814  9.23862776941 -2.12427488303 -3.40301291407 0.327738549982 1779097916.02
 1.24568937334 0.103633783079 0.291093541497 1.28343968528   0.130750815585 -0.0673289640244    9.44609484543 -2.15716697783 -4.47986061119 0.545358475996 1779097916.03
  1.20561585131 0.0102440385808  0.303072336672 1.24316827602 -0.156563053366 -0.355889325712   9.64364624945 -1.89776249911 -5.02396245894 0.651114613323 1779097916.05
   1.17161594083 -0.0924614313067   0.316507835639 1.21713197276 -0.382765562308 -0.538017597131   9.80142898295 -1.30498075619 -4.64478215168 0.593925987831 1779097916.07
  1.14856363924 -0.192820332326  0.329038076969 1.21022484276 -0.594145314491   -0.6945100046   9.89625768377 -0.746932849946  -4.38026176041  0.513128156684 1779097916.1
 1.13972632117   -0.279472729 0.338415376264 1.22131325233 -0.820432703767 -0.825939637479   9.94238217612 -0.0692423368173   -4.02807721097   0.368015437815 1779097916.12
  1.14597537858 -0.343388817894  0.342794398964 1.24446110768 -0.852437573338 -0.704531433807   9.89527996848 0.683651071192 -2.67599852073 0.066513430421 1779097916.13
  1.16528134759 -0.379502138426  0.340901662827 1.27205205705 -0.762114671726 -0.418298441595   9.77684671314   1.22864446689  -1.16373163377 -0.282240149284 1779097916.15
  1.19263177707 -0.387580224201  0.332076645188 1.29725243656   -0.534498420825 -0.00285763124794     9.63311799475   1.30051870868  0.174036068539 -0.582156253201 1779097916.17
    1.220450475 -0.372119378014  0.316206091522 1.31451834743 -0.335851683242  0.454735324682   9.48013294174   1.08541304672   1.07241184846 -0.890976339248 1779097916.2
  1.23950999286 -0.341263520897  0.293596012196 1.31872833877 -0.163323696558    1.0836475949   9.28774365377 0.516365683935   1.7530323404  -1.3411254111 1779097916.22
  1.24022976222 -0.304969814731  0.264834543156 1.30434419777 0.00660056398148    1.68675547195    9.18648608464 -0.676088633763    1.8254438013  -1.67774654167 1779097916.23
  1.21416108576 -0.272821303368  0.230691477047 1.26563705829 0.0932503223106   2.15794844109   9.20072526142 -2.21837323838  1.38591846972 -1.90263138846 1779097916.25
  1.15540085412 -0.251973344851  0.192079363631 1.19805516657 0.0691320827576   2.27028323778   9.36144820213 -3.56035755633 0.633400863148 -1.88224604693 1779097916.27
 1.06166761043 -0.24569214643 0.150073101901 1.10001121892 -0.0333209444797    2.45366757109    9.55139020038   -5.11493812363 -0.0192975824488   -1.99703409825 1779097916.3
 0.934823245043 -0.252805537635  0.105958867941 0.974182950491 -0.225639619861   2.80013875685   9.81752781153  -7.32562577881 -0.586160990068  -2.31558571057 1779097916.32
 0.780722104264  -0.26817204112 0.0612679377883 0.827766276147 -0.451480227214   2.69541926018    10.182042712  -8.62737685473 -0.825457241986  -2.33127182016 1779097916.33
 0.608395111862 -0.284037796416 0.0177521370878 0.671667492366 -0.63456095653  2.31157407996  10.5482896752  -8.99159797295 -0.607371168703  -2.14541853241 1779097916.35
  0.428703190817  -0.291950477335 -0.0227246854295 0.519170413603 -0.703818998807     1.737491594   10.8207749971   -8.28818647768 -0.0173562538409   -1.77388525018 1779097916.37
  0.252696831831  -0.284782662576 -0.0583764507716 0.385181338756 -0.7529138175 1.32586446357 11.1331535515 -7.97387888806 0.789599442922 -1.53036344496 1779097916.4
 0.0899766823802  -0.258408675895 -0.0877337824612 0.287346591654 -0.779747575873  0.995698337736   11.5457619306 -7.98939858357  1.88669391329 -1.34756856577 1779097916.42
-0.0526497934361  -0.212675154945  -0.109879140188 0.245104360892 -0.645009692667  0.583833206261   11.7603247144  -6.99180712393   2.85404649173 -0.984507477391 1779097916.43
-0.171980374259 -0.151478149176 -0.124619622766 0.260869563549 -0.420494452759  0.242399219126   11.7689141004  -5.55842486872   3.36486446814 -0.583616086767 1779097916.45
 -0.268571129201 -0.0819643784589  -0.132550160847 0.310512730685 -0.188337350376 0.0386883523746   11.5863622618   -4.0998240583    3.2566323447 -0.243859772508 1779097916.47
 -0.346232749677 -0.0130634479941  -0.134984249156 0.371844750054 -0.0217474395772  -0.028979679293     11.503161345   -3.36186526497    3.02785766977 -0.0285418993304 1779097916.5
-0.410995197398 0.0463095924649 -0.133759326919 0.434687460339  0.0900439400686 0.00793501652138    11.4875431089 -3.16271926083  2.61303553659 0.103277601288 1779097916.52
-0.469756111425 0.0889914317561 -0.130950632685 0.495720029198 0.120418045829 0.138055620817  11.3396857975 -3.12078926655   1.7098877077 0.138063975656 1779097916.54
 -0.52887197494  0.110894553424 -0.128544448516 0.555451926903 0.0567136732047  0.314419208614   11.0943947308  -3.19745122185  0.588778407516 0.0732825215854 1779097916.55
-0.592944352607  0.111675304452 -0.128127276106 0.616823295438 -0.0666225603835   0.459878533729    10.7866797327   -3.17779285108  -0.381875573448 -0.0493656214179 1779097916.57
-0.664002480918 0.0946559117386 -0.130643641797 0.683320420765 -0.217739145645  0.618863374717   10.6262237322  -3.49567287531  -1.07534001912 -0.191870199684 1779097916.6
-0.741201312706 0.0660684504946 -0.136264791701 0.756513396818 -0.402811869464  0.811232433314   10.5666485623  -4.07833752794  -1.57982893074 -0.357083817079 1779097916.62
-0.821058629969 0.0338169433304 -0.144394884506 0.834344498498 -0.537681247233  0.904642613405   10.4781707603  -4.17015521859  -1.59515369441 -0.466415074025 1779097916.63
   -0.8981643618 0.00602747491344  -0.153820476879 0.911260824556 -0.588552397586  0.913926732063   10.3997099819  -3.82512185594  -1.16337846064 -0.489827178921 1779097916.65
 -0.966223977197 -0.0103338692598  -0.162984078573 0.979928248819 -0.502617729291  0.794149849203   10.2902302857  -2.86304918839 -0.391793270017 -0.390517640275 1779097916.67
  -1.01925355435 -0.0105429461977  -0.170336946778 1.03344261438 -0.390419464908  0.721919914103   10.2292432888  -1.98115755218  0.402630997264 -0.268456958272 1779097916.7
  -1.05272919811 0.00724660197898  -0.174705977448 1.06715203057 -0.257180709344  0.734248988138   10.2037302883  -1.13056269095   1.30916336251 -0.131500808092 1779097916.72
 -1.06450701679 0.0418594331819 -0.175600579592 1.07970503587 -0.0519234443368    0.72772542707    10.1275475108 -0.0684762376053    2.13129002335   0.034094126752 1779097916.74
 -1.05536878697 0.0894025379758 -0.173391733556 1.07324777361 0.180490595537 0.770223363669  10.0175556436  0.96834797971  2.79155880625 0.171871198835 1779097916.75
-1.02910692837 0.143910999992 -0.16931745022 1.05282469808 0.346222103128 0.729845130842   9.8574120812  1.53729060703   2.6448998204 0.196640193865 1779097916.77
-0.992131859556  0.198201314987 -0.165302878001 1.0251509301 0.453926407187 0.768764001045  9.71278549399  1.75079477279  2.31044401284 0.130430590109 1779097916.8
-0.952655253858  0.244800788105 -0.163621958563 0.99712165952 0.572795021644 0.974310282351  9.54593806166    1.84465256514      1.999102882 -0.0294533521195 1779097916.82
-0.919564951376  0.276844154306 -0.166461545351 0.974654724327 0.586807076674  1.16142910901  9.38783504816   1.37499226202   1.17625252944 -0.316325392713 1779097916.84
-0.901153822547  0.288858264298  -0.17547017832 0.962448488089 0.477464122818  1.26028025887  9.28764171508  0.410839391156   0.01409408511 -0.653048321812 1779097916.85
-0.903889733803  0.277381901794 -0.191378032792 0.964667259605 0.27955454255  1.2132562381 9.27887446601 -0.719565390901  -1.12893502872   -0.9106026297 1779097916.87
-0.931412493684  0.241385061444 -0.213762216621 0.985642058018 0.0818466331711   1.20115441319   9.27554807339 -1.87102527546 -2.21931180486 -1.16032624765 1779097916.9
-0.983914652655  0.182460550693 -0.241005910634 1.02930255281 -0.134804637299   1.22372319078   9.26576525824  -3.1928184708 -3.44560309596 -1.43007722788 1779097916.92
-1.05800915158 0.104765381879 -0.27046540825 1.09704634685 -0.359698286076   1.13269286989   9.30694391035 -4.37258285781 -4.49482520945 -1.54902103166 1779097916.94
 -1.14711568163 0.0146969832301 -0.298821127519 1.18548912041 -0.521612809818  0.886496632955   9.41026387983 -4.95326335246 -4.95726368017 -1.39983722562 1779097916.95
  -1.24232001971 -0.0796943383904  -0.322553334114 1.28598245411 -0.532573470376  0.516796910166   9.56080369573  -4.47504742872  -4.42110771354 -0.951213959126 1779097916.97
 -1.33358808309 -0.169527784342 -0.338457612737 1.38627212359 -0.486012396706  0.213152115938   9.67510096361  -3.89047739773  -3.83403857789 -0.496611747466 1779097917
 -1.41115950972 -0.246084488494  -0.34410536118 1.4732064475  -0.396824986711 -0.0562588161383    9.76425797009  -3.30487571329  -3.28045990299 0.0072714486035 1779097917.02
 -1.46691289691 -0.301867619114 -0.338164269018 1.53535421954 -0.197032423999 -0.299880795915   9.83877789954 -2.21566112835 -2.24666328353 0.619596809598 1779097917.04
 -1.49549274375 -0.331597736914  -0.32052206043 1.56498881688 0.0856211727714 -0.442874331162   9.87468771136 -0.739144726092 -0.818650862167   1.20880996763 1779097917.05
 -1.49501950785 -0.332997518928 -0.292198235236 1.55927883495  0.361348761228 -0.438402852299   9.85517296377 0.697695136589 0.602331336847  1.61776965341 1779097917.07
 -1.46726691616 -0.307229929868 -0.255073865481 1.52063312799   0.58389367832 -0.330058803586   9.78488840231 1.83305465276 1.74734257627 1.90255962673 1779097917.09
 -1.41727678986 -0.258889984313 -0.211507702475 1.45617067381  0.779434840858 -0.153269637488   9.65806963538 2.79459308157  2.7198801243 2.21897983337 1779097917.12
 -1.35247769729 -0.195509580687 -0.163928230202 1.37633294753 0.933115673305 0.106685997156  9.45444260496  3.6024372169 3.50871332217 2.57335136923 1779097917.14
-1.28146255412 -0.12660920061 -0.11449067526 1.29278160646 0.910366381853 0.408034772066  9.21989495715 3.76709036408 3.58574392921 2.66869822641 1779097917.15
  -1.21264380996 -0.0624072486128 -0.0648665111974 1.21597999112 0.704095899964 0.626477005477  9.04331601792 3.20197093966 2.84822928628  2.4505253786 1779097917.17
  -1.15302808991 -0.0123636908272 -0.0161974927336 1.15320813202  0.46010289983 0.752835919789  8.90545692138 2.45954183107 1.83632184849 2.23403410862 1779097917.19
  -1.1073274586 0.0162231347224 0.0307937122484 1.10787433556 0.242930636227 0.864583261356  8.71690419673  1.85031710903 0.777217670096  2.25002669119 1779097917.22
 -1.07755482857     0.019338525 0.0755796689623 1.0803752466 0.0215458772194  0.887990296302   8.56687715916   1.16194037981 -0.508413532652   2.28208698155 1779097917.23
   -1.06315032969 -0.00310681590225    0.117558965023 1.0696346975 -0.152974220709  0.740998169442   8.59194949712 0.421614713018 -1.75684727437  2.11709374905 1779097917.25
  -1.06157524108 -0.0472476112247   0.155819479691 1.07398977625 -0.219883111385  0.487191694746   8.76793704464 -0.152846570705  -2.59056200477   1.80090227307 1779097917.27
 -1.06921422545 -0.105882415419  0.189006322949 1.09094158226 -0.179298173626  0.216123243011   9.01221451522 -0.494101510611   -2.9092134533   1.41468989506 1779097917.29
 -1.08236593563 -0.169660854216  0.215346489538 1.11654598411  -0.066225028929 -0.0201223314269      9.222577614 -0.698937610358  -2.97161031038   1.06124873087 1779097917.31
 -1.09809022129 -0.228651895415  0.232850885738 1.14555809908   0.11422417297 -0.226613695087    9.4178647718 -0.83058286251 -2.67913123064 0.624584111995 1779097917.33
 -1.11472067472 -0.274024423297  0.239676700158 1.17266213711  0.314242896275 -0.352498850908   9.59266111367 -0.867119265501  -1.81609721121 0.0446816568347 1779097917.35
 -1.13193601869 -0.299538635822  0.234594920688 1.19416804579  0.486914523105 -0.391988381737   9.66930126868 -0.920679823241 -0.736790473213 -0.572991651063 1779097917.37
 -1.15039388331 -0.302572545644  0.217475224496 1.2092360007  0.546698586622 -0.323437456346   9.64041720634 -0.940750227102  0.362055038466  -1.08055989297 1779097917.39
 -1.17103981681 -0.284489235118  0.189679708671 1.21993719893 0.546577978866  -0.2265907973  9.49553650316 -1.04385287257  1.24382032254 -1.50352815914 1779097917.42
  -1.1942862831 -0.250271823673  0.154254189431 1.22993904999  0.511108823312 -0.126923057955   9.21335683734 -1.25453472594    2.001992908 -1.92020868815 1779097917.43
 -1.21929073828 -0.207490168781  0.115826162254 1.24223096663   0.356727186047 -0.0281469670211    8.91180206519 -1.28700401304  2.23364976328 -1.93598191917 1779097917.45
  -1.2435402292 -0.164789522187 0.0801637063088 1.2569702097 0.169498972163 0.013099508725  8.64472300356 -1.12485791773  1.99508222572 -1.61064996901 1779097917.47
 -1.26287756656 -0.130183244043 0.0534155035214 1.27069297675 0.00846849622906 -0.0246276679593    8.57029263539 -0.667238676578   1.29698312418 -0.915258321493 1779097917.49
 -1.27199826649 -0.109472593777 0.0411275167829 1.27736263894 -0.0743216622514  -0.145660701576    8.47765727075 -0.0589070202374    0.60178873551  -0.149117989934 1779097917.52
 -1.26533302758 -0.105098478661 0.0471997178625 1.27056726476 -0.0641835476336   -0.37114206782    8.45776368147  0.881371104271 -0.160884052463   0.82921533302 1779097917.53
   -1.238134131 -0.115654098167 0.0729877176118 1.24566416168 0.0688985929342 -0.626999740286   8.74798559098   1.96653914021 -0.785208195693   1.75800532733 1779097917.55
 -1.18752814324 -0.136164747113  0.116754093045 1.20099768841  0.299930436071 -0.922064221738   9.13580376392  3.14753108692 -1.09519263411   2.5373694778 1779097917.57
 -1.11329486588 -0.159092285059  0.173626387155 1.1379287921 0.555441740109 -1.14341760391  9.61798629333    4.0101686225 -0.940367699555   2.82687614996 1779097917.59
 -1.01818489672 -0.175875027192   0.23612872035 1.0599005999 0.854877991661 -1.43129902848  10.0848035771   5.01097002282 -0.477858412235   2.96383464065 1779097917.62
-0.907684363665  -0.17869980769  0.295238675031 0.971076928232  1.16069664897 -1.75820710791  10.5638084477  6.01919472748 0.360910433164  2.77852218199 1779097917.63
-0.789253941854 -0.162148345497  0.341805603227 0.875239933434  1.26563311627 -1.88548822571  10.9029168095 6.19827228261 1.42361419119 1.90899010937 1779097917.65
 -0.67118288462 -0.124380338255  0.368078163806 0.77552464037  1.20210889681 -1.92440744572   11.087983229  5.96916363556  2.47535285286 0.713377104206 1779097917.67
 -0.561280865879 -0.0676101759237   0.369050755598 0.675133917455 0.848433357391 -1.65911937619  10.9601991949   4.77312600393   2.94013861508 -0.574003072952 1779097917.69
 -0.465662013921 0.00221591075473   0.343362786244 0.578570673683 0.495531575218 -1.56170005705  10.8631800279  4.10014557264  3.40612057638 -1.78451021372 1779097917.72
-0.387850631333 0.0764638038873  0.293568551507 0.492399553172 0.0299560446984  -1.50715438696   10.7336884065  3.56517665716  3.71663842733 -3.05479819816 1779097917.73
-0.328365060827  0.145345741586  0.225720793923 0.424144874517 -0.514483958674  -1.23721215964   10.4466474654  2.63082321611  3.14511476126 -3.70861405816 1779097917.75
-0.284834459075  0.199618291059  0.148348902267 0.378134272455 -1.01692900914 -0.98308110318  10.1948434673  1.92918687412  2.20894783884 -3.93867564126 1779097917.77
-0.252597299457  0.232100962129 0.0710314581695 0.350316600183   -1.3309633815 -0.718721549597   10.0086470941  1.41840443391 0.937376013418 -3.48690836853 1779097917.79
 -0.225642854632   0.238736041168 0.00283631365463 0.328508203664 -1.61070452153 -0.59298070906  9.95572792922   1.35873818109 -0.323453296761  -2.97313105233 1779097917.82
 -0.197703590688   0.219033285575 -0.0490845379719 0.299118006527 -1.74371335748 -0.55389208392  10.0256904451  1.60465449651 -1.61746482688 -2.14488573793 1779097917.83
 -0.163294265059   0.175889708291 -0.0805028729719 0.253146042909  -1.60515373961 -0.581032603392    10.193005324  1.98715558253 -2.61317641664 -1.04117014901 1779097917.85
 -0.11852065907  0.114905067671 -0.090572434258 0.188291494896  -1.39582582809 -0.725645989931   10.4491144381      2.578998073   -3.35803782648 -0.0302703531405 1779097917.87
-0.0615382139706  0.0433961356112 -0.0816972094985 0.111106302272  -1.03008087289 -0.885464799938   10.6809003082  3.00937357789 -3.47943974212 0.757530283905 1779097917.89
0.00738530407048 -0.0306674910626 -0.0588789347525 0.0667964571057 -0.725720884763  -1.12630205969   10.9376503091  3.54479805445 -3.43213339208  1.27187813782 1779097917.92
 0.0861738187202 -0.0996211511349 -0.0286979406581 0.134810506209 -0.481622219537  -1.47187119371   11.2463413979  4.27359358233 -3.28527543941  1.58173739667 1779097917.94
  0.171521585983  -0.156845351754 0.00187099156828 0.232429816148 -0.243430595398  -1.67475643467   11.3706116995  4.53074387014 -2.55054254834  1.44451806173 1779097917.95
 0.259613981029 -0.197257770251 0.0265992587126 0.327135396486 -0.0888989762869   -1.76309073268    11.3614292485  4.52453511746 -1.56755090256  1.00778178669 1779097917.97
 0.346844862273 -0.217587097116 0.0409219879781 0.411485251761 -0.0212615875373    -1.6241146029    11.1470422676   4.05315021346 -0.456314629042  0.377542236961 1779097917.99
 0.430399264279 -0.216485240013 0.0425075410318 0.483648919031 -0.025631569679   -1.5082598883   10.9558907884   3.78184293738  0.539127993041 -0.222102064466 1779097918.02
 0.508607465122 -0.194526713894 0.0314219086143 0.545444343941 -0.0811787695479   -1.50864985533    10.8399500751   3.96093473475    1.6400837969 -0.857444432385 1779097918.04
  0.581028530525  -0.154114957377 0.00990002933427 0.601201783058 -0.154799336543  -1.29968574447   10.5630918833  3.74887568353  2.55641289288 -1.33200779594 1779097918.05
  0.648277374286 -0.0992837699616 -0.0182040122138 0.656088566468 -0.209113453106  -1.01526994531   10.2478382077  3.36652207921   3.0603654197 -1.49663342974 1779097918.07
  0.711657617464  -0.035365479111 -0.0481729177046 0.714162384621 -0.218905541359 -0.749725731614   9.97742321581  2.91379072294  3.06278831734 -1.33604403359 1779097918.09
  0.772693611627  0.0314945303518 -0.0752518881208 0.776987882503  -0.21169527339 -0.649141588552   9.79750307975  2.83985310375  3.05868788175 -1.10858168057 1779097918.12
  0.832664236608  0.0949657267878 -0.0954097698619 0.843475692819 -0.184947539168 -0.712081840441    9.6663250464     3.137744367   3.09093008604 -0.805142487099 1779097918.14
 0.892229715631  0.149247188638 -0.105924748883 0.910806588249 -0.0976902378895  -0.813232744481    9.61007013389    3.1647438768   2.53085409756 -0.275304904736 1779097918.15
 0.951216577574  0.189772349247 -0.105722781659 0.975706835352 0.0168572774352 -0.960212807888   9.63364225374  3.02253805061  1.67635387038 0.272272612364 1779097918.17
   1.00859259948   0.213784133233 -0.0954426884961 1.03540909506 0.122164757208  -1.0586815563  9.71827532342   2.6030512319 0.721811872424 0.665361103077 1779097918.19
  1.06262952169  0.220666549414 -0.077244725413 1.08804502388 0.216305283245 -1.24223249419  9.81683332773    2.36947716206 -0.0422406652622    0.94730421231 1779097918.22
   1.11122069657   0.211954582325 -0.0544125278226 1.13256209747 0.324393543335 -1.58750855537  9.93905700656   2.34555578331 -0.775946048178   1.21443706572 1779097918.24
   1.15229606943   0.191003471747 -0.0308188932476 1.16842559114 0.361134615232  -1.6872923571   10.046357004 1.91125332248   -1.29756106 1.15339798567 1779097918.25
   1.18426000447   0.162367768964 -0.0103349638384 1.19538356274 0.337073245245 -1.63136963035  10.1081723215  1.37302320683 -1.52349299456 0.877426363614 1779097918.27
   1.20637073461   0.131002757137 0.00373735940511 1.2134685985 0.258862624898 -1.42943011977  10.1069197493 0.830341760861 -1.45687408994  0.46558118398 1779097918.29
   1.21898592768    0.10143948599 0.00913621923821 1.22323347391 0.160284423707 -1.22086253727  10.0625439267  0.407986174514  -1.27530859413 0.0287363278797 1779097918.32
   1.22361833053  0.0770891476183 0.00495218628501 1.22605427271 0.0454073167687  -1.06571408778   9.97782510258 0.0987609597264  -1.08451647708 -0.453150149838 1779097918.34
    1.22277765924   0.0598016225123 -0.00826158381294 1.22426700183 -0.0897972774733  -0.763997266567    9.80868950964 -0.104511345912 -0.713919390299  -0.87603880042 1779097918.35
    1.2196154424  0.0497453274341 -0.0286009679766 1.22096455326 -0.203839181753 -0.475160111922   9.59474655326 -0.138800542876 -0.368490936603  -1.16480001981 1779097918.37
   1.21743058547  0.0456060856496 -0.0531336823545 1.21944263239 -0.259935494942 -0.231192832004   9.38164898655 -0.011963169889 -0.114911577385  -1.21546834218 1779097918.39
   1.21912540156  0.0450382668112 -0.0783895384765 1.22247294856  -0.265028805011 -0.0874630477436     9.1727886782    0.219665449515 -0.00828712202655    -1.13101333669 1779097918.41
  1.22671625095 0.0452557736497 -0.100943711291 1.23169414963 -0.236494490968 -0.033024683578   8.90107845745   0.559040491834 -0.0359464963742    -1.0124581611 1779097918.43
  1.24099530918 0.0436320242106 -0.117997342882 1.24735579683  -0.129789826857 -0.0502714467063     8.6916219555  0.910761149886 -0.185509389041 -0.706412325964 1779097918.45
  1.26141147745 0.0381888381843 -0.127854318594 1.26844945882 0.0299497016797 -0.121258393775   8.58434981426   1.16648766067 -0.406268260246 -0.315089077411 1779097918.47
   1.2861952376 0.0278896405569 -0.130206647981 1.29306991012  0.191284000289 -0.197648050728   8.64300175275   1.19825948198 -0.595387305587 0.0392843962721 1779097918.49
  1.31270349375 0.0127030266033 -0.126172732991 1.31881438722  0.350859930038 -0.277990902496    8.6466130682   1.20142792768 -0.799863612865  0.281739543807 1779097918.52
    1.33791591152 -0.00654395645137   -0.118077947842 1.34313223899  0.539936789126 -0.366398269112   8.56238214319  1.19500328957 -1.06288663667 0.442986354553 1779097918.54
    1.3589827249 -0.0284596854799  -0.109017074861 1.36364538018  0.667418340128 -0.389536177071   8.59119814245  0.96205859414 -1.20664170572 0.424507214869 1779097918.55
   1.37371226493 -0.0514407779213  -0.102282849307 1.37847499858  0.703095166917 -0.338242524599   8.69483428942 0.582007253372 -1.20921568243 0.218916208124 1779097918.57
   1.38089855256 -0.0739934178147  -0.100773655454 1.38654648965  0.601417127759 -0.214790358037   8.90361364959   0.155969048697   -1.01100077874 -0.0979478104198 1779097918.59
   1.38042484391 -0.0949521196298  -0.106498316533 1.38777899758   0.52777536029 -0.105200620429   8.98097182074 -0.174233196935 -0.887607571681 -0.437466040813 1779097918.62
  1.37313190429 -0.113559562102  -0.12027421521 1.38305924948  0.509060612281 0.0023788551597   8.90019782109 -0.502722064804 -0.869358624912 -0.887348150113 1779097918.64
  1.36049804522 -0.129411586437 -0.141670848615 1.37396248825  0.44895292656 0.115747169776  8.83939065321 -0.775038401289 -0.770794064057  -1.31168864368 1779097918.66
  1.34422602809 -0.142307141255 -0.169195029299 1.36228554092 0.380170795545  0.20005243957  8.81177488284  -0.93677250981 -0.612573198012  -1.59513408759 1779097918.67
  1.32585516192 -0.152065220686  -0.20066067108 1.34954823799 0.303569589967 0.216486999754  8.91274199612 -0.900996311973 -0.383817244018    -1.539609549 1779097918.69
  1.30650679209 -0.158375235003 -0.233649117679 1.3366505239 0.297447314227 0.215474780033  8.94658664615 -0.899118969482 -0.199728705747  -1.50429254436 1779097918.72
  1.28682928144 -0.160734361105 -0.265953855906 1.32381894074 0.371494690667 0.219699630562   8.8823259211    -1.00985769852 -0.00319895235399    -1.59758335598 1779097918.74
   1.2671461433 -0.158499918748 -0.295917214949 1.31085795219 0.446531259777 0.188945333184  8.92563482511  -1.0339466942 0.256111385313 -1.49859563733 1779097918.75
   1.2477465133 -0.151053454008 -0.322600166743 1.29759753968 0.515313809758 0.148584295091   9.0238972685  -1.0104826941 0.544899428268 -1.32786961092 1779097918.77
  1.22920977342 -0.138042857607 -0.345769184705 1.28435541292 0.516043047188 0.105699980987  9.19716783111 -0.85991356355 0.769323386313 -1.05632512507 1779097918.79
  1.21264002148 -0.119645361019 -0.365725279465 1.27222867997  0.491719671446 0.0852719891007   9.33023489207 -0.679315569765  0.950035176929 -0.857963925339 1779097918.81
   1.19970655124 -0.0967820648987   -0.38303124882 1.26308175299  0.494989741456 0.0997394311565   9.36148724996 -0.504995984151   1.21064159638 -0.812045903056 1779097918.84
   1.19243887697 -0.0712165683126  -0.398209214286 1.25918737814 0.429969506382 0.140117690856  9.35871557595 -0.181632743788   1.34812778977 -0.747710115507 1779097918.85
   1.19279561013 -0.0454871740557   -0.41148085801 1.26259532197 0.302497545537 0.207907855682  9.30441192138   0.25705288513   1.29256847767 -0.649430289716 1779097918.87
   1.20209678279 -0.0226526137947  -0.422609393926 1.27442085511 0.136096666443 0.285501839275  9.22735443998 0.690141595658 0.988310840366 -0.48392351651 1779097918.89
    1.22045966024 -0.00587112890059   -0.430878738817 1.29430009658 -0.0127602997287   0.370483741376    9.13158964098   1.01571022676  0.568132990779 -0.289058291355 1779097918.91
   1.24639418274 0.00212493954244  -0.435215874007 1.32019537612 -0.138202862967  0.514836664399   8.94676126208    1.33038587122    0.12853379134 -0.0840633324936 1779097918.94
     1.27669024021 -0.000438472264071    -0.434431790636 1.34858041748 -0.255702973036  0.735060896853   8.69090204162   1.58767287601 -0.423514082349  0.202449106313 1779097918.96
   1.30666952054 -0.0139535957528   -0.42752997822 1.37490429522 -0.328463581702  0.955369027835   8.52201744554  1.51672460308 -1.03127503479 0.572379434413 1779097918.97
  1.33079295541 -0.037224833733 -0.414014582752 1.39420359099 -0.292572519566  0.987339820677   8.67676471183 0.918723551918 -1.33596328827 0.832545404458 1779097918.99
   1.34352948124 -0.0675535651842  -0.394127557194 1.40177440498 -0.226581896693  0.997311665228   8.89340503142 0.217126967549 -1.45594545018   1.0265849229 1779097919.01
  1.34032281318 -0.101127320026 -0.368957036841 1.39385123791 -0.164170045515     1.116278577   9.07515827673 -0.610019944058  -1.60827024837   1.30756407732 1779097919.04
  1.31845706442  -0.13365504665 -0.340385393705 1.36823057942 -0.0726685010289    1.22399545059     9.3731323251 -1.68734056694 -1.61475713304  1.56313035861 1779097919.05
  1.27762941901 -0.161123865725  -0.31087869176 1.324742765 0.0433472299959   1.14745620323   9.81119622484 -2.65662436028 -1.26544333542  1.54571905935 1779097919.07
  1.22008928048 -0.180511071336 -0.283151499168 1.26545520296 0.141333736442 0.938624098022  10.2239093267  -3.20291687157 -0.733429744921   1.28562564101 1779097919.09
  1.15028871938 -0.190283366454 -0.259765136474 1.19450819319  0.20464728649 0.711206061272  10.5169154362 -3.36259882292 -0.23142210255  0.93099161204 1779097919.11
  1.07409059472 -0.190559050475 -0.242729326033 1.11754234063 0.264372644572 0.585783963841  10.7850633353 -3.65122310214 0.176869442092 0.636140692925 1779097919.14
 0.997676218116 -0.182890641551 -0.233175958113 1.04075830547 0.308375433119  0.51081871807  10.9906210181 -3.84398127538 0.542119668074 0.301022446794 1779097919.15
 0.926362822546 -0.169724887902 -0.231160753698 0.969737031684 0.293988374362 0.468890420518  10.9825213111   -3.54968349391   0.773004738608 -0.0648706417567 1779097919.17
 0.863567318166 -0.153686118013 -0.235626804905 0.908233410013 0.225583071569 0.509814551998  10.8031572542  -3.00546005743  0.849285229356 -0.345873011422 1779097919.19
 0.810130744362 -0.136879937281 -0.244536921784 0.857231734309 0.110566518049 0.606595337074  10.5011630229  -2.32426380549  0.777969782345 -0.456515962502 1779097919.21
 0.764151008867 -0.120409824537 -0.255153474822 0.814572640045 -0.0163535405172   0.862647652231    10.2964630668  -2.13222800324   0.78415042148 -0.477629091321 1779097919.23
 0.721372129659 -0.104237975435 -0.264419268523 0.775345635532 -0.183053097719   1.24661061364   10.1474396738  -2.27160599061  0.850751150008 -0.366759248625 1779097919.25
 0.676065228359 -0.087420353926 -0.269375252193 0.732986724144 -0.365292788137   1.61319143121    10.079799561   -2.60486006551   0.935475181188 -0.0821202436668 1779097919.27
  0.622233149276 -0.0686345060337  -0.267544702144 0.680782604891 -0.525590739786    1.8877170731    10.149541306 -3.13332571516   1.0496191395 0.314288143108 1779097919.29
  0.554900072539 -0.0468317659044  -0.257221784825 0.613408796309 -0.607092234617   1.92745759926   10.3288991834 -3.58455147707  1.11150671767 0.710232300201 1779097919.31
  0.471227129174 -0.0218101803613   -0.23762482132 0.528200953184 -0.69669199743  2.02982277409  10.6618689568 -4.40956016241   1.2556431798  1.15996929548 1779097919.33
  0.371230076608 0.00546913695892  -0.208905955596 0.426008661321 -0.767971729181   2.08449556262   11.1280516005 -5.39834161059  1.38538067786   1.6600970444 1779097919.35
 0.257956608034 0.0329216021856 -0.172039908889 0.311806308098 -0.770470262417   1.94405136327   11.6071325071 -6.08643448209  1.35851432646  2.08661885252 1779097919.37
 0.137089113875 0.0577302519384  -0.12863515856 0.196655056252 -0.710421810761   1.62778719728   11.9872193087 -6.26403899773  1.14100372743  2.36479323072 1779097919.39
 0.0160499067705  0.0769852563122 -0.0807155525403 0.112691302321 -0.58537297967  1.15058339207  12.0679558087 -5.58830949635 0.731521827677  2.34027276884 1779097919.41
-0.0972218193926  0.0884020610535 -0.0305104042088 0.134899560153 -0.524672362776  0.790619221772   12.1939844275 -5.07712199971  0.33449609744  2.40948445696 1779097919.43
-0.195595295608 0.0909290800458 0.0197263563895 0.216598121872 -0.513697336261  0.485955789156   12.2953863579   -4.50158989008 -0.0844721425814    2.50593996721 1779097919.45
-0.273937737021 0.0850859943849 0.0678636128918 0.29476597524 -0.514084940704  0.217794177967   12.1350819509  -3.48873898745 -0.466998054846   2.39611031988 1779097919.47
-0.329962731424 0.0729428301755  0.112011620713 0.356009359115 -0.531974729904 0.0552899933442   11.7799373914  -2.33539482513 -0.704441947521   2.13167105616 1779097919.49
 -0.36459950064 0.0577390341867  0.150616668319 0.398687813598 -0.529250922323 0.0218657443034   11.2478668011  -1.24064006247 -0.710733812932   1.68677110471 1779097919.51
-0.381831274608  0.043228549149   0.18253196141 0.425419494931 -0.561003045441  0.108664682323   10.8344913194 -0.563837100121 -0.597465837211    1.3577434763 1779097919.53
-0.388038986259  0.032901555603   0.20705993656 0.441056214724 -0.592568712765  0.308093573395   10.4732912211 -0.232360194418  -0.35537387255   1.05417058852 1779097919.55
-0.390962966695 0.0292624531574  0.223960577209 0.451515971629 -0.561072795344  0.587280767626   10.1380278043 -0.273979332898 0.0113030421674  0.693726659165 1779097919.57
 -0.39845160193 0.0333311290046   0.23342509705 0.462992353257 -0.450956509201  0.877534139686   9.89406081602 -0.687459403393  0.398872268158  0.316075939424 1779097919.59
-0.417196312526 0.0444833579864   0.23602198678 0.481391639485 -0.266481092832    1.0341873857    9.7870413571   -1.25351429523   0.644086149043 -0.0187747375886 1779097919.61
-0.451653061279 0.0606673334704  0.232628262549 0.511651171844 -0.106819337209   1.22641464277   9.80717742432  -2.03054528336  0.812489604847 -0.274972577964 1779097919.63
-0.503321210938 0.0789448325724   0.22435911694 0.55668801076 0.0483934903171   1.44667223577   9.93677289897   -3.0296261967  0.906563326175 -0.513038278517 1779097919.65
-0.570494790178 0.0962286687787  0.212503550108 0.616345699364 0.178693591411  1.52869225528   10.152060616  -3.85870781096  0.826370715357 -0.688117497038 1779097919.67
-0.648527459065   0.11004182074  0.198464707487 0.687084643687 0.235634861749  1.42504333706  10.3792230894  -4.19153190436  0.599373929125 -0.754313480579 1779097919.69
-0.730571922173  0.119119120708  0.183695863241 0.762672189449 0.197016194816   1.1372872799  10.5101476035  -3.78517912665  0.323053355379 -0.681740674705 1779097919.71
-0.808679288349  0.123710285055  0.169620097365 0.835486327514 0.118450436704 0.936666929991  10.6289899464  -3.40218621726  0.150549946615 -0.616103956594 1779097919.73
-0.875085409147  0.125513978708  0.157525828616 0.897965822754 0.000500180517998    0.799678658977     10.7417788136  -2.97067959079 0.0918497182509 -0.548048217043 1779097919.75
-0.923479162691  0.127259754391  0.148441150082 0.943951049605 -0.14263150211 0.615511850156  10.6873160945  -2.00562533892  0.174541490806 -0.388529015372 1779097919.77
-0.950047993525  0.132037670336  0.143004103879 0.96978106298 -0.244069565439  0.446901120428   10.4629034298  -0.78576222146  0.391588550236 -0.181590565614 1779097919.79
-0.954129536514  0.142534522154  0.141357812951 0.975018611995 -0.268148080578  0.359508131359   10.1705389682    0.27838914116   0.674518141277 0.00234418935025 1779097919.81
-0.938360014825  0.160356855614  0.143102523074 0.962658906713 -0.229266164437  0.383380589326   9.89124027217  1.07744105155   1.0122511457 0.140323884356 1779097919.83
-0.908291004992  0.185599621618  0.147327736584 0.93869336381 -0.125250482045  0.530232848479   9.61406296957  1.70715430476  1.44092430251 0.245908249634 1779097919.85
-0.871533878826  0.216761483559  0.152728541113 0.910979061212 0.0719205881452  0.738256131553   9.36836873745  1.92453247579  1.75571850719 0.280675496948 1779097919.87
-0.836571805788  0.251027837014  0.157787327228 0.887560815848 0.305271312849 0.913059927315  9.25047417882 1.55739031346 1.76476477904 0.21392420617 1779097919.89
-0.811438342102  0.284859047587   0.16098330543 0.874924273667 0.488668919488 0.994578562282  9.28253989855 0.799794517889  1.49529468262 0.075008248864 1779097919.91
-0.802487278131  0.314752220996  0.160983924198 0.876909696625 0.655499884552  1.10400711836  9.35981095942 -0.0470592550331    1.23461764732 -0.0977068767613 1779097919.93
-0.813464043462  0.338004101539  0.156777438741 0.894734423145 0.848433878513  1.28712287002  9.46307291935  -1.10554699424   1.00156081199 -0.344544978873 1779097919.95
-0.845035891202  0.353298771869  0.147723600514 0.927754246432 0.89995841275 1.28906367541 9.64671226534  -2.19243502214  0.618852756274 -0.626351410911 1779097919.97
-0.894855299896  0.360978193301  0.133524969323 0.974115075966 0.780461998641  1.08900254738  9.82403985696  -2.89535948549  0.246324185057 -0.859588350352 1779097919.99
-0.958133109874  0.362920575435  0.114146750346 1.03090245946 0.57490111908 0.80074417526 9.91841294158  -3.12523176646 0.0247792446641  -1.02335822975 1779097920.01
 -1.02860239521  0.362038643292 0.0897294364092 1.09414178168 0.392524941612 0.557905681128  9.92168229455   -3.26043991683 -0.0327357780661    -1.2348143092 1779097920.03
 -1.09967911693  0.361499411791 0.0605395564146 1.15915530574 0.237772782406 0.352078930738  9.82457331618  -3.48502929005 0.0458021337998  -1.59618941258 1779097920.05
 -1.16558718908  0.363838971305 0.0269885927995 1.22135198715 0.0813473555794  0.124202456752   9.59530471385 -3.33506300145 0.236284056143 -1.92726325893 1779097920.07
  -1.22222385966   0.370181517304 -0.0102764911765 1.27709479881 -0.0253048525688 -0.0644628691718    9.30045331979 -2.68267980788  0.41867791757 -2.03090351635 1779097920.09
  -1.26759710599   0.379759357875 -0.0502372834895 1.32421424916 -0.0492342063101  -0.156628384906    9.04436540101 -1.89844225007 0.469910312878 -1.93566722287 1779097920.11
   -1.3017602899   0.389868704954 -0.0913724850303 1.36195682401 -0.0131893196074  -0.184223071691     8.7680360893 -1.39364765268 0.392724536865 -1.93201402773 1779097920.13
 -1.32628190029  0.396296506715 -0.131592025906 1.39046433308 0.0686470978346 -0.167000138581   8.48440344829 -1.04609886788 0.107308372976 -1.93260972581 1779097920.15
 -1.34339594785  0.394139672881 -0.168292057336 1.41009963159  0.175516235439 -0.114150567079   8.29513662796 -0.761981348228 -0.462285591672  -1.77344291799 1779097920.17
  -1.3550568741  0.378839050805 -0.198563184225 1.42095935782   0.269772982302 -0.0554805263248    8.27469005218 -0.509920682645  -1.27638109704  -1.39355117748 1779097920.19
 -1.36215113436   0.34719361569 -0.219547699892 1.42274393766   0.276112520009 -0.0242351684905    8.60872614422  -0.21385500103  -1.91207742093 -0.718620279888 1779097920.21
  -1.3640845823  0.298122317809 -0.228899132248 1.4149199542   0.260685971223 -0.0471129902489    8.86662831181 0.0755218530338  -2.63091182313  -0.13160698852 1779097920.23
 -1.35887321214  0.233002504226 -0.225259920334 1.39698554228  0.228509461065 -0.136059472005   9.06912205754 0.522992457425 -3.66477504193 0.520338356007 1779097920.25
 -1.34373386953  0.155518379273 -0.208651696024 1.36870092009  0.127269939067 -0.272625303474   9.37857266541  1.13233942482 -4.28020350158  1.17846467691 1779097920.27
 -1.31603398249 0.0710717114571 -0.180675657153 1.3302782883 -0.0057035913377  -0.425791966697    9.66955184645  1.83258585434 -4.48002133972  1.69578490191 1779097920.29
  -1.27435319561 -0.0140927191637  -0.144450229532 1.28259133815  -0.12926115136 -0.511486985374    9.8743818208  2.30426757212 -3.93099638644  1.82141542131 1779097920.31
  -1.21936669056 -0.0938391608042  -0.104264697602 1.22740866924 -0.231569603175 -0.575272554728   9.96792924635  2.74917967607 -3.40897697367  1.81955154633 1779097920.33
  -1.15429472037  -0.162964974087 -0.0649892229768 1.16755191892 -0.343662124196 -0.655379351257   9.98914399444  3.35814867303 -3.09140472573  1.81946027788 1779097920.35
  -1.08476785179  -0.217746565384 -0.0313384324353 1.1068500153 -0.430536963252  -0.65847773905   9.92105085107  3.64312785701 -2.49259603035   1.5479366501 1779097920.37
   -1.01810425055   -0.256145295441 -0.00712295313725 1.04985590146 -0.448094878065  -0.54323120584   9.78126416495  3.24689385367 -1.58759250285 0.971943796721 1779097920.39
 -0.962143401847  -0.277704687259 0.00536867251461 1.00143329368 -0.396673848487 -0.363449515514    9.6340887441   2.30449399958 -0.662761073256  0.314585356445 1779097920.41
 -0.923889474256  -0.283240998995 0.00573826020872 0.966348876847 -0.330623974295 -0.208928160083   9.50567291601   1.27182812439  0.076593881108 -0.232333447266 1779097920.43
  -0.908259276767   -0.274459599192 -0.00447470513422 0.948832444854  -0.258619200766 -0.0927996350637    9.38127364306   0.16644464235  0.736804722395 -0.691760041064 1779097920.45
 -0.917197170271  -0.253616007103 -0.0220756027934 0.951871346585  -0.147943969476 -0.0126947649313    9.28779146429 -1.08518340669  1.35205074155  -1.0120279562 1779097920.47
  -0.94932637791  -0.223293313187 -0.0427733504884 0.976171109499 0.000976096339844   0.0100589794742     9.26840308253 -2.18848209428  1.77510360305 -1.05055822689 1779097920.49
   -1.0001817984  -0.186306197814 -0.0619115164703 1.01926771021   0.146781128556 -0.0272081263182     9.3180993936  -2.78348338554   1.90120460812 -0.795373679406 1779097920.51
  -1.06294718137  -0.145686816148 -0.0752402216668 1.07551961848  0.268386704784 -0.101998658166    9.3670641504  -2.98965571781   1.88678242228 -0.408740851469 1779097920.53
 -1.12952742647 -0.104675709066 -0.079595439684 1.13715638557   0.39231726745 -0.209415875393   9.35983740598  -3.12167512855   1.91593114847 0.0452084499232 1779097920.55
  -1.19174081141 -0.0666396003574  -0.073375017847 1.19585571502  0.500330633693 -0.336147503144   9.31495708927 -2.96258858377  1.83201237977 0.599757675413 1779097920.57
  -1.24241830967 -0.0348659836363 -0.0567413808865 1.24420194395  0.523260466337 -0.425595828001   9.27596824773 -2.23396745182  1.43843640472  1.10629325249 1779097920.59
  -1.27623874011 -0.0122319604097 -0.0315304116061 1.27668677031 0.451551361944 -0.44753698402  9.25723995603 -1.18453826872 0.844705411968  1.38463188151 1779097920.61
    -1.29019404788 -0.000796654104648 -0.000895308181592 1.29019460447  0.343749348531 -0.441635737902   9.23090519858 -0.175314067994  0.255989701635   1.48443962706 1779097920.63
   -1.28365251641 -0.00140652921328   0.0312443756031 1.28403347784 0.226205880981 -0.44661880093  9.18130097973  0.779354632993 -0.306087650643   1.49735145757 1779097920.65
  -1.25805608221 -0.0134186800635  0.0608504333645 1.25959832573 0.0895322575335 -0.471249864236   9.13494951672   1.76240304355 -0.869989781101   1.39182922921 1779097920.67
  -1.21634233966 -0.0346334157324  0.0844014963619 1.21975889967 -0.0601538905418  -0.491500377785     9.1754960756  2.58744768022 -1.29775168262  1.04114622289 1779097920.69
  -1.16221703257 -0.0614873961499  0.0994144844562 1.16808063523 -0.169817757234 -0.498074206337   9.32954832704  2.96278981438 -1.39032101404 0.516209256924 1779097920.71
  -1.09941598612 -0.0895023658159   0.104773669166 1.10801791762 -0.216009695482 -0.524972385623   9.51954423302   3.04194342047  -1.21646288602 0.0327093436359 1779097920.73
-1.03108570207 -0.11392637173   0.1008245106 1.04224878274 -0.235956586751 -0.654771394694   9.68952762859   3.39675162307 -0.993452432805 -0.377019381898 1779097920.75
-0.959380998928 -0.130458583443 0.0892306121006 0.972313450094 -0.209365854969 -0.838708344869   9.87928878444   3.79129241487 -0.572254227968 -0.733337422744 1779097920.77
 -0.88533128863 -0.135926410295 0.0726317060864 0.898645004644 -0.126405826696 -0.993735960149   10.0557285598   3.97038119166 0.0440550430699 -0.925463694067 1779097920.79
-0.808972769595 -0.128789665346 0.0541716722112 0.820949626906 -0.0201292602752   -1.10747861819     10.178522506  4.06337274788 0.693080290594 -0.93070589753 1779097920.81
-0.729692335078 -0.109379426336 0.0369829726465 0.738770940849 0.070212438686 -1.06289192501  10.1945180332    3.7552694493   1.13291665411 -0.704779406919 1779097920.83
 -0.646690454333 -0.0798311711266  0.0237149405577 0.652030641929 0.132112648789 -1.10662921404  10.1990823714    3.9387195766   1.51886752016 -0.481334749822 1779097920.85
 -0.559452253319 -0.0437306473905  0.0161786311417 0.561391967675 0.170651155914 -1.24778282194  10.2035469247   4.63223138704   1.92708875426 -0.222071190138 1779097920.87
  -0.468121710561 -0.00554347061405   0.0151542772105 0.468399741762 0.141433591354 -1.24765677083  10.1407726648  4.92721483842  1.95750875533 0.111317803841 1779097920.89
 -0.37370125924 0.0300654441424 0.0203751992639 0.375461996525 0.0543405199424  -1.17522901947   10.0616933549  4.94980485916  1.67827115938 0.404079318074 1779097920.91
-0.278041265974 0.0589048333475  0.030671571046 0.285862677253 -0.0630286057069   -1.01908469882    9.99208417352  4.51037570665  1.13312604084 0.566182659241 1779097920.93
-0.183630769232 0.0778161939319 0.0442345454638 0.204284885538 -0.189698207071 -0.955818923318   9.97789926448  4.31287302318 0.609995957393 0.659931764203 1779097920.95
-0.093241779133 0.0850421527851 0.0589485573424 0.139287937521 -0.34884942478 -1.02246685099  10.0326305734   4.51296619262 0.0660851218949  0.738715502678 1779097920.97
-0.00950573705686    0.080365974605   0.0727366115511 0.108810218138 -0.474967360632  -1.02372816589   10.1246305832   4.22276128202 -0.532543548161  0.662921751457 1779097920.99
0.0654919308624 0.0650238265081 0.0838678037827 0.124704047782 -0.538439015981 -0.983898010208   10.2385039091  3.63636656599 -1.01122798008 0.479101582326 1779097921.01
 0.130524109589 0.0414254287595 0.0911859399902 0.164521989363 -0.514337903943 -0.880464427618   10.3265528572  2.82468756921  -1.2316869338 0.244154448045 1779097921.03
 0.185390351839 0.0127428875079 0.0942313332272 0.208354284571 -0.503484677983 -0.869741419688   10.4576639438   2.38402339691   -1.4006577853 0.0488587238584 1779097921.05
  0.230921506789 -0.0175598967177  0.0932435073414 0.24965464933 -0.503075942227 -0.930104282847    10.642620357    2.1889217298  -1.54582113405 -0.135935815624 1779097921.07
  0.268832116817 -0.0461838625942  0.0890494556731 0.286938079997 -0.429385485625 -0.894703339291   10.7260717761   1.86309831708  -1.39497980501 -0.274289510425 1779097921.09
  0.301458253853 -0.0703737159154  0.0828589293285 0.320460825808 -0.336499370412 -0.832483171492   10.7358033465  1.62125159143 -1.08742709941 -0.33786039405 1779097921.11
  0.331435181949 -0.0881738102931  0.0760033027095 0.351283934557 -0.228544055245 -0.711294970304   10.6176803659   1.38577929813 -0.651453404598 -0.305146685629 1779097921.13
  0.361373501065 -0.0985398112207  0.0696656747245 0.380991086382 -0.167923428298 -0.699138138731   10.5600963184   1.43447467934  -0.30321591029 -0.261952625984 1779097921.15
 0.393583721917 -0.101310623644 0.0646542189786 0.411524187203 -0.141269663771 -0.824651634143   10.5743860412   1.80451780721 0.0387863498104 -0.221260618096 1779097921.17
  0.429880405666 -0.0970673221405  0.0612657132527 0.444941249856 -0.111253329049 -0.909657920215   10.4795762551  2.07488648225 0.383327096525 -0.14341606205 1779097921.19
  0.471473885911 -0.0869207229594  0.0592704542821 0.483069170955 -0.0940631153624    -1.0052801397    10.3659938668    2.30665608312   0.642144675544 -0.0839389348366 1779097921.21
 0.518937054749 -0.072275046669  0.058024952604 0.527149167018 -0.0840833225344   -1.05326815215    10.2433418504    2.36404200913   0.758104578525 -0.0605595755091 1779097921.23
  0.572222459475 -0.0546125175201  0.0566895818506 0.577611269703 -0.0912117581768   -1.21543627713    10.1951906016   2.63418295098  0.870629566864 -0.083037804144 1779097921.25
  0.630703981115 -0.0353347154536  0.0545017044796 0.634039817126 -0.114431254914  -1.52223661655    10.205347764   3.18748205005   1.02547668582 -0.148866455313 1779097921.27
  0.693227044956 -0.0156829237719  0.0510382484676 0.695280226069 -0.126718214303  -1.61825137658   10.1762469281 3.30622716409  1.0010203378 -0.2101174902 1779097921.29
  0.758167378775 0.00325714380187  0.0464011451776 0.759592949874 -0.139635129644   -1.6628310699   10.1499987636   3.36560003635  0.934162552038 -0.252169329649 1779097921.31
  0.82351382939 0.0204797318408 0.0412764435181 0.824801910402 -0.139098306101  -1.49969304545   10.0848960149  3.06154458293 0.753021971934 -0.22697691413 1779097921.33
 0.886998406712 0.0349446113775 0.0368498653013 0.888451018316 -0.144563236388  -1.35845074249   10.0155820847   2.85115064531  0.580329640946 -0.155053481688 1779097921.35
 0.946292036992 0.0454702854793 0.0345994239802 0.948015446222 -0.171792364078  -1.33267304504   9.93362788343    2.93238860836   0.411171000058 -0.0217248513741 1779097921.37
 0.999267751017 0.0506866922334 0.0360181082784 1.00120052093 -0.190517366067  -1.13018937079   9.78847784607   2.65813854924 0.0982017098605    0.2098204262 1779097921.39
   1.0443090201 0.0490914042276 0.0423364041221 1.04631910359 -0.200253625684 -0.824529172953   9.61757273173   2.10998135965 -0.297144502252  0.474454382694 1779097921.41
  1.08061687967 0.0392304553191  0.054310426568 1.08269178055  -0.20247557596 -0.524690301188   9.47487910488  1.47697567651 -0.67010136548 0.685759413676 1779097921.43
  1.10845244589 0.0199896404719 0.0721181796536 1.11097589639 -0.236676239739 -0.366482217591   9.31628227077   1.1209789774 -1.11310334659 0.946506302908 1779097921.45
    1.12924684326 -0.00905785009048   0.0953714705104 1.1333032229 -0.314230351958 -0.312804167228   9.09699474131  0.97262452319 -1.76646240656  1.34069733791 1779097921.47
  1.14552150268 -0.047334484818  0.123215375506 1.15310107766 -0.367824964644  -0.30110502118   8.96359545658 0.853430741101 -2.28768895762  1.60903012634 1779097921.49
   1.16058871804 -0.0930722374354   0.154462405855 1.1745157507 -0.369883240492  -0.33477212665   8.96085693249  0.84560220593 -2.49633251858  1.67678274239 1779097921.51
  1.17804277244 -0.143341688534  0.187703267699 1.20148413642 -0.308791016966 -0.378837848107    9.0763209562 0.935704409442 -2.33891275291  1.54499502965 1779097921.53
  1.20110017616 -0.194335804296  0.221353189742 1.23669126002  -0.23781595435 -0.472000617426   9.14453745513  1.24951847715 -2.28643593041  1.52963110936 1779097921.55
 1.23189478377 -0.24188298736 0.253627632443 1.28078066577 -0.117252573789 -0.612341933139   9.17970045015  1.82818993936 -2.29968123005  1.60181518837 1779097921.57
  1.27086841962 -0.282097319935  0.282482413596 1.3320967502  0.104417413067 -0.663403430108   9.29913434198  2.29539610034 -1.90510280033  1.41119647585 1779097921.59
 1.31640783504 -0.31202602307 0.305585776005 1.38696520999  0.362908450065 -0.596314467478   9.44698041938  2.43869618182 -1.24661829755 0.983858263102 1779097921.61
  1.36485433076 -0.330141253166  0.320399730223 1.44030433532   0.57241217868 -0.444730997112   9.56435115849   2.19472783171 -0.569342973615   0.43739572118 1779097921.63
  1.41095010836 -0.336551605809  0.324427468002 1.4863715463  0.808353089321 -0.323890173812   9.58933496649    1.98165003284 -0.0645471168256  -0.112623663784 1779097921.65
  1.44869321797 -0.332872087752  0.315634891584 1.51958588154   1.06734023712 -0.203897502857   9.53253124197    1.6044316161  0.385407318702 -0.819892281839 1779097921.67
  1.47247028408 -0.321773583654  0.292989595087 1.53543149618    1.16440927612 -0.0766633591699    9.42379149457 0.790581582486 0.710418559174 -1.56839047687 1779097921.69
  1.47824985401 -0.306312421732  0.256999138454 1.53137144017     1.08048424409 -0.00104371766691     9.28264191434 -0.205696474932  0.848795666235  -2.15990419607 1779097921.71
  1.46457567238 -0.289196884406    0.2100926716 1.50756614075    0.830536295086 -0.00161974832023     9.16833060552 -1.06556251003 0.806158111205 -2.36815741165 1779097921.73
    1.433116111 -0.272166200675  0.156691735537 1.46712253353   0.615313407282 -0.0712755250339    9.00555008787 -1.78921538602 0.790460153124 -2.52542593648 1779097921.75
  1.38860607674 -0.255634162626  0.102863777461 1.41568238605  0.419382055561 -0.209852177891   8.79748364352 -2.40307797922 0.847082203296 -2.55951287476 1779097921.77
  1.33814640857 -0.238689490609  0.055539722091 1.36040183197 0.242877256363  -0.3896738397  8.64863526066 -2.61956590892 0.960695692736 -2.16393905312 1779097921.79
  1.28997351549 -0.219461804286 0.0213865943661 1.30868351431  0.163882290637 -0.541748516101   8.63945288764 -2.26326699504  1.12673049123 -1.31296992323 1779097921.81
     1.251941288  -0.195773679939 0.00553027521845 1.26716806553  0.224355950833 -0.584432032984   8.80641027368 -1.42138913523  1.26952721278 -0.26071391116 1779097921.83
  1.23003312889 -0.165925478412 0.0103922141217 1.241217451   0.43981784719 -0.586108801414   8.95492727572 -0.568314970523   1.52559559314  0.675570304386 1779097921.85
  1.22722259806  -0.12941835518 0.0349140038726 1.23452152817  0.864424497827 -0.571640872894   9.05090592575 0.326833602266  1.99010518387  1.62233060618 1779097921.87
   1.24292528906 -0.0874245084404  0.0743860809947 1.24821456806   1.40839068922 -0.432275559915    9.2200058272 1.24758604464 2.35107988753 2.33785717429 1779097921.89
   1.27315149619 -0.0428651998932   0.120980375381 1.27960478619   1.80134616477 -0.167224711006   9.44720086038 1.78713401343 2.28337705461 2.36630736904 1779097921.91
     1.31131293655 -4.72978187337e-05     0.164936757661 1.32164509375  1.90217731814 0.108190903293   9.6284918262  1.7789239454  1.8395830307 1.75282871967 1779097921.93
  1.34949590207 0.0360824548966  0.196204876997 1.36416182582  1.99889435681 0.359566128151  9.70477188142  1.58066716177  1.40433573328 0.951422875077 1779097921.95
  1.37992075265 0.0609069688678  0.206232640323 1.39657539874 2.13760590904 0.64827719371 9.68241007261   1.21461482332  0.909344367596 -0.172818030593 1779097921.97
 1.39628298377 0.071110488809 0.189547909569 1.4108831569 1.85385142822 0.86068521724 9.56604177294 0.402744299264 0.122909766434 -1.67193037649 1779097921.99
  1.39471587584 0.0654221541576  0.144812985395 1.40373901894 1.18600607553 0.91139083565 9.38828170744 -0.574009872896 -0.680391992608  -2.97580627594 1779097922.01
  1.37421367117 0.0449510370573 0.0751352451876 1.3770000417 0.426265963629 0.841442932915  9.20215244648 -1.38336500931 -1.24459308745 -3.73528515964 1779097922.03
   1.33648023222  0.0130284048573 -0.0124316564015 1.3366015474 -0.253871386666  0.789867250313   8.97302544763 -2.09364403197 -1.65659651575 -4.31408195473 1779097922.05
   1.28529016537 -0.0254097155964  -0.108097093199 1.29007807686 -0.914423106674  0.769906109762    8.6948044358  -2.7914642113 -1.95727973231 -4.74505675744 1779097922.07
   1.22554055014 -0.0647587257697  -0.201011931224 1.24360328445 -1.45964629224 0.737453147975  8.48231658527 -3.25724586734 -1.96846643774 -4.57819056904 1779097922.09
   1.16221495681 -0.0997883247733  -0.281084267653 1.19987902771 -1.71628747598 0.699231933759  8.44484480607  -3.3303128442 -1.63265818695 -3.68697506833 1779097922.11
  1.09947344551 -0.126562075817 -0.340580282141 1.15795282503 -1.58866773792 0.660697852759  8.64064128775 -2.97507581892 -1.05316110825 -2.29191670422 1779097922.13
  1.04003076718 -0.143040881818 -0.375211611718 1.11485803765 -1.33969972525 0.704869921969  8.89272325706  -2.68582189572 -0.532063501387  -1.03022868062 1779097922.15
 0.984906534568 -0.149257874029 -0.384525905524 1.0677916308 -1.06654389533 0.863025612452  9.17598783739   -2.62873872965 -0.0990671296069  0.0899438932146 1779097922.17
 0.933545735003 -0.147053896259 -0.371568161627 1.01547791039 -0.689836740603   1.06136101934   9.57629210584  -2.5995491146 0.252984827971  1.09983432908 1779097922.19
 0.884234298654 -0.139460579513 -0.341932834125 0.958247155596 -0.288504449788   1.24377205851   10.0449791505 -2.58464890575 0.448756356618  1.80716963964 1779097922.21
 0.834686074377 -0.129889514273 -0.302446132375 0.897243440581 0.0271174999265   1.32787776401   10.4700220131 -2.52435300312 0.450919102759  2.04174155449 1779097922.23
  0.78266082958 -0.121316755142 -0.259778407868 0.833522975347 0.184851075793  1.33778985365  10.7809022338 -2.49988594018 0.329270638066   1.9215803495 1779097922.25
 0.726486527105 -0.115638090479 -0.219276688313 0.767617813806 0.228876231678  1.48605940747  11.1426642524 -2.88060424593 0.196461933894  1.85576199764 1779097922.27
 0.665395631024  -0.11331907628 -0.184233042886 0.699667330183 0.15405977549 1.60486176635 11.4598319981  -3.33477530863 0.0591101028752   1.67168366601 1779097922.29
  0.59963352224  -0.11338957492 -0.155686767976 0.629806261018 -0.017984512583    1.5589288092   11.5775198942    -3.5259218157 -0.0113519344934    1.34469540148 1779097922.31
 0.530345968507 -0.113753877448 -0.132728593936 0.558411739306 -0.208358717558   1.43299023894   11.5665140889    -3.535874395 0.0420136248867    1.0713054955 1779097922.33
  0.45929291888 -0.111722033371 -0.113166123059 0.486043588048 -0.355649889839   1.26297923695   11.4683199534 -3.37533519394 0.217074648725 0.913077171162 1779097922.35
  0.388461797011  -0.104629018755 -0.0943468657522 0.413220437999 -0.47714429011  1.20753171535  11.5017490243 -3.44512162707 0.526021911582 0.968092148852 1779097922.37
  0.319662255248  -0.090402382993 -0.0739293808383 0.340326463315 -0.537714801017   1.16127853679   11.5392067302 -3.46743637976 0.946724624448  1.13377703812 1779097922.39
   0.25417657869 -0.0679647201314 -0.0504384906829 0.267897326749 -0.507172637146    1.0770315124   11.4988214949 -3.29019569346  1.37144065261  1.30452720419 1779097922.41
  0.192519607029 -0.0374059619004 -0.0235186883241 0.197525020635 -0.42478864597  1.00904537232  11.4452135281 -3.08746320264  1.75308618719  1.45696536927 1779097922.43
   0.134335891945 8.17759101955e-05   0.0061139988394 0.134474977351 -0.301272902334   0.89824840772   11.2712929019 -2.71473986842  1.90056458838  1.43894114175 1779097922.45
0.0784369524416 0.0424622626687 0.0369505401115 0.0965439882841 -0.222101359069  0.893399238267   11.2167911188 -2.66330372271  2.08394780566  1.45806801365 1779097922.47
0.0229627488088 0.0872276073335 0.0670869987274 0.112412671493 -0.186165873579  0.971721972427    11.235498662 -2.89241647456  2.29076092978  1.47900872977 1779097922.49
-0.0343598037054   0.131796009818  0.0946280524953 0.165847076048 -0.181840997285   1.01616604788   11.1524793645 -3.08308605993  2.24713637077  1.32089204074 1779097922.51
-0.0958935859871   0.173857168632   0.118008829507 0.230971813778 -0.218492975604   1.05566659449    11.035608207 -3.33216511744  2.05575047023  1.07047963295 1779097922.53
-0.163736792484  0.211614024875  0.136191248369 0.30023039298 -0.26677167638  1.02350105635  10.8421741706 -3.40568878413  1.66261640433 0.729326330678 1779097922.55
-0.23937036024 0.243900808446 0.148734299724 0.372703187049 -0.330992093151   1.02565921961   10.7107853297 -3.60899016899  1.32440079473 0.442680146607 1779097922.57
-0.323340859679  0.270184357167  0.155768345717 0.449235657449 -0.462879997692   1.21838264408   10.7556541612 -4.50351375922  1.19409753333 0.235417506519 1779097922.59
-0.415015067515  0.290472646107  0.157915983456 0.530612214552 -0.584338685532   1.37336392862   10.7715484989  -5.25401138553  0.971755151077 0.0119200141125 1779097922.61
-0.512446507435  0.305160373361  0.156197378283 0.616540264245 -0.604669444234    1.3181631904   10.6567262102  -5.10645563821  0.630393610147 -0.154564383632 1779097922.63
 -0.6123955882 0.314839335612 0.151941585423 0.705151337712 -0.596269826634   1.23446675989   10.5403553808  -4.70557785583  0.354795121366 -0.225493889005 1779097922.65
-0.710537649815  0.320096216111  0.146704741366 0.792999130209 -0.613151377596   1.21844216196   10.4631386184  -4.40505591508  0.150595301697 -0.226960801087 1779097922.67
-0.80187278102 0.321316977569 0.142179190507 0.875476715411 -0.702719422354   1.34303857071   10.4347298607   -4.38897852969 -0.0405615745718   -0.17047349732 1779097922.69
-0.881317650725  0.318517920457  0.140071429348 0.947520169945 -0.756093255951   1.38937635389   10.3271225774    -3.84156340834   -0.271886860546 -0.00659689277646 1779097922.71
-0.944417975525  0.311228333623  0.141934405958 1.00445694967 -0.714091597647   1.26628830035   10.1339049221  -2.68338910632 -0.504260464804  0.223386239175 1779097922.73
-0.988079878858  0.298455242757  0.148959149944 1.04286442421 -0.653243548878   1.13072548665   9.94709818307  -1.54559750664 -0.751510308168  0.458789264061 1779097922.75
-1.01119076057 0.278761642878 0.161754984587 1.061310267 -0.652857091924   1.12397894926   9.78820208497 -0.642869608571  -1.14581153955  0.745359063048 1779097922.77
-1.01499675143 0.250480252504 0.180167243553 1.06085767093 -0.679047051893   1.18697434792   9.63304472709 0.212206202387 -1.75636249502  1.09103117095 1779097922.79
-1.00313206279 0.212062392911 0.203187753164 1.04524143475 -0.646750353469   1.16072407571   9.52082883506 0.912837052438 -2.37942947532  1.32114456934 1779097922.81
-0.981255132976  0.162528299538  0.229001321735 1.02064621172 -0.579430238194    1.0519548018   9.49114056744  1.21530526361 -2.85907620876  1.35002104361 1779097922.83
-0.956326208546  0.101948902661  0.255182005212 0.995023241784 -0.502827424666  0.873109991509   9.54830359131  1.05149880085 -3.01212724332  1.15288207244 1779097922.85
-0.935640841114 0.0318614351612  0.279013646325 0.97687642486 -0.546645024512  0.827481804369   9.61622504153 0.721792812064 -3.46150457194  1.00914345866 1779097922.87
 -0.925791457274 -0.0444867217538   0.297872849445 0.973548727702 -0.703827809658  0.846325399523   9.71764427433 0.102907757679 -4.07146016559 0.808365586882 1779097922.89
-0.931748049688 -0.122153632128  0.309592474361 0.989405598388 -0.858280844891    0.7792944161   9.85865084412 -0.814424807919  -4.02331673299  0.397555392457 1779097922.91
-0.956223572458 -0.194823544811  0.312728059377 1.02475293279 -1.00524668244 0.695119626902  9.98490726784   -1.76730497309   -3.48005935607 -0.0761235837087 1779097922.93
-0.999426626343 -0.255421781927  0.306677337543 1.07617138853 -1.01410446848 0.568785095923  10.0431872574  -2.35896946981  -2.33913853264 -0.482887828956 1779097922.95
 -1.05922050305 -0.296954620341  0.291644291724 1.13806261406 -1.10945167154 0.561735296054  10.0795262625    -3.092423678  -1.35759070765 -0.893528682951 1779097922.97
  -1.1316258983 -0.313457976787   0.26847951808 1.20453905231 -1.21206912623 0.638524744496  10.0809630293   -4.0108495301 -0.104188413594  -1.40052200576 1779097922.99
 -1.21154523758 -0.300911505864  0.238455025676 1.27092501602 -1.03384823437 0.678301402467  9.98113543544 -4.32211769137  1.48095198414 -1.74667435187 1779097923.01
 -1.29356166377 -0.257971497635  0.203037281567 1.33456929729 -0.657492741135  0.709438005887   9.81382065397 -4.21126548572  2.99292794965 -1.95355955696 1779097923.03
 -1.37267521205 -0.186397138215   0.16370860976 1.3949127714 -0.142852892517  0.675069321136   9.62374676538    -3.53492517  3.89874726176 -1.89642666913 1779097923.05
  -1.44487229609 -0.0910876500071   0.121861724897 1.45286034841 0.376614353747 0.689298585318  9.41467992265 -3.09345850768  4.74347753307 -1.94941046499 1779097923.07
 -1.50746839116 0.0202933394949 0.0787657429602 1.50966115809  1.01674063158 0.769886799676  9.12116011166 -2.93777182297  5.88797233101 -2.21688275607 1779097923.09
 -1.55920665504  0.138064776569 0.0355834554985 1.56571180552  1.62263876074 0.761741565479  8.84075306843 -2.49979900426   6.2385544473 -2.30257074741 1779097923.11
   -1.60013185809    0.251546365324 -0.00658679455852 1.61979656841   1.9619119799 0.643814369167  8.66448651881 -1.88150058788  5.53743299706 -2.14693178701 1779097923.13
  -1.6312883842  0.350208077579 -0.046667146284 1.66910913741  1.94997554463 0.458049935056  8.62387633563 -1.28162541985  4.09817896386 -1.82093247913 1779097923.15
  -1.65431312224   0.424798638206 -0.0835674958785 1.71002611553  1.86436312841 0.293597203745   8.5588644136 -0.913864209993   2.71746244627  -1.59913089283 1779097923.17
 -1.67100722102  0.468315829578 -0.116169396504 1.73927576239  1.82705038175 0.141761066107   8.3650509434 -0.732998641024   1.32789693716  -1.52851170352 1779097923.19
  -1.6829717462  0.476716468418 -0.143328919285 1.75504862294   1.49530397197 -0.038622886859   8.28371699968 -0.548993143942 -0.512307608038  -1.28639211747 1779097923.21
 -1.69137818101  0.449306124447 -0.163902310192 1.75769738919  0.936377487351 -0.189032897313   8.37682045065 -0.362399595245  -2.28540836899 -0.869975166431 1779097923.23
  -1.6969149111  0.388786387495 -0.176800830836 1.7498381652  0.379360577432 -0.259340858939    8.5933463293 -0.197670437383  -3.43716214349 -0.398031674835 1779097923.25
 -1.69990925249  0.300964893843 -0.181080582848 1.735817246 -0.00730916368434    -0.29203606254     8.67225758161 -0.0845631383238   -4.49077617671  0.0169331594571 1779097923.27
 -1.70057995543  0.194152010186 -0.176066932103 1.72065881349 -0.305592400002 -0.302333400551   8.59634529645 0.0150061570016  -5.85958008241  0.515190431878 1779097923.29
 -1.69933897757   0.07828485748 -0.161501940268 1.70879031958 -0.442174014045 -0.215806740969   8.62774627237 0.0962364849281  -6.26844455329   1.04451037145 1779097923.31
  -1.69704410603 -0.0361585203432  -0.137690308405 1.70300462637  -0.373024769206 -0.0685485029843    8.72327668773 0.110430568406  -5.6849345688  1.45991535243 1779097923.33
 -1.69511116771 -0.139361603813 -0.105609404232 1.7041058869 -0.16246692383 0.079479668762  8.86766601905 0.0374189347062  -4.32582724357   1.63474448787 1779097923.35
  -1.6954247883  -0.22336023557 -0.066946158245 1.71138446753 0.075782739018 0.209334819388  8.86599247759 -0.113580010999  -3.31625026047   1.88261798514 1779097923.37
  -1.70003290933  -0.283064063409 -0.0240302670462 1.72360512024 0.369138624902 0.342910622788  8.71233971111 -0.400787359064  -2.46136708895   2.29611674516 1779097923.39
 -1.71066249072 -0.316939981539 0.0203508657113 1.73989403895 0.612631763643  0.38359218561   8.6555533049 -0.757277485977  -1.18932174548    2.3513465532 1779097923.41
  -1.7281415033 -0.327209258088 0.0632469157207 1.75998270627 0.718846481098 0.309573440077  8.66827717658   -1.07443933224 -0.0659592807241    2.12790773885 1779097923.43
 -1.75184609043 -0.319468221648  0.101914242917 1.78365108194 0.651481709817 0.130567199424   8.7722406021 -1.20815630646 0.601534719926  1.67550172522 1779097923.45
 -1.77930439544 -0.301735521098  0.134200908668 1.8096901227  0.529155720567 -0.107437726069   8.82321586716 -1.24664542611 0.837368778635  1.30934424287 1779097923.47
 -1.80607569434 -0.283042325209  0.158871271899 1.83501020503  0.382261914928 -0.463670849776   8.77937629133 -1.19329380763 0.765496769974  1.06321044047 1779097923.49
 -1.82598457761 -0.271790231479  0.175792389931 1.85445209481  0.134945311006 -0.887183671703   8.86847291085 -0.673257516053  0.232713612147   0.70992803784 1779097923.51
 -1.83172889525 -0.274175214328    0.1859217335 1.86144290399 -0.112419077447  -1.27419053374   9.06183253989  0.257992779342 -0.537315694145  0.387300684913 1779097923.53
 -1.81580591933 -0.292989091588   0.19107266767 1.84918968978 -0.285129571444  -1.57083078117   9.30192620626  1.43111409138 -1.25906030539 0.180090580305 1779097923.55
 -1.77162748352 -0.327051013863  0.193484860843 1.8119223762 -0.383892520606  -1.88231335267   9.53488236636   2.87331778913  -1.85937512664 0.0997527597827 1779097923.57
 -1.69463865598 -0.371398586172  0.195279222531 1.7458152992 -0.428989841563  -2.31829126436   9.79085188439  4.89377971241 -2.36792705648 0.115102840207 1779097923.59
 -1.58323178721 -0.418209033395   0.19791597156 1.64945215737 -0.350695984869  -2.52611094757   10.0952524246  6.80414248129 -2.31448401966 0.173384877505 1779097923.61
-1.43926820471 -0.45826490771  0.20178663688 1.52388238967 -0.178865368087  -2.44543102032   10.3735605144  8.03613493923 -1.64361561024 0.207398138658 1779097923.63
-1.26808255348 -0.48266591522 0.206049404481 1.37239065329 0.0136827269828  -2.18972239355   10.5822407403   8.50723102705 -0.616419844601  0.164294577475 1779097923.65
 -1.07793789137 -0.484446302677  0.208764772417 1.20009209981 0.192447135172 -2.07426624167  10.8140900702   9.26004322535   0.54435742894 0.0301615525896 1779097923.67
-0.879003474405 -0.459793658365  0.207316701925 1.01342860192 0.369013142336 -2.09443049389   11.116419227   10.3987793994   1.99036364112 -0.255642851936 1779097923.69
-0.682019550725 -0.408666113502  0.199031544136 0.819617115156 0.466933018926 -1.94442349693  11.2916170411   10.2841464334   3.36552381866 -0.685303410895 1779097923.71
-0.496874841536 -0.334740692225  0.181852842848 0.626104141205 0.456933002925 -1.73599816671   11.333645684 9.22972496465 4.31393463799 -1.1612450099 1779097923.73
-0.331339628599  -0.24475979249  0.154910477561 0.44010289883 0.332470477016 -1.46253077264  11.1894055663  7.26766534436  4.43811256491 -1.49303344453 1779097923.75
-0.190166591583  -0.14744454231  0.118844207586 0.26837878323 0.183381180226 -1.39486106052  11.1206085887  5.98474259828  4.49051272312 -1.84483271146 1779097923.77
-0.0746992484046 -0.0521956389609  0.0757995449366 0.118532415192 -0.00463073331008    -1.53341321539     11.1473309299 5.29965886884  4.5961854387 -2.2963226238 1779097923.79
0.0169701054718 0.0321969580939 0.0290926414114 0.0465941023576 -0.231546941495  -1.60211375096   11.0396005156 4.28748576466 3.94239281569 -2.4352483068 1779097923.81
 0.0893531731444  0.0986524626102 -0.0173805619449 0.13423256633 -0.439941565596  -1.64150282723   10.8890912726  3.43488704249  2.88106796002 -2.32162168174 1779097923.83
0.148573906181 0.142581808876 -0.05985765982 0.214445138111 -0.537613268143  -1.48831843553   10.6524003226  2.61450117308  1.48726164847 -1.82304734228 1779097923.85
  0.201227511184   0.162292293461 -0.0953886411656 0.275554518449 -0.606542628905  -1.44061567782   10.5427050337  2.39771371479 0.376044514847 -1.43056511177 1779097923.87
 0.253294494453  0.159005622348 -0.122337854658 0.323121400623 -0.699865287718   -1.5630592621   10.5844510361   2.80208936216 -0.668289010282  -1.17274931553 1779097923.89
 0.309283851829  0.136521214951 -0.140613108751 0.366151047365 -0.655504422889  -1.48453318521   10.6050043237   3.14193770927  -1.54991942211 -0.776098669726 1779097923.91
0.371720630549 0.100585950984 -0.15159062005 0.413851998664 -0.532246206389  -1.32510209082   10.6528006882   3.44786100955  -2.05369049478 -0.449053825803 1779097923.93
 0.441020574252 0.0580533028439 -0.157770667898 0.471975546543 -0.353005948525  -1.07320567224    10.663514968  3.41231791442 -2.00598359075 -0.25261668402 1779097923.95
 0.515724002771 0.0159313528683 -0.162251307386 0.5408794152 -0.218565726164 -0.940186757483   10.7376143674   3.48404748181  -1.77940748392 -0.237623675932 1779097923.97
  0.593005075054 -0.0195697374791  -0.168136518523 0.616691075439 -0.133576587972 -0.977729548431   10.9298463813    3.8801024096   -1.5106793139 -0.397731633159 1779097923.99
  0.669338649092 -0.0438769831012  -0.177997645423 0.69399033033 -0.0765049598643    -1.0251141981    11.0323174265   3.90573457059 -0.925203551703 -0.668101540217 1779097924.01
   0.74119712439 -0.0546739689371  -0.193485741472 0.7679838229 -0.072215762223  -1.10902150985   11.0247079233   3.63706508333 -0.222407344513 -0.991328132728 1779097924.03
   0.80566147278 -0.0522131543047  -0.215154156829 0.835528535363 -0.112489277693  -1.13130332252    10.817739098  2.93154130616  0.37748719095 -1.20087560422 1779097924.05
  0.860858803864 -0.0392654358375  -0.242503911994 0.895225000754 -0.184486261668  -1.18104732569   10.5656690892  2.29448669582 0.719499874466 -1.34827085046 1779097924.07
  0.906176666714 -0.0206938303753  -0.274218219504 0.946984697775 -0.302234274171  -1.38169659553   10.3424486407  1.97198899505 0.886247681667 -1.59946420214 1779097924.09
   0.942245175238 -0.00268892190644   -0.308515734515 0.991471209367 -0.439658489914  -1.57302908442   10.0390663901  1.66891109835  0.74824680494 -1.79237316895 1779097924.11
  0.970715951456 0.00824199110099  -0.343531966911 1.02974346374 -0.555548993188   -1.6465324162   9.68473050473  1.36678128191 0.240244676463 -1.82910227781 1779097924.13
  0.993896899545 0.00639011067857  -0.377638927695 1.06324175997 -0.593721038374  -1.50390376514   9.38516655188   1.07997334484 -0.504120052127  -1.63719223404 1779097924.15
   1.01432038405 -0.0121120935022  -0.409634374667 1.09398028557 -0.588465712434   -1.2917977509   9.19331379076 0.926300901692 -1.25770423999 -1.40055195332 1779097924.17
   1.03432742296 -0.0485052701081  -0.438769223948 1.1245907749 -0.638711560994  -1.21889870077   9.00205031754  1.01416307337 -2.17711451576 -1.34642688851 1779097924.2
  1.05574161475 -0.101031484264 -0.464626180456 1.1578752979 -0.668352343727  -1.10782504207   8.88299823035  1.20023857376 -3.08444466866 -1.27371315547 1779097924.21
  1.07968508305 -0.165068090115 -0.486903527925 1.19584380185 -0.619785728067 -0.896807922137   8.92271917884  1.35080264052 -3.52835321855 -1.07812485142 1779097924.23
  1.10655793522 -0.233765847176 -0.505184539109 1.23868008536 -0.503318721853 -0.653731018457   9.09138135629   1.39715327331  -3.31514348177 -0.788434139834 1779097924.25
  1.13616742274 -0.299088504242 -0.518777342894 1.28431315394 -0.377182204641 -0.476237433226   9.26885282602   1.41489364289  -2.74908406376 -0.495561462614 1779097924.27
   1.1679593289 -0.353066399333 -0.526690158707 1.32897983415 -0.278657711314 -0.411147248077   9.36228130981   1.60051928685  -2.21091914364 -0.220981898246 1779097924.3
  1.20127910908 -0.389032233738 -0.527767240211 1.36855976729 -0.136705388495 -0.377567453916   9.42777380008  1.77780271748 -1.30270261362  0.15059284407 1779097924.31
  1.23558087281 -0.402616757836 -0.520962121215 1.40005781263 0.0532664025895 -0.337648833737   9.46282784557    1.81700386024 -0.0869111951484   0.579658344248 1779097924.33
  1.27051346189 -0.392343861456 -0.505680181843 1.42262103484  0.254541529844 -0.280146801989   9.45155572875  1.75275185391  1.06904848979 0.969546150413 1779097924.35
  1.30584549889 -0.359760553048 -0.482094783792 1.43773276483   0.44045172235 -0.194682426165   9.40688213556 1.64125604544 1.93083111456 1.26102374301 1779097924.37
  1.34124005298 -0.309138621731  -0.45133892846 1.44851592864   0.665008311002 -0.0835831482847    9.30399059768 1.67736619697 2.70158800141 1.59355976814 1779097924.4
   1.3759426466 -0.246861167384 -0.415499907465 1.45835481821 0.943364418215 0.101092429685  9.16791596177 1.76944086258 3.38116318994 1.94570764459 1779097924.42
  1.40848743211 -0.180637936724 -0.377392552285 1.46931686478  1.14525645891 0.362691672273   9.1051324318  1.6436118669  3.4768823753 2.04389773942 1779097924.43
   1.4365394857 -0.118675136284 -0.340145290624 1.48102272119   1.1559447233 0.609390187497  9.17601341187 1.22070597328 2.81422531593 1.78038967008 1779097924.45
   1.45696666873 -0.0688735167982   -0.30668598249 1.49048707709 1.05158375301  0.7980968245 9.31046600824 0.67735925551 1.84234201395 1.39196545108 1779097924.47
   1.46617446992 -0.0380712675777  -0.279245740154 1.49301546577 0.98623817019 1.03200138031 9.42157130891 0.0868304533668  0.883662255655    1.1219722728 1779097924.5
   1.46065723378 -0.0313151152189  -0.258998662009 1.48377238752 0.813991193237  1.20213963726  9.56469384883 -0.692757735338 -0.317625371405   0.80914119616 1779097924.52
   1.43764463167 -0.0511520316101  -0.245922882446 1.45942340718 0.563950233984  1.34199603819  9.70934625347 -1.71577469579 -1.73401300258 0.530389037586 1779097924.54
   1.39567973848 -0.0969833069719  -0.238912486777 1.41929802035 0.183062481988  1.30281074333  9.84446561467 -2.81157703973 -3.10638416712 0.268809750337 1779097924.55
  1.33497185916 -0.164590529088 -0.236106526018 1.36564497533 -0.204501112216  0.965937363141   9.91347424503  -3.30052161096  -3.55729398186 0.0850821812985 1779097924.57
   1.2574235594 -0.245995472861 -0.235348463062 1.30269592748 -0.526303007124  0.741103506505   9.93260062389 -4.02988840398 -3.94812510328 0.034533002755 1779097924.6
  1.16631970586 -0.329820861404 -0.234661308511 1.23456445218 -0.820010131765   0.55965558905   9.91199608845 -5.03131606205 -4.10199865942 0.071434891723 1779097924.62
  1.06575798618 -0.402259145166  -0.23262718511 1.16265554324 -0.919911392856  0.366417589576   9.84414486063 -5.56690925896  -3.2053814111 0.163723257991 1779097924.63
 0.959966124874 -0.448637587495 -0.228592432766 1.08400421869 -0.748497939512  0.247089053443   9.76356220186  -5.4464052481 -1.35872895867 0.254504357081 1779097924.65
 0.852671463411 -0.455418397187 -0.222669892912 0.991986099812 -0.383402594988  0.247915651713   9.70741676514 -4.93795737817 0.840399258516 0.301613799239 1779097924.67
 0.746660414631 -0.412334730464  -0.21556357473 0.879766650581 0.0720185616421  0.395572335226   9.67338101599 -4.89441874493   3.3041133504 0.336808832855 1779097924.7
 0.643601343549 -0.314279804392 -0.208282757948 0.745906289105 0.719009118223 0.718037228768  9.66304557807 -5.29388624494  6.52854725838 0.358906204167 1779097924.72
 0.544127776011 -0.162566631676 -0.201832599567 0.602693408467 1.42014752987 1.08034304562 9.71035696712 -5.16172139537  9.21545250215 0.298879359572 1779097924.73
 0.448113777094 0.0347329077318   -0.1969634336 0.490720823154 1.98194311521  1.3944414931  9.7939020752 -4.76831327134  10.7440606449  0.19662774236 1779097924.75
0.355037044916 0.263496457443 -0.19403519167 0.48283676533 2.31565290941 1.60893974233 9.88413915874    -4.308015321   11.0284666351 0.0925367081646 1779097924.77
 0.264323581266   0.50523356558 -0.193015597196 0.601982501542 2.67327630878 1.89400335549 9.97394281629   -4.2876681606   11.3733935162 0.0106001617827 1779097924.8
  0.17559570187  0.739479423263 -0.193591568891 0.784309481959 3.09095168016 2.28448276592 10.0668163922   -4.66205156397    11.7198207533 -0.0617936185813 1779097924.82
0.0887901656893  0.946502851974 -0.195342222027 0.970520440807 3.07998574149 2.42972125501  10.109792792  -4.71405824078   10.1851058869 -0.118640634818 1779097924.83
0.00415983081753    1.10988055331  -0.197906165685 1.12739478322 2.55433349953 2.21447804945 10.0682000484  -4.27020391208   6.97312328414 -0.147069249968 1779097924.85
-0.0777937478055    1.21852971296  -0.201079505706 1.23745686639 1.86514071735  1.8550648484 9.97011097702  -3.69171980782   3.63353795947 -0.158606104357 1779097924.87
-0.156397217204   1.26790720729 -0.204804123612 1.29382900914 1.37615069828 1.68691832716  9.8491565787   -3.5777331938  0.975133777091 -0.186165681051 1779097924.9
-0.230843778521   1.26024446541 -0.209043392799 1.29815411364 0.925982635288  1.61161507115  9.67038844667  -3.73999611473  -1.66616750098 -0.228393237413 1779097924.92
 -0.30017421895   1.20385458254 -0.213584265058 1.25896332587 0.373391471249  1.37660612991  9.44838389437  -3.55955140488  -3.99468731454 -0.236466575262 1779097924.93
-0.363217413952   1.11168886891 -0.217837180742 1.18963526695 -0.102638552597   1.03083409942   9.26469232984  -2.98170273584  -5.15021430246 -0.179665684159 1779097924.95
-0.418535825645  0.999411788043 -0.220716270133 1.10576300866 -0.386656803818  0.741429552578   9.13857083663   -2.34631565232   -5.29439948201 -0.0655705004422 1779097924.97
-0.464432842361  0.883298920093 -0.220665762773 1.0220607742 -0.545977537547   0.59237251644    8.9923872515  -1.9097635473 -5.24475405389 0.115218377036 1779097925
-0.499067913706  0.778247761782 -0.215857670492 0.949385535554 -0.592793828235  0.522587145918   8.84065262273 -1.45456466717 -4.83871190745 0.417095262549 1779097925.02
-0.520694821515   0.69613948015 -0.204532684955 0.893066006626 -0.445309332684  0.465562518784   8.81896964637 -0.76095528895 -3.51239066921 0.800960749529 1779097925.03
-0.527997177202  0.644717084426 -0.185407518019 0.853707845707 -0.158064866017  0.438725508157   8.91340800573  0.00609088519 -1.76376015246  1.18707988926 1779097925.05
-0.520456284944  0.627065563142  -0.15804322456 0.830098563934  0.18031537454 0.430825658573  9.09174969493   0.694911983315 -0.0714224206452    1.47672424569 1779097925.07
 -0.49866255193  0.641702098361 -0.123069907764 0.821944113633 0.532015237996 0.475800464114  9.23793154417 1.32550374024 1.32965064237 1.79611502607 1779097925.1
 -0.464481038757   0.683215930575 -0.0821943395577 0.830230421396 0.940024457283 0.576031479561  9.35128934715 2.01340879143 2.63522983436 2.20638287518 1779097925.12
 -0.421006001424   0.743342092981 -0.0379704069011 0.855128804469  1.24542864941 0.633285637699  9.49210767995 2.44247699401 3.42000317953 2.35300012233 1779097925.13
 -0.372282759245   0.812313731641 0.00662637953371 0.893583773549  1.36025552868 0.629619139671  9.60609466852 2.51150638884 3.50390170197 2.21778540202 1779097925.15
-0.322827230756  0.880315171437 0.0487263442371 0.938907066009  1.27632707935 0.568712930946  9.66439328372 2.25926179085  3.0010459453 1.88415356187 1779097925.17
-0.277021431922  0.938852241372 0.0860713424463 0.982645755531  1.15888685304 0.519675258828  9.65373788404 2.00311313341 2.41215766767 1.63064256443 1779097925.2
-0.238495785012  0.981867470248  0.117376707842 1.01721249508 0.995649903772 0.473526087556  9.58156607863 1.73114930172  1.7363059427 1.44829110837 1779097925.22
-0.209618401761   1.00645604753  0.142461169229 1.03787708073  0.66392900452 0.370216617468  9.48477800006  1.24865874427 0.824070435026  1.18097966224 1779097925.23
-0.19119457797  1.01308458737 0.162114122105 1.04363630466 0.253699112208  0.23641079028  9.40126452139   0.698587385427 -0.0302778387069   0.906682538778 1779097925.25
-0.182439092892   1.00527805499  0.177736648405 1.0370430592   -0.116280184 0.108663768533  9.36855225734  0.234883202332 -0.571906554984  0.677233212165 1779097925.27
-0.181227661536  0.988816590403   0.19085149781 1.02324288855 -0.410605368486 0.0213280480132   9.33043903463 -0.0507785608596  -0.825392295286   0.591468303285 1779097925.3
-0.18457470083 0.970564303605 0.202612193946 1.00852099074  -0.665960838133 -0.0378145972224    9.29038707652 -0.208096222003 -0.823472864571  0.586967035029 1779097925.32
-0.189236949682  0.957122447233  0.213442912834 0.99872512693 -0.770054080777 -0.058003587207   9.32380254778 -0.203689314261 -0.447702552092  0.533831716657 1779097925.33
-0.192318704467  0.953543233038   0.22290778368 0.997957444677  -0.726612648473 -0.0362781540027     9.3923209184 -0.0647030879525   0.133867988562   0.420643572767 1779097925.35
-0.191760464893  0.962343494883  0.229848628349 1.00782313428 -0.568368583993 0.0133579864303   9.46835715814 0.135971683059 0.703887770098 0.235299015137 1779097925.37
-0.186626105272  0.983012243521  0.232758827324 1.02728722652 -0.409057008089 0.0745610421061   9.49239412989  0.346266233506   1.17995565206 0.0106181988294 1779097925.4
-0.17715410836   1.0121169099 0.230296529942 1.0529960632 -0.273390152011  0.146264724644   9.44476906731  0.566858859983   1.56885344451 -0.281920027267 1779097925.42
 -0.1645915711  1.04399559806 0.221800232666 1.07991320821 -0.151047979703  0.200149411683   9.36417434381  0.693079598328   1.57655189386 -0.596800541302 1779097925.43
-0.150871705045   1.07190163422  0.207665143067 1.10220696626 -0.0999101936859   0.216203073952    9.26782979822  0.673081501243   1.15794981938 -0.825034449129 1779097925.45
-0.138217001214   1.08936964025  0.189471415581 1.11432920174 -0.137259738972   0.19407421121   9.18528531742  0.521383033915  0.462413991612 -0.891985702199 1779097925.47
-0.128748592384   1.09152259649  0.169816768842 1.11213106856 -0.266960891633   0.16783429066   9.05811983805  0.333016453746 -0.315601830075 -0.890692693679 1779097925.5
-0.124162168845   1.07604978543  0.151880070284 1.09378560086 -0.491532367821  0.138836272365   8.89489413656 0.0826895613329  -1.21901026871 -0.789623723209 1779097925.52
-0.125501576728   1.04365506203  0.138810187723 1.06029939285 -0.75223415565 0.102195729855  8.79651482568 -0.234554886882  -2.06651220688 -0.497087784299 1779097925.54
-0.133033673451  0.997888665852  0.133078856519 1.01547512513 -0.965803294706 0.0722151943316   8.80497762639 -0.540195489813  -2.58888937168 -0.074693357346 1779097925.55
-0.146210274286  0.944408533647   0.13594677591 0.965280502555  -1.03125814705 0.0561992376377   8.94235896969 -0.727800425319  -2.56447059068  0.334359345814 1779097925.57
-0.16369832989 0.889838976849 0.147166529609 0.916661625337  -1.10740999504 0.0604080231823    9.0293410072 -0.885755939452  -2.47095770822  0.690530980045 1779097925.6
-0.183465923809  0.840477947058  0.164991097298 0.87594805033  -1.18310682648 0.0732734517276    9.0876155814 -1.01155029562 -2.28765611958  1.01399518865 1779097925.62
-0.202923571141  0.801129731665  0.186486577336 0.84720957632  -1.09179035438 0.0687488097831   9.21076450667 -0.938159412318  -1.74077587314   1.13345004847 1779097925.63
-0.219130173185  0.774302130846  0.208079345045 0.831179184332 -0.874600424069  0.030287129455     9.357738466 -0.667888356713  -1.05261448761   1.01472755959 1779097925.65
-0.229073947843  0.759915859471  0.226217031785 0.825300631604  -0.603501754847 -0.0453531444842    9.49714028759 -0.259503609129  -0.44652289248  0.712568001707 1779097925.67
-0.230026864303  0.755552403037  0.238000444953 0.824873325932 -0.386324794254 -0.159698137356   9.59243692828   0.216737047894 -0.0657964859992   0.366616588701 1779097925.7
-0.219947778155   0.75714535991  0.241654195074 0.824647119164 -0.218828215318  -0.33257248578   9.66321853909   0.831600029562   0.113217417651 -0.0324916782835 1779097925.72
-0.197881329694  0.759928827145  0.236744477744 0.820180949979 -0.0814947882595  -0.512722595009    9.74497090565   1.46862505107 0.0598792654264 -0.462733953821 1779097925.73
-0.164277127168   0.75941518207  0.224113502557 0.808656450724 -0.0228535906339  -0.647136034391    9.82750274367     1.960436337 -0.197703691193 -0.796544429349 1779097925.75
-0.121147074408  0.752190424614  0.205566600434 0.789129061519 -0.051160215731 -0.719004489288   9.90627347523   2.25752003121 -0.563511784632 -0.995893444194 1779097925.77
-0.07199409357 0.736379914948 0.183403313102 0.762282955276 -0.156398348779 -0.752919690298   9.99015414198   2.44086952477 -0.990895723504  -1.11807711744 1779097925.79
-0.0214825496594   0.711730600623    0.15991376098 0.729790626655 -0.333891909241 -0.741183914977    10.089435101  2.48190887061  -1.4573432422 -1.18685648608 1779097925.81
0.0251276660454  0.679351334357  0.136959387741 0.693474951951 -0.535653109789 -0.618318296111   10.1799634659  2.13260718403 -1.78595324632 -1.11934245614 1779097925.83
0.0627071269905  0.641225902221  0.115725088942 0.654595399972 -0.740382026848 -0.445771840035   10.2679426085  1.55122600039 -1.99752197078 -1.00952198652 1779097925.85
0.0870235326713  0.599647697714 0.0966781919526 0.613593619109 -0.910574625342  -0.25428265903   10.3438938107 0.799740475236  -2.0666632972 -0.88065243715 1779097925.87
0.0954098324664  0.556716635504 0.0797137600535 0.570430304174   -1.03997695503 -0.0883447998088    10.4131704424 0.0043491792619  -2.05213212466  -0.77286732564 1779097925.89
0.0872050588601   0.51399573877 0.0644202297827 0.52530591827  -1.21493343462 0.0258417788111   10.5308045783 -0.806003007863  -2.15628758615 -0.749958127058 1779097925.92
0.0638790279436  0.472362753805 0.0503754289631 0.479316998694  -1.28252514651 0.0711157483561   10.6101644066  -1.51622182503  -2.12832811619 -0.701998941459 1779097925.93
0.0288126983164  0.432030091881 0.0373850198852 0.43460074964  -1.23543760694 0.0276550776314   10.6404022269   -1.9401844586  -2.00548713779 -0.623397294183 1779097925.95
-0.0132268439806   0.392661654404  0.0256006753513 0.393717562244   -1.18502009477 -0.0927598632884    10.6883229303  -2.15898940916  -1.97994387474 -0.551894418403 1779097925.97
-0.0568194635674   0.353499426709  0.0154951894029 0.358371869736  -1.03897650576 -0.257167626322    10.680432054  -1.98695923284  -1.88603697573 -0.425765376448 1779097925.99
-0.0966986645126   0.313429560784 0.00771434406467 0.328097900628 -0.971925795644 -0.467482992386    10.755722712  -1.75479945723  -2.02094370335 -0.309396690893 1779097926.02
 -0.128488244996    0.27096089391 0.00285893987416 0.29989532952 -0.923626898922 -0.701403782476   10.8822904836   -1.3540420383  -2.30077832039 -0.166151701176 1779097926.03
 -0.149244536354   0.224143999968 0.00126654868663 0.269288077156 -0.833480818248 -0.864544854742   10.9860657865    -0.744074644581     -2.55676512423 -1.65072576764e-05 1779097926.05
