  0.0873807294411   -0.055455116652 -0.00705973238255 1779097887.25
  0.0545961770591  -0.0408537163403 -0.00448389700064 1779097887.27
  0.0203900764382  -0.0256262473518 -0.00169554781831 1779097887.29
-0.0110710120171 -0.0114120133573 0.00105260313626 1779097887.31
 -0.0361881209742 0.000504932089722  0.00352491985352 1779097887.33
-0.0523884283677 0.00932073079702 0.00551410158326 1779097887.35
-0.0584243256192  0.0147326946078 0.00685385938118 1779097887.37
-0.0544797102326  0.0168763745652 0.00743327633171 1779097887.39
-0.0420764284337  0.0162136481644  0.0072106324693 1779097887.41
-0.0237997977813  0.0134090062639 0.00622325903848 1779097887.43
-0.00288568403294  0.00922237832854  0.00459038687772 1779097887.45
 0.0172700385519 0.00443105374682 0.00250717851344 1779097887.47
   0.0336082460314 -0.000223205003541  0.000229202298325 1779097887.49
  0.0438370684449 -0.00407623139116  -0.0019526336313 1779097887.51
  0.0467328228168 -0.00658744625846 -0.00374558779897 1779097887.53
  0.0422673414574 -0.00739554686627 -0.00489405378785 1779097887.55
  0.0315454642633 -0.00637659666222 -0.00521871196525 1779097887.57
  0.0165686684385 -0.00368669824561 -0.00464886673674 1779097887.59
-0.00012917684084  0.00023174861027 -0.00324077888773 1779097887.61
 -0.0159072223016   0.0046956442886 -0.00117658335543 1779097887.63
-0.0284307999322 0.00888141633054 0.00125803160816 1779097887.65
-0.0360067321849  0.0119665726428 0.00371466419367 1779097887.67
-0.0377941826492  0.0132847840859 0.00583477372888 1779097887.69
-0.0338692931537  0.0124590427457  0.0073050519312 1779097887.71
-0.0251471716366 0.00948022345153 0.00790688852532 1779097887.73
-0.0131862471759 0.00471150266626 0.00755298053966 1779097887.75
8.52094273742e-05 -0.00118172334297  0.00630595433631 1779097887.77
  0.0126735837147 -0.00735815576961  0.00437515781497 1779097887.79
 0.0228089784851 -0.0129527149014 0.00208940831674 1779097887.81
   0.0291789532113   -0.0172211898028 -0.000153175544725 1779097887.83
  0.0310785385941  -0.0196500072067 -0.00195188931608 1779097887.85
  0.0284629984991  -0.0200152228514 -0.00297491897857 1779097887.87
 0.0219057746075 -0.0183879292007  -0.003020808654 1779097887.89
  0.0124779624325  -0.0150942115774 -0.00205632987825 1779097887.91
  0.00157465818088   -0.0106442535396 -0.000222345765788 1779097887.93
-0.00928355889697 -0.00564687135975  0.00219327473763 1779097887.95
  -0.0186478373838 -0.000723968163056   0.00480918806744 1779097887.97
-0.0253156320177 0.00356410460312 0.00721862346763 1779097887.99
-0.0284668736396 0.00677540664324 0.00905787801073 1779097888.01
-0.0277510994397  0.0086228967598  0.0100625664701 1779097888.03
-0.0233193371456 0.00899177832946  0.0101029466959 1779097888.05
-0.0157984402548 0.00794115749746 0.00919469212839 1779097888.07
-0.0062096191322 0.00569325431295 0.00748607148948 1779097888.09
0.00416200773004 0.00261126895751 0.00522590570794 1779097888.11
   0.0139336266293 -0.000835208178926   0.00271893477413 1779097888.13
  0.0218069251738 -0.00411873119634  0.00027650133581 1779097888.15
  0.0267420511541 -0.00671580391466  -0.0018294004985 1779097888.17
  0.0280988271434 -0.00817728996148  -0.0034018668438 1779097888.19
  0.0257249837875 -0.00819841085589 -0.00434010132537 1779097888.21
  0.0199787245853 -0.00667618868626 -0.00464393697091 1779097888.23
  0.0116819673932 -0.00374169980871 -0.00440254633733 1779097888.25
 0.00200983265478 0.000242463466164 -0.00376994623376 1779097888.27
-0.00766943922385  0.00472286600467 -0.00293142891571 1779097888.29
 -0.0159828955653  0.00902967841015 -0.00206627477299 1779097888.31
 -0.0217440415053   0.0124739218107 -0.00131287646815 1779097888.33
     -0.0241204966    0.0144527436372 -0.000742507477726 1779097888.35
  -0.0227547675375    0.0145470971247 -0.000347250804733 1779097888.37
  -0.0178206997689    0.0125972916907 -4.58766198052e-05 1779097888.39
 -0.0100064483717  0.00874424407626 0.000291591393251 1779097888.41
-0.000424644616144   0.00342804242035  0.000804294823126 1779097888.43
 0.00953945294948 -0.00265904280673  0.00159451717837 1779097888.45
  0.0184223253005 -0.00866112492875  0.00268728675264 1779097888.47
 0.0248935421535 -0.0136779539607 0.00400780538381 1779097888.49
 0.0279554678003 -0.0168984084703 0.00538496958729 1779097888.51
 0.0271023493357 -0.0177286149231 0.00658237465948 1779097888.53
 0.0224125803436 -0.0158948775524 0.00735064291221 1779097888.55
 0.0145549566218 -0.0115045182202 0.00748890547898 1779097888.57
 0.00470169523726 -0.00505336547161  0.00690022666538 1779097888.59
-0.0056434036422 0.00262410498634 0.00562634752381 1779097888.61
-0.0148773529279  0.0104584410987 0.00385138325017 1779097888.63
-0.0215543124534  0.0172920617623 0.00187134364497 1779097888.65
-0.0246232888819   0.022051782524 3.4958449087e-05 1779097888.67
 -0.0236061245505    0.023922818447 -0.00133096596238 1779097888.7
 -0.0186834704345   0.0224949984059 -0.00199373783558 1779097888.71
 -0.0106714025025   0.0178515482518 -0.00186637245002 1779097888.73
-0.000890239756743    0.0105778303859  -0.00102500465742 1779097888.75
 0.00905355030763  0.00168195564112 0.000312925450469 1779097888.77
  0.0175356522027 -0.00756207707996  0.00184424476895 1779097888.8
 0.0231864674518 -0.0158205065076 0.00325439190337 1779097888.82
  0.025120882061 -0.0219159146536 0.00429023637764 1779097888.83
 0.0230853029346   -0.02501264792 0.00481203198773 1779097888.85
 0.0174964076567 -0.0247392858357 0.00481215995916 1779097888.87
0.00936535893819 -0.0212309269025 0.00439876692879 1779097888.9
0.000121736542822  -0.0150905879598  0.00375253771593 1779097888.92
-0.00863116841174 -0.00728220611506   0.0030713515108 1779097888.93
-0.0153870905469 0.00102456722236 0.00251880418068 1779097888.95
-0.0189877694959 0.00863431447573 0.00218892390924 1779097888.97
-0.0188126897941  0.0145057998059  0.0020928870245 1779097889
-0.0148769118505  0.0179068009757 0.00216688983798 1779097889.02
-0.0078222213245  0.0185204374387 0.00229580372374 1779097889.03
0.00119459204343  0.0164853731373 0.00234562289284 1779097889.05
 0.0106948360953  0.0123624463595 0.00219815707827 1779097889.07
 0.0191179341753 0.00703290499884 0.00178231739943 1779097889.1
 0.0250680446099  0.0015454001379 0.00109669368701 1779097889.11
  0.0275284785736 -0.00306242815779 0.000218286913967 1779097889.13
   0.0260125898134  -0.00593803830549 -0.000706521010769 1779097889.15
  0.0206312825775 -0.00655532892918 -0.00148952103285 1779097889.17
  0.0120707253712 -0.00480083861438 -0.00194276056857 1779097889.2
  0.00148711622447 -0.000991679701175    -0.001926281794 1779097889.22
 -0.0096636946919  0.00417736625905 -0.00138948159825 1779097889.23
  -0.0198366232854   0.00974989134725 -0.000394077143767 1779097889.25
 -0.0276191578005   0.0146699814625 0.000889616948533 1779097889.27
-0.0319353203325  0.0179652481226 0.00221463886559 1779097889.3
-0.0322043830183  0.0189199903498 0.00331114266889 1779097889.32
 -0.028431400127  0.0172068876572 0.00394887077364 1779097889.33
-0.0212142058018  0.0129515531565 0.00399199323059 1779097889.35
-0.0116621401943 0.00671666667666 0.00343128521363 1779097889.37
 -0.00123438396763 -0.000591711913077   0.00238424490919 1779097889.4
 0.00848123092017 -0.00787793348207  0.00106235662214 1779097889.42
  0.0160166774943  -0.0140421404813 -0.00028585355924 1779097889.43
  0.0202597337946  -0.0181640427349 -0.00143970786222 1779097889.45
  0.0206367190689  -0.0196535028298 -0.00225986128141 1779097889.47
  0.0172081098173   -0.018343316347 -0.00271414621474 1779097889.5
  0.0106577722316  -0.0145102242531 -0.00286839664305 1779097889.52
 0.00217590554638 -0.00882243235643 -0.00284656287934 1779097889.53
-0.00674449586147 -0.00222375322143 -0.00277472210996 1779097889.55
 -0.0145620418981  0.00422553372334 -0.00272878457437 1779097889.57
  -0.019947576488  0.00952399307289 -0.00270411325023 1779097889.6
 -0.0220055328326     0.01289055576 -0.00261766429499 1779097889.62
 -0.0204178068591   0.0138847853202 -0.00234224102306 1779097889.63
 -0.0154861682434   0.0124664232173 -0.00176158166799 1779097889.65
 -0.00806775681362   0.00898655771988 -0.000827718977362 1779097889.67
0.000582614470232  0.00411524188286 0.000399289540901 1779097889.7
 0.00903352138261 -0.00127939575109  0.00174410643921 1779097889.72
 0.0159212713379 -0.0062789404987 0.00294638133304 1779097889.73
 0.0201745395413 -0.0100648343273 0.00372214783766 1779097889.75
 0.0211810970455 -0.0120466953486  0.0038402667349 1779097889.77
 0.0188701110263 -0.0119484270898 0.00319257082142 1779097889.8
  0.0136999146968 -0.00983903385198  0.00183701373218 1779097889.82
 0.00655883743362 -0.00610504938522 -2.8536712125e-07 1779097889.83
 -0.0013982371407  -0.0013721931522 -0.00196725776761 1779097889.85
-0.00894544309494   0.0036071272705 -0.00366324222207 1779097889.87
 -0.0149788351182  0.00807851605174 -0.00473240397523 1779097889.9
 -0.0186755431552   0.0113999467015 -0.00494941881463 1779097889.92
 -0.0195967658798   0.0131274228627 -0.00427534285796 1779097889.93
 -0.0177238508069   0.0130614069009 -0.00286906113593 1779097889.95
 -0.0134290279335   0.0112525842084 -0.00105090436595 1779097889.97
-0.00739290739758  0.00797312286248 0.000772829322521 1779097890
-0.000487750700916   0.00366377496873   0.00220568124907 1779097890.02
  0.0063519466991 -0.00113212209386  0.00295328282518 1779097890.03
  0.0122515150568 -0.00583807838944  0.00288955925194 1779097890.05
  0.0164953986864 -0.00990964890378  0.00208186273349 1779097890.07
  0.0185949544652  -0.0128896864945 0.000771066295015 1779097890.1
   0.0183233367681   -0.0144499784734 -0.000686177408257 1779097890.12
  0.0157219765388  -0.0144178385124 -0.00189753283181 1779097890.13
  0.0110858793233  -0.0127883635456 -0.00251826890538 1779097890.15
 0.00493383481788 -0.00972449687816 -0.00231977191985 1779097890.17
-0.00203417352394 -0.00554721615576 -0.00123057155552 1779097890.2
 -0.00899408406549 -0.000716789627027  0.000655259523724 1779097890.22
-0.0150728308463 0.00419667663272 0.00309985961835 1779097890.24
-0.0194426954242 0.00855803793665 0.00576546125507 1779097890.25
-0.0214303050452  0.0117325361729 0.00826997720855 1779097890.27
-0.0206274706158  0.0131731125303  0.0102443591459 1779097890.3
-0.0169836966844  0.0125217605802  0.0113840326093 1779097890.32
-0.0108571787665 0.00970588940575  0.0114893809155 1779097890.34
-0.00300480816468  0.00500295537009   0.0104924394248 1779097890.35
  0.00549802316368 -0.000952586412312   0.00846826815232 1779097890.37
  0.0134028180233 -0.00723516251495  0.00562998679972 1779097890.39
  0.019479105323 -0.0127640613843 0.00230677672451 1779097890.41
  0.0227203400898  -0.0164876318723 -0.00109480615347 1779097890.43
  0.0225273541548  -0.0175795460844 -0.00414347395912 1779097890.45
  0.0188327683671   -0.015605868364 -0.00644367629772 1779097890.47
  0.0121381612757  -0.0106270215294 -0.00769473097233 1779097890.49
 0.00345124251195 -0.00321264135033  -0.0077383076418 1779097890.52
-0.00587010473978  0.00563455427655 -0.00658538326514 1779097890.53
 -0.0143408741921   0.0146324001103 -0.00441732004727 1779097890.55
  -0.020598995094   0.0224240586098 -0.00156032229206 1779097890.57
-0.0236365598926  0.0278004067891 0.00156273233555 1779097890.59
-0.0229699251987  0.0299044060207 0.00449499744545 1779097890.62
-0.0187182804009  0.0283838484543 0.00681225080464 1779097890.63
-0.0115779688765  0.0234649510081 0.00818257950975 1779097890.65
-0.0026995239259  0.0159299506253 0.00841076172779 1779097890.67
0.00650828143361 0.00699704390724  0.0074627902591 1779097890.69
  0.0146115579962 -0.00188110780356  0.00546945050047 1779097890.72
  0.0203815541264 -0.00926707378575  0.00270977116889 1779097890.73
   0.0229844962771   -0.0139914664453 -0.000424173637693 1779097890.75
  0.0221012903436  -0.0153607325973 -0.00347884209864 1779097890.77
  0.0179592915666  -0.0132791813248 -0.00600286013335 1779097890.79
  0.0112733121609 -0.00826120466545 -0.00761515802731 1779097890.82
 0.00310910986347  -0.0013317332942 -0.00806690370912 1779097890.83
 -0.0053033869231  0.00616502216823 -0.00728518200787 1779097890.85
 -0.0127714410878   0.0128115663443 -0.00538813698807 1779097890.87
 -0.0183192098453   0.0173719434727 -0.00266645425675 1779097890.89
 -0.0213167607386   0.0190091620026 0.000466461823631 1779097890.92
 -0.021542128161  0.0174265204812 0.00354572137357 1779097890.94
-0.0191748836206  0.0129082242126 0.00613271248392 1779097890.95
-0.0147326015279 0.00625338733144 0.00788382111554 1779097890.97
-0.00896958528187 -0.00138227604244  0.00859808485876 1779097890.99
-0.00275895003852 -0.00870516069391  0.00823783874908 1779097891.01
0.00302435393964 -0.0145199040756 0.00692269477909 1779097891.03
0.00760793440931 -0.0179378986838 0.00490188804152 1779097891.05
 0.0104074103666 -0.0185203555718 0.00251232745505 1779097891.07
  0.0110894002569  -0.0163327806439 0.000129673868273 1779097891.09
 0.00960891366208  -0.0119063289241 -0.00188183717711 1779097891.12
 0.00621725439384 -0.00611947713133 -0.00321701892517 1779097891.13
  0.00143628359911 -2.66540913533e-05  -0.00367178314517 1779097891.15
 -0.0040034512616  0.00533324049533 -0.00317560795334 1779097891.17
-0.00925884874003  0.00911558430229 -0.00180848858793 1779097891.19
 -0.0134959701807    0.010807581939 0.000204361367798 1779097891.22
-0.0160210893593  0.0103031883809 0.00252447161779 1779097891.24
-0.0163991798471 0.00790346183135 0.00475726921403 1779097891.25
-0.0145367822811 0.00424254722085 0.00652516441594 1779097891.27
 -0.0107106227205 0.000153202862526  0.00754070372857 1779097891.29
-0.00553261372891 -0.00350186887374  0.00766159409698 1779097891.31
0.000146099902599 -0.00599912524109  0.00691299102229 1779097891.33
 0.00537712469908 -0.00688958268363  0.00547131301444 1779097891.35
 0.00927798107064 -0.00607340568173  0.00361509863554 1779097891.37
  0.0111863840021 -0.00379960831492  0.00165792899576 1779097891.39
   0.0107766772669  -0.00059320834881 -0.000117388605414 1779097891.41
  0.0081168560787  0.00287158505464 -0.00150666642268 1779097891.43
 0.00365643584006   0.0059215330293 -0.00240512056705 1779097891.45
-0.00185135952352  0.00802277446223 -0.00280133693141 1779097891.47
-0.00747794283472  0.00887674347175 -0.00275222801564 1779097891.49
 -0.0122749610042   0.0084547856379 -0.00235049523356 1779097891.52
 -0.0154302480736  0.00696881307849 -0.00169562879293 1779097891.53
  -0.0163983670148   0.00479146714577 -0.000875788617275 1779097891.55
 -0.0149853647136  0.00235116809201 3.73337037849e-05 1779097891.57
 -0.0113757524521 3.18397124545e-05  0.00098354379337 1779097891.59
-0.00609933833454 -0.00189731115216  0.00190508173539 1779097891.62
5.52314765093e-05 -0.00330822879189  0.00273999188355 1779097891.63
 0.00616554571921 -0.00419753835704  0.00342250279711 1779097891.65
  0.0113187400449 -0.00464040956666  0.00389157003286 1779097891.67
  0.0147499886464 -0.00473431168648  0.00410507751453 1779097891.69
   0.015954384415 -0.00455158605435  0.00405443681838 1779097891.71
   0.014755790045 -0.00411383145839  0.00377338382934 1779097891.73
 0.0113244834368 -0.0033926788798 0.00333619847303 1779097891.75
 0.00614433540967 -0.00233332374446  0.00284413738221 1779097891.77
 -6.2174183965e-05 -0.000891197835099    0.0024032841239 1779097891.79
-0.00643767201195  0.00093044580797  0.00210037388543 1779097891.81
-0.0121065215701  0.0030533646566 0.00198396633416 1779097891.83
-0.0162888070301 0.00531540981963 0.00205643814814 1779097891.85
-0.0183985576904 0.00748303482226  0.0022786610565 1779097891.87
-0.0181167418236 0.00928370751902 0.00258532049827 1779097891.89
-0.0154331068326  0.0104524167403 0.00290571650097 1779097891.91
-0.0106536076545  0.0107828294071 0.00318331994042 1779097891.93
-0.00437216312586   0.0101714250993  0.00338789492693 1779097891.95
0.00259237388167 0.00864337810379 0.00351678284091 1779097891.97
0.00929030963379 0.00635289015185 0.00358616417614 1779097891.99
 0.0147590954756 0.00355745159174 0.00361697739722 1779097892.01
 0.0181542789409 0.00057293672656  0.0036218260219 1779097892.03
  0.0188785974423 -0.00227822480127  0.00359797057682 1779097892.05
  0.0166907962109 -0.00471235774022  0.00352831756667 1779097892.07
  0.0117738280977 -0.00651336827845  0.00338898453817 1779097892.09
 0.00474396300455 -0.00754211642325   0.0031600006583 1779097892.11
 -0.0034104674417 -0.00773119786972   0.0028354317616 1779097892.14
 -0.0114599009189 -0.00707526139003  0.00243021989228 1779097892.15
 -0.0181188494453 -0.00562697415928  0.00198241532237 1779097892.17
 -0.0222576139355 -0.00350313951481   0.0015504535916 1779097892.19
 -0.0231039327236 -0.00089694249443  0.00120538320759 1779097892.21
-0.0203963817479 0.00191475712799  0.0010179331569 1779097892.23
-0.0144573263357 0.00458206219203 0.00104103024954 1779097892.25
-0.0061664362916 0.00671918952985 0.00129051652496 1779097892.27
0.00316608762293 0.00796761304873 0.00172972987993 1779097892.29
 0.0120082538403  0.0080740884696 0.00226526695149 1779097892.31
 0.0188626575681 0.00696405325386  0.0027595702718 1779097892.33
 0.0225264059719 0.00478787111919 0.00306063563556 1779097892.35
 0.0223084376169 0.00192148369504 0.00304217465641 1779097892.37
  0.0181640021721 -0.00108636271273  0.00264230975753 1779097892.39
  0.0107194762809 -0.00361411247985  0.00188792949018 1779097892.41
 0.00117992583625 -0.00509529965296 0.000895742018742 1779097892.44
 -0.00886650991198  -0.00514654376532 -0.000151696973758 1779097892.45
 -0.0177138981176 -0.00366585003518  -0.0010488527789 1779097892.47
  -0.0238270310271 -0.000876139356982  -0.00161714492701 1779097892.49
 -0.0261027774763  0.00270042464724 -0.00174839425846 1779097892.51
 -0.0240590078085  0.00633684678469 -0.00143074626057 1779097892.54
  -0.0179188084584   0.00924782150339 -0.000751410074791 1779097892.55
-0.00857627175055   0.0107584159335 0.000123421760458 1779097892.57
0.00254889440008  0.0104583103107 0.00098627037491 1779097892.59
 0.0137413915619  0.0083068476511 0.00163549285349 1779097892.61
  0.023264705437 0.00466381294535  0.0019222138167 1779097892.64
  0.0296337502328 0.000235863691281  0.00178726548138 1779097892.65
  0.0318421186681 -0.00405424550664  0.00127958054191 1779097892.67
  0.0295095821926 -0.00725218724443 0.000550538775921 1779097892.69
    0.022929656437  -0.00857443983608 -0.000176494024246 1779097892.71
   0.0130136772812  -0.00758661489489 -0.000656650450463 1779097892.73
 0.00114411297222 -0.00431788164683 -0.00068415618277 1779097892.75
  -0.0110370996363  0.000717908464147 -0.000149558310269 1779097892.77
 -0.0218715695801  0.00660599122475 0.000920882577847 1779097892.79
-0.0299230307026  0.0122083525636 0.00235568615586 1779097892.81
-0.0341783752539  0.0164011972924 0.00386450072426 1779097892.84
   -0.034184373 0.0183204505566 0.0050975085958 1779097892.85
 -0.030102430697  0.0175573228138 0.00572592019537 1779097892.87
-0.0226748672587  0.0142549457543 0.00552481723356 1779097892.89
-0.0131081261067 0.00908015860748 0.00443742968936 1779097892.91
-0.00288960050186  0.00307554354293  0.00260321855835 1779097892.94
 0.00643603609439 -0.00257322306733 0.000340313462613 1779097892.95
  0.0134988409204 -0.00679913052098 -0.00191592481975 1779097892.97
  0.0173093164858 -0.00888317677702 -0.00370504918908 1779097892.99
  0.0174055293044 -0.00859912218202 -0.00464292335451 1779097893.01
  0.0139172947097 -0.00624304248451 -0.00450831105543 1779097893.03
  0.0075361993804 -0.00254505959131 -0.00329437013637 1779097893.05
-0.000603788745344   0.00151192288396  -0.00121345282197 1779097893.07
-0.00911494216955  0.00492126792542   0.0013455130005 1779097893.09
-0.0165817635412 0.00687541372018 0.00389742777006 1779097893.11
-0.0217866059721    0.00693265389 0.00596170292311 1779097893.13
-0.0238979465586 0.00509368852576 0.00716163972371 1779097893.15
-0.0225915208989 0.00177644744467 0.00730143069752 1779097893.17
 -0.0180868396057 -0.00229823896319  0.00640477394094 1779097893.19
 -0.0110965887288 -0.00627803974502  0.00470749863673 1779097893.21
-0.00270095119046 -0.00936516442301  0.00260622243867 1779097893.23
 0.00582973288008  -0.0109752766513 0.000573756881856 1779097893.25
   0.0132338418608   -0.0108378398784 -0.000941638786264 1779097893.27
  0.0184471456858  -0.0090227556037 -0.00161265529479 1779097893.29
  0.0207528903915 -0.00589593166253  -0.0013045940192 1779097893.31
    0.019872701225  -0.00202160728497 -0.000106072055183 1779097893.33
 0.0159886136488 0.00196120314007 0.00168925863866 1779097893.35
0.00969823597792 0.00545866033741 0.00364715307116 1779097893.37
0.00191491954073  0.0080142270292 0.00528963534545 1779097893.39
-0.00626887823496  0.00935934651221  0.00620250695424 1779097893.41
-0.0137343578233 0.00942134985936 0.00612878951874 1779097893.43
-0.0194850907278 0.00829749025121 0.00502643768521 1779097893.45
 -0.022773978263 0.00620961671059 0.00307710618741 1779097893.47
 -0.0231944414801  0.00345438994766 0.000644591433216 1779097893.49
 -0.0207262173894 0.000360119727171 -0.00180632447085 1779097893.51
 -0.0157309452511 -0.00274477972657 -0.00381086745004 1779097893.53
-0.00889804892229 -0.00555273832564 -0.00500171521754 1779097893.55
-0.00114753003035 -0.00779220161091 -0.00518171982429 1779097893.57
 0.00649715482296 -0.00924218430622 -0.00435749982753 1779097893.59
  0.0130475267956  -0.0097486320442 -0.00272870948045 1779097893.61
   0.0176791676081  -0.00924111173243 -0.000637439607155 1779097893.63
  0.0198334177702 -0.00774555765788  0.00150947521744 1779097893.65
  0.0192800588947 -0.00538841853404  0.00332710113029 1779097893.67
  0.0161368617031 -0.00238937260505  0.00452872256644 1779097893.69
  0.0108478632078 0.000957356911837  0.00497595981984 1779097893.71
0.00412563204697 0.00431038502783 0.00469373019604 1779097893.73
-0.00313573901745  0.00731296073772  0.00384952298718 1779097893.75
-0.00996920310717  0.00962489273072  0.00270425462594 1779097893.77
 -0.015455609792  0.0109519025739 0.00154749380902 1779097893.79
 -0.0188450519335   0.0110720402261 0.000632142295642 1779097893.81
 -0.0196640658946  0.00986039548034 0.000122475255577 1779097893.83
 -0.0177922880936  0.00731291402525 6.53272813994e-05 1779097893.85
 -0.0134934099553  0.00356761923872 0.000388461869561 1779097893.87
-0.00739070707565 -0.00108174227078 0.000924400144284 1779097893.89
-0.000386439478756  -0.00618688967169   0.00145341142502 1779097893.91
0.00646539736858 -0.0111683314666 0.00175638306312 1779097893.93
 0.0121150232476 -0.0153655877759 0.00166680626891 1779097893.95
 0.0156785426928 -0.0181142470914 0.00111119978494 1779097893.97
  0.0165808814829  -0.0188433879299 0.000129305542111 1779097893.99
  0.0146571169775  -0.0171801482941 -0.00113053887245 1779097894.01
  0.0101938384627  -0.0130428771018 -0.00243999173918 1779097894.03
 0.00389988729903 -0.00670214156262 -0.00353696678491 1779097894.05
-0.00319351052206  0.00120893636449 -0.00417931491512 1779097894.07
-0.0098910514179 0.00974677361735  -0.004194179904 1779097894.09
  -0.015026656242   0.0177729208725 -0.00351254844658 1779097894.11
 -0.0176603819477   0.0241210331938 -0.00218229103048 1779097894.13
  -0.0172448807936    0.0277898032271 -0.000358344583349 1779097894.15
-0.0137310194763  0.0281265814646 0.00172597231775 1779097894.17
-0.00759213755778   0.0249637277981  0.00379893818219 1779097894.19
0.00023933305247   0.018676443197 0.00559326330129 1779097894.21
0.00851373431776  0.0101460255719 0.00688478652482 1779097894.23
   0.015862058961 0.000632163945689  0.00752240039034 1779097894.25
 0.0210182345091 -0.0084234747173  0.0074465622895 1779097894.27
 0.0230299370795 -0.0156272493207 0.00669501121753 1779097894.29
 0.0214227893528 -0.0198573298998 0.00539529640734 1779097894.31
 0.0162889229403 -0.0204446282575 0.00374499019247 1779097894.33
0.00828257791851 -0.0172830364656 0.00198212537926 1779097894.35
-0.00147854336146  -0.0108527052244 0.000350149060224 1779097894.37
  -0.0115901337052  -0.00215225465814 -0.000937012294654 1779097894.39
 -0.0205857496222  0.00745227609559 -0.00172390886285 1779097894.41
 -0.0271698617754   0.0164421600309 -0.00193186444117 1779097894.43
 -0.0304198372479    0.023393434632 -0.00156448669212 1779097894.45
  -0.0299241641901    0.0272169780466 -0.000701295803574 1779097894.47
 -0.0258369101065   0.0273475871655 0.000517452331697 1779097894.49
-0.0188437188774  0.0238437584038 0.00191125066701 1779097894.51
-0.0100490655602  0.0173749404445 0.00328265874181 1779097894.53
-0.00080524346665  0.00909526987063  0.00444216492177 1779097894.55
 0.00749033877814 0.000426856417427  0.00523344318845 1779097894.57
   0.013600854772 -0.00720464626534  0.00555673264368 1779097894.59
 0.0166307710138 -0.0126291706444 0.00538649277304 1779097894.61
 0.0161566643453 -0.0151346298667 0.00477860380817 1779097894.63
 0.0122890197911 -0.0145739927474  0.0038630332443 1779097894.65
0.00565468314602  -0.011359238564 0.00282039955926 1779097894.67
-0.00269908974156 -0.00634806165176  0.00184497238379 1779097894.69
  -0.0114658405653 -0.000650569260185   0.00110135782153 1779097894.71
 -0.0192821439842    0.004601735042 0.000685707256741 1779097894.73
 -0.0249388409749   0.0084761346215 0.000602892653741 1779097894.75
 -0.0275666791558   0.0104031615889 0.000767713477545 1779097894.77
-0.0267656723882  0.0102537258543 0.00103146128144 1779097894.79
-0.0226575707071 0.00831782269287 0.00122721483078 1779097894.81
-0.0158549123992 0.00519671405539 0.00122086335771 1779097894.83
-0.00735481967588  0.00163979076832 0.000952388820044 1779097894.85
 0.00162220575545 -0.00163221759568  0.00045443859478 1779097894.87
 0.00982065848467 -0.00407658675617 -0.00015788786971 1779097894.89
   0.0161352970645  -0.00541971215745 -0.000722982350014 1779097894.91
  0.0197655417945 -0.00567563694257 -0.00108311570788 1779097894.93
  0.0203180935869 -0.00509573955329 -0.00113361701876 1779097894.95
   0.0178466611974  -0.00406895638306 -0.000856109744215 1779097894.97
   0.0128281677157  -0.00300178906211 -0.000326532628327 1779097894.99
 0.00608358149009 -0.00220954489435 0.000303654015581 1779097895.01
-0.00134279577208 -0.00184470929514 0.000847394385332 1779097895.03
-0.00832900270352 -0.00187691104849  0.00113235574178 1779097895.05
 -0.0138286098969 -0.00212482364654  0.00104887468841 1779097895.07
 -0.0170140961378 -0.00232714135691 0.000583788072279 1779097895.09
  -0.0173939003463  -0.00223062990467 -0.000168084313732 1779097895.11
 -0.0148883928773 -0.00167033495579 -0.00101801493916 1779097895.13
 -0.00985308119758 -0.000620965855854  -0.00172079160806 1779097895.15
-0.00304223240101 0.000792102068098 -0.00202836189118 1779097895.17
 0.00448688329413  0.00232202499509 -0.00174873997154 1779097895.19
  0.0115201114529  0.00365947830426 -0.00079702615046 1779097895.21
  0.0168648693727   0.0045051181668 0.000774320583803 1779097895.23
 0.0195361265137 0.00463838138237 0.00277519445443 1779097895.25
 0.0189224575007 0.00396867888224 0.00490983298224 1779097895.27
 0.0149065633383 0.00256034119569 0.00683469520173 1779097895.29
 0.00791992586824 0.000628330797638  0.00822827508504 1779097895.31
-0.00108132841998 -0.00149342528697   0.0088553027956 1779097895.33
 -0.0107233285244 -0.00340571385914  0.00860958719057 1779097895.35
-0.0193977228875 -0.0047120426686 0.00752633987946 1779097895.37
-0.0255034972695 -0.0050916675638 0.00576391702728 1779097895.39
 -0.0277181176073 -0.00436702155502  0.00356350489967 1779097895.41
 -0.0252588579112 -0.00255423236052  0.00120063341941 1779097895.43
  -0.018088689256 0.000113811599275  -0.0010570216551 1779097895.45
-0.00702050094461  0.00319956907159  -0.0029751302043 1779097895.47
0.00631866017083 0.00611142086161 -0.0043579816544 1779097895.49
  0.0196837067905  0.00819110265807 -0.00503733925125 1779097895.51
  0.0305615821837  0.00883171835901 -0.00485437927832 1779097895.53
 0.0366375209619 0.00761517642926 -0.0036473519617 1779097895.55
  0.0363098867035  0.00445179220629 -0.00125784460472 1779097895.57
  0.0291638597214 -0.00030263835638  0.00243449612151 1779097895.59
  0.0163052543919 -0.00578393423292  0.00744575425168 1779097895.61
0.000464132991084  -0.0106452785532   0.0135975465439 1779097895.63
-0.0141939652789 -0.0132007028609  0.0204228625202 1779097895.65
-0.0225646687695 -0.0116987357133  0.0270990060684 1779097895.67
 -0.0193659637028 -0.00471048188076   0.0324437613242 1779097895.69
-6.09932880717e-05   0.00841953362236    0.0350058541772 1779097895.71
0.0382072839854 0.0271469349443  0.033263430986 1779097895.73
0.0958412504921 0.0494363252747 0.0259160258474 1779097895.75
 0.170334803336 0.0717166245799 0.0122224328838 1779097895.77
    0.25625766586   0.0891641579428 -0.00769075207644 1779097895.79
  0.345723006261  0.0963349107292 -0.0326361544505 1779097895.81
  0.429296243613  0.0880871900876 -0.0603611902429 1779097895.83
 0.497217867989 0.0606525165313  -0.08776764977 1779097895.85
 0.540749036752  0.012647398452 -0.111337478547 1779097895.87
  0.553420418554 -0.0542075145061  -0.127692312979 1779097895.89
 0.531978759198 -0.134867829522 -0.134174092116 1779097895.91
 0.476878599914 -0.221371907675 -0.129320454945 1779097895.93
 0.392246695068 -0.303879326399 -0.113126817041 1779097895.95
  0.285337037228  -0.372211147599 -0.0870334410466 1779097895.97
  0.165576951897  -0.417640131719 -0.0536388260381 1779097895.99
 0.0433641448377  -0.434598983737 -0.0162037090187 1779097896.01
-0.0711985746973  -0.421956084436  0.0219437635797 1779097896.03
-0.169451756306 -0.383559931642 0.0579730652542 1779097896.05
 -0.24506834815 -0.327871778526 0.0899709559185 1779097896.07
-0.294595402561 -0.266673016943  0.117138602539 1779097896.09
-0.317620152655 -0.213019704889  0.139740831686 1779097896.11
-0.316583961785 -0.178783837704  0.158833990181 1779097896.13
-0.296302465271 -0.172232632703  0.175839537089 1779097896.15
-0.263265326613 -0.196125870564  0.192054016295 1779097896.17
-0.224789313022 -0.246746236109  0.208191995138 1779097896.19
-0.188094344371 -0.314126638954  0.224050059705 1779097896.21
-0.159374615135 -0.383526625214    0.2383608495 1779097896.23
-0.142950881923  -0.43797357303  0.248878715486 1779097896.25
-0.140611051736 -0.461464205301  0.252703733673 1779097896.27
-0.151260830017 -0.442257280965  0.246809783764 1779097896.29
-0.170996840106 -0.375613000913  0.228699235271 1779097896.31
-0.193667370482 -0.265374494767  0.197069286995 1779097896.33
-0.211898617634  -0.12395476695   0.15235373839 1779097896.35
-0.218452067602 0.0294198861032 0.0970090968044 1779097896.37
-0.207672734196  0.171991987558  0.035450755408 1779097896.39
 -0.176726327222   0.281691670464 -0.0263900321902 1779097896.41
 -0.126335741248   0.341427790193 -0.0818380121484 1779097896.43
-0.0608210691225   0.342501189787  -0.124450061532 1779097896.45
0.0125974535934  0.286346178761 -0.149022070857 1779097896.47
 0.085099499088  0.184185669651 -0.152441791339 1779097896.49
 0.147888875272 0.0546927081596 -0.134230738159 1779097896.51
  0.193788697046  -0.079759532462 -0.0966767658752 1779097896.53
  0.218469218548  -0.197353062286 -0.0445338708718 1779097896.55
 0.221067316863 -0.280615360019 0.0156582420099 1779097896.57
 0.204106630711 -0.318977486299 0.0765187682295 1779097896.59
 0.172788142055 -0.309721789475  0.130877732904 1779097896.61
 0.133851276962 -0.257379035291  0.172766486435 1779097896.63
0.0942763098154 -0.171983933435  0.198195977904 1779097896.65
 0.0600994759597 -0.0667684666723   0.205614897482 1779097896.67
0.0355511324996 0.0441514063158  0.195997502125 1779097896.69
0.0226272957062   0.14770541406  0.172571009141 1779097896.71
0.0210955649032  0.233241518668  0.140243558787 1779097896.73
0.028846071535 0.293349201922 0.104828792176 1779097896.75
0.0424463672944  0.324235685345 0.0721803228423 1779097896.77
0.0577529086966  0.325761132675 0.0473514985104 1779097896.79
 0.070464493802  0.301188062583 0.0338874219826 1779097896.81
0.0765580262541  0.256646442558 0.0333406463095 1779097896.83
 0.072603237582  0.200300988649 0.0450796510432 1779097896.85
 0.055991475869  0.141245597176 0.0664278975199 1779097896.87
0.0251232287157 0.0882261198976 0.0931288698158 1779097896.89
-0.0204200531396  0.0483717027366     0.1200807643 1779097896.91
-0.0797305906515  0.0261587681719   0.142231157811 1779097896.93
-0.150501511927 0.0228158167261  0.155479950522 1779097896.95
-0.229089721242 0.0362993645973  0.157422136341 1779097896.97
-0.310766064655 0.0618516932654  0.147780192656 1779097896.99
-0.390166609106  0.093023879574  0.128430082891 1779097897.01
-0.461906757539  0.122948377949   0.10300569943 1779097897.03
-0.521271133328  0.145599418102 0.0761562401281 1779097897.05
-0.564862868539  0.156794981902 0.0526079251318 1779097897.07
 -0.59109538069  0.154762856605 0.0362262809266 1779097897.09
-0.600437739525   0.14019553074 0.0292763179832 1779097897.11
-0.595372660415  0.115830054167 0.0320346210144 1779097897.13
-0.580080351142  0.085685677573 0.0428299350068 1779097897.15
-0.559907548803 0.0541546411014  0.058495471626 1779097897.17
-0.540708217627 0.0251572869955 0.0751281220397 1779097897.19
   -0.5281464116 0.00153852141045  0.0889861840774 1779097897.21
 -0.527037027682 -0.0151931740193  0.0973310030102 1779097897.23
 -0.540777704101 -0.0247807320995  0.0990333723704 1779097897.25
 -0.570907529758 -0.0278763167075  0.0948180139468 1779097897.27
 -0.616822749392 -0.0255903186979  0.0870971135619 1779097897.29
 -0.675684266136 -0.0190890755596  0.0794306328676 1779097897.31
  -0.742556902239 -0.00935699545742   0.0757297190275 1779097897.33
  -0.81081465367 0.00283701965866  0.0793743544867 1779097897.35
-0.872821921277 0.0168100172299 0.0924358583408 1779097897.37
-0.920857060635 0.0317707545402  0.115173900968 1779097897.4
 -0.94818802919 0.0466743055977  0.145919571127 1779097897.41
-0.950153354656 0.0602103763479  0.181372431461 1779097897.43
-0.92506218349 0.070952338945 0.217248441584 1779097897.45
-0.874721592359  0.077630517693  0.249137580476 1779097897.47
-0.804438244238  0.079446768959  0.273383189816 1779097897.5
-0.722424091751 0.0763313985129  0.287791025326 1779097897.51
-0.638648255099  0.069059273238  0.292016277029 1779097897.53
-0.563294901094 0.0591810094409  0.287551842462 1779097897.55
-0.505081126653  0.048773909534  0.277332310239 1779097897.57
-0.469734726311 0.0400624338934  0.265052828566 1779097897.6
-0.458916100939 0.0349890607478  0.254360065905 1779097897.61
-0.469793867807  0.034827385831  0.248091388694 1779097897.63
-0.495366837779 0.0399188269019  0.247716328309 1779097897.65
-0.525491433839 0.0495853526328  0.253079811967 1779097897.67
-0.548449729375 0.0622303743569  0.262475283129 1779097897.7
-0.552800257249 0.0755985445561  0.273006167082 1779097897.71
-0.529205111299 0.0871336533593  0.281141889747 1779097897.73
-0.471929081053 0.0943602111246  0.283348744862 1779097897.75
-0.379759928278 0.0952207025649  0.276677094565 1779097897.77
-0.256196947937 0.0883220928525   0.25920910486 1779097897.8
-0.108882941482 0.0730726497691  0.230307001866 1779097897.82
0.0516099150535 0.0497139420978  0.190642375927 1779097897.83
 0.213413675117 0.0192669614972   0.14202559296 1779097897.85
  0.365118326077 -0.0165851830679  0.0870856481049 1779097897.87
  0.497332623354 -0.0556593445126  0.0288706671606 1779097897.9
  0.603788015624 -0.0954666311851 -0.0295551656727 1779097897.91
 0.681822937955 -0.133430379912 -0.085451861929 1779097897.93
 0.732216158354 -0.167118802347 -0.136636407544 1779097897.95
 0.758469391727 -0.194478253815 -0.181591697516 1779097897.97
  0.76574094131 -0.214045603443 -0.219462841701 1779097898
 0.759682054885 -0.225111989576 -0.249972627225 1779097898.02
 0.745418726677 -0.227809215736  -0.27329776476 1779097898.03
 0.726861500125 -0.223096586919 -0.289945833784 1779097898.05
 0.706432846781 -0.212639900093  -0.30066122728 1779097898.07
 0.685199152673 -0.198592776203 -0.306370602606 1779097898.1
 0.663305144727 -0.183309109933 -0.308159662964 1779097898.12
 0.640551342751 -0.169029384839 -0.307259232101 1779097898.13
 0.616940722438 -0.157589217277 -0.305013894648 1779097898.15
 0.593049802792 -0.150194111389 -0.302812339731 1779097898.17
 0.570141672241 -0.147291192185 -0.301972835302 1779097898.2
 0.550015876528 -0.148550436438 -0.303595133023 1779097898.22
 0.534661582545 -0.152949758833 -0.308405768631 1779097898.23
 0.525827768966 -0.158944647374   -0.3166323981 1779097898.25
 0.524636440308 -0.164695928069 -0.327942091155 1779097898.27
 0.531340992568 -0.168327908794 -0.341468694445 1779097898.3
 0.545281025722 -0.168190859956 -0.355937846667 1779097898.32
 0.565023848894 -0.163103404037 -0.369878348705 1779097898.33
 0.588630823251 -0.152550060328 -0.381888939707 1779097898.35
 0.613958957987 -0.136807449314 -0.390913689993 1779097898.37
 0.638911738513 -0.116972364169   -0.3964708609 1779097898.4
  0.661584762201 -0.0948700039036  -0.398782563961 1779097898.41
  0.680299484431 -0.0728342180754   -0.39876771831 1779097898.43
  0.693565508695 -0.0533740753991  -0.397887411966 1779097898.47
  0.700041704971 -0.0387691212263  -0.397864649919 1779097898.47
  0.698567301186 -0.0306621341202  -0.400331270504 1779097898.5
  0.688303405635 -0.0297333172901  -0.406474472641 1779097898.51
  0.668972105586 -0.0355347529906  -0.416757592145 1779097898.53
  0.641123552854 -0.0465350300894  -0.430773713589 1779097898.55
 0.606324729455 -0.060376350196    -0.447261594 1779097898.57
  0.567164868282 -0.0742935146124  -0.464279895912 1779097898.6
  0.527015596061 -0.0856029013576  -0.479506263302 1779097898.62
   0.48955590608 -0.0921535311597  -0.490607630221 1779097898.63
 0.458148817758 -0.092646671048 -0.495619023782 1779097898.65
  0.435212187365 -0.0867698812364  -0.493269225562 1779097898.67
  0.421742111513 -0.0751425223412  -0.483201185404 1779097898.7
   0.41711758055 -0.0591157564689  -0.466051105487 1779097898.72
  0.419246698416 -0.0404969227384  -0.443370763788 1779097898.73
  0.425026502234 -0.0212694127874  -0.417400968794 1779097898.75
    0.43100555452 -0.00335806564392   -0.390727744633 1779097898.77
  0.43408571161 0.0115421423827 -0.365874024686 1779097898.8
 0.432092345061   0.02208524226 -0.344894510947 1779097898.82
 0.424081708661 0.0273659630618 -0.329045612586 1779097898.83
 0.410326731226 0.0270021662276 -0.318592463319 1779097898.85
 0.392006362129 0.0212041207487 -0.312790267343 1779097898.87
 0.370695826135  0.010801372658 -0.310041546534 1779097898.9
   0.347798080505 -0.00281537927869   -0.308192668797 1779097898.92
  0.324061686405 -0.0178701278122  -0.304902943527 1779097898.93
   0.29929901632 -0.0324937779387  -0.298006676975 1779097898.95
  0.272362641656 -0.0450843863395  -0.285796944138 1779097898.97
  0.241373916004 -0.0546468004371  -0.267186662174 1779097899
  0.204142797886 -0.0610091953316  -0.241738976407 1779097899.02
  0.158682933082 -0.0648368783314  -0.209593213694 1779097899.04
  0.103714864907 -0.0674191465072   -0.17133435092 1779097899.05
 0.0390611459651 -0.0702751584464  -0.127857773699 1779097899.07
-0.0341353422135 -0.0746851381386 -0.0802681873167 1779097899.1
 -0.113402086593 -0.0812819164788 -0.0298282188559 1779097899.12
 -0.195132170697 -0.0898240428389  0.0220528128868 1779097899.14
 -0.274950047875 -0.0992196344272  0.0738182384653 1779097899.15
-0.348195276551 -0.107797030707  0.123786844569 1779097899.17
-0.410463082976 -0.113747866026  0.170228155868 1779097899.2
 -0.45813863803 -0.115621861832  0.211501434002 1779097899.22
-0.488863582233 -0.112742636827  0.246245621231 1779097899.24
-0.501878086292 -0.105439844563  0.273584331841 1779097899.25
 -0.498191074141 -0.0950438420037   0.293295134539 1779097899.27
 -0.480546873782 -0.0836481270381   0.305891466471 1779097899.3
 -0.453178869211 -0.0736959839336   0.312580829994 1779097899.32
 -0.421368054635 -0.0674807822796   0.315092006321 1779097899.34
 -0.390853123776 -0.0666610262675   0.315399502042 1779097899.35
 -0.367163843733 -0.0718839670761   0.315404514549 1779097899.37
 -0.354965638353 -0.0825901741467   0.316647525356 1779097899.4
-0.357506387464 -0.097040456286  0.320121589127 1779097899.42
-0.376244742807 -0.112569485848  0.326228104331 1779097899.44
 -0.41071398864 -0.126031002137  0.334876320556 1779097899.45
-0.458640302244 -0.134362603297  0.345686526901 1779097899.47
-0.516294490356 -0.135170637125  0.358227278996 1779097899.49
-0.579018229963 -0.127224495867  0.372207757021 1779097899.52
-0.641836555233 -0.110759201983  0.387560027863 1779097899.54
 -0.700054726449 -0.0875155092716   0.404379147091 1779097899.55
 -0.749744640786 -0.0604929527907   0.422733248164 1779097899.57
 -0.788054028502 -0.0334450982977   0.442399442604 1779097899.59
 -0.813315023041 -0.0101981614581   0.462612247186 1779097899.62
 -0.824976032293 0.00608501634318   0.481919521159 1779097899.63
-0.823418890854 0.0135521518475  0.498222047633 1779097899.65
-0.809741308494 0.0120807636613  0.509029550997 1779097899.67
 -0.785577940366 0.00336399546665   0.511907769959 1779097899.69
  -0.753004489543 -0.00938175467969    0.505032976047 1779097899.72
  -0.71452689637 -0.0220537402278   0.487728423186 1779097899.73
 -0.673114642081 -0.0305306293542   0.460845094888 1779097899.75
 -0.632207036664 -0.0315954906904   0.426872880184 1779097899.77
 -0.595614552977 -0.0237122367756   0.389724080272 1779097899.79
  -0.567257660416 -0.00747359519984    0.354205668762 1779097899.81
-0.550728710388 0.0143969282409  0.325271128329 1779097899.83
  -0.5487167773 0.0375110760602  0.307197863613 1779097899.85
-0.562386522022 0.0566672323998  0.302857904824 1779097899.87
-0.590837132789 0.0669158974781  0.313232052583 1779097899.89
-0.630777495075 0.0646166793155  0.337264870319 1779097899.91
-0.676535299069 0.0482629175509  0.372083113323 1779097899.93
-0.720472108093 0.0188992568062  0.413522016349 1779097899.95
 -0.753809611961 -0.0199545638706   0.456841485732 1779097899.97
 -0.767794954967 -0.0628550960178   0.497481879587 1779097899.99
-0.755058794251 -0.103345750669  0.531712469402 1779097900.01
-0.710962935091 -0.135043535886  0.557061439734 1779097900.03
-0.634707455127 -0.152695643841  0.572473562993 1779097900.05
-0.529978498205 -0.153021228397   0.57820537962 1779097900.07
-0.404969648756 -0.135210173892  0.575522153268 1779097900.09
-0.271696787847 -0.101024305345  0.566293599635 1779097900.12
 -0.144636035923 -0.0545180993859   0.552590292624 1779097900.13
 -0.0388292455814 -0.00145060548668    0.536361422511 1779097900.15
0.0322972197783 0.0515085831763  0.519235858366 1779097900.17
0.0590835563868 0.0976666458105  0.502444986717 1779097900.19
0.0374125133197  0.131179436575  0.486830568056 1779097900.21
-0.0302105067104   0.147809528496   0.472883514474 1779097900.23
-0.134513581382  0.145484956475  0.460763781839 1779097900.25
-0.260358005223  0.124589913865  0.450274462903 1779097900.27
-0.388618940683 0.0879422355296  0.440795913022 1779097900.29
-0.498804800791  0.040445386892  0.431216551495 1779097900.32
 -0.572020017054 -0.0115556937571   0.419914659739 1779097900.33
 -0.593784960915 -0.0611398089771   0.404842930025 1779097900.35
-0.556224940416  -0.10177931753  0.383743990895 1779097900.37
-0.459236600736 -0.128271617362  0.354486760007 1779097900.39
-0.310421202297 -0.137486708443  0.315471597031 1779097900.41
-0.123804279111 -0.128809922448  0.266020176834 1779097900.43
0.0824105337173 -0.104207132285  0.206654989038 1779097900.45
 0.288631105559 -0.067901836601  0.139188720168 1779097900.47
  0.476704993408 -0.0257171960646  0.0665828041382 1779097900.49
   0.632305569065   0.0158103071595 -0.00741308728837 1779097900.51
  0.746514265225  0.0504046081934 -0.0787775056112 1779097900.53
 0.816417011084  0.072960651467 -0.143790512296 1779097900.55
 0.844729532501 0.0802570565274 -0.199553069317 1779097900.57
 0.838636440247 0.0713725594534 -0.244356126425 1779097900.59
  0.80814153384 0.0477566674752 -0.277837570276 1779097900.62
 0.764267632247 0.0129565153194 -0.300910106453 1779097900.64
  0.717417231845 -0.0279513302693  -0.315487732205 1779097900.65
  0.676127002698 -0.0691380393105  -0.324073957313 1779097900.67
 0.646342438383 -0.104897085555 -0.329295640363 1779097900.69
 0.631227424685  -0.13049257915 -0.333469818359 1779097900.72
 0.631427823624 -0.142860550361 -0.338277964694 1779097900.73
 0.645643845073 -0.141060767281 -0.344596248141 1779097900.75
 0.671340806581 -0.126409563398 -0.352497193381 1779097900.77
 0.705440472868 -0.102268103541 -0.361404328772 1779097900.79
  0.744875870191 -0.0735100896249  -0.370353537027 1779097900.81
  0.786947082471 -0.0457415692897  -0.378298237318 1779097900.84
  0.829469980808 -0.0243864754375   -0.38439313775 1779097900.85
  0.870753546884 -0.0137782645541  -0.388202688425 1779097900.87
  0.909468507642 -0.0164048407547  -0.389801698623 1779097900.89
  0.944478745904 -0.0324371899456  -0.389760703377 1779097900.91
  0.974699153636 -0.0596319165908  -0.389031140917 1779097900.93
  0.999023621127 -0.0936393002321  -0.388760622316 1779097900.95
  1.01634071365 -0.128681269448 -0.390075015243 1779097900.97
   1.0256286537 -0.158499816457  -0.39386323096 1779097900.99
  1.02610094298 -0.177427117008 -0.400595718501 1779097901.01
  1.01736291315 -0.181402230992 -0.410201720665 1779097901.03
 0.999539009044 -0.168760027317 -0.422024511321 1779097901.05
 0.973339620178 -0.140646324251  -0.43486718185 1779097901.07
 0.940051531342 -0.100966256448 -0.447132177708 1779097901.09
  0.901452930729 -0.0558448381976  -0.457044646554 1779097901.11
  0.859667964399 -0.0126611408779  -0.462933838458 1779097901.13
 0.816984449755 0.0212010907026 -0.463531596486 1779097901.15
 0.775661322914 0.0396779329379 -0.458236791536 1779097901.17
 0.737750935694  0.039182915105 -0.447293303668 1779097901.19
 0.704956690864 0.0193679482888 -0.431838925883 1779097901.21
  0.678539258363 -0.0166796648947  -0.413802875204 1779097901.23
  0.659275086564 -0.0628666458603  -0.395657190261 1779097901.25
 0.647460246861 -0.111086927393 -0.380056606979 1779097901.27
 0.642943242021 -0.152599830796  -0.36942582022 1779097901.29
 0.645165393662 -0.179535777548 -0.365566274924 1779097901.31
 0.653189299435   -0.1862494124 -0.369353136482 1779097901.34
 0.665705149953   -0.1702767703 -0.380576754786 1779097901.35
 0.681019394226 -0.132737663333 -0.397955209436 1779097901.37
  0.697046159721 -0.0781349092618  -0.419311536392 1779097901.39
  0.711333719335 -0.0136132671109  -0.441878392108 1779097901.41
 0.721161116029 0.0521689238646 -0.462671191333 1779097901.44
 0.723730317159  0.110348115185 -0.478862934685 1779097901.45
 0.71645651308 0.153124354237  -0.4881011445 1779097901.47
 0.697327274138  0.174798614442 -0.488726556745 1779097901.49
 0.665268598639  0.172445311281 -0.479878289374 1779097901.51
 0.620433388016  0.146161860206 -0.461493853765 1779097901.54
 0.564325541698 0.0989121264395 -0.434228656405 1779097901.55
 0.499695829583 0.0360397143105 -0.399325681046 1779097901.57
  0.430191872913 -0.0354403152059  -0.358462520585 1779097901.59
 0.359804187688 -0.107658983962 -0.313593314736 1779097901.61
 0.292207642655 -0.172726849625 -0.266792218756 1779097901.63
 0.230135235443  -0.22351921559 -0.220097216394 1779097901.65
 0.174925095424 -0.254374356722 -0.175351221963 1779097901.67
 0.126348105334  -0.26167751594 -0.134042063865 1779097901.69
 0.0827607228413  -0.244298514504 -0.0971523782469 1779097901.71
 0.0415529892421  -0.203835517354 -0.0650410209097 1779097901.73
-0.00020472786604   -0.144603990091  -0.0373845755101 1779097901.75
-0.0450553241512 -0.0733119051301 -0.0132064380095 1779097901.77
-0.0945386575405 0.00161034247607 0.00899053844786 1779097901.79
-0.148793512258 0.0710026467844 0.0309924740038 1779097901.81
-0.206458016365  0.126196047905 0.0545733371225 1779097901.83
-0.264885399817  0.160296177885 0.0811752412677 1779097901.85
-0.32062726379 0.169315787642 0.111632597438 1779097901.87
-0.370083944461  0.152936932446  0.145999325756 1779097901.89
-0.410190926177  0.114727995005  0.183519793065 1779097901.91
 -0.43900604991 0.0617302923631  0.222754037692 1779097901.94
  -0.45608394543 0.00344515322979   0.261833545282 1779097901.95
 -0.462567255197 -0.0496308868616   0.298794353001 1779097901.97
 -0.460980991824 -0.0876840287423   0.331917318036 1779097901.99
 -0.45477596459 -0.103189968412  0.360004974458 1779097902.01
 -0.447717441742 -0.0921740414913   0.382539929031 1779097902.03
 -0.443245499323 -0.0549094744393   0.399696960103 1779097902.06
 -0.443937557984 0.00406365856407   0.412213564627 1779097902.07
-0.451180449109 0.0766003830524  0.421154564546 1779097902.09
-0.465112991892  0.152182875226  0.427628751287 1779097902.11
-0.48483910006 0.219521395825 0.432524277797 1779097902.13
-0.508848669367  0.268267732764  0.436322626261 1779097902.15
-0.535534218809  0.290571760643  0.439030449796 1779097902.17
-0.563669303096  0.282241269732  0.440239671897 1779097902.19
-0.592727423516  0.243331733446  0.439295835402 1779097902.21
-0.622964990497  0.178085331676  0.435529710026 1779097902.23
-0.655256643601 0.0942425747153  0.428493282141 1779097902.25
 -0.690737816019 0.00184864375273   0.418141901338 1779097902.27
 -0.730359307664 -0.0882459193669    0.40491953824 1779097902.29
-0.774478203714 -0.165947022333  0.389729673908 1779097902.31
-0.822594039384 -0.223295843921  0.373802903302 1779097902.33
-0.873294298803 -0.255458070658  0.358495838853 1779097902.35
-0.924413259093 -0.261189616135  0.345068599211 1779097902.37
-0.973350724954 -0.242737521895  0.334488328959 1779097902.39
 -1.01745829904 -0.205229914481  0.327295859209 1779097902.41
-1.05439014801 -0.15568933477 0.323556027032 1779097902.43
 -1.08233420091 -0.101856024949  0.322893958209 1779097902.45
    -1.100082017 -0.0510246347521   0.324603540759 1779097902.47
  -1.10694900381 -0.0090787965031   0.327802704417 1779097902.49
  -1.1026061374 0.0201414555297  0.331603895483 1779097902.51
 -1.08691530141 0.0350741928631  0.335267231529 1779097902.53
 -1.05986254269 0.0362831735652  0.338307768302 1779097902.55
 -1.02165392203 0.0259976343093  0.340536654372 1779097902.57
 -0.972982964854 0.00746986278236   0.342028186488 1779097902.59
 -0.915410888922 -0.0157069883908   0.343019871723 1779097902.61
 -0.851740010028 -0.0401918561002   0.343768434444 1779097902.63
 -0.786226793255 -0.0633083483717   0.344397942738 1779097902.65
-0.724488661795 -0.083237401947   0.34478279069 1779097902.67
 -0.673012575746 -0.0990033067479   0.344504425245 1779097902.69
-0.638265498282 -0.110308751085  0.342904670956 1779097902.71
-0.625517204124 -0.117297707859  0.339232172951 1779097902.73
-0.637586879419 -0.120325139755  0.332848229511 1779097902.75
-0.673788204949 -0.119791858386  0.323433814156 1779097902.77
-0.729351378599 -0.116069288723  0.311130563318 1779097902.79
-0.795536105515 -0.109503681073  0.296560438081 1779097902.81
 -0.86052471155 -0.100463725461   0.28070020404 1779097902.83
-0.911022892754 -0.089387070924  0.264629396716 1779097902.85
  -0.93433219758 -0.0767911901994   0.249211384426 1779097902.87
 -0.920531704055 -0.0632369138081   0.234793699675 1779097902.89
 -0.864349414198 -0.0492586511455   0.221017020677 1779097902.91
-0.766335414684 -0.035292964052  0.206799688627 1779097902.93
 -0.633067801945 -0.0216396026733   0.190521594915 1779097902.95
  -0.476306670379 -0.00847575674746    0.170379054289 1779097902.97
 -0.311222043482 0.00407895265299   0.144835257428 1779097902.99
-0.154011271817 0.0158726117536  0.113062062651 1779097903.01
-0.0193465318255  0.0266462540625  0.0752659410403 1779097903.03
0.0818749513198 0.0360132721277 0.0328141880529 1779097903.05
  0.144072650201  0.0435160309579 -0.0118794375362 1779097903.07
 0.167560471728  0.048756662132 -0.055698486169 1779097903.09
  0.158100300172  0.0515713202428 -0.0953366529729 1779097903.11
 0.125569217209 0.0521966010253 -0.127882888375 1779097903.13
0.0820367549159 0.0513699632348 -0.151364853946 1779097903.15
0.0396375839913 0.0503157357214 -0.165141710327 1779097903.17
0.0086324122293  0.050593196153 -0.170063326272 1779097903.19
-0.00401842819833    0.053817826641   -0.168355981977 1779097903.21
0.0046322476369 0.0613028365059 -0.163247072185 1779097903.23
0.0335703285288 0.0736961301887  -0.15839344062 1779097903.25
0.0785423372306 0.0907003239959 -0.157219277788 1779097903.27
 0.133239357983  0.110955930067 -0.162290791685 1779097903.29
 0.190672851363  0.132140651331 -0.174850401044 1779097903.31
 0.244469581611  0.151295389017 -0.194602549579 1779097903.33
 0.289864249956  0.165337954636 -0.219792072127 1779097903.35
 0.324257058021   0.17167855687 -0.247555487096 1779097903.37
0.347305972228 0.168817306189 -0.27446968059 1779097903.39
0.360616345574 0.156792248496 -0.29718429048 1779097903.41
 0.367155701843   0.13736243778 -0.313012142338 1779097903.43
 0.370549951012  0.113854744412 -0.320367950284 1779097903.45
 0.374410026138 0.0906694872922 -0.318983913482 1779097903.47
 0.381803617383 0.0725160160065 -0.309881417168 1779097903.49
 0.394937736236 0.0635176316099 -0.295128100373 1779097903.51
 0.415066249757 0.0663673492627 -0.277447452458 1779097903.53
 0.442591361529 0.0817180800479 -0.259766412085 1779097903.55
 0.477295111279  0.107948524985 -0.244783836135 1779097903.57
 0.518619672085  0.141367251051 -0.234623752758 1779097903.59
0.565914997291 0.176820706699 -0.23061018909 1779097903.61
 0.618588566938  0.208580837372 -0.233173611579 1779097903.63
 0.676121314983   0.23132775822 -0.241878832763 1779097903.65
 0.737950256314  0.241027789569 -0.255553154165 1779097903.67
 0.803253986847  0.235539670515 -0.272490429664 1779097903.69
 0.870704101437  0.214851518413 -0.290707916935 1779097903.71
 0.938257648161  0.180938176108 -0.308233585182 1779097903.73
  1.00306066758  0.137309740656 -0.323398507707 1779097903.75
  1.06151251343 0.0883774544742 -0.335101665364 1779097903.77
  1.10951013896 0.0387815637955 -0.343006216748 1779097903.79
    1.14285727296 -0.00719296224577   -0.347623063008 1779097903.81
  1.15779124206 -0.046032860796 -0.350245541086 1779097903.83
   1.15155459684 -0.0752218846668   -0.35272147989 1779097903.85
  1.12292300793 -0.093301731397  -0.35708328443 1779097903.87
   1.07259767489 -0.0998251836329  -0.365094954362 1779097903.89
   1.00338128171 -0.0952621129818  -0.377805330647 1779097903.91
  0.920081255084 -0.0809004995015  -0.395208500193 1779097903.93
 0.829120711405 -0.058753867332  -0.41609911951 1779097903.95
  0.737882203678 -0.0314569869896  -0.438173468547 1779097903.97
  0.653856666951 -0.0021152078633  -0.458374222987 1779097903.99
 0.583712295679 0.0259243139686 -0.473420836187 1779097904.01
 0.532426209428 0.0493899183235 -0.480422011482 1779097904.03
 0.502626523502 0.0654693362283 -0.477443764842 1779097904.05
   0.4942681428 0.0722056011768 -0.463912512614 1779097904.07
 0.504713181364 0.0688282056556 -0.440766869458 1779097904.09
 0.529215055317 0.0559388654333 -0.410326613426 1779097904.11
 0.561728764888 0.0354890411672 -0.375909374572 1779097904.13
 0.595905825609 0.0105237360119 -0.341279768917 1779097904.15
   0.62609581493 -0.0152844373355  -0.310048587881 1779097904.17
 0.648176521225 -0.038237039354 -0.285143450261 1779097904.19
 0.660071409767 -0.055236486472 -0.268447070786 1779097904.21
  0.661877701583 -0.0643134251661  -0.260653127589 1779097904.23
  0.655605305187 -0.0649462574202  -0.261336488137 1779097904.25
  0.644598476992 -0.0581061657811  -0.269189356045 1779097904.27
  0.632763535468 -0.0460191855572  -0.282348925445 1779097904.29
  0.623748870324 -0.0316971960955  -0.298739186935 1779097904.31
  0.620217385672 -0.0183377213954  -0.316365615142 1779097904.33
   0.623322519015 -0.00871724728015   -0.333527364136 1779097904.35
   0.632456783334 -0.00469953551384   -0.348937107141 1779097904.37
   0.645296192439 -0.00695109787882    -0.36175655773 1779097904.39
  0.658122275125 -0.0149083237726  -0.371563874333 1779097904.41
  0.666369521445 -0.0269860200373  -0.378270191132 1779097904.43
  0.665320983862 -0.0409674725007  -0.382001371692 1779097904.45
  0.650857900993 -0.0544820816174  -0.382961874251 1779097904.47
  0.620160358775 -0.0654649737119  -0.381301435812 1779097904.49
  0.572256201518 -0.0725054384505  -0.377009841072 1779097904.51
  0.508327061407 -0.0750236562952  -0.369866150782 1779097904.53
  0.431706041355 -0.0732591700529  -0.359462614352 1779097904.55
  0.347541852978 -0.0680984477836  -0.345308670362 1779097904.57
  0.262155748731 -0.0608016388864  -0.326999025682 1779097904.59
  0.182172570355 -0.0527028219343  -0.304407352278 1779097904.61
  0.113554743713 -0.0449520591008  -0.277851397769 1779097904.63
  0.060696874489 -0.0383458326102  -0.248173611486 1779097904.65
 0.0257402258422 -0.0332634785676  -0.216697369592 1779097904.67
0.00823721005313 -0.0297003039951  -0.185050018845 1779097904.69
0.00523880338529 -0.0273698178394  -0.154881671033 1779097904.71
 0.0118018732617 -0.0258402014489  -0.127541269617 1779097904.73
 0.0218337228843 -0.0246720654981  -0.103788402292 1779097904.75
  0.029125018658 -0.0235318651336 -0.0836149176611 1779097904.77
 0.0283846985723 -0.0222643407166 -0.0662253508736 1779097904.79
 0.0160899626674  -0.020915820902 -0.0501863444816 1779097904.81
-0.00899903515759  -0.0197077714982  -0.0337136779761 1779097904.83
-0.0457446487041 -0.0189671949384 -0.0150329687408 1779097904.85
-0.0909613467805 -0.0190276539626 0.00726479411928 1779097904.87
 -0.140093629977 -0.0201208367924  0.0339463355689 1779097904.89
 -0.188103431033 -0.0222816978279  0.0649892136577 1779097904.91
 -0.23039399755 -0.025288508086 0.0995853239769 1779097904.93
 -0.263597590252 -0.0286523748335   0.136283464825 1779097904.95
  -0.28608781824 -0.0316606342866   0.173234182414 1779097904.97
 -0.298136542285 -0.0334679151513   0.208485201184 1779097904.99
 -0.301707976004 -0.0332204427661   0.240272942269 1779097905.01
 -0.299954270067 -0.0301948336125   0.267263671875 1779097905.03
 -0.296532653082 -0.0239319543621   0.288712973248 1779097905.05
 -0.294892347217 -0.0143477649277   0.304529684106 1779097905.07
  -0.297674511987 -0.00180467888005    0.315246174176 1779097905.09
-0.306332900912 0.0128715694147  0.321908827114 1779097905.11
-0.321026345792 0.0284416647411  0.325910554643 1779097905.13
-0.340770567114 0.0433741222387  0.328791517478 1779097905.15
-0.363781163205 0.0560307539477  0.332035341675 1779097905.17
-0.387904832982 0.0648922319815  0.336886367352 1779097905.19
 -0.41102955981 0.0687853224276  0.344209380098 1779097905.21
-0.431386521813 0.0670673509575  0.354407387332 1779097905.23
-0.447698714524 0.0597298514149  0.367405605717 1779097905.25
-0.459180159065 0.0474010753254  0.382701184915 1779097905.27
-0.465431047052 0.0312503419588  0.399469087902 1779097905.29
-0.466297867381 0.0128182617423  0.416706427459 1779097905.31
  -0.461768795813 -0.00619083236423    0.433391961885 1779097905.33
 -0.451954502013 -0.0241169929576   0.448635317175 1779097905.35
 -0.437169290297 -0.0395245452258   0.461792125303 1779097905.37
 -0.418087451454 -0.0513376206571   0.472526778992 1779097905.39
 -0.395916858967 -0.0589261447341   0.480813910211 1779097905.41
  -0.37251617793 -0.0621428156081   0.486882108657 1779097905.43
 -0.350388190685 -0.0613123578791   0.491116265139 1779097905.45
 -0.332507868308 -0.0571733248029   0.493944522797 1779097905.47
 -0.321983146622 -0.0507737755972    0.49573890252 1779097905.49
-0.321589643176 -0.043327216093  0.496754077633 1779097905.51
 -0.333258128394 -0.0360432683181   0.497117760157 1779097905.53
 -0.357616855659 -0.0299554642543   0.496871578002 1779097905.55
 -0.393693710217 -0.0257728337159   0.496046685207 1779097905.57
 -0.438863194092 -0.0237804243442   0.494747355825 1779097905.59
 -0.48908277292 -0.023806521947  0.493211875289 1779097905.61
-0.539408778675  -0.02526295565  0.491825236157 1779097905.63
 -0.584723989783 -0.0272522673561   0.491071919135 1779097905.65
 -0.620558975399 -0.0287244520672   0.491435732048 1779097905.67
 -0.643858580879 -0.0286583674199    0.49327149378 1779097905.69
  -0.65354193541 -0.0262395453268   0.496684428731 1779097905.71
 -0.650732386597 -0.0210068437869   0.501453657169 1779097905.73
  -0.63858972651 -0.0129446015868   0.507025610482 1779097905.75
   -0.62175157748 -0.00250425824571    0.512584540677 1779097905.77
 -0.605469710448 0.00945057804829   0.517186163072 1779097905.79
-0.594594142171 0.0217696556861  0.519923402994 1779097905.81
-0.592598016981 0.0331939698958  0.520085316584 1779097905.83
-0.600838913144 0.0425576916115  0.517273291031 1779097905.85
-0.618214063296  0.048980362314  0.511450678294 1779097905.87
-0.641293772064  0.052016299284  0.502918829634 1779097905.89
-0.664923288321 0.0517350422411  0.492229468833 1779097905.91
 -0.68318833471 0.0487183624846  0.480056770228 1779097905.93
-0.690563997429 0.0439736026234  0.467059910197 1779097905.95
  -0.6830270297 0.0387772619628  0.453766994061 1779097905.97
-0.658916018252 0.0344741291904  0.440504340072 1779097905.99
-0.619370883203 0.0322637428209  0.427382935759 1779097906.01
-0.568262679936 0.0330065180085   0.41433947272 1779097906.03
 -0.51162042223 0.0370770339998  0.401216097837 1779097906.05
-0.456654882735 0.0442835858266  0.387853931871 1779097906.07
-0.410552436799 0.0538635666957   0.37417274208 1779097906.09
-0.379251823708 0.0645555203191   0.36021386715 1779097906.11
-0.366416825245   0.07474162699   0.34613460832 1779097906.13
-0.372779719152 0.0826485871356  0.332156702806 1779097906.15
-0.395962574589 0.0865891735407  0.318484784157 1779097906.17
-0.430799723027 0.0852200288914  0.305218976534 1779097906.19
-0.470100660401  0.077783650651    0.2922870396 1779097906.21
-0.505722394721 0.0642960467483  0.279416208073 1779097906.23
-0.529774237158 0.0456402453084  0.266155044195 1779097906.25
-0.535761931166 0.0235338013269  0.251943720921 1779097906.27
  -0.519492973115 0.000357244667385    0.236219561004 1779097906.29
 -0.479608025611 -0.0211427637255   0.218535571233 1779097906.31
 -0.417667594101 -0.0382338783234   0.198665060193 1779097906.33
 -0.337798243965 -0.0485998630406   0.176666491423 1779097906.35
 -0.245975845946 -0.0506947631262   0.152889696164 1779097906.37
 -0.149081708744 -0.0439895452743   0.127916437472 1779097906.39
-0.0539003833651 -0.0290729160461   0.102443053793 1779097906.41
  0.0337707117526 -0.00759537137753   0.0771277185813 1779097906.43
  0.10976020176 0.0179290747264 0.0524363978361 1779097906.45
 0.171826999094 0.0444311738497 0.0285264799232 1779097906.47
 0.219617420835 0.0686637490261 0.0052027638402 1779097906.49
  0.254332355152  0.0876052983802 -0.0180335290359 1779097906.51
  0.278214360723  0.0988482631758 -0.0418436220745 1779097906.53
    0.2939883263   0.100930977615 -0.0668431247699 1779097906.55
  0.304379409851  0.0935720408699 -0.0933729429199 1779097906.57
 0.311792670348 0.0777671436471 -0.121306159279 1779097906.6
 0.318182224429 0.0557154415223 -0.149945537322 1779097906.61
 0.325080465184 0.0305592975169 -0.178049944206 1779097906.63
  0.333716069725 0.00594909024656  -0.204000655595 1779097906.65
  0.345134263409 -0.0145189659157  -0.226086180381 1779097906.67
  0.360246793133 -0.0279071576067  -0.242854486464 1779097906.7
  0.379776040578 -0.0324718183674  -0.253461588342 1779097906.72
  0.404104811613 -0.0280152073738  -0.257940480713 1779097906.73
  0.433085320345 -0.0159637372418  -0.257326007048 1779097906.75
   0.465884679877 0.000865585320147   -0.253597254601 1779097906.77
 0.500942513072  0.018780833706 -0.249434104999 1779097906.8
 0.536089424996 0.0339167164826 -0.247821462435 1779097906.82
 0.568830790861 0.0429786525356 -0.251566084279 1779097906.83
 0.596751524187 0.0438719186738 -0.262810814883 1779097906.85
  0.61795840099 0.0360822361647 -0.282635575844 1779097906.87
 0.631458363582 0.0207303511461 -0.310822472375 1779097906.9
   0.637379165115 0.000297236613019   -0.345835218128 1779097906.92
  0.636970797685 -0.0219106906221  -0.385024777192 1779097906.93
  0.632374392387 -0.0424335821355  -0.425030254881 1779097906.95
  0.626198084531 -0.0583224277139  -0.462305123187 1779097906.97
  0.620984361923 -0.0676621017913  -0.493672592908 1779097907
  0.618680283765 -0.0698586877301  -0.516807002214 1779097907.02
 0.620224361731  -0.06565116546 -0.530552859759 1779097907.03
  0.625340897461 -0.0568643872034  -0.535026729592 1779097907.05
  0.632589012641 -0.0459681132265   -0.53149186095 1779097907.07
  0.639659347129 -0.0355383913246  -0.522041086511 1779097907.1
  0.643859107211 -0.0277293932993  -0.509159830744 1779097907.12
  0.642687873387 -0.0238558874065  -0.495260469303 1779097907.13
  0.634390255162 -0.0241613709546  -0.482278456255 1779097907.15
  0.618378919863 -0.0278093937206  -0.471401135109 1779097907.17
  0.595448811964 -0.0330926283093  -0.462967660404 1779097907.2
  0.567743132799 -0.0378136531426  -0.456541102505 1779097907.22
 0.538475604934 -0.039760524727  -0.45111997192 1779097907.23
  0.511454312934 -0.0371842826494  -0.445432743715 1779097907.25
  0.490484253762 -0.0291869053356  -0.438249184419 1779097907.27
  0.47874485709 -0.015946266524 -0.428646760988 1779097907.3
  0.478243401752 0.00126405756188  -0.416186561333 1779097907.32
 0.489435482329 0.0202634259382 -0.400976285084 1779097907.33
  0.51108067577 0.0383253799971 -0.383622386363 1779097907.35
 0.540367364118 0.0526437906542 -0.365094260743 1779097907.37
 0.573298525296 0.0608177222273 -0.346536920494 1779097907.4
 0.605285400421 0.0612670545263 -0.329073342153 1779097907.42
 0.631855650687 0.0535055356506 -0.313633890708 1779097907.43
 0.649355474555 0.0382253240365 -0.300839704204 1779097907.45
 0.655518737038 0.0171813679625 -0.290952549084 1779097907.47
  0.649794500612 -0.0071012371919   -0.28388890117 1779097907.5
   0.63336601542 -0.0317440071946  -0.279284110962 1779097907.52
  0.608851970705 -0.0539823480571  -0.276585578484 1779097907.53
  0.579743026718 -0.0716009222185  -0.275152338138 1779097907.55
  0.549680139748 -0.0832594684874  -0.274341349942 1779097907.57
  0.521714204782 -0.0886503685108  -0.273566502869 1779097907.6
  0.497691367469 -0.0884604854033   -0.27232343998 1779097907.62
  0.477883279072 -0.0841483556617  -0.270180862483 1779097907.64
  0.460931723674 -0.0775858626867  -0.266746222003 1779097907.65
  0.444113586131 -0.0706422112459  -0.261619751756 1779097907.67
  0.423869358039 -0.0648001324009  -0.254354368922 1779097907.7
  0.396489761405 -0.0608864309469  -0.244438740813 1779097907.72
  0.358829789913 -0.0589727514894  -0.231315866077 1779097907.73
  0.308920825419 -0.0584636501296  -0.214440254662 1779097907.75
 0.246377130792 -0.058346341705 -0.193365306243 1779097907.77
  0.172536168125 -0.0575391952426   -0.16784226898 1779097907.8
 0.0903232081063 -0.0552523511602  -0.137906763162 1779097907.82
0.00387899766369 -0.0512692805084  -0.103930290558 1779097907.84
 -0.081974409756 -0.0460745709498 -0.0666219636465 1779097907.85
 -0.162335968246 -0.0407882286502 -0.0269772538515 1779097907.87
 -0.232802812587 -0.0369133973626  0.0138177192483 1779097907.9
 -0.289945509681 -0.0359521023832  0.0545091996626 1779097907.92
 -0.331631530512 -0.0389804578866  0.0939053450474 1779097907.94
 -0.357177528025 -0.0462904134835   0.130993119359 1779097907.95
 -0.367338292502 -0.0571940950106   0.165028455722 1779097907.97
 -0.364159397751 -0.0700506027149   0.195591751097 1779097908
-0.350729555018 -0.082522275077  0.222605803819 1779097908.02
 -0.330868908359 -0.0920112925004   0.246316661587 1779097908.04
 -0.308784510393 -0.0961826329294    0.26724025177 1779097908.05
 -0.288717875188 -0.0934574356761   0.286080122135 1779097908.07
 -0.274604581763 -0.0833673081729   0.303624456807 1779097908.1
 -0.269763801032 -0.0666930457299    0.32063335312 1779097908.12
 -0.276636543292 -0.0453618148265    0.33772953485 1779097908.14
 -0.296594155952 -0.0221318744594    0.35530669858 1779097908.15
   -0.329840235965 -0.000139353459093     0.373469002014 1779097908.17
 -0.37542577631 0.0175935801706   0.39201228026 1779097908.2
-0.431386157236  0.028590710011  0.410452296863 1779097908.22
-0.494989758879 0.0312199744404  0.428098355034 1779097908.24
-0.563065633782 0.0248237261138  0.444163183812 1779097908.25
 -0.632358649267 0.00969010006637   0.457893479223 1779097908.27
-0.699851782758 -0.013090843089  0.468700766097 1779097908.29
-0.763001301364 -0.041825447018  0.476270079755 1779097908.32
 -0.819851408153 -0.0744123959131   0.480625174806 1779097908.34
-0.869025628997 -0.108501058064  0.482134335366 1779097908.35
 -0.90962396936 -0.141607410302  0.481450447391 1779097908.37
-0.941077894242 -0.171209767006  0.479391512186 1779097908.39
-0.963022213385 -0.194859716321  0.476780675578 1779097908.42
-0.975232062052 -0.210338018313  0.474275095724 1779097908.44
-0.977648442758 -0.215863259836  0.472218034291 1779097908.45
-0.970485519104 -0.210331575023  0.470546967924 1779097908.47
-0.954386141928 -0.193540156367  0.468782083079 1779097908.49
-0.930575642257 -0.166335284016  0.466105332392 1779097908.52
-0.900960387852 -0.130631805115  0.461522627588 1779097908.53
 -0.868125948223 -0.0892738305466   0.454083999227 1779097908.55
 -0.835206971758 -0.0457393212181   0.443122266989 1779097908.57
 -0.805623785397 -0.0037253490646   0.428463129666 1779097908.59
 -0.78270631499 0.0333220976695  0.410560833768 1779097908.62
-0.769251005406 0.0626554493258  0.390524560554 1779097908.64
-0.767076880177 0.0825723043777  0.370020315688 1779097908.65
-0.776657838404 0.0925991359389  0.351057943975 1779097908.67
-0.796905458241 0.0934769862339  0.335697309744 1779097908.69
-0.825158235635 0.0869496247765  0.325725458962 1779097908.72
-0.857401550665 0.0753920516162  0.322363189149 1779097908.73
-0.888703762739 0.0613493458532  0.326053746376 1779097908.75
-0.913815858591 0.0470754785264  0.336370544848 1779097908.77
-0.927852822437 0.0341635176452   0.35205899638 1779097908.79
-0.926959645567 0.0233409628725  0.371204256749 1779097908.82
-0.908865369464 0.0144695143266  0.391496002219 1779097908.84
 -0.873243272065 0.00674421174733     0.4105465218 1779097908.85
  -0.821820851601 -0.00095796020846    0.426211550216 1779097908.87
   -0.75821576922 -0.00966501602439    0.436864870108 1779097908.89
 -0.687509884937 -0.0199340178267   0.441586734801 1779097908.92
 -0.615609692472 -0.0316064481869   0.440240652756 1779097908.94
 -0.548474030175 -0.0437581445692   0.433430774394 1779097908.95
 -0.491314113079 -0.0548591312648   0.422350571883 1779097908.97
 -0.447881426665 -0.0631059964139   0.408549952967 1779097908.99
-0.419951686006 -0.066846092641  0.393659684969 1779097909.02
 -0.407086699591 -0.0649902821482   0.379117094972 1779097909.04
 -0.406713550913 -0.0573144442779   0.365934915265 1779097909.05
 -0.414509096316 -0.0445774185222   0.354546710934 1779097909.07
 -0.425027187827 -0.0284264815663   0.344749354943 1779097909.09
  -0.43246648933 -0.0111097550904   0.335747740644 1779097909.11
 -0.431456275857 0.00494315175096   0.326291651359 1779097909.13
-0.417739914005 0.0175842792976  0.314881549416 1779097909.15
-0.388659434541 0.0253593048399    0.3000106732 1779097909.17
-0.343383879112 0.0277858592401  0.280406328562 1779097909.19
-0.282870349373 0.0254431999875  0.255234111255 1779097909.21
-0.209590722014 0.0198549969496  0.224234890268 1779097909.23
-0.127090932854 0.0131867848339  0.187774963351 1779097909.25
-0.0394683380118 0.00781643561257   0.146803363807 1779097909.27
 0.0491459447858 0.00586323219561   0.102724665332 1779097909.29
  0.135027001489 0.00877209051263  0.0572083471553 1779097909.32
 0.215170825389 0.0170395538901  0.011964808783 1779097909.33
  0.287465827742  0.0301376642834 -0.0314776224837 1779097909.35
 0.350730676711 0.0466472407342 -0.071960979908 1779097909.37
 0.404647908682 0.0645647749432 -0.108822627121 1779097909.39
 0.449632133971  0.081709515742 -0.141937338372 1779097909.42
 0.486670185841 0.0961388885107  -0.17166928774 1779097909.43
0.517160550266 0.106484992677 -0.19874128985 1779097909.45
 0.542765271125  0.112149738162 -0.224043286674 1779097909.47
 0.565274627862  0.113332953248 -0.248414033701 1779097909.49
 0.586477860727  0.110905671586 -0.272436466176 1779097909.51
0.608034178578 0.106170062015 -0.29628656008 1779097909.54
 0.631345831296  0.100562591048 -0.319667322683 1779097909.55
 0.657444731894 0.0953578396956 -0.341844927025 1779097909.57
 0.686910395425 0.0914209494946 -0.361785191737 1779097909.59
 0.719835701544 0.0890425214802 -0.378368853026 1779097909.62
 0.755847624034 0.0878754425073 -0.390647288607 1779097909.64
 0.794176035449 0.0869805517743 -0.398090286214 1779097909.65
 0.833750805982 0.0849768435134 -0.400776561449 1779097909.67
 0.873301128053 0.0802803837081 -0.399486365808 1779097909.69
 0.911434093658 0.0714030743442 -0.395671935342 1779097909.72
 0.946681307108 0.0572684014888  -0.39130262698 1779097909.74
 0.977519022397 0.0374894024961 -0.388603855692 1779097909.75
  1.00238339929 0.0125493959042 -0.389728984727 1779097909.77
   1.01971195136 -0.0161660348375  -0.396418003562 1779097909.79
  1.02804031724 -0.046513742293  -0.40970331655 1779097909.81
   1.02616849424 -0.0759052271308  -0.429718975649 1779097909.83
  1.01338553932  -0.10173459405 -0.455654199413 1779097909.85
 0.989713654864 -0.121834705958 -0.485866286421 1779097909.87
 0.956110827392 -0.134857540108 -0.518136355423 1779097909.89
 0.914564008493 -0.140485593656 -0.550020793033 1779097909.91
 0.868016681768 -0.139419199868 -0.579229975824 1779097909.93
 0.820104837502 -0.133140765773 -0.603960178502 1779097909.95
 0.774717958219 -0.123515665488 -0.623116750973 1779097909.97
 0.735446623026 -0.112333558705  -0.63639348093 1779097909.99
 0.705014054681  -0.10090988171 -0.644207065725 1779097910.01
  0.684805122068 -0.0898500830838  -0.647517558067 1779097910.03
  0.674597273669 -0.0790336596807  -0.647587440717 1779097910.05
  0.672564103009 -0.0678143108242  -0.645738818309 1779097910.07
  0.675570132776 -0.0553738815767  -0.643159493431 1779097910.09
  0.679715630993 -0.0411275297529  -0.640787943793 1779097910.11
  0.681035668307 -0.0250663513138  -0.639281123247 1779097910.13
   0.676220741792 -0.00794352019142   -0.639045555934 1779097910.15
  0.663216539575 0.00874613011423  -0.640298147477 1779097910.17
 0.641581261851 0.0229886531933 -0.643121771781 1779097910.19
 0.612526431926 0.0326214154556 -0.647490842692 1779097910.21
 0.578631022383 0.0357643391907 -0.653258996196 1779097910.24
 0.543285242734 0.0312151357017 -0.660118431058 1779097910.25
 0.509975651244 0.0187241808308 -0.667552838779 1779097910.27
    0.481555992574 -0.000906363522879    -0.674809901138 1779097910.29
 0.459651158248 -0.025917026637 -0.680914590096 1779097910.31
  0.444313452358 -0.0538584269902  -0.684733112352 1779097910.34
  0.433996347753 -0.0819777505733  -0.685083114278 1779097910.35
 0.425843336116 -0.107647693333 -0.680872831508 1779097910.37
 0.416224706713 -0.128752813527 -0.671243379838 1779097910.39
 0.401408810384 -0.143956698555 -0.655685855102 1779097910.41
  0.37823619779  -0.15279880699 -0.634108387846 1779097910.43
 0.344675604908 -0.155608655015 -0.606836958925 1779097910.45
 0.300172918027 -0.153269245964   -0.5745463251 1779097910.47
 0.245747288746 -0.146900117001 -0.538131977558 1779097910.49
 0.183832800149 -0.137551530118   -0.4985479674 1779097910.51
 0.117903103636 -0.125997180386 -0.456645217835 1779097910.53
0.0519468220253 -0.112682485099 -0.413047210202 1779097910.55
-0.0101186216899 -0.0978366915725   -0.36809280845 1779097910.57
-0.0649990959258  -0.081703991451  -0.321860398591 1779097910.59
 -0.110451126699 -0.0648080026704  -0.274267338097 1779097910.61
 -0.145512620342 -0.0481485571904  -0.225219465589 1779097910.63
 -0.170497117228 -0.0332453046248  -0.174772279888 1779097910.65
 -0.186754526365 -0.0219854047203   -0.12326158741 1779097910.67
  -0.19624842999 -0.0162905036935 -0.0713677195028 1779097910.69
 -0.201041632157 -0.0176746640986 -0.0200923923645 1779097910.71
 -0.202806504384 -0.0268036852626  0.0293524015551 1779097910.74
 -0.202476408762 -0.0431760617549  0.0757231560535 1779097910.76
 -0.200126672396 -0.0650235069585   0.117954529492 1779097910.77
 -0.195122982625 -0.0894800780574   0.155355213119 1779097910.79
  -0.1865122607 -0.113005930866  0.187747278257 1779097910.81
-0.173570010856 -0.131990309755  0.215517473794 1779097910.84
-0.156373222643 -0.143413325936  0.239566875502 1779097910.86
 -0.13625069138 -0.145427860443   0.26116658642 1779097910.87
-0.115978724667 -0.137735722588  0.281747549064 1779097910.89
-0.0996375430525  -0.121673375465   0.302666972853 1779097910.91
-0.0921131617758 -0.0999833470613   0.324998111193 1779097910.93
-0.0983075779091 -0.0763146587182   0.349382627204 1779097910.96
   -0.122191382 -0.054554157258  0.375967997478 1779097910.97
 -0.165882504005 -0.0381269261395   0.404431769852 1779097910.99
 -0.228950080896 -0.0294091906764   0.434076049806 1779097911.01
 -0.308116051505 -0.0293698686213   0.463963781618 1779097911.03
  -0.39746022261 -0.0375037604072   0.493065216558 1779097911.05
 -0.489138494822 -0.0520534820505   0.520388073292 1779097911.07
 -0.574518322913 -0.0704548315173   0.545075819939 1779097911.09
 -0.645543528148 -0.0898961499376   0.566471086135 1779097911.11
-0.696083238429 -0.107865784031  0.584150916558 1779097911.13
-0.723010723586 -0.122574754831  0.597944459981 1779097911.15
-0.726800526177 -0.133178625757  0.607941680233 1779097911.17
-0.711518509185 -0.139772794627  0.614496150616 1779097911.19
-0.684191504824 -0.143186750198  0.618219069021 1779097911.21
-0.653658013111 -0.144644170341  0.619957653207 1779097911.23
-0.629096105611 -0.145379157227  0.620750177299 1779097911.25
-0.618482118562 -0.146300670897  0.621752284698 1779097911.27
 -0.62724502644 -0.147778329801  0.624134304305 1779097911.29
-0.657346397705 -0.149588735683  0.628955777996 1779097911.31
  -0.7069418049 -0.151021164183  0.637029445872 1779097911.33
-0.770679500088 -0.151104642521  0.648790988676 1779097911.35
-0.840583092653 -0.148893391581  0.664192390324 1779097911.37
-0.907365792131 -0.143739262479  0.682636328072 1779097911.39
-0.961952379812 -0.135488892639  0.702967057748 1779097911.41
  -0.9969546159 -0.124566490057  0.723529558252 1779097911.43
 -1.00786128262 -0.111933775018  0.742302241905 1779097911.45
 -0.993760700951 -0.0989482223469   0.757098708841 1779097911.47
 -0.957497955752 -0.0871612905809   0.765821698023 1779097911.49
 -0.905263116623 -0.0781046000904   0.766740110497 1779097911.51
-0.845692558701 -0.073103686357  0.758751136354 1779097911.53
 -0.788629601563 -0.0731409321404   0.741587111975 1779097911.55
 -0.743726325484 -0.0787699528374   0.715932318064 1779097911.57
-0.719075562595 -0.090071308804  0.683427806084 1779097911.59
-0.720045679315 -0.106638259795  0.646559358519 1779097911.61
-0.748458249214 -0.127589729849  0.608440164982 1779097911.63
-0.802207166425 -0.151619011316  0.572511625448 1779097911.65
-0.875371846955 -0.177092619794   0.54219149699 1779097911.68
-0.958828194592 -0.202208305597  0.520500317859 1779097911.69
-1.04130783306 -0.22520434028 0.509698332313 1779097911.71
 -1.11079824573 -0.244589697772  0.510968676207 1779097911.73
 -1.15611800635 -0.259346258311  0.524188046053 1779097911.75
 -1.16845304931 -0.269049031684  0.547829874919 1779097911.77
-1.14261761815 -0.27386368338 0.579041579252 1779097911.79
 -1.07782189535 -0.274410722739  0.613921309967 1779097911.81
-0.977794085676 -0.271524388685  0.647988455152 1779097911.83
 -0.85021180328 -0.265969336823  0.676799358166 1779097911.85
-0.705526559508 -0.258197470688  0.696615688026 1779097911.87
-0.555387063108 -0.248222614005  0.705002415203 1779097911.89
-0.410950925519 -0.235661292572  0.701228861988 1779097911.91
-0.281396377709 -0.219940728396  0.686375695703 1779097911.93
-0.172897455439 -0.200623449768   0.66310814387 1779097911.95
-0.0882188474641  -0.177757178004   0.635147025232 1779097911.97
-0.0269475805398  -0.152141855712   0.606536059919 1779097911.99
0.0137570979527  -0.12541920097  0.580849541435 1779097912.01
 0.0381146296858 -0.0999316500953   0.560497994097 1779097912.03
 0.0506372585859 -0.0783564875219   0.546268303483 1779097912.05
 0.0552497843451 -0.0631817671972   0.537184717929 1779097912.07
 0.0547830410849 -0.0561371991348   0.530710306226 1779097912.09
 0.0509020481521 -0.0577134078726   0.523240359367 1779097912.11
 0.0444180098172 -0.0668916682942   0.510784516574 1779097912.13
 0.0358438711234 -0.0811656090036   0.489703477402 1779097912.15
 0.0260047932472 -0.0968748407264   0.457363183186 1779097912.17
0.0165148937684  -0.10980082067  0.412592235549 1779097912.19
0.00997580995527  -0.115912873083   0.355870361761 1779097912.21
0.00982836355507  -0.112112469855   0.289227771493 1779097912.23
 0.0198777580344 -0.0968179751383   0.215887516904 1779097912.25
 0.0435952504959 -0.0702633272046   0.139726468954 1779097912.27
 0.0833567984317 -0.0344457902318  0.0646581667438 1779097912.29
   0.139799190028  0.00726510034805 -0.00595151305556 1779097912.31
 0.211452649788 0.0507716154955 -0.069737550347 1779097912.33
 0.294751135297 0.0920058043265 -0.125589102652 1779097912.35
 0.384440395238  0.127640578656 -0.173674370158 1779097912.37
 0.474317055097  0.155606976312 -0.215251015254 1779097912.39
 0.558158823556  0.175315982989 -0.252312851705 1779097912.41
 0.630663427676  0.187549415125 -0.287147613129 1779097912.43
 0.688212613918  0.194056625223 -0.321888668279 1779097912.45
0.729317987142 0.196956941875 -0.35813624387 1779097912.47
 0.754677291002  0.198089134551 -0.396705055256 1779097912.49
 0.766854673967  0.198460687306 -0.437530514489 1779097912.51
  0.76967561337  0.197928618799 -0.479739352353 1779097912.53
 0.767478628793  0.195193278019 -0.521865392386 1779097912.55
 0.764381199933  0.188116349035 -0.562169181718 1779097912.57
 0.763695381483  0.174298727017 -0.599003154969 1779097912.59
  0.76757777989  0.151789901521 -0.631154568094 1779097912.61
 0.776934111148  0.119763316514 -0.658099418237 1779097912.63
  0.79153852284 0.0789917184966  -0.68011395966 1779097912.65
 0.810287837605  0.031994618268 -0.698216058443 1779097912.67
   0.83149956717 -0.0172002689728  -0.713943028883 1779097912.69
 0.853179550603 -0.063653257621 -0.729008791851 1779097912.71
 0.873221542083 -0.102355007166 -0.744912087749 1779097912.73
 0.889542882332 -0.129143575348 -0.762580685808 1779097912.75
 0.900192657115 -0.141503425719 -0.782129590749 1779097912.77
 0.903480427081 -0.139075484789 -0.802785537336 1779097912.79
 0.898160827918 -0.123766647081 -0.822992525973 1779097912.81
  0.883676567997 -0.0994295196887  -0.840673968604 1779097912.83
  0.860421081186 -0.0711704060735  -0.853596243264 1779097912.85
  0.829947263119 -0.0444178455031  -0.859762891284 1779097912.87
  0.795033976883 -0.0239315348213  -0.857769997005 1779097912.89
 0.759535300975 -0.012943773502 -0.847068056046 1779097912.91
  0.727978423298 -0.0126005169355  -0.828097309491 1779097912.93
  0.704935933134 -0.0218108619362   -0.80228532241 1779097912.95
  0.694262349148 -0.0375325438544  -0.771913068381 1779097912.97
 0.698336158506 -0.055432139144 -0.739867877197 1779097912.99
   0.71747225086 -0.0707805316409  -0.709309927891 1779097913.01
  0.749655444891 -0.0793947217765  -0.683286037613 1779097913.03
  0.790692080725 -0.0784290629789  -0.664331835991 1779097913.05
  0.834791881069 -0.0668559550556  -0.654110409943 1779097913.07
  0.875494847571 -0.0455498792759  -0.653139381627 1779097913.09
  0.906772244425 -0.0169813067778  -0.660655327797 1779097913.11
 0.924080277525 0.0153849178128 -0.674651446347 1779097913.13
 0.925145285072 0.0478305648855 -0.692100973953 1779097913.15
 0.910312393699 0.0770875365332 -0.709348012417 1779097913.17
  0.88238392288  0.100850336951 -0.722615014626 1779097913.19
  0.84598661826  0.118002872682 -0.728549528209 1779097913.21
   0.8066102894  0.128542909733 -0.724718780808 1779097913.23
 0.769529137869  0.133264166731 -0.709964060796 1779097913.25
 0.738834680373  0.133312519024 -0.684548823957 1779097913.27
0.716772903914  0.12975591615 -0.65007184032 1779097913.29
 0.703499213483  0.123292573804 -0.609161899865 1779097913.31
0.697264250551   0.1141734872   -0.565013169 1779097913.33
 0.694947438923  0.102346751026 -0.520849853184 1779097913.35
 0.692786346217 0.0877618737705 -0.479418383181 1779097913.37
 0.687123578795 0.0707225030046 -0.442593489684 1779097913.39
 0.675012150201 0.0521607733834 -0.411155585964 1779097913.41
 0.654576177001 0.0337303389804 -0.384759170731 1779097913.43
 0.625098335369  0.017670029297 -0.362075100011 1779097913.45
  0.586877079004 0.00645816505134   -0.34106172996 1779097913.47
 0.540946137226 0.0023377693453 -0.319305930764 1779097913.49
  0.488765046802 0.00682816829203  -0.294375558718 1779097913.51
 0.431971560986 0.0203409849239 -0.264137178251 1779097913.53
 0.372243717277 0.0419908857636 -0.227011111953 1779097913.55
 0.311266793434 0.0696440773166 -0.182153775722 1779097913.57
 0.250755847381  0.100194271287 -0.129569172033 1779097913.59
  0.192462225056    0.13000951237 -0.0701545899882 1779097913.61
   0.138099124335    0.155463017641 -0.00568110005327 1779097913.63
0.0891544931899   0.17345129118 0.0612980985531 1779097913.65
0.046608243074  0.18181282775 0.127622989088 1779097913.67
0.0106189800975  0.179586399986  0.189793928715 1779097913.69
-0.0197229519412   0.167082222276   0.244325904076 1779097913.71
-0.0464759055305   0.145773974529   0.288163959714 1779097913.73
-0.0726890485777   0.118047188855   0.319109743406 1779097913.75
 -0.10198933573 0.0868549796399  0.336189126432 1779097913.77
-0.137964872819 0.0553347656479  0.339883015434 1779097913.79
 -0.18345998843 0.0264327720719  0.332153905736 1779097913.81
  -0.23993785006 0.00257232588396   0.316230947082 1779097913.83
 -0.307069451074 -0.0146073680294   0.296161670816 1779097913.85
 -0.382668030235 -0.0244202989415   0.276189144217 1779097913.87
-0.463012140973 -0.027190303883  0.260056846869 1779097913.89
 -0.543506657114 -0.0241767196367   0.250368682478 1779097913.91
 -0.619543926093 -0.0173578743885   0.248130647603 1779097913.93
  -0.687371951763 -0.00907890394988    0.252571730416 1779097913.95
  -0.744770311653 -0.00159889647865    0.261289193922 1779097913.97
 -0.791381670071 0.00339340891649   0.270698547061 1779097913.99
 -0.828635824557 0.00519708735419    0.27670640249 1779097914.01
 -0.859309433876 0.00434102716036    0.27548002997 1779097914.03
 -0.886856877867 0.00256109600683   0.264170796138 1779097914.05
 -0.914698950461 0.00247462562788   0.241462182622 1779097914.07
 -0.945652205947 0.00698924566471    0.20785151623 1779097914.09
 -0.98162587162 0.0185618720705   0.16562769152 1779097914.11
 -1.02362343034 0.0384816833991  0.118562935084 1779097914.13
 -1.07198892351 0.0663665492268 0.0713839427414 1779097914.15
 -1.12676129388  0.100025039062 0.0291184598519 1779097914.17
   -1.18796547072    0.135751288089 -0.00357611414651 1779097914.19
  -1.25568739177   0.169008776724 -0.0230041980313 1779097914.21
  -1.32984897271   0.195352530657 -0.0268686815463 1779097914.23
  -1.40970148368   0.211368841308 -0.0145084130796 1779097914.25
 -1.49316467714  0.215399336253 0.0130762148726 1779097914.27
 -1.57622318238   0.20786748321 0.0533943752098 1779097914.29
-1.65262408531 0.191127136078 0.102795673945 1779097914.31
-1.71408471596 0.168876347622 0.156909140983 1779097914.33
-1.75111848124 0.145290686092 0.211130923681 1779097914.35
 -1.7544380142 0.124098053898   0.2611001114 1779097914.37
-1.71673273507 0.107824176297 0.303107553069 1779097914.39
 -1.63448346511 0.0973851802912  0.334394456868 1779097914.41
 -1.50940870952 0.0921082562297  0.353315016154 1779097914.43
  -1.3491611593 0.0901504883574  0.359357791332 1779097914.45
 -1.16701312525 0.0891880599585  0.353040388924 1779097914.47
-0.980465806202 0.0871856917999   0.33570753503 1779097914.49
-0.808947763861 0.0830418744828  0.309271870815 1779097914.51
-0.670978482479 0.0769408539714   0.27593952651 1779097914.53
   -0.581310305 0.0703189940151  0.237959706805 1779097914.55
-0.548589337028 0.0654538868417  0.197430142297 1779097914.57
-0.573983793378 0.0647856224955  0.156178935186 1779097914.59
-0.651038616827 0.0701547334424  0.115728689616 1779097914.61
-0.766774415501  0.082168501746 0.0773323493989 1779097914.63
-0.903813315954 0.0998762231585 0.0420547099167 1779097914.65
 -1.04313440297   0.12085098745 0.0108630423154 1779097914.67
  -1.16696868381   0.141663130112 -0.0153115512069 1779097914.69
-1.26134651192 0.158621136006 -0.03557161543 1779097914.71
  -1.31789742046   0.168581353274 -0.0491210765461 1779097914.73
  -1.33464877525   0.169609690596 -0.0553919238875 1779097914.75
 -1.31574611129  0.161321014669 -0.054198023406 1779097914.77
  -1.27019580228   0.144812526056 -0.0458724539825 1779097914.79
  -1.20988457739   0.122220489625 -0.0313453886672 1779097914.81
 -1.14723937924 0.0960341636122 -0.012132193621 1779097914.83
  -1.09293955412  0.0683677260697 0.00977802451794 1779097914.85
 -1.05407332118  0.040401544918 0.0321206823886 1779097914.87
 -1.03304389826 0.0121551436864 0.0526091742008 1779097914.89
  -1.02739096782 -0.0173402631272  0.0692004125007 1779097914.91
   -1.0305240837 -0.0495148311321  0.0803269179147 1779097914.93
  -1.03319667981 -0.0855243993844  0.0850564432303 1779097914.95
 -1.02541443833 -0.125513576666 0.0831541126126 1779097914.97
-0.998396818537 -0.168093524704 0.0750407885437 1779097914.99
-0.946211393727 -0.210203749073  0.061661102044 1779097915.01
-0.866777744624 -0.247436313859 0.0442912291043 1779097915.03
-0.762074894435 -0.274786146665 0.0243266516919 1779097915.05
  -0.63755384745   -0.28767880138 0.00309178071555 1779097915.07
   -0.5009178772  -0.283044216632 -0.0182939346058 1779097915.09
 -0.360552732252  -0.260173414703 -0.0389736211515 1779097915.11
-0.223942181125 -0.221125915016 -0.058333865927 1779097915.13
-0.0963829266207  -0.170546186431 -0.0759275803314 1779097915.15
0.0197735929272 -0.114880516946 -0.091371319725 1779097915.17
   0.12525243081 -0.0611318622606   -0.10425394182 1779097915.19
  0.223395614773 -0.0154137431254  -0.114087477346 1779097915.21
 0.319261788045 0.0183682746369 -0.120316822505 1779097915.23
 0.418502713568 0.0393886383162 -0.122386730239 1779097915.25
 0.526246653072 0.0500969960955 -0.119847725818 1779097915.27
 0.646180880036  0.055654613369 -0.112471722652 1779097915.29
  0.77995516573 0.0627046225938 -0.100346494229 1779097915.31
  0.926947635394  0.0777288620756 -0.0839262833588 1779097915.33
    1.0843642292   0.105352489605 -0.0640306954035 1779097915.35
   1.24759577508   0.146987517842 -0.0417997908377 1779097915.37
   1.41073611463   0.200147264766 -0.0186236920582 1779097915.4
   1.56716763435   0.258624121131 0.00393384967631 1779097915.41
  1.71013993299  0.313531062813 0.0242066086677 1779097915.43
  1.83329474627  0.355006009272 0.0404941672897 1779097915.45
  1.93111724298  0.374216234698 0.0511430534749 1779097915.47
  1.99931333105  0.365219730312 0.0546626571685 1779097915.5
  2.03512029624  0.326265134383 0.0498915579892 1779097915.51
  2.03755325179  0.260238504116 0.0362097571098 1779097915.53
  2.00757567025  0.174163566987 0.0137631623615 1779097915.55
  1.94816516072 0.0778821608018 -0.016360624194 1779097915.57
   1.86423412226 -0.0177727517739 -0.0520783739446 1779097915.6
   1.76236711967  -0.102894141577 -0.0904396130765 1779097915.61
  1.65035730611 -0.170090049525 -0.127959005965 1779097915.63
  1.53656081027 -0.215425794876  -0.16111891457 1779097915.65
  1.42913136563 -0.238568960741 -0.186953212935 1779097915.67
  1.33523405367 -0.242180043407 -0.203587593227 1779097915.7
  1.26035437177 -0.230761472987 -0.210608387023 1779097915.72
  1.20781016718 -0.209285668824 -0.209164195474 1779097915.73
  1.17854034143 -0.181948081204 -0.201763789344 1779097915.75
  1.17119371675 -0.151334125445 -0.191803189134 1779097915.77
  1.18248666943 -0.118169104823 -0.182915849038 1779097915.8
    1.2077527787 -0.0816699392804  -0.178277466524 1779097915.82
   1.24158280082 -0.0403726958563  -0.180003680184 1779097915.83
   1.27845363283 0.00679860502061  -0.188755913499 1779097915.85
  1.31326772233 0.0595086709302 -0.203625922369 1779097915.87
  1.34176022424  0.115308621539 -0.222314774522 1779097915.9
  1.36076777466  0.169460103971 -0.241568365495 1779097915.92
  1.36837906254  0.215376696402 -0.257787852774 1779097915.93
  1.36399704111  0.245636050786 -0.267705175297 1779097915.95
  1.34833525125   0.25338220345 -0.269004279143 1779097915.97
  1.32335166857  0.233834102002 -0.260778793509 1779097916
  1.29210213201  0.185567457051 -0.243745091059 1779097916.02
  1.25848235934  0.111257802346 -0.220171398562 1779097916.03
  1.22683104514 0.0176652539893 -0.193532099008 1779097916.05
   1.20138936359 -0.0852078799538  -0.167943835245 1779097916.07
  1.18565038625 -0.185675759426 -0.147478880889 1779097916.1
   1.1816757434 -0.272363539145  -0.13547467981 1779097916.12
  1.18949363708 -0.336239069458 -0.133961357844 1779097916.13
  1.20670988128 -0.372248632122 -0.143309466851 1779097916.15
  1.22845326799 -0.380187976218 -0.162160842088 1779097916.17
  1.24773488896 -0.364594884235  -0.18765332663 1779097916.2
  1.25623136971 -0.333663208353 -0.215895247042 1779097916.22
  1.24541512804 -0.297401595443 -0.242598760328 1779097916.23
  1.20786895259 -0.265438169581 -0.263752383068 1779097916.25
  1.13855989768 -0.244959317242 -0.276209068553 1779097916.27
  1.03582877428 -0.239242339444 -0.278088669739 1779097916.3
 0.901886212023 -0.247103321603  -0.26893694979 1779097916.32
 0.742689703869 -0.263366980065 -0.249635772059 1779097916.33
 0.567190937706 -0.280228054334 -0.222107120407 1779097916.35
 0.386065081506 -0.289172688475 -0.188886826833 1779097916.37
 0.210138491292  -0.28301097036 -0.152657937399 1779097916.4
0.0487961785839 -0.257563000922  -0.11582933281 1779097916.42
-0.0913407718673  -0.212637080188 -0.0802262405906 1779097916.43
 -0.207229545842  -0.152111455637 -0.0469308399974 1779097916.45
 -0.299575569291 -0.0831365078077 -0.0162795721763 1779097916.47
 -0.372350115572 -0.0146641498552  0.0120045560517 1779097916.5
-0.431771483297 0.0443554840587 0.0385868221899 1779097916.52
-0.484959044316   0.08671893507 0.0642557636778 1779097916.54
  -0.5385164351  0.108301558305 0.0896726487531 1779097916.55
-0.597296823932  0.108732598611  0.115182123031 1779097916.57
-0.663555579822 0.0913219747147  0.140714394124 1779097916.6
-0.736616850179  0.062306071817  0.165786850102 1779097916.62
 -0.81308728468 0.0296085564465  0.189590093152 1779097916.63
 -0.887559158235 0.00138645253258   0.211127110763 1779097916.65
 -0.953669832427 -0.0153579384446    0.22936938463 1779097916.67
  -1.00533346936 -0.0158659308563   0.243399887103 1779097916.7
 -1.03793873736 0.0017349775449  0.252525658352 1779097916.72
 -1.04931463262 0.0362817862141  0.256356118804 1779097916.74
 -1.04030432234 0.0838768163697  0.254852632361 1779097916.75
-1.01484901219 0.138532990076 0.248357457679 1779097916.77
-0.979560917185  0.193029503834  0.237606125411 1779097916.8
-0.942844391736  0.239846092606  0.223719349071 1779097916.82
-0.913694988428  0.272066323146  0.208163716016 1779097916.84
-0.900357534266  0.284169771784  0.192669109884 1779097916.85
-0.909049017436  0.272659023726  0.179096610479 1779097916.87
-0.942946162149  0.236484716336  0.169261490877 1779097916.9
-1.00160086495 0.177240572844 0.164728188692 1779097916.92
 -1.08088362429 0.0991053128435   0.16660468641 1779097916.94
  -1.17347480875 0.00851632384695   0.175370790559 1779097916.95
  -1.26983846122 -0.0864231502701   0.190776891651 1779097916.97
 -1.35953669889 -0.176773654589  0.211845019505 1779097917
 -1.43268676171 -0.253760116728  0.236990699064 1779097917.02
  -1.4813367121 -0.309839789419  0.264262425433 1779097917.04
 -1.50054513803 -0.339703905243  0.291668739172 1779097917.05
 -1.48899539431 -0.341066160465  0.317537061427 1779097917.07
 -1.44905033877 -0.315101515563  0.340831343418 1779097917.09
 -1.38624752102 -0.266435378954  0.361354180783 1779097917.12
 -1.30833119823 -0.202643128468  0.379776980899 1779097917.14
 -1.22399858805 -0.133294721237  0.397477095253 1779097917.15
  -1.14158735675 -0.0686564435552   0.416205412335 1779097917.17
  -1.06793842376 -0.0182278180939   0.437649607675 1779097917.19
 -1.00762953669 0.0106662851322  0.462985285723 1779097917.22
-0.962697055137 0.0139995735135  0.492512533558 1779097917.23
  -0.932861300422 -0.00831492869887    0.525458473298 1779097917.25
 -0.916165899476 -0.0523992535257   0.559992421672 1779097917.27
-0.909856120176 -0.111033977755  0.593457578331 1779097917.29
-0.911273911264 -0.174850828528  0.622780957023 1779097917.31
-0.918549376103 -0.233905311187  0.644989866875 1779097917.33
-0.930920899468 -0.279359612092  0.657744550287 1779097917.35
-0.948609267996  -0.30497378624  0.659794743718 1779097917.37
-0.972284985471 -0.308129642643  0.651281087337 1779097917.39
 -1.00227621851 -0.290193731306  0.633825990228 1779097917.42
 -1.03774056004 -0.256147592975  0.610388033855 1779097917.43
  -1.0760466459 -0.213550656167  0.584886057318 1779097917.45
 -1.11257332827 -0.171027190382   0.56163202269 1779097917.47
 -1.14104117533 -0.136560127011  0.544643889138 1779097917.49
-1.15436390616  -0.1159148035 0.536937509944 1779097917.52
  -1.1458756042 -0.111496839638  0.539914126131 1779097917.53
 -1.11068505459 -0.121871835235  0.552960454889 1779097917.55
 -1.04685772759 -0.142051599249  0.573356478713 1779097917.57
-0.956143261767 -0.164502912854  0.596541247609 1779097917.59
-0.844050636475 -0.180688476521  0.616724884719 1779097917.62
-0.719207546452  -0.18283635668  0.627766778419 1779097917.63
-0.592095140594 -0.165580417679  0.624180225939 1779097917.65
-0.473388335922 -0.127135250226  0.602087059776 1779097917.67
  -0.37222184564 -0.0697640673645   0.559942788396 1779097917.69
   -0.29472076798 0.000551896971893    0.498887345385 1779097917.72
-0.243077870308 0.0751625459533  0.422643730003 1779097917.73
-0.215342546978  0.144284900073  0.336973287905 1779097917.75
-0.205938278696  0.198699145615  0.248783253582 1779097917.77
-0.206781311757  0.231262193191  0.165049850631 1779097917.79
-0.208764258592  0.237960425886 0.0917535635105 1779097917.82
-0.203314430763  0.218346683581   0.03301536154 1779097917.83
  -0.183743938604    0.175353128127 -0.00942320289588 1779097917.85
  -0.14616953932   0.114601758637 -0.0363050531448 1779097917.87
 -0.089877447237   0.043416350627 -0.0505575646338 1779097917.89
-0.0171192482459 -0.0302412540025 -0.0566688294327 1779097917.92
 0.0675726834136 -0.0987259743271 -0.0598703097851 1779097917.94
 0.158385895418 -0.155445088897 -0.065275187075 1779097917.95
  0.249340893102    -0.1953448839 -0.0771122299823 1779097917.97
  0.335312348747  -0.215179439629 -0.0981633097711 1779097917.99
 0.412789055847 -0.213618945697 -0.129468115756 1779097918.02
 0.480264094033 -0.191246953205 -0.170311768486 1779097918.04
 0.538221490907 -0.150466517867 -0.218467851255 1779097918.05
 0.588760446523 -0.095303263414 -0.270636161324 1779097918.07
   0.63495934866 -0.0310764925736  -0.322993794728 1779097918.09
 0.680118819803 0.0360827000536 -0.371770726769 1779097918.12
 0.727030930227 0.0998558421103 -0.413766548964 1779097918.14
0.777402298844 0.154449067315 -0.44674219393 1779097918.15
  0.83151968756  0.195296256627 -0.469646225867 1779097918.17
0.888198255966 0.219633948373 -0.48266431403 1779097918.19
 0.945004479364  0.226834051353 -0.487106607899 1779097918.22
 0.998704387778  0.218415963166 -0.485166112809 1779097918.24
  1.04585661053  0.197718781767 -0.479590321037 1779097918.25
   1.0834502302  0.169283492944 -0.473310027154 1779097918.27
  1.10948080593  0.138057177006 -0.469066802451 1779097918.29
  1.12336543186   0.10856997906 -0.469077027345 1779097918.32
  1.12612025375  0.084240185002 -0.474767048803 1779097918.34
  1.12026065435 0.0669320460644 -0.486610291351 1779097918.35
  1.10943144083 0.0568335497232 -0.504090787353 1779097918.37
  1.09782433823 0.0526521863155 -0.525806043891 1779097918.39
  1.08948286441  0.052062504164 -0.549704269298 1779097918.41
  1.08762019537 0.0522936931366 -0.573428434842 1779097918.43
  1.09407704785 0.0507269929439 -0.594717138966 1779097918.45
 1.10902247555 0.045383333086 -0.61179600489 1779097918.47
  1.13095519905 0.0352168625207 -0.623688868666 1779097918.49
   1.1570054663 0.0201803513489 -0.630388142164 1779097918.52
  1.18347848166 0.0010814582216 -0.632847746139 1779097918.54
   1.20653153211 -0.0207076074038  -0.632795701587 1779097918.55
   1.22284849186 -0.0435995269126  -0.632399976109 1779097918.57
   1.23017520538 -0.0661106727307   -0.63385240341 1779097918.59
   1.22761013166 -0.0870786922495  -0.638953960074 1779097918.62
  1.21560198742 -0.105742688244 -0.648785490643 1779097918.64
   1.1956772465 -0.121689897242 -0.663530259757 1779097918.66
   1.1699866854 -0.134708123075 -0.682482179556 1779097918.67
   1.1408025409 -0.144605253967 -0.704233684346 1779097918.69
  1.11010305253 -0.151061594148 -0.726999237058 1779097918.72
  1.07934711914 -0.153568064294 -0.749002786367 1779097918.74
  1.04947882314 -0.151478182352 -0.768845639796 1779097918.75
  1.02112895322 -0.144170766072 -0.785776733697 1779097918.77
 0.994920111071 -0.131290256965 -0.799808084862 1779097918.79
 0.971750888171 -0.113008219935 -0.811649727928 1779097918.81
  0.952941239817 -0.0902373108235  -0.822474900643 1779097918.84
  0.940163079262 -0.0647306515865  -0.833561527182 1779097918.85
  0.935145178783 -0.0390160729057  -0.845884133747 1779097918.87
  0.939211535384 -0.0161447513628  -0.859745614972 1779097918.89
   0.952768227026 0.000726645010096   -0.874536411589 1779097918.91
   0.97488038488 0.00885899635227  -0.888687900778 1779097918.94
   1.00307108139 0.00646218642942  -0.899849302888 1779097918.96
    1.03342970064 -0.00688035266994   -0.905269793133 1779097918.97
    1.0610487486 -0.0300027071802  -0.902319970569 1779097918.99
   1.08073049242 -0.0602368289304  -0.889050770542 1779097919.01
   1.08783593554 -0.0937965533282  -0.864672657295 1779097919.04
   1.0791049649 -0.126408061498 -0.829847918293 1779097919.05
  1.05326988063 -0.154063232474 -0.786722310479 1779097919.07
  1.01131876001 -0.173730459365 -0.738672001866 1779097919.09
 0.956334198673 -0.183855292317 -0.689797429598 1779097919.11
 0.892921968017 -0.184526460732 -0.644246495739 1779097919.14
 0.826332913011 -0.177264067419 -0.605485901273 1779097919.15
 0.761449949512 -0.164485827457 -0.575654439078 1779097919.17
 0.70184517853 -0.14879604869 -0.55512238507 1779097919.19
 0.649102719817 -0.132293194946 -0.542347637298 1779097919.21
 0.602552450149 -0.116087749359 -0.534067068742 1779097919.23
 0.559477943852 -0.100161401953 -0.525799390223 1779097919.25
  0.515764389018 -0.0835977969572   -0.51257511005 1779097919.27
  0.466858965624 -0.0651042276151  -0.489762850438 1779097919.29
  0.408847590015 -0.0436571388491  -0.453841157752 1779097919.31
   0.33942421803 -0.0190691339379  -0.402977540011 1779097919.33
  0.258548981373 0.00769858713163  -0.337319104694 1779097919.35
 0.168654697921 0.0345769299227 -0.258959712015 1779097919.37
0.0743533426009 0.0587780516516 -0.171610111616 1779097919.39
-0.0183049376101  0.0774302426203  -0.080045531284 1779097919.41
-0.102878536761 0.0882896308818 0.0105677365676 1779097919.43
 -0.17368596111 0.0903408441596 0.0953590093742 1779097919.45
-0.226844147545 0.0841289833628  0.170355644236 1779097919.47
-0.261002283595 0.0717342096717  0.232924760868 1779097919.49
 -0.27764226878 0.0563889245294  0.282004736539 1779097919.51
-0.280898630538 0.0418238260376  0.318106373029 1779097919.53
 -0.27693391237 0.0314933024816  0.343093676555 1779097919.55
-0.272976305046 0.0278591104366  0.359783624877 1779097919.57
-0.276176116675 0.0318984583783  0.371430761452 1779097919.59
-0.292462367696 0.0429512572047  0.381181345467 1779097919.61
-0.325578847503 0.0589424578794  0.391587412325 1779097919.63
-0.376451310191 0.0769270631171   0.40425982118 1779097919.65
-0.442987971752  0.093828848628  0.419712248879 1779097919.67
-0.520350829218  0.107197958169  0.437410974185 1779097919.69
-0.601664260171  0.115808462063  0.456006544389 1779097919.71
-0.679059482484   0.11995527495  0.473691287305 1779097919.73
-0.744898448432  0.121381061485  0.488607561049 1779097919.75
-0.792987501961  0.122851094914  0.499229069009 1779097919.77
-0.819586337221  0.127477010571  0.504650839123 1779097919.79
-0.824044334965  0.137949358752  0.504747507508 1779097919.81
-0.808952147323  0.155859757867  0.500186710059 1779097919.83
-0.779774184961  0.181271690526  0.492307927916 1779097919.85
-0.744015512862  0.212640632025  0.482893920685 1779097919.87
-0.71005932313 0.247103783087 0.473872321887 1779097919.89
-0.685872463185  0.281075779465  0.466990799489 1779097919.91
-0.677802965339  0.311017409931  0.463511527641 1779097919.93
-0.689678059863  0.334203741803  0.463969774508 1779097919.95
-0.722355357363  0.349314441946  0.468036894634 1779097919.97
-0.77379391226 0.356703930918 0.474519073796 1779097919.99
-0.839612210543  0.358276522974  0.481508209658 1779097920.01
-0.914006318455  0.356979324959  0.486679010825 1779097920.03
-0.990832571116  0.356015618313  0.487698033469 1779097920.05
-1.06463021479 0.357953532347 0.482681366299 1779097920.07
-1.13137766092 0.363940467677  0.47061646396 1779097920.09
-1.18883887963 0.373220888142 0.451658257917 1779097920.11
-1.23645150457 0.383092631938 0.427224399063 1779097920.13
-1.27481557077 0.389336716864 0.399848363769 1779097920.15
-1.30493804863 0.387041128823 0.372796534515 1779097920.17
-1.32745081601 0.371639690728 0.349507086912 1779097920.19
-1.34203107282 0.339930105797 0.332953225584 1779097920.21
-1.34720618148 0.290837481593 0.325059412636 1779097920.23
-1.34062631781 0.225751661546  0.32629787394 1779097920.25
-1.31976006842 0.148371977911 0.335561060549 1779097920.27
  -1.2828434056 0.0641125297662  0.350349150435 1779097920.29
   -1.2298270113 -0.0207780818058   0.367242813367 1779097920.31
 -1.16304776671 -0.100173179723   0.38256725743 1779097920.33
 -1.08740638209 -0.168893811868  0.393110403251 1779097920.35
 -1.00995165408 -0.223253031425  0.396746921144 1779097920.37
-0.938921013591 -0.261256929271   0.39284314118 1779097920.39
 -0.88242586954 -0.282494706715  0.382368400972 1779097920.41
-0.847060943432  -0.28782138403   0.36770215302 1779097920.43
-0.836736087054 -0.278967279832  0.352186905784 1779097920.45
-0.851974755405 -0.258194567245  0.339521588238 1779097920.47
-0.889813551133 -0.228073480735  0.333111112849 1779097920.49
-0.944303609762 -0.191388510178  0.335485210669 1779097920.51
 -1.00749148742 -0.151129266915  0.347877437947 1779097920.53
 -1.07067198629 -0.110488093323  0.370020776384 1779097920.55
 -1.12567199226 -0.072784964758  0.400177333193 1779097920.57
 -1.16594234753 -0.041268338335  0.435383159045 1779097920.59
  -1.18729219241 -0.0187884487011   0.471859893825 1779097920.61
   -1.18817956476 -0.00739183257687    0.505525248689 1779097920.63
   -1.16955567406 -0.00792632037362    0.532525024118 1779097920.65
  -1.13433400312 -0.0197618763617   0.549710523206 1779097920.67
  -1.08660978989 -0.0407192419373   0.554996560837 1779097920.69
  -1.03078525556 -0.0672584493568   0.547555675078 1779097920.71
 -0.970759152077 -0.0949231085324   0.527830960757 1779097920.73
-0.909316645837 -0.118978113613  0.497378854203 1779097920.75
-0.847811287987 -0.135132428747  0.458579034389 1779097920.77
-0.786172386458 -0.140215885422  0.414266680658 1779097920.79
-0.723208910158 -0.132684642896   0.36734962143 1779097920.81
-0.657126700925 -0.112862560776  0.320468679123 1779097920.83
  -0.58613961636 -0.0828774471002   0.275745317761 1779097920.85
 -0.509044090624 -0.0463099463037   0.234640022641 1779097920.87
 -0.425642001044 -0.0076254288556   0.197922487662 1779097920.89
-0.336934340858 0.0285054554535  0.165735771642 1779097920.91
-0.245058874638 0.0578799527961  0.137725102851 1779097920.93
-0.152997149316 0.0773237748856  0.113199356327 1779097920.95
-0.0641190118367  0.0850618165778  0.0912976315776 1779097920.97
0.0183416322088  0.080860402236 0.0711409422428 1779097920.99
0.0917808581754 0.0659421469625  0.051956029132 1779097921.01
 0.154603189688 0.0427086005367 0.0331629254063 1779097921.03
 0.206426495303 0.0143301569768 0.0144205651634 1779097921.05
    0.24808990032  -0.0157245009421 -0.00437301945123 1779097921.07
  0.281476707028 -0.0441459726471 -0.0231260706301 1779097921.09
  0.309195046729 -0.0681647470606 -0.0416390001102 1779097921.11
  0.334180374974 -0.0858091630785 -0.0597184677501 1779097921.13
  0.359292338056 -0.0960191747808 -0.0772987813532 1779097921.15
  0.386972380032 -0.0986200643058 -0.0945423618219 1779097921.17
  0.419009280284 -0.0941826130378  -0.111888337679 1779097921.19
  0.456432463217 -0.0838112874179   -0.13002374824 1779097921.21
 0.499524333795  -0.06890794791 -0.149766611919 1779097921.23
  0.547920164901 -0.0509560899758  -0.171872195736 1779097921.25
  0.600752664282 -0.0313616340481  -0.196797948269 1779097921.27
  0.656800688749 -0.0113726762967  -0.224481562147 1779097921.29
   0.71461603775 0.00791633416326  -0.254193434161 1779097921.31
 0.772623232997 0.0254895107198 -0.284514837148 1779097921.33
 0.829206662138 0.0402957059245 -0.313466711399 1779097921.35
 0.882809918209 0.0511425330477 -0.338777305487 1779097921.37
 0.932069420191  0.056650166483 -0.358240534395 1779097921.39
 0.975988930817 0.0553088835976 -0.370092085895 1779097921.41
  1.01413800009 0.0456613061714 -0.373324570581 1779097921.43
  1.04683276891 0.0265948933392 -0.367877758117 1779097921.45
    1.07523984658 -0.00230981417376   -0.354670372776 1779097921.47
   1.10134025066 -0.0404625659783  -0.335477020091 1779097921.49
   1.12770553612 -0.0860787228689  -0.312687157172 1779097921.51
  1.15707327944  -0.13621100286 -0.289003686563 1779097921.53
  1.19175989939 -0.187036804535 -0.267141910721 1779097921.55
  1.23300554332 -0.234375132609 -0.249575986926 1779097921.57
   1.2803936335 -0.274340235438 -0.238355706349 1779097921.59
  1.33150952224 -0.303991072903 -0.234990481453 1779097921.61
   1.3819839512  -0.32182295233 -0.240378787819 1779097921.63
  1.42600183122  -0.32797628428 -0.254755809417 1779097921.65
  1.45725328074 -0.324101363842 -0.277640792926 1779097921.67
  1.47018448054  -0.31290098863 -0.307784959635 1779097921.69
  1.46130280525 -0.297452848641 -0.343143618264 1779097921.71
  1.43023613343 -0.280470148814  -0.38091386188 1779097921.73
   1.3802626045 -0.263677520741 -0.417684260459 1779097921.75
  1.31811934788 -0.247455389452 -0.449730455491 1779097921.77
  1.25305118993 -0.230845132598 -0.473460192653 1779097921.79
  1.19523878895 -0.211923160633 -0.485968308108 1779097921.81
  1.15390490202 -0.188462836209 -0.485617040154 1779097921.83
  1.13549377626 -0.158728857002 -0.472523455899 1779097921.85
  1.14232298021 -0.122207437982 -0.448826721336 1779097921.87
     1.172014609 -0.0800797592901  -0.418631218214 1779097921.89
   1.21784502106 -0.0352984946697  -0.387576500133 1779097921.91
   1.26995017711 0.00778151188143  -0.362061846303 1779097921.93
   1.3171365111 0.0441579493814 -0.348234415123 1779097921.95
  1.34891948425 0.0691607350571 -0.350915345858 1779097921.97
  1.35737210256 0.0794329597682 -0.372669639919 1779097921.99
  1.33841984982 0.0736809986844  -0.41321286967 1779097922.01
   1.2923499296 0.0530122400105 -0.469291023867 1779097922.03
  1.22347732087 0.0207759078139 -0.535080170147 1779097922.05
   1.13908627531 -0.0180593468765  -0.603049003214 1779097922.07
   1.04790498959 -0.0578488715718  -0.665131972748 1779097922.09
  0.958446350285 -0.0933227663319  -0.713994404963 1779097922.11
 0.877548153035 -0.120512383313 -0.744149224409 1779097922.13
 0.809378045224 -0.137358532128 -0.752714019454 1779097922.15
 0.755051524794 -0.143888212746 -0.739672526795 1779097922.17
 0.712874142045 -0.141949027654  -0.70761008268 1779097922.19
 0.679092077374 -0.134588826137 -0.661003984471 1779097922.21
 0.648944340541 -0.125240056465 -0.605240681991 1779097922.23
 0.617770897941 -0.116899194734 -0.545580816823 1779097922.25
 0.581947359251 -0.111477730638 -0.486289412888 1779097922.27
 0.539479311661  -0.10944946666 -0.430094363508 1779097922.29
 0.490179589887 -0.109844220444  -0.37804696842 1779097922.31
 0.435447180525 -0.110558932329 -0.329757962153 1779097922.33
  0.37774593218 -0.108891371524 -0.283897961075 1779097922.35
 0.319929500073 -0.102162422844 -0.238803565024 1779097922.37
  0.264569302698 -0.0882868902779  -0.193028397687 1779097922.39
 0.213417431423 -0.066178557322 -0.145717171237 1779097922.41
  0.167087384829  -0.035924101961 -0.0967448287216 1779097922.43
  0.124977981348 0.00128155315429 -0.0466318693037 1779097922.45
 0.0854154289727  0.0433938528847 0.00369752602422 1779097922.47
0.0459559180838 0.0878924315691 0.0532187637414 1779097922.49
0.00377946761043   0.132180768622   0.101077069144 1779097922.51
-0.0438884222312   0.173933754362   0.146757137403 1779097922.53
-0.0993750251521   0.211341609825   0.190124987969 1779097922.55
-0.164209152476  0.243229944881   0.23135448134 1779097922.57
-0.238839532176  0.269062778942  0.270779329123 1779097922.59
-0.322439570332  0.288852315629  0.308723963214 1779097922.61
-0.412820853839  0.303005143755  0.345363961417 1779097922.63
-0.506485403855  0.312132396455  0.380652176976 1779097922.65
-0.598848021174  0.316846304336  0.414324859979 1779097922.67
-0.684647830425  0.317562239384   0.44597856799 1779097922.69
-0.758539632077  0.314326390562  0.475189792397 1779097922.71
-0.81581440978 0.306694315248 0.501639953329 1779097922.73
-0.853153616314  0.293691433841  0.525210473297 1779097922.75
 -0.8692869238 0.273887596459 0.546024135356 1779097922.77
-0.865412098524  0.245608545899  0.564425627597 1779097922.79
-0.845259025125  0.207284520642  0.580911056185 1779097922.81
-0.814739252515  0.157902605284  0.596028486593 1779097922.83
-0.781207139698  0.097492694275  0.610275691528 1779097922.85
-0.752447373888 0.0275487711271  0.624016438587 1779097922.87
 -0.735570893836 -0.0487211016009   0.637425834687 1779097922.89
-0.736026601044 -0.126404902673  0.650464199247 1779097922.91
-0.756911350968  -0.19920358956  0.662872975403 1779097922.93
-0.798692194881 -0.260044478122  0.674187072898 1779097922.95
-0.859362149603 -0.301922024518  0.683763320971 1779097922.97
-0.934960009254 -0.318849440023  0.690829790614 1779097922.99
 -1.02031991719 -0.306777011394  0.694561740795 1779097923.01
 -1.10989130543 -0.264329633936  0.694185410958 1779097923.03
 -1.19848378216 -0.193237309438  0.689101973197 1779097923.05
  -1.2818321496 -0.098375528594  0.679013790078 1779097923.07
  -1.3569270342 0.0126084393202  0.664027904283 1779097923.09
-1.42210295037 0.130041995834 0.644711355796 1779097923.11
-1.47691152071 0.243246122064 0.622081295193 1779097923.13
-1.52183276424 0.341686575447 0.597528165114 1779097923.15
-1.55789398768 0.416104622925 0.572687302207 1779097923.17
-1.58627488075 0.459489690748 0.549286797901 1779097923.19
-1.60797739476 0.467791318112 0.529002711968 1779097923.21
-1.62362683692  0.44031009248 0.513345869563 1779097923.23
-1.63344440757 0.379745140848 0.503590475364 1779097923.25
-1.63739307762  0.29190338291 0.500739042013 1779097923.27
-1.63545533044 0.185094690941 0.505506337593 1779097923.29
 -1.62796374543 0.0692540961793  0.518301213471 1779097923.31
  -1.61588462771 -0.0451455861425   0.539190315288 1779097923.33
 -1.60095774744 -0.148296934331  0.567839655824 1779097923.35
 -1.58562215259 -0.232248296889  0.603444477694 1779097923.37
 -1.57270333468 -0.291923467447  0.644669879063 1779097923.39
 -1.56489139282 -0.325802240024  0.689630451876 1779097923.41
 -1.56409264735 -0.336114010695  0.735934603087 1779097923.43
-1.57077824448 -0.32845499268 0.780808153456 1779097923.45
 -1.58347399355 -0.310832851028  0.821294126918 1779097923.47
 -1.5985296675 -0.29225586354 0.854505375866 1779097923.49
 -1.61027038144 -0.281091905588  0.877889540616 1779097923.51
 -1.61156934025 -0.283495761172  0.889457734676 1779097923.53
 -1.59479837667 -0.302215959636  0.887933197867 1779097923.55
 -1.55302534938 -0.336032898802  0.872793969601 1779097923.57
-1.48125588482 -0.37995675012 0.844209958136 1779097923.59
 -1.37748163474 -0.426154273845  0.802901912356 1779097923.61
  -1.2433120906 -0.465417857986  0.749969194797 1779097923.63
  -1.0840337074 -0.488877544764  0.686738290291 1779097923.65
-0.908046541159 -0.489615246327  0.614672288289 1779097923.67
-0.725752056996 -0.463877419975  0.535356228296 1779097923.69
-0.548078780472 -0.411684198759  0.450542253388 1779097923.71
-0.384909405868 -0.336769135024   0.36221260125 1779097923.73
-0.243695795631 -0.245918065115  0.272607024045 1779097923.75
-0.128510964578 -0.147877169069  0.184168924078 1779097923.77
-0.0396976660334 -0.0520516950893   0.099389324818 1779097923.79
0.0258478006844 0.0327830508732 0.0205618335164 1779097923.81
 0.0738424681404  0.0995758572068 -0.0505059799738 1779097923.83
 0.11142036651  0.14377584147 -0.11275908812 1779097923.85
 0.145814499815  0.163730012328 -0.166071662785 1779097923.87
0.183160947579 0.160694761857 -0.21128297946 1779097923.89
 0.22762271002 0.138494209172 -0.25007252404 1779097923.91
 0.280951224125  0.102887248784 -0.284690644193 1779097923.93
 0.342510714229 0.0607264355205 -0.317593476131 1779097923.95
 0.409704957506 0.0190079439082 -0.351051482057 1779097923.97
  0.478683084975 -0.0160774344685  -0.386805662432 1779097923.99
  0.545168833659 -0.0399792243517   -0.42583447488 1779097924.01
  0.605256992476 -0.0504023639812  -0.468271107931 1779097924.03
  0.656046775193 -0.0476159459885  -0.513480198748 1779097924.05
  0.696026262957 -0.0344004453764  -0.560271105787 1779097924.07
  0.725175225403 -0.0156205268749  -0.607197251729 1779097924.09
  0.744805942881 0.00253896291936  -0.652873300527 1779097924.11
 0.757204722543 0.0135821538591 -0.696238317368 1779097924.13
 0.765164439465 0.0118149593666 -0.736705470955 1779097924.15
   0.771507350486 -0.00661476639261   -0.774165737823 1779097924.17
  0.778687517824 -0.0429339333704  -0.808849273675 1779097924.2
  0.788536401437 -0.0953741522443  -0.841085525309 1779097924.21
 0.802179068905 -0.159306344356 -0.871032298249 1779097924.23
  0.82010923836 -0.227878676046 -0.898456224464 1779097924.25
 0.842376615181 -0.293055222856 -0.922637152233 1779097924.27
 0.868816364391 -0.346868254514 -0.942437364222 1779097924.3
 0.899242834591 -0.382652729818 -0.956530282255 1779097924.31
 0.933540137921 -0.396041161411  -0.96373478215 1779097924.33
 0.971610281064 -0.385558648628 -0.963364677733 1779097924.35
  1.01318096737  -0.35275365404 -0.955490276326 1779097924.37
  1.05752151389 -0.301901138126  -0.94102602434 1779097924.4
  1.10315456782 -0.239390797706 -0.921602624038 1779097924.42
  1.14767041222 -0.172943740816 -0.899242434198 1779097924.43
  1.18773963874 -0.110782664397 -0.875916000375 1779097924.45
   1.21937645307 -0.0608289246168  -0.853096441405 1779097924.47
   1.23843708931 -0.0299430012108  -0.831433548227 1779097924.5
   1.24126413545 -0.0231921505416  -0.810637791737 1779097924.52
  1.22533180009 -0.043138419879 -0.789605289545 1779097924.54
   1.18973023505 -0.0891897088457  -0.766746788719 1779097924.55
  1.13535846756 -0.157124233194   -0.7404282057 1779097924.57
  1.06476832946 -0.238950835226 -0.709403732627 1779097924.6
   0.9816940797 -0.323272024657 -0.673131344854 1779097924.62
 0.890385043987 -0.396256323178 -0.631899630814 1779097924.63
 0.794905724728 -0.443207310335 -0.586750306816 1779097924.65
 0.698566010818 -0.450567173303 -0.539235128425 1779097924.67
 0.603596450019 -0.408054867157 -0.491084002711 1779097924.7
 0.511107840065 -0.310555814284 -0.443874441501 1779097924.72
 0.421296037996 -0.159380783168 -0.398780848456 1779097924.73
 0.333795455196 0.0373968595779 -0.356452225267 1779097924.75
 0.248062325315   0.26565168068 -0.317029117392 1779097924.77
 0.163683199652  0.506890420904 -0.280275411751 1779097924.8
0.0805462116614  0.740646914219 -0.245775654819 1779097924.82
-0.00113302153103    0.947190465052   -0.213137787125 1779097924.83
-0.0808896667245    1.11009986044  -0.182145092449 1779097924.85
-0.158121310447   1.21829545286 -0.152817869304 1779097924.87
-0.232160710822   1.26723794212 -0.125371283667 1779097924.9
-0.302263636107   1.25916317734 -0.100085763134 1779097924.92
 -0.367509988847    1.20238962883 -0.0771330721162 1779097924.93
 -0.426662656901    1.10987553158 -0.0564170355899 1779097924.95
 -0.478059790783   0.997294299325 -0.0374866502694 1779097924.97
 -0.519620325755   0.880932448201 -0.0195596222435 1779097925
  -0.549016448104    0.775699554901 -0.00166107650657 1779097925.02
-0.564017426562  0.693488313505 0.0171546292941 1779097925.03
-0.562951782201  0.642050388994 0.0375596167968 1779097925.05
-0.545187249087  0.624474097747 0.0597573906822 1779097925.07
-0.511505849667    0.6392726412 0.0833983359782 1779097925.1
-0.464262698125  0.681023046418  0.107638271633 1779097925.12
-0.407260086306  0.741440414989  0.131332876866 1779097925.13
-0.345332236459  0.810732266746  0.153321403914 1779097925.15
-0.283704500805  0.879054859336  0.172724952051 1779097925.17
-0.227246537875  0.937887419591  0.189175998533 1779097925.2
-0.179768318208  0.981151144141  0.202910265276 1779097925.22
-0.143503321424   1.00592810073  0.214686683648 1779097925.23
-0.118885356597   1.01268146771  0.225547679113 1779097925.25
-0.104662123118   1.00494217417  0.236477764186 1779097925.27
-0.0983142453634   0.988503757794   0.248050558671 1779097925.3
-0.0966808064563   0.970247961778   0.260163378661 1779097925.32
-0.0966484059647   0.956794185384   0.271941298242 1779097925.33
-0.095752073826   0.95320985131  0.281852953244 1779097925.35
-0.0925653233993   0.962021583094   0.288027867767 1779097925.37
-0.0868149987692   0.982721658883   0.288712488831 1779097925.4
-0.0792277433147    1.01187460573   0.282762490198 1779097925.42
-0.071178943108   1.04381098454  0.270052663597 1779097925.43
-0.0642547856537    1.07177414794    0.25169783118 1779097925.45
-0.0598444581085    1.08928861944   0.230016576999 1779097925.47
-0.0588536429314    1.09146906455   0.208225407478 1779097925.5
-0.0615829181573    1.07599945258    0.18991119223 1779097925.52
-0.0677616143385    1.04358180384   0.178380636649 1779097925.54
-0.0766855301363    0.99776789078   0.176015736258 1779097925.55
-0.0873872171425   0.944220111844   0.183766967008 1779097925.57
-0.0987739440872   0.889569655769   0.200890681305 1779097925.6
-0.109696342665  0.840123327769  0.224989355569 1779097925.62
-0.118949324546  0.800695876692   0.25235349605 1779097925.63
-0.125242553884  0.773806733443  0.278544925425 1779097925.65
-0.127198079701  0.759388696789  0.299114691506 1779097925.67
-0.123429947013  0.755034627134  0.310323611222 1779097925.7
-0.112734299646  0.756687154621  0.309733984696 1779097925.72
-0.0943761512422   0.759585138214   0.296567313132 1779097925.73
-0.0684141010573   0.759239606468   0.271770128799 1779097925.75
-0.0359721374786   0.752227841701   0.237788658794 1779097925.77
0.000639487209461    0.736658921833    0.198109990489 1779097925.79
0.0380294867811  0.712257126774   0.15666962184 1779097925.81
0.0720831506639  0.680104836656  0.117243608105 1779097925.83
0.0985356627629  0.642159230273 0.0829353661526 1779097925.85
 0.113664377643  0.600691107951 0.0558367356103 1779097925.87
 0.114963173648   0.55778564421 0.0368991437206 1779097925.89
 0.101654029759  0.515001717535 0.0260047551216 1779097925.92
0.0749186328286  0.473224573832 0.0221897321175 1779097925.93
0.0377897229743  0.432684861416 0.0239497291748 1779097925.95
-0.00528616680063    0.393072730335    0.029554597894 1779097925.97
-0.0491335209761   0.353660386574  0.0373130834308 1779097925.99
-0.0886483602777   0.313363581843   0.045752951965 1779097926.02
-0.119561239064   0.27071583736 0.0537093241867 1779097926.03
-0.139021182472  0.223784263552 0.0603364564039 1779097926.05
-0.145900239277  0.170103663805  0.065071089107 1779097926.07
