0.00599833928006227 -0.0228534647291275  0.0021779340335235 0.0237277120873166 1779097886.99122
-0.951115395159048   4.29235583133343 -0.275166388212264 4.40507157931542 1779097887.01034
-0.469970661654937    2.8517014405858 -0.265291854932837 2.90231860713968 1779097887.02882
-0.791286929812423   1.53460426111593 -0.389720595586318 1.77003598442272 1779097887.04836
-0.492350690458735  0.866454074518776 -0.129334247327655 1.00492746662493 1779097887.07253
 -0.253411066868311   0.251135373671283 -0.0667418019666169 0.362960897136457 1779097887.09201
 0.428183829863837 -0.254667626815142  0.104382786996817 0.509011550483623 1779097887.11041
  0.49099944255819 -0.497889185302735 0.0510437069130299 0.701127344673775 1779097887.13027
 0.146785701825649 -0.216493651074925 0.0249367806389176 0.262749664595091 1779097887.14903
-0.0397114135441146 -0.0290225755372859  0.0811609279568071 0.0949020678557595 1779097887.17253
-0.0635260722866846 -0.0655961358455859  0.0369398383403467 0.0985036372661263 1779097887.19134
 0.171491631110609 -0.141395589186367 0.0540315556148128 0.228738936747755 1779097887.21037
 0.277295302360907 -0.184670126984041 0.0751986534818224 0.341541473319432 1779097887.22862
 0.0620212052813013 0.00362015031337683 -0.0222886428361314 0.0660039316428452 1779097887.24845
 -0.05186452747627  0.123713465962426 0.0346124603535025 0.138538706802453 1779097887.27254
-0.0511866981516625  0.0506176969416994 0.00266247379919131 0.0720369216310811 1779097887.29195
 0.0141696239715338 -0.0670367048400586 -0.0177230597815947 0.0707729106885521 1779097887.31063
  0.0969252643653129    -0.15445615069055 -0.00167875377462386 0.182356868729049 1779097887.33046
-0.0408763238651024   0.071215621730055 -0.0569354831816595 0.0999209081036199 1779097887.34993
 -0.12115470881185  0.082757314082317 0.0117778699474105 0.147193596062809 1779097887.37264
-0.170052661328769 0.0583757820605143 0.0187427412283525 0.180767612986748 1779097887.3921
 0.0316800797221408 -0.0977634008516017 0.00933953472102653 0.103191748246056 1779097887.41068
 0.0778619728022466   -0.10792784210024 -0.0595395995824324 0.145793929323235 1779097887.43044
-0.0418113755802035  0.0589844157913875 -0.0253288319193182 0.0766087603382093 1779097887.44858
-0.0431637809316044  0.0920789571692646  0.0338325642906635 0.107174104820953 1779097887.4726
-0.0294027949680482  0.0835910279631085   0.028224018226486 0.0929977392881746 1779097887.49203
 0.0947339883189724 -0.0172117433213067  0.0157939613701158 0.0975716242907663 1779097887.51047
  0.144938253392811 -0.0751199558930858  0.0268875256947359 0.165448010286987 1779097887.53003
 0.0666794071254336 -0.0336921966067633  0.0239293166992496 0.0784469224666022 1779097887.54827
-0.00257477794295787  0.00937559143582297   0.0335227487576819 0.0349042387182085 1779097887.57252
-0.0583362917943856   0.059125785730675 -0.0177253618042864 0.0849303828419621 1779097887.59099
 0.0102797032278653 -0.0315254816973138 -0.0621822742767521 0.0704710119760592 1779097887.61051
 0.0171464892344046 -0.0841580039856763 -0.0198739557243465 0.0881563715454076 1779097887.62895
-0.0181660054436965 -0.0377683297327343 0.00436205698453163 0.0421364216055095 1779097887.64817
-0.0505434460216363  0.0781401310297686  0.0359315626661761 0.0997576924789502 1779097887.6727
-0.122254330557625  0.109270475628267 0.0185519944627043 0.165016164913213 1779097887.69208
 0.0232055656056051  0.0223134242604347 -0.0275592935562094 0.0423780820545187 1779097887.71079
 0.0602970330347482 -0.0135962166842526 -0.0465948645915995 0.0774058828980598 1779097887.73029
-0.0210665790081249 -0.0279600070139186 -0.0423918631801415 0.0549784758538084 1779097887.74857
-0.0553254800362312 -0.0245363981665219  0.0426962208340721 0.0740669349287344 1779097887.77256
-0.0561367710043996  0.0168725119662822  0.0661467609650121 0.0883821967650453 1779097887.79187
 0.0453173608305341 -0.0240040662245628  0.0116300578194383 0.0525843763188411 1779097887.81054
  0.124725424677468 -0.0394571435820083  0.0179094239912278 0.132038044548999 1779097887.83014
 0.0457013379307282 -0.0542300902545617  -0.023717821564407 0.0747800109483649 1779097887.84855
-0.0116120064095267  0.0143296769232403 0.00573798914380699 0.0193158704953668 1779097887.87253
 -0.0486198982343173   0.0588407398830939 -0.00736558791633108 0.0766836296719091 1779097887.89209
 0.0302629557485401 -0.0295047975542471 0.00256340735178038 0.042343247709716 1779097887.91092
 0.0465028364541483  -0.070233676212628 0.00623420813965108 0.0844638882822122 1779097887.93039
 0.0125804934174329 -0.0652207150394416 -0.0122612043122766 0.0675451524246522 1779097887.94895
 -0.04019314646619 0.0557882291951826 0.0168605330242349 0.0707961377014886 1779097887.97233
 -0.101900977452993   0.087205576864957 0.00375814670267379 0.134174310167275 1779097887.99216
  0.0101360687487607 -0.00259518251891866   0.0139905880684507 0.0174703009844473 1779097888.01106
 0.0454118340957045 -0.0652172265001583 -0.0114495653791798 0.0802908080397803 1779097888.03049
-0.00819964186235673  -0.0316616642326169  -0.0320803297872674 0.0458131276809358 1779097888.04907
-0.0781353322270914  0.0253674679980294  0.0113731196055324 0.0829336266205135 1779097888.07251
-0.0807055407476777  0.0741158856084803  0.0156538931623503 0.11068691511666 1779097888.09262
0.00664562771452148 -0.0124334756823991 0.00778386834351608 0.0161041700082313 1779097888.11213
 0.0915323299713039 -0.0136203654635581 0.00482590279604444 0.0926659113327734 1779097888.13113
   0.066217027151728  -0.0415518781994724 -0.00358937413537343 0.0782568647046389 1779097888.15158
0.00290550070381632  0.0200404441857601  0.0228754465862106 0.0305507347541923 1779097888.17268
 -0.048964608520083  0.0516041467820105 0.00555973676395326 0.0713542677455857 1779097888.19269
0.0232410715174135 -0.020336227288637 0.0114227855371641 0.0329270341063492 1779097888.21239
  0.0735194097046454  -0.0623933462271069 -0.00234990694933931 0.0964549393209373 1779097888.2313
 0.0662336171713989 -0.0718946058078729 0.00502299002286772 0.097882362132545 1779097888.25015
 -0.0165715236770847   0.0318842669454382 -0.00775107845233355 0.0367600475081625 1779097888.2725
 -0.104802445067149   0.104555891807714 0.00219684398301172 0.14805510165896 1779097888.29399
  0.0101704514474898    0.020597490839919 -0.00736737943946594 0.0241241163848826 1779097888.3125
 0.0655194593992065 -0.0621758680532814 -0.0194636230157548 0.0923984347759352 1779097888.33111
-0.00546009899653639   -0.034100878052185  -0.0317198396157291 0.0468916921237606 1779097888.35048
 -0.0721482231307222   0.0514327017773885 -0.00601795667068745 0.0888082468891968 1779097888.37229
-0.0981828577964176  0.0580016310021995  0.0188848375622113 0.115588493604415 1779097888.39411
 0.0149861614336279 0.00181437293549038  0.0308042499651835 0.0343042096481074 1779097888.413
  0.0721554633324697 -0.00512497153302148  -0.0101786311299562 0.0730498511539713 1779097888.43124
 0.0639715474470472 -0.0306304048456677  -0.024595022614861 0.0750699388650666 1779097888.45079
 -0.0278956866612379 -0.00859531962241456  -0.0183867267543561 0.034498124216438 1779097888.4714
-0.0752641015804461   0.027142684526743  0.0191453808472661 0.0822675872857402 1779097888.49417
  0.0240375854794439 -0.00369920504575642   0.0367913087003303 0.0441031748237598 1779097888.51308
0.0843528366464185 -0.053033250438764 0.0111253760219496 0.10025817021085 1779097888.53218
 0.0984735318331373 -0.0940776859471414  0.0264402483366367 0.138732599618705 1779097888.55193
0.00357768756127802 0.00988592410279512  0.0131998164944356 0.0168750259003986 1779097888.57311
-0.0886857350744033   0.115386146305127  0.0026494427866605 0.145554601136189 1779097888.59459
-0.0259783579367987  0.0213393638557929 0.00733595965713525 0.0344101705161929 1779097888.61421
 0.0469274413225787 -0.0733055791284974  0.0221169692414233 0.0898056401840916 1779097888.63277
 0.0131151176032828 -0.0798922380277927 -0.0151830277668411 0.0823729345052493 1779097888.65219
-0.0289545921428746  0.0436592584133106 -0.0205033825673918 0.0562573368376541 1779097888.6726
 -0.111358447139232  0.0916549893354354 -0.0184061648600834 0.145396450177425 1779097888.69601
-0.0296892941817439  0.0413282129139753 0.00735385670885699 0.0514155091404083 1779097888.7148
 0.0638085318826308  0.0329187966091552 -0.0296785955308859 0.077691665858685 1779097888.73313
  0.0440529387478391 -0.00575957976555825  -0.0239571075096292 0.0504755106128172 1779097888.75278
 -0.0121625828479195  0.00797923360757182 -0.00716272466877927 0.016214228787625 1779097888.77251
-0.0567716617707248  0.0210814693723549  0.0233715953573687 0.0649128754613111 1779097888.79596
 0.0115556783418067 -0.0470605044761594  0.0419513173224598 0.0640947564827236 1779097888.81511
 0.0944872964751689 -0.0741586836717949   0.043626523822188 0.127791365670486 1779097888.83336
0.0648685834589334 -0.116530324942012 0.0273805327044701 0.136150443709303 1779097888.85256
 -0.0133438679244335   0.0436375459250654 -0.00584025934779656 0.0460043786480857 1779097888.8725
-0.0668311157743067  0.0992037722411146 -0.0285132565539661 0.122966630684174 1779097888.8963
-0.00138694626414375   0.0232972741447647 -0.00448182871751099 0.0237649614173693 1779097888.91592
 0.0711406748528302 -0.0887980186135212  0.0134737002047222 0.114575845296511 1779097888.93413
 0.0146799472384136  -0.128139739118729 -0.0175440956941372 0.130165620983667 1779097888.9539
-0.0363936586779406  0.0358521710640332  -0.001219113908034 0.0511014950925303 1779097888.9727
 -0.111495929005267  0.0895430687626307 0.00285538916861801 0.143029565459317 1779097888.99696
-0.046668175205702  0.080256510240938 0.0194248157348361 0.0948490879208452 1779097889.01617
  0.0479235785984273  -0.0189583150552716 -0.00113575968752309 0.0515497531078703 1779097889.03414
 0.0702367691659595 -0.0437548703113642 -0.0234397894314218 0.0860064889844131 1779097889.05299
 0.0146304526244146  0.0285672936266529 -0.0172481706185853 0.0364367918296119 1779097889.07255
-0.0372857524036393  0.0506992971079235  0.0160383038333034 0.0649451557038117 1779097889.09625
-0.011111251016012 0.0143573128108083 0.0377462545762745 0.041885224898825 1779097889.11484
 0.0631170912916393 -0.0431687325920248  0.0153752817744131 0.0779981152103143 1779097889.13407
  0.093377173488854 -0.0748267900896003   0.019582431587263 0.121251048122276 1779097889.15378
-0.0027272993558613  0.0270101539370247  0.0110896410327412 0.0293251890993615 1779097889.17263
 -0.0586571856218958   0.0584018054707534 -0.00888900562269437 0.0832493286957052 1779097889.19654
-0.0174321699880456  0.0348377076629005 -0.0172774980446886 0.0426152362938661 1779097889.21595
  0.0456278575630511  -0.0291535782949416 -0.00493892810825199 0.0543711828458041 1779097889.23429
  0.0307314058484098   -0.106749647616092 -0.00651395196044267 0.111275954912651 1779097889.2539
-0.0198845257805636  0.0133056937737477 -0.0170729641948015 0.0293925493742142 1779097889.27251
-0.0949609713881765  0.0904616775096108 -0.0116634899442088 0.1316698074067 1779097889.29778
-0.0474476145906634  0.0861024646539152 0.00773571789719659 0.098614156596342 1779097889.3161
 0.0195344181389226 0.00488213668660335 -0.0139392557566602 0.0244894181576969 1779097889.33431
0.00341040277419165 -0.0422923735674894  -0.013297640994533 0.0444646259972327 1779097889.35405
-0.0234786445373298  0.0045347980471225 0.00147179014270815 0.0239578235418547 1779097889.37255
-0.0705054203832387  0.0134575418532652  0.0250933885172518 0.0760381344025965 1779097889.3964
-0.022545694634973 0.0154622936377447 0.0193972466599273 0.0335208002455095 1779097889.4159
 0.0464172951883223 -0.0245181047014742 -0.0133425753685701 0.0541638908149911 1779097889.4342
  0.101545141853713 -0.0757573660467049 -0.0180132745536924 0.127965121828457 1779097889.45304
  0.0528689823008012  -0.0068770776058856 -0.00425975132356283 0.0534842871061997 1779097889.47258
-0.0247338889464802  0.0151413104880974   0.011712856987231 0.0312764378489161 1779097889.49638
 -0.0291556689524219   0.0317111217528868 0.000653697479451187 0.0430821958038848 1779097889.51504
  0.014749804673674 -0.0587233861310444 0.00740962660466581 0.0609991424778074 1779097889.53445
 0.0340131341507251 -0.0743869333204201  0.0170072013405146 0.0835437253239802 1779097889.55309
-0.0124598983149228 0.00870299481519002 -0.0095431520260607 0.017946111984604 1779097889.57263
-0.0417671143790958  0.0769332053661703 -0.0175257578052665 0.0892768845677237 1779097889.59645
-0.0820117511907583  0.0884841142755643  0.0101371914227026 0.121070758081572 1779097889.61614
 0.0050106134076344 -0.0327641888134908 -0.0234746661410852 0.0406159853476713 1779097889.63455
 0.0429281068036861 -0.0501644603640368 -0.0309410177834789 0.0729153071641426 1779097889.65394
0.00020923154824634 -0.0152531712062229  -0.021632761172247 0.0264703488005467 1779097889.67269
-0.0341830242244144  0.0412152992124788  0.0173329294626323 0.0562815287466292 1779097889.69665
-0.0121558644322874  0.0540473877707747  0.0101031723454666 0.0563112711309453 1779097889.71627
  0.0150240759095064 -0.00958698755775512   -0.011071128044642 0.0209810167424751 1779097889.73494
0.0897049064571926 -0.049014474899371 0.0174274338929607 0.103697176645501 1779097889.75318
 0.037090952275563 -0.054611267418497 0.0233176955002324 0.0700131715693857 1779097889.77265
-0.0224046839954259 0.00260276194549246  0.0376807959465764 0.0439156762198571 1779097889.79596
-0.0423771864711746  0.0433028910333487  0.0256560066065629 0.065796633500923 1779097889.81501
 0.0216956490136813  -0.033003961388668 -0.0237731552743898 0.0460990842118343 1779097889.83437
 0.0370054154567941 -0.0367331285108932 -0.0128627568996434 0.0537045064998 1779097889.8539
 0.00671473282494823  -0.0114606878920822 -0.00121063133818702 0.0133379395750302 1779097889.87255
-0.0244610007146448  0.0657387585641521  -0.023890905962565 0.0740992599236312 1779097889.89688
-0.0794701020042061   0.065418493500378 0.00139685477953918 0.102941865184642 1779097889.91621
0.00960699689053243 -0.0156480591815458 -0.0261529935633011 0.0319552064259633 1779097889.93498
  0.039675955997236  -0.038113217974816 -0.0312475983012514 0.0632709354149819 1779097889.95412
0.00696183933483477 -0.0313059142493365 -0.0124223677377156 0.0343924801973033 1779097889.97265
-0.0331959832641038   0.045616564445103  0.0161773473473377 0.0586902958234265 1779097889.99693
-0.0675366169629233   0.051886799742274  0.0339035577366554 0.0916672561250428 1779097890.0163
 0.0104269364514606 -0.0100309763727292 0.00876739763521381 0.0169177052831346 1779097890.03499
 0.0875684422797424  -0.022225348169099 0.00728681946577623 0.0906382696352102 1779097890.05394
   0.038444316189658  -0.0496287041043798 -0.00754198276560663 0.0632285949741665 1779097890.07258
-0.0159293822277673  0.0127410757983485  0.0196002614719865 0.0282886988111473 1779097890.09568
-0.0275096243846593  0.0190260554849768   0.010386323743277 0.0350235055641581 1779097890.11504
0.00483116529302156 -0.0374691719760141 -0.0146404109171246 0.0405169179291673 1779097890.13487
 0.0580944940001395 -0.0486012569491265 -0.0266436770990728 0.0802928262021391 1779097890.15404
  0.021299884507749 -0.0477447412510433 0.00461569336086962 0.052483807239701 1779097890.17266
-0.0252818177220323  0.0720317104006047 0.00660807261804332 0.0766250888044639 1779097890.19698
-0.063514990549926 0.0816905346985898 0.0069629396500472 0.103711040938122 1779097890.21633
  0.0348110611742804 0.000379416112299764   0.0139474822514151 0.0375031491720269 1779097890.2358
 0.0580973365246963 -0.0977921178248421  0.0172907479751711 0.115054633915686 1779097890.25395
-0.0305721885976627 -0.0713101639530651 -0.0130813071009152 0.0786823918938191 1779097890.27261
 -0.075023694492141    0.03364411924565 -0.0212319129495819 0.0849192299927657 1779097890.29611
-0.0872200161702673  0.0759476305203981 0.00338138621188788 0.11570137239946 1779097890.31617
0.0065236076219664 0.0381682914627691 0.0220459786196885 0.044557839971121 1779097890.33527
 0.0693401413281678    0.03453565634246 -0.0169230284200237 0.0792915862454505 1779097890.35298
  0.0223236562659874  -0.0333902657470544 -0.00456276369786052 0.0404236847442609 1779097890.37254
  -0.045522146870916 -0.00535398379138615   0.0268432583393804 0.053117713772812 1779097890.39375
-0.0506716668694747  0.0152632047429344  0.0367467078033743 0.0644275079196947 1779097890.41491
 0.0402332296778004 -0.0328709615424498  0.0124251605389303 0.0534190742848474 1779097890.43494
 0.0863084402300661 -0.0551387695321772 -0.0127132780065103 0.103203964062144 1779097890.45375
  0.0682064227871362  -0.0939323214792426 -0.00609605378064188 0.116243533151715 1779097890.47266
 0.00906284819998053   0.0338651479839986 0.000685285049347938 0.0350635577355304 1779097890.49433
-0.0522679370949474  0.0615308097777006  0.0143474594683216 0.0819989475130998 1779097890.51582
-0.0213421643599439  0.0211942287263729 -0.0010834089113218 0.0300974597888559 1779097890.53477
 0.0426541235005623  0.0103655469269629 -0.0228895221326593 0.0495050405328365 1779097890.55301
 0.0136470577738688   -0.04046962724599 -0.0468837122797715 0.063420149735278 1779097890.57261
-0.0439955587704289 0.00744234835423942 -0.0211750116995598 0.049390068445231 1779097890.594
 -0.11441830746207 0.0621490747477612 0.0278388736095546 0.133150514299932 1779097890.61573
-0.0373554890173738   0.029593875289211  0.0502305417281126 0.0692411534902486 1779097890.63424
 0.056020057931873 0.0582907811889476 -0.020679113314426 0.0834487135298025 1779097890.65281
 0.0641249725243702 0.00911907577657775 -0.0202164889455372 0.0678518685782141 1779097890.67252
-0.00347988129459968  0.00157475047730705 -0.00301700958243487 0.00486741817710246 1779097890.69232
-0.0555912627583551  0.0308088102302592 0.00262242962095302 0.0636117003387699 1779097890.71602
-0.0219573266549399  -0.010292257763948  0.0322991931556736 0.0403892639474748 1779097890.73489
 0.0556351838409103 -0.0476459991655458 0.00905841517013572 0.0738069766545794 1779097890.75386
 0.0839257206132948 -0.0977723451506371  0.0248858458122178 0.131233621372366 1779097890.77263
 0.0410984512157116 0.00162294744140757   0.025291444289593 0.0482843018483376 1779097890.7924
-0.0377044189833987  0.0552207957061695 -0.0160031647294083 0.0687536236910808 1779097890.8162
-0.0160963250528125  0.0276518322301348 -0.0201693401751629 0.0378221864649674 1779097890.83498
  0.0206499503133514 -0.00539804280560121  -0.0192662332034088 0.0287532094890834 1779097890.85389
 0.0163882563617618 -0.0639873676713075 -0.0422087492982502 0.0783870951458494 1779097890.87269
-0.0193158660716953  0.0136025242315059 -0.0119645974482271 0.0264817472925503 1779097890.89221
  -0.082308123009801   0.0907327212292589 -0.00372394059000458 0.122559869241856 1779097890.91615
-0.0445689173669682  0.0391102981601974  0.0438109466933205 0.0737251847580469 1779097890.93506
 0.0418330383617529 0.00896941298984325 0.00591606743222429 0.0431908939687625 1779097890.95316
 0.0292303330060676 -0.0370446110205429 -0.0196538095421447 0.0511173923711669 1779097890.97253
 0.00110956880416641  0.00487697206931819 -0.00227245575120549 0.00549363765070795 1779097890.99212
-0.061288948347183 0.0199197350534517 0.0190206066348325 0.067193113567243 1779097891.01478
-0.0284119204210132 -0.0160822647002212  0.0247252274857543 0.0409537951125444 1779097891.03406
 0.0293655126785819 -0.0554443461753359 -0.0248104251755752 0.0674682596120521 1779097891.05381
0.0526444638265533 -0.104434478835125 -0.028442951309751 0.120361960022086 1779097891.07263
0.00135730202092288  0.0331547345162934  0.0106786451471203 0.0348584588270912 1779097891.09235
-0.035595139852693 0.0579611494494957 0.0345033182942701 0.0762691798825401 1779097891.11583
-0.0179714329215954  0.0536536562876004 0.00754976496128634 0.0570849033042365 1779097891.13439
 0.0301526118726253 -0.0469189186377107  0.0252430000073753 0.0612190654800092 1779097891.15406
  0.0503003290027091   -0.105846611998987 -0.00391331613962085 0.117255884341271 1779097891.17261
  0.0148830354308477 -0.00714216930202158  -0.0314108249378643 0.035484577625382 1779097891.19201
-0.0401861485091177  0.0968512271259594 -0.0381668968165994 0.111587628079505 1779097891.21628
 -0.0610720989931212   0.0799218979690348 -0.00343966787690177 0.100643640462286 1779097891.23502
0.00449754075809509 -0.0243875734499727 -0.0108066294481654 0.0270511525018528 1779097891.25391
 0.0271886937560414 -0.0435995244979341  0.0162050535467138 0.053877150676865 1779097891.2725
 -0.0201305704249782 -0.00815039520692339   0.0156300549175237 0.0267575676097222 1779097891.29209
-0.0820538586211955  0.0109092792241558  0.0315466527251204 0.0885835164462164 1779097891.31464
-0.0278840636874729  0.0509448276569956  0.0161082145924505 0.0602691550470426 1779097891.33411
  0.0499651029451581  -0.0534975204714752 -0.00119914748194634 0.0732115712411611 1779097891.3538
 0.0568369892002281 -0.0623529688270832 -0.0264825703103255 0.0884288561112231 1779097891.37259
  0.0348259900653777 -0.00928673351021635  -0.0165120397485304 0.0396451820525598 1779097891.39214
-0.0072690828069525  0.0233764824129121  0.0191088213596189 0.0310555397410728 1779097891.41485
-0.0402106312697132  0.0614782017126018  0.0185426455153856 0.0757647269884439 1779097891.43429
  0.0108772698371977   -0.020214487703886 -0.00685611493253937 0.023957187318422 1779097891.45397
 0.0444642796085611 -0.0061390177901222 0.00849579759024528 0.0456830195721578 1779097891.47257
-0.00473975184798563 -0.00743344774658596 -0.00448149709621622 0.00988965162202904 1779097891.49194
-0.0304098617895686  0.0733760312794791 -0.0185204250185043 0.0815586157512118 1779097891.51608
-0.0783620665844893  0.0457057641587847 0.00202945454955471 0.0907400079485289 1779097891.53448
   0.0219792803621212   -0.0540856664105131 -0.000473707744033696 0.0583829810418481 1779097891.55409
 0.0418431256089196 -0.0622608733824948 -0.0118298240158836 0.075942137521416 1779097891.57251
0.00245294535179689 -0.0230754634016204 -0.0226257930667507 0.0324101907430032 1779097891.59202
 -0.056123472427543  0.0200500294630505 0.00805660151570745 0.0601394767750541 1779097891.61581
-0.0520764780787181  0.0575017043786735 0.00950277095172492 0.078158225615072 1779097891.63466
 0.0237282544062057 0.00284018616551823 -0.0130490953981958 0.027228213406899 1779097891.6541
 0.0947013666801228 -0.0192675310941459 0.00500388877534714 0.0967709951815264 1779097891.67261
 0.0248609077766642 -0.0399514750223944  0.0146639343010854 0.0492870780340177 1779097891.69235
-0.0349474651288977  0.0162360668188195  0.0341683614334797 0.0515015738374042 1779097891.71473
-0.0397196373268632  0.0290678195946579  0.0257883783877796 0.0555664303805492 1779097891.73425
 0.0251033645870455 -0.0125911794116854 0.00515733176801548 0.0285537175081067 1779097891.75398
 0.0728996975128088 -0.0334941791519093 -0.0229986343391393 0.0834575527797494 1779097891.77254
 0.00753120082369431   -0.047303896510994 -0.00320537301853658 0.0480067914690995 1779097891.79209
-0.0424106505673364  0.0394421664912232 -0.0117463761304561 0.059095897753264 1779097891.81487
-0.0798734438848481  0.0493659888924113  0.0187441278571792 0.0957502492241035 1779097891.83417
 0.0100848335989491  0.0103753492227513 0.00701811675301574 0.0160812220608851 1779097891.85387
 0.0665324800154363 -0.0306287602611481 -0.0223124686603896 0.0765672130213722 1779097891.87469
-0.00957146290718477  -0.0361959289031238  -0.0305329632821775 0.0483116964940624 1779097891.89208
-0.0569646720786134 0.00582627161266526 0.00971353641746163 0.0580798768564626 1779097891.91448
-0.0773735441472829  0.0705173425793089  0.0330757125766254 0.109787812168795 1779097891.9344
0.00856687265112639  0.0198541127966745  0.0231486343827861 0.03167706387517 1779097891.95418
  0.078127015451053  0.0167382405235485 -0.0135819068366977 0.081046082153513 1779097891.97251
 0.0389041757943645 -0.0271972251117617  -0.017987864066005 0.0507620645923285 1779097891.99217
-0.0280257814426426 0.00486568714886304 -0.0149748987648703 0.03214602510295 1779097892.01481
-0.0691705154419045  0.0389592800120382  0.0124267441907053 0.0803542760326815 1779097892.03496
 0.0290081021998555 -0.0293248979869796  0.0244074907306673 0.0479285430505835 1779097892.05433
  0.068634555762426 -0.0237735692857999  0.0252907458582398 0.0769123310487881 1779097892.07256
 0.0487407616990362 -0.0906878621180788  0.0114045094902765 0.103585776162868 1779097892.0921
0.00556400534657497  0.0279388418054386  0.0120229752004343 0.0309206883752011 1779097892.11428
-0.0863034414162081  0.0811004176466734 0.00741867706740925 0.118661697746898 1779097892.1357
 0.0066979702940133  0.0375123588118922 -0.0117866452431278 0.0398869010550955 1779097892.15442
 0.0562981150471163 -0.0464457246203689 -0.0278396692190234 0.0781135729281034 1779097892.17271
0.00164539667403669 -0.0633207993643502 -0.0252376759670921 0.0681848315285384 1779097892.19219
 -0.0581488996102971 -0.00285123369658862   0.0044423917009643 0.0583880030785929 1779097892.21316
-0.113429910499917 0.0357835168560454 0.0285057446636464 0.122308553067376 1779097892.23487
-0.0390496129442531 0.00976606468402793  0.0307984809951343 0.0506832785257253 1779097892.25399
  0.089300609239424 -0.0290628842005319 -0.0337900365034468 0.0998048927432423 1779097892.27262
 0.0462675737952621 -0.0447597063475583 -0.0421752886081976 0.0769602148282113 1779097892.29238
-0.00337524899359656   0.0369376975022102 -0.00564164581392373 0.0375181818592442 1779097892.31219
  -0.05262487294659   0.079952309120045 0.00758292390403503 0.0960169241394784 1779097892.33497
-0.00382358830456466   0.0331932215376036   0.0318623691446427 0.0461694742343544 1779097892.3546
 0.0877733123470252 -0.0189987662145717  0.0355769501110104 0.0965962051907099 1779097892.37253
 0.0724516604356547 -0.0885710322411562  0.0285175556464636 0.117929308622566 1779097892.39197
 0.00297113257930819 0.000785192766561112   0.0175793498466861 0.0178459434470881 1779097892.41194
-0.0827646087336974  0.0743493212750618 -0.0139266399705643 0.112123830356326 1779097892.43576
-0.0323616568856319   0.021245828765571 -0.0190489549955774 0.0431453909791401 1779097892.45447
  0.0687640669325865  -0.0527243531430182 -0.00929066218586072 0.0871474079896282 1779097892.47269
0.00851793668467046  -0.092911298246975 -0.0329286225496772 0.0989411884420311 1779097892.49215
 -0.034199786594028   0.019083088390634 -0.0157806905460771 0.0422234515371832 1779097892.51106
 -0.116393346290456  0.0599488946572613 0.00379914916111843 0.130979825032964 1779097892.53514
-0.0424526764757737  0.0471960761577386  0.0202284887537328 0.0666250035790143 1779097892.55425
  0.062626753240379 -0.0143739678267942 -0.0174213613488087 0.0665749577826588 1779097892.57261
 0.0510608412946137 -0.0190667244925612 -0.0236236945983513 0.0594039429925753 1779097892.59224
0.00905004393088349  0.0105300395258093 0.00711906558649552 0.015603400987953 1779097892.61197
-0.0393547219468772  0.0380289797118941  0.0193096854605021 0.0580332782981213 1779097892.63501
0.00441709860964828  0.0162084387992326  0.0420730067219614 0.0453030036869746 1779097892.65431
 0.0880364996537236 -0.0284743621062397 0.00618101806698482 0.0927330553415648 1779097892.67255
  0.0804317768476753  -0.0381233358431637 -0.00364048629563198 0.0890837392746486 1779097892.69214
0.00386711850456687  0.0233741743599648 0.00961860747546548 0.0255699871393295 1779097892.71109
-0.0537372729333982 0.00446603499144098  0.0359505993560834 0.0648080671284442 1779097892.7343
 -0.0269296992807722   0.0215087651524933 -0.00680070857173786 0.0351295505068829 1779097892.75379
 0.0352739938673801 -0.0455001679304441 -0.0193757744640319 0.0607448809459334 1779097892.77251
 0.0319310155313423 -0.0935568328567029 -0.0244409226783891 0.101832359436531 1779097892.79186
 -0.0228909548506936  0.00868671679652012 -0.00888322594117573 0.0260454711188225 1779097892.81054
-0.0926688864242347  0.0780861876700904 -0.0197512799656627 0.122780651066193 1779097892.83581
-0.0635480046377805   0.091127649430002  0.0141359373696154 0.111992955623996 1779097892.85416
 0.0210351830221117  0.0459757940690093 -0.0247116336410718 0.0562753711872275 1779097892.87258
  0.0146260234225456 -0.00807899191134177 0.000649658465600151 0.0167216245497351 1779097892.89219
-0.0184892937109159 -0.0121640165072494  0.0147595944303669 0.026601934276779 1779097892.91171
-0.0715158211350557 -0.0114896436662881  0.0107357628055175 0.0732241844421355 1779097892.935
-0.0394140786593904 0.00990073303226745  0.0268148226009824 0.0486880767977849 1779097892.95405
  0.058291749373597 -0.0183052636392655 -0.0315693123290418 0.0687723214881238 1779097892.97262
 0.0941485665485389 -0.0479560683220742 -0.0157433901739618 0.106825050462079 1779097892.99188
  0.0408302182019091    -0.01774461226055 2.75516672307715e-05 0.0445194198276116 1779097893.01066
-0.0449080864599771 -0.0121842786204647  0.0260396830189453 0.0533222089445387 1779097893.03492
-0.0252462961538751  0.0310557402437892   0.016942307587903 0.0434612040558242 1779097893.05399
 0.0340058857961979 0.00453809476186418 -0.0289051340139472 0.0448609111055043 1779097893.07302
 0.0326501862977915 0.00462340715637775 -0.0149502108120864 0.0362066204214086 1779097893.09211
 -0.0075681476377362 -0.00833766231869411  0.00103413619661687 0.0113076482647939 1779097893.1105
-0.0682066143288284  0.0534327964593745 0.00294109433655045 0.0866940367705125 1779097893.13489
-0.0993778150062656  0.0589712296761552   0.024077454232992 0.118039314837385 1779097893.15403
  0.0186786564120519  -0.0557232811483634 -0.00624621936801899 0.059101535713486 1779097893.17269
 0.0455653068269237 -0.0477197047758429 -0.0187047289116735 0.0685801304590804 1779097893.19196
0.00216852835097052  -0.010323084846354 -0.0295468189161513 0.0313732864714206 1779097893.21172
 -0.0621933877946789 -0.00404792549128418   0.0298780099683808 0.0691165585502705 1779097893.23415
-0.0306553780179105  0.0365920628857166  0.0283064587833504 0.0554976294674533 1779097893.25365
  0.019784981742257 -0.0522647110034884 0.00429049008394588 0.056048673704023 1779097893.27253
  0.0967732104802849  -0.0356927472136833 -0.00585802643715899 0.103311872231897 1779097893.29196
 0.0483700830878475 -0.0134135494982075 -0.0215419162930596 0.0546227279220227 1779097893.31093
-0.015476083051587 0.0387155915781022 0.0234329580988718 0.0478279176122641 1779097893.33396
-0.0404057947499295  0.0459259771375657  0.0032570767288556 0.0612570989700891 1779097893.35388
    0.016959810960361   -0.0144753610324821 -0.000872836024549608 0.0223144147930801 1779097893.37268
 0.0478335358178207   0.013213188224209 0.00149401738955511 0.0496474327618599 1779097893.39101
0.00117125136626262 -0.0401501007746581  0.0174726915991807 0.043802937957382 1779097893.41036
-0.0465851284422685  0.0182660181726187 0.00543901008989304 0.050332935962678 1779097893.43298
-0.0861512288828552   0.042529432576856  0.0253510706110361 0.0993653040777373 1779097893.45231
   0.0221978217687695 -0.000916701335853276  -0.00675595416914388 0.0232212521056206 1779097893.47287
 0.0561687533804555 -0.0402218792355464 -0.0162248918133061 0.0709646076569637 1779097893.49019
-0.0147770871922658 -0.0308620793956543  -0.040372952750364 0.0529226375409864 1779097893.50995
-0.0651893768731812  0.0412073474187117 -0.0214965704864127 0.08006124456363 1779097893.53319
-0.0895452380695266  0.0577253443146355 0.00605269821331404 0.106710825096767 1779097893.55379
 0.0186656610762419 -0.0236442750727528 0.00719467889399209 0.0309713101356205 1779097893.57261
  0.100267214385949 -0.0271717818846228 -0.0184026281397005 0.105501074563018 1779097893.59073
 0.0644892922850577 -0.0650370408872925 0.00254488956058826 0.0916251164783901 1779097893.6105
 -0.016048480782334 0.00718903060427855  0.0142177038494409 0.0226136905258873 1779097893.63378
-0.0524831585512701  0.0330066719146286  0.0260315850068966 0.0672425887393471 1779097893.65399
 0.0130054155070189 -0.0184966758261266 0.00581642299432621 0.0233473472920576 1779097893.67298
  0.0439342028136579 -0.00573660424664145 0.000473014672822221 0.0443096665303962 1779097893.69165
0.0264379550966354 -0.063292837135496  0.013172444629024 0.069845987714806 1779097893.71037
-0.000602951817521427    0.0481763420474009   0.00108339983729885 0.0481922943961987 1779097893.73282
-0.0675463435416283   0.063175616089008  0.0115935181752487 0.093209852793303 1779097893.75404
 0.0205874966111377  0.0212988016156632 0.00409034519026734 0.0299034260704777 1779097893.7727
  0.0627693824038859  -0.0426075807986906 -0.00504180548951437 0.0760317112228595 1779097893.79108
-0.00651107663831218  -0.0440840682341417  -0.0249918272200051 0.0510919819429334 1779097893.8104
-0.0483380978290744  0.0421286768510252  -0.012431956621913 0.0653142454629953 1779097893.83148
  -0.105100622029789   0.0571353960742387 0.000375524945254126 0.119627485364331 1779097893.854
 -0.026959022797823 -0.0239746572347337  0.0120832731522513 0.0380470575709664 1779097893.87247
  0.0698063924938478 -0.00294968950150861  -0.0166984398625014 0.0718364183057731 1779097893.89171
 0.0545455669128413 -0.0354133372285823 -0.0112497680103393 0.0659990954770972 1779097893.91058
0.00123741883815618 0.00479058656442473 0.00589329610616681 0.0076949245615036 1779097893.93079
-0.0704184129656417  0.0149696467831798  0.0255512952564848 0.0763918313610616 1779097893.95285
-0.0178384817890779   -0.01606880709204 0.00840007001572564 0.0254357852280906 1779097893.97252
   0.067996766621289   -0.015135015970395 -0.00540199621362203 0.0698699545045375 1779097893.99087
 0.0563632861663203 -0.0887905807010967 0.00663260187785238 0.105378264629736 1779097894.01076
0.0138021103652086 0.0294087228989481 0.0091496798317879 0.0337503759105693 1779097894.0306
-0.0478577787284368  0.0293087243817158  0.0143692847889013 0.057929652640491 1779097894.05369
-0.0153104635940937 0.00766688974319708 -0.0154891067278634 0.0230890433112234 1779097894.07293
 0.0687876291821667 -0.0369574643617705 -0.0136833903639862 0.0792769025152222 1779097894.09159
 0.0103214551316315 -0.0578724067618614 -0.0312898945978577 0.0665943346268259 1779097894.11029
-0.0326225631211174  0.0442607730894203 -0.0104410958127786 0.0559666341746229 1779097894.1302
 -0.119067261012631  0.0892112678424307 -0.0078311431948194 0.148986542207146 1779097894.1539
-0.019309841689773 0.0363421726648982 0.0392315184893155 0.0568571503248877 1779097894.17253
  0.0613160399641102   0.0624772763306548 -0.00132354745807154 0.0875489496935921 1779097894.19093
 0.0580994316074174 0.00313049596363257  -0.014596249447311 0.0599866189746632 1779097894.21081
-0.00731317172346382  -0.0159188517858442 -0.00384140582706018 0.0179345677830473 1779097894.23068
 -0.0726602292267963 6.04875767794957e-05  0.00846221731143424 0.0731513615174964 1779097894.25408
-0.0055120195802097 -0.0193946862056535  0.0266993788604439 0.0334573316987757 1779097894.27297
 0.0646771645958604 -0.0318515263775634  0.0101182892669494 0.0728013401691912 1779097894.29198
 0.0838252148899347 -0.0472709630933952  0.0245880166957959 0.0993266387639972 1779097894.31087
0.0144216331669306 0.0242935664273379 0.0249040229450745 0.0376612696521212 1779097894.33052
-0.0432741456468546  0.0127346634220077  0.0091301200499623 0.0460237159089065 1779097894.35398
-0.0179565040691363  0.0161022034001795  0.0021976158660951 0.0242187222664734 1779097894.37297
   0.03058475815136 -0.0348056332607209 -0.0173065628286184 0.0494608598267145 1779097894.39189
 0.0130101916667079 -0.0832990915954338 -0.0420581835677849 0.0942172731130043 1779097894.41079
-0.0457085403269043  0.0214367536864385 -0.0269216773168194 0.0572152232974775 1779097894.43069
-0.0996500136243492  0.0420526853785235  0.0100470363326918 0.108625487349648 1779097894.45399
-0.0437395990003662  0.0731453413801063  0.0268383737668376 0.0893515069418172 1779097894.47268
 0.0367811598325149  0.0575571002539951 -0.0156769079172138 0.0700816591564315 1779097894.492
 0.0291011693444142  0.0105618238398115 -0.0224711822317744 0.0382542051404692 1779097894.51071
0.00301433186087525  0.0107817716185833 -0.0118230499588537 0.0162824232266677 1779097894.53042
  -0.0665015117027477    0.0164900075683659 -1.41279659446286e-06 0.0685154829972865 1779097894.55414
-0.0249573278465385  0.0174065599417861  0.0259258904855104 0.0399750964941084 1779097894.57298
 0.0342344141107616 -0.0351370110943764 -0.0079280502761334 0.0496936478771115 1779097894.59207
 0.0639665762610135  -0.082960992616576 0.00367106357145295 0.104822353924291 1779097894.61167
 0.0153279203910185 0.00760584356066245  0.0171810749592349 0.0242483677087246 1779097894.63076
-0.0421341411543113  0.0209083496714252  0.0353476792738762 0.0588379415585117 1779097894.65409
-0.00137287084019171   0.0175684917767391   0.0114428830396727 0.0210113362238775 1779097894.67301
 0.0291055825191805 -0.0446329010337037 0.00828133077638848 0.0539241247299683 1779097894.69206
  0.0284595040632329  -0.0608558076418851 -0.00584204743363545 0.0674351704490182 1779097894.7104
-0.0152955577819974  0.0074935269258228 -0.0358254349350082 0.039668234419154 1779097894.72902
-0.0628033958903525  0.0817134367161721 -0.0259861843499233 0.106285624862426 1779097894.75395
-0.0739706243105298  0.0848100402488758 -0.0172060105983966 0.113843941378615 1779097894.77262
-0.00289778861722185  -0.0269319383870127 -0.00194235464551738 0.0271569369723633 1779097894.79191
 0.0358913192720652  -0.037912795557647 0.00291947493522195 0.0522885283784374 1779097894.81041
-0.00866337511469865  -0.0124273790129925  -0.0103716608562316 0.0183593345856334 1779097894.8303
 -0.0564954307483802 -0.00685749239057147   0.0281535312463837 0.0634931509611302 1779097894.85286
-0.0423361660021967  0.0306105801777289  0.0242878011510508 0.0576129833920767 1779097894.8725
 0.0217533982333968 -0.0141358027786749 -0.0217423520635731 0.0338490934613426 1779097894.89171
  0.107527366792976 -0.0208962458159641 -0.0140674655407546 0.11043858603483 1779097894.91019
 0.0446379891442364 -0.0375752995944162  0.0037773941166655 0.0584698377008499 1779097894.9299
  -0.02934883628184  0.0138371930227988 0.00854270943777101 0.0335529430361425 1779097894.95287
-0.044031657176585 0.0442071449514966 0.0167973848678529 0.0646158698531384 1779097894.97249
  0.033564146526247 -0.0185128630241554  -0.010877442041431 0.0398446580453542 1779097894.99171
  0.0462729715475432 0.000942724165400725 0.000957257034608156 0.0462924720199957 1779097895.01022
0.00504018301345649 -0.0396599929091771   0.019807645780208 0.0446168276967257 1779097895.02994
 -0.0209177372669166   0.0422754096792998 -0.00533534615367985 0.0474681779142614 1779097895.0538
-0.0611059318853747  0.0342314100094525 0.00218065367311784 0.0700748142577444 1779097895.07262
  0.010191838849771 -0.0397924159016873 -0.0149605726379678 0.0437164577257635 1779097895.09211
  0.0478153818578889  -0.0500237950077789 -0.00232821202938327 0.0692395218098001 1779097895.11053
-0.00672016228492734  -0.0239420948141643  -0.0243535456815808 0.0348063165602314 1779097895.13018
-0.0608087731608384   0.012026059788929 0.00723284928872416 0.062407107898112 1779097895.15358
-0.0689651967139572  0.0601041457334462  0.0165271685484096 0.0929615726651055 1779097895.17259
 0.00323602384608574  -0.0129549112417601 -0.00714150574925159 0.0151427434760321 1779097895.19199
  0.107402902143942  0.0109011544654473 -0.0027786381321195 0.107990459705892 1779097895.21037
 0.0650071859599664 -0.0298051834342904 -0.0100894751305307 0.0722224389950585 1779097895.23021
-0.0293485800795498  0.0246240343024689 -0.0064715441290338 0.0388530964200917 1779097895.25268
-0.0390132620918907  0.0252895960242392  0.0220225376074649 0.0514450235571136 1779097895.27295
 0.0151356093746157 -0.0248492044304017  0.0155802236927875 0.033004742118098 1779097895.29313
 0.0435555072474724 0.00661509647824305  0.0338237670359017 0.0555417764345005 1779097895.31083
 0.0122195984838471 -0.0602601620452377  0.0209322388986027 0.0649520156895298 1779097895.32995
-0.0360136987027785  0.0365324248029874 -0.0122054996891702 0.0527311936040023 1779097895.35195
-0.0915182810698027  0.0641968579162939 0.00864986155520895 0.112123380439677 1779097895.37252
  0.0123401561792927  -0.0146755422432942 -0.00747405364288915 0.0205794186633353 1779097895.39205
 0.0766615138032658 -0.0713105677197595 -0.0119476952750882 0.105379942064461 1779097895.41021
-0.0073736064305361 -0.0507614398696972 -0.0203179514857639 0.05517166847228 1779097895.42884
 -0.074270190790616  0.0454621410275463 -0.0180413237002396 0.0889289428012042 1779097895.45095
-0.083783444564707 0.0631646231060085 0.0121729394095119 0.105629615397951 1779097895.47288
 0.00395019231012508 -0.00418001582758122   0.0161561766999502 0.0171493031102088 1779097895.49204
0.0932805943770885 0.0179987794092881 -0.017377851987002 0.0965775081851322 1779097895.51021
 0.0716114932861209 -0.0329848544656234 -0.0145890696919861 0.0801813416529314 1779097895.53016
-0.00580273438904298  -0.0158078277331351 -0.00796323237966312 0.0186271901789501 1779097895.55062
-0.0651665741494763  0.0171405756726685  0.0217175575324806 0.0707964266467332 1779097895.57261
 0.0291144142916234 -0.0146766617045816  0.0238033557743735 0.0403689641241439 1779097895.59213
  0.0635921546955017 -0.00751221599552442   0.0240286872382009 0.0683942493077547 1779097895.61029
   0.06912120312771 -0.0697010072601411  0.0488863461288815 0.109662418233108 1779097895.63
0.0116093363919495 0.0269628195368639 0.0601686844106981 0.0669480463684574 1779097895.65002
 -0.10181155265494 0.0929186538041864 0.0388536742227336 0.143209903566053 1779097895.67307
 -0.0388688789105573   0.0465650931071248 -0.00462099350854986 0.0608313342352839 1779097895.69225
 0.0735394331850059 -0.0113940189192528 -0.0437099545295667 0.0863042989965218 1779097895.71052
 0.0777646734708428 -0.0262955507444915 -0.0195147307319575 0.084377871177956 1779097895.73033
0.0599301214774329 0.0438648286858007 0.0435191924400365 0.0860793980379012 1779097895.75009
 0.011425678952267 0.0864071776185412  0.101334609868762 0.133661698480816 1779097895.77298
 0.188086531148595 0.0195851806053866  0.139217904499911 0.23482280006891 1779097895.79217
 0.288421197294739 -0.010289806412811  0.125053726465369 0.314533148758314 1779097895.81045
  0.478818509904718 -0.0239056371288424   0.155540171007026 0.504015267339002 1779097895.83042
0.575060595297042 0.148069414262453 0.160211199645429 0.615050297288963 1779097895.85016
0.487023339928627 0.158877438869348 0.107832918604817 0.523509037698253 1779097895.87264
 0.682663511298683 0.0370000623745022  0.110346565451493 0.692513421372687 1779097895.89204
 0.539929535642482 -0.164743705285231 0.0418594622190133 0.566053536750261 1779097895.91042
 0.587464508949761 -0.267062719500106 0.0109497007305132 0.645412225921128 1779097895.93014
  0.464109616809407   -0.26189222828897 0.00757773027326034 0.532956562628917 1779097895.94876
 0.211738769488242  -0.32292122611343 0.0104172484660288 0.38628997378213 1779097895.97264
 0.108299643626859 -0.476201260279269 0.0550291487812096 0.491451584916412 1779097895.99197
0.0551495692330151 -0.406532066535517  0.050757753162079 0.41338377521897 1779097896.01046
-0.088580539914933 -0.530246301702714 0.0334187879967478 0.538632033871175 1779097896.0302
 -0.236459893858045   -0.53136037285001 -0.0244191175825098 0.582111175414257 1779097896.0497
 -0.349777974635259  -0.424639730809913 -0.0238048894007806 0.550663422865222 1779097896.07252
  -0.319314362105968   -0.255355705562024 -0.00849319295111829 0.408950281252777 1779097896.09273
 -0.239088588733119  -0.153393556008785 -0.0421792966444714 0.287179437552269 1779097896.11104
-0.219757104627017 -0.182226991587939 0.0210071530041149 0.286253667181014 1779097896.13047
 -0.310107170832494 -0.0874772336797064  0.0848321236383913 0.333189455137744 1779097896.15027
 -0.376986020983939 -0.0654679564754121   0.116197977520247 0.399883087066914 1779097896.17268
-0.377601471192786 -0.260513565810151   0.11523214148285 0.472999614639166 1779097896.19278
-0.323877568170225 -0.357925095981447  0.116329891187101 0.496527639795399 1779097896.21161
-0.278545706447379 -0.457940454818601  0.113728204114369 0.547933641192814 1779097896.23039
-0.329667330041925 -0.404078668847406  0.126238426511189 0.536559651336628 1779097896.25028
-0.319788592020558 -0.228735212569738  0.114655198296745 0.409548966000746 1779097896.27263
-0.131505670732514 -0.236544608179099  0.129965402031944 0.300230076472589 1779097896.29262
0.0209302297934906 -0.362509704442736  0.187048338843474 0.408458616506583 1779097896.31185
-0.0499276066477299  -0.594538702676485   0.207871297237988 0.631806545630237 1779097896.33058
-0.256805728698805 -0.636554199337932  0.229164909659769 0.723648386170141 1779097896.35043
-0.374097343553978 -0.494573947306408  0.084645428550591 0.625873038549271 1779097896.37299
  -0.436377181467382 0.000959149131299049   -0.133877085369112 0.456452668367051 1779097896.39275
-0.346178183793439  0.642259406503619 -0.198878720485163 0.756233578756405 1779097896.41176
-0.105206334062743   0.93903972256857 -0.253983050355105 0.978453556974607 1779097896.43066
0.0183113618768242  0.994980506274572 -0.204049767202021 1.01585324793269 1779097896.45032
0.0886083558717312  0.941687948208319 -0.140229311378263 0.956186118023425 1779097896.47288
  0.194939601621835   0.164461914229209 -0.0304825553263965 0.256862522941052 1779097896.49264
 0.385383147641727 -0.464125775057051 0.0147839776178356 0.603449642930343 1779097896.51183
 0.361562068654516 -0.829725632091065 0.0370990375464464 0.905841096785481 1779097896.53056
  0.247578840311573  -0.818258585267397 -0.0122130418934646 0.854980440083934 1779097896.55035
 0.176033036332015 -0.642189419480955 0.0738789818985304 0.669964912767764 1779097896.57303
 0.0870178920436114 -0.0961555108098066   0.204400112050402 0.242069001735095 1779097896.59344
0.0311943781139222  0.198142966363494  0.212113071828078 0.291934375477748 1779097896.61197
-0.0120533377706324   0.237140694609359   0.205575173044833 0.314073468735637 1779097896.63077
-0.0685535950452751   0.145882002900428   0.204694405864813 0.260539735848912 1779097896.65024
-0.0673444876568284   0.102027226652696   0.188883711776568 0.224993092273285 1779097896.67292
-0.0369840825225958  -0.154533184156293   0.169483700745765 0.232321011068739 1779097896.69259
0.0189020733081509 -0.219650593812259  0.149605883863012 0.266431214807608 1779097896.71194
0.0505189822852077  -0.12007599316492  0.135712867976082 0.188118032734686 1779097896.73052
0.0155510241203484  0.145770996758743  0.111429905629458 0.184140277277457 1779097896.75033
0.0479372253184439  0.305607252963502  0.147105145189765 0.342540062440046 1779097896.77293
0.0703011293128486  0.555728656751867  0.160262183973478 0.582632436729921 1779097896.79274
0.0360867015162707  0.542926003076553   0.10100002553105 0.553418376999065 1779097896.81216
0.0558961959975452  0.420126776002766 0.0671697547634431 0.429118478507341 1779097896.83094
-0.0284388300645812   0.256679674964987  -0.047227511676694 0.26253316067641 1779097896.8516
-0.0619614133853629   0.171568542120767 -0.0432946542282667 0.187481755056065 1779097896.87303
-0.0268748436026301 -0.0153285343235686  0.0459144105759586 0.0553656417077627 1779097896.893
-0.0240708780159183   -0.14558970791619   0.114934388198435 0.187044603798472 1779097896.91238
-0.0602688440571657  -0.122029437930433   0.131184389435353 0.189031376541385 1779097896.93109
 -0.172499767610411 -0.0336621923498521   0.168371498706537 0.243389142313558 1779097896.95066
-0.232612617559798 0.0703991963118984  0.157089192669493 0.289381566695142 1779097896.97271
-0.331858092494631  0.188996636157886 0.0702957936556836 0.388318195091157 1779097896.99357
 -0.479755208933383   0.173758867395412 -0.0302269748459991 0.511146627207488 1779097897.01202
 -0.498911450562852   0.169521533892832 -0.0701257084750034 0.531571068574305 1779097897.03078
-0.597129294352797  0.142387723160903 -0.225418578860848 0.653950451928019 1779097897.05026
 -0.47968915746754  0.122431747459695 -0.242459092451708 0.551250970149222 1779097897.07245
-0.566093472225451  0.219299442341867 -0.234484908439501 0.650797385515341 1779097897.09288
-0.625577866852839  0.183627901887215 -0.245727314769552 0.696741549695081 1779097897.11234
-0.570643517729652  0.146445488337265 -0.262857744106678 0.645115880302186 1779097897.13123
-0.599712295575908 0.0945832932794706 -0.193147008612208 0.637108000081902 1779097897.15162
 -0.290350753091077 -0.0196016866841933  -0.068923976795638 0.299062368944584 1779097897.17301
 -0.463839866853182  -0.114140026169258 -0.0457278858336852 0.479860820654401 1779097897.19397
-0.657393386193039 -0.113022198250993 -0.112701776307245 0.67649225560286 1779097897.21267
 -0.637560364448226 -0.0712093006711359  -0.207315918901452 0.674191273339681 1779097897.23179
-0.696887016010272 0.0898095247046585 -0.176866280033604 0.724568109168699 1779097897.25166
 -0.460750625036484   0.142848489041515 -0.0704823081277932 0.487508548696304 1779097897.27312
 -0.590172152265874   0.119981569775014 -0.0904184098130922 0.608994445975445 1779097897.29411
-0.741136457517628 0.0333292839157722 -0.207936682309624 0.770475018205036 1779097897.31299
   -0.68256801774764 -0.00327046680021092    -0.26174986256181 0.731042259623997 1779097897.33195
 -0.819833621517188 -0.0893342683258078  -0.307030048698609 0.879985925609702 1779097897.35108
-0.683480117190326 -0.128110472137306 -0.239937915996639 0.735613735052953 1779097897.37261
 -0.811526845613236 -0.0801968200914627  -0.233965623334746 0.848379198239895 1779097897.39508
  -0.975987176804183 -0.00527167721877492   -0.295011355812724 1.01961289709642 1779097897.41408
-0.937875445181188  0.195861001497094 -0.244556653104929 0.988827507282813 1779097897.43271
 -1.02317951878249  0.172906317893578 -0.200334950564461 1.05684767816424 1779097897.45204
 -0.999261608275824   0.112441721817031 -0.0756093795850335 1.00840650576065 1779097897.47299
  -1.00932910783892  0.0672273221970296 -0.0150155093168292 1.01167693771319 1779097897.49556
 -0.876238903473359  0.0911345778153557 0.00145554732603301 0.880966654222392 1779097897.51429
-0.690847889395701 0.0935083170628608 0.0449388977532292 0.698594386016449 1779097897.533
-0.565773999484525 0.0341716238033879 0.0447765586807029 0.568570891422839 1779097897.55224
-0.460492952081627 0.0255344526006022 0.0774210347381772 0.467653486896435 1779097897.57253
-0.451838451992716  0.101583792056971  0.104689602112543 0.47480223914629 1779097897.59565
  -0.50053515893685  0.0369022600004539 -0.0311130930417382 0.502857083756113 1779097897.61433
 -0.577420246641171 -0.0260928854202192    -0.0350518238273 0.579071334340014 1779097897.63289
 -0.627650407458267 -0.0380953688088902 -0.0354060797037568 0.629801462039588 1779097897.65228
-0.592517249185535 0.0158183980292672  0.077774227012555 0.597809118938483 1779097897.6725
-0.546965024880019  0.142510394535018  0.176356689563882 0.592099343815257 1779097897.69602
-0.588382364994456  0.150595647359032 0.0542209417262861 0.609764517630896 1779097897.71488
 -0.65600948150122  0.130770079391602 0.0279989177023349 0.669502197812739 1779097897.73392
  -0.679238892137411    0.119152192502827 1.89801469233086e-05 0.689610555263284 1779097897.75295
-0.541002292341269  0.083424470938811 0.0661888709311813 0.551383794924255 1779097897.77304
-0.300292546997004 0.0270796961885227  0.151885477368714 0.337606460191645 1779097897.79579
-0.188648589345474 0.0220364032848969  0.172110590144746 0.256312209174172 1779097897.81554
-0.0371560380030239  0.0837166833150297   0.238021923965798 0.25503625333221 1779097897.83397
 0.075299818329261 0.0504827774093729  0.254142596595762 0.269827783706238 1779097897.85278
  0.390362692657627 -0.0533563735407977   0.195727706506738 0.439930982667425 1779097897.87292
  0.647974350941469 -0.0729203436999126   0.229210768663967 0.69117704857356 1779097897.8957
  0.704521682794048 -0.0924789944293441   0.238587386168772 0.749551270278736 1779097897.91482
  0.622764520198485 -0.0805359446565827   0.221702117666217 0.665938071428164 1779097897.93388
 0.599832415395154 -0.169986840435555  0.156834840834674 0.64287760870922 1779097897.95289
 0.714241891301728 -0.204492341913023 0.0509303099592785 0.744682814132225 1779097897.97296
 0.804438376556502 -0.248583795189793  0.096686694850006 0.847504172183736 1779097897.99603
 0.853364273584179 -0.267306400783672 0.0727151751217135 0.897201645129318 1779097898.01586
 0.761266789282943 -0.213581133771571 0.0736910434005378 0.794087145750244 1779097898.03405
  0.69982615101952 -0.238570819109139 0.0363561476524826 0.740266470166879 1779097898.05293
  0.765251625405392  -0.241890801925343 -0.0521519420056871 0.804264281997307 1779097898.07284
 0.788862948076575 -0.230594384843457 0.0106334885028826 0.82194378898264 1779097898.0959
   0.852975274946886    -0.17652821498236 -0.00216335979921714 0.871053219086638 1779097898.11572
  0.801501375213707  -0.121931805163944 -0.0402312526362755 0.811720625134465 1779097898.13407
 0.699334792014487 -0.147483149997113 -0.044190720610654 0.716081874259575 1779097898.15422
   0.67566038509192  -0.143874460236611 -0.0612119284890231 0.693515476741711 1779097898.17263
  0.696415908314727  -0.200188932685161 -0.0106681703258556 0.724696168046687 1779097898.19553
  0.632322955662314  -0.165130517438904 -0.0575210785412854 0.656055700778309 1779097898.21597
 0.559269436372154 -0.151043800858816 -0.078161433988814 0.584556021268357 1779097898.23397
  0.51277650679642 -0.201919636198418 -0.132994120717207 0.56692038378434 1779097898.25289
 0.581912165803942 -0.186841541775222  -0.14105937112372 0.627239409336974 1779097898.27287
 0.655729436856777 -0.150749017233632 -0.124962017199092 0.684340460808711 1779097898.29585
  0.670688398191632  -0.127097566047365 -0.0756692587702898 0.686806053763992 1779097898.31564
  0.696463481445291  -0.154891838345198 -0.0740666024171707 0.717313546621331 1779097898.3339
  0.731309036525949  -0.179933737800526 -0.0841123719874254 0.757802050686544 1779097898.3526
  0.77473259355663 -0.135150389844042 -0.115939520202934 0.794932822154719 1779097898.37253
  0.81187557974666 -0.112077688951286 -0.145022500132315 0.832306969149162 1779097898.3956
  0.797711265631651  -0.091272321093264 -0.0987341512376507 0.80896373993772 1779097898.41472
 0.790669914984183 -0.133763709049749 -0.144050517220828 0.814740569648663 1779097898.43394
  1.00001952576784 -0.226295439279579 -0.177706578540096 1.04059036407806 1779097898.46637
  0.527484614834837 -0.0129843052956218 -0.0488870666314448 0.529904289806465 1779097898.47266
 0.562873219026598 0.0439420189134748 -0.112726459231749 0.57572946453563 1779097898.49574
 0.793217329882606  0.095819605587716 -0.087650066870363 0.803777123003296 1779097898.51476
  0.93747152010178 0.0310414010529393 -0.115431896723505 0.945061343174324 1779097898.53398
  0.933118956346934 -0.0833869833242196  -0.096814648929877 0.94182665704965 1779097898.55264
 0.903538395747425 -0.120312409206717 -0.131582242292673 0.920961777103547 1779097898.57287
  0.653340241283929 -0.0680415230697337  -0.247014564547413 0.701782954225265 1779097898.59617
 0.638610149292455 -0.188213398963682 -0.244349627266001 0.709192460953884 1779097898.61598
 0.655652876341987 -0.162429343115757 -0.243951209360877 0.718175590165226 1779097898.63432
 0.656899392739372 -0.140732751573819  -0.28743957373425 0.730714737839207 1779097898.65366
  0.606111986219884 -0.0533688904058507  -0.294993743440204 0.676196189704903 1779097898.67252
    0.38435989606939 -0.00676285810390338   -0.359468058661324 0.526303668193513 1779097898.6963
  0.455885874889953 0.00472555433749495  -0.302927295319599 0.547374833215432 1779097898.71631
  0.596085528521266 -0.0113279273561513  -0.225918679011591 0.637562176400863 1779097898.73494
    0.719160745836812 -0.000637190886907235    -0.212029376062464 0.749765990611887 1779097898.75366
  0.734283908336279 0.00300260267485692  -0.179873193924013 0.756000158437053 1779097898.77285
  0.520639461989126 -0.0487865174676151  -0.180268886245212 0.553120642369307 1779097898.7966
  0.508174471743482 -0.0537504138704321  -0.123262263146137 0.525665279658946 1779097898.81625
  0.532470330684774 -0.0680496980624186  -0.094862977801602 0.545118701773592 1779097898.83463
  0.547121366995809 -0.0552662884293173 -0.0548084561719105 0.552630183511599 1779097898.85236
 0.501255135346432  0.046726977466564 -0.117489680997907 0.516956425896149 1779097898.87251
 0.334755423801022  0.166139304691409 -0.214756589764079 0.431026513308222 1779097898.89589
 0.328085590625495  0.149722062692608 -0.222678677533306 0.423842711699742 1779097898.91646
 0.470616933205179 0.0273270838084599 -0.213192955462431 0.517376365509411 1779097898.93493
  0.553897973569782 -0.0566926014279696  -0.152299853811319 0.57724540851559 1779097898.95379
 0.423207131186164 -0.138258575182956 -0.164688684400575 0.474702087912026 1779097898.97258
 0.254367400822619 -0.189208219653627 -0.149297307560498 0.350417195683323 1779097898.99606
  0.217292629177351  -0.155938045581375 -0.0996679354126324 0.285423296358166 1779097899.01669
  0.24460939675081 -0.117920631348176 -0.107500155110553 0.292053617723082 1779097899.03563
   0.27419305418911 -0.0432859082800666 -0.0686835002908815 0.285959654555306 1779097899.05389
  0.134869276844957  0.0111737879929299 -0.0851385834583363 0.15988481406339 1779097899.07296
-0.0596967348806821  0.0547694399290967   -0.12285954368984 0.147166093857373 1779097899.09671
 -0.207012663869612 -0.0200368586541856  -0.103498149350264 0.232309245674921 1779097899.1169
   -0.2165226919404 -0.0385183701255825 -0.0909805865186242 0.237998336308306 1779097899.13585
 -0.200649952797413  -0.160713228503905 -0.0123284949195069 0.257373536247868 1779097899.15498
 -0.327413616102661  -0.153654448375978 -0.0385724356288553 0.363726818237931 1779097899.17287
 -0.451263525211573  -0.198099123569264 -0.0186560083873544 0.493183615496537 1779097899.19752
-0.528230248254745 -0.209548564202995 0.0269497000771211 0.568914828656323 1779097899.21768
 -0.563545901034259 -0.0857083107793543 0.00344959722732076 0.570036662707055 1779097899.23588
 -0.539112134584009 -0.0805194303159218  0.0356483215625654 0.546256418858722 1779097899.25399
-0.610695799792904 -0.030269295199444  0.118988085160561 0.622915527601249 1779097899.27283
 -0.622369543287442 -0.0316065725109282   0.158981017951556 0.643131236923398 1779097899.29551
 -0.606417455622395 -0.0883140366019362   0.153883608644966 0.631839904211553 1779097899.31666
 -0.520402953341135 -0.0844879548713947   0.109393915730224 0.538446354954064 1779097899.33588
 -0.44569968476941 -0.127571257405956   0.11514718892922 0.477683482902632 1779097899.35408
 -0.431494627149856 -0.0722827748895526  0.0943814259641938 0.447571520957223 1779097899.37289
 -0.426038512772472 -0.0576562282928689  0.0993536887119995 0.441253000541662 1779097899.39548
 -0.468901281408148 -0.0607983721078914   0.148877840432808 0.495711070210369 1779097899.41629
 -0.520785188424246 -0.0440660913326352   0.182436276205182 0.55357206194228 1779097899.4356
-0.516200531392679 -0.150872616861492  0.168163882891959 0.563475488941639 1779097899.45481
-0.518946139764525 -0.146388366089158   0.15539159416459 0.561142760124167 1779097899.4728
-0.583787187343678 -0.205901532823006  0.142016587914943 0.635115448220643 1779097899.4945
-0.664239273469482 -0.143301846125888  0.168701120492889 0.700149483737515 1779097899.51625
  -0.86677656336181 -0.0647216131322184   0.127536260013941 0.878496440299044 1779097899.53576
 -0.906399880325587 -0.0773533828867685  0.0821621832905949 0.913397456347095 1779097899.55418
 -0.887451218789587 -0.0583693933083154  0.0611421587783912 0.891467899246174 1779097899.57298
 -0.883787379602975 -0.0726994854681889  0.0878370852375965 0.891112058652485 1779097899.59367
-0.925211992059302  -0.06995958251599  0.115499294869075 0.935014256870668 1779097899.61598
-0.938602353447512 0.0122540592264283   0.09450953893183 0.94342810686021 1779097899.63496
 -0.92268539198112 0.0704174228528813 0.0830859747613205 0.929091074770732 1779097899.65395
-0.939004383134928 0.0611666518895421  0.107910247962645 0.947161661209607 1779097899.67288
-0.876765733837541 0.0681575780671441  0.173086356999158 0.896282597431692 1779097899.6927
-0.866425684168471 0.0779220212347191  0.283156690257906 0.914845898945783 1779097899.7156
 -0.915612103147535 -0.0239719263758424    0.23608924190436 0.94586378872827 1779097899.73483
 -0.909740990197557 -0.0733869551084023   0.161003394613554 0.926788221495505 1779097899.75388
-0.831779919594349 -0.104166475384549  0.110964549810565 0.845589510666425 1779097899.77291
  -0.76070621303308 -0.0841469335781335   0.143127096896239 0.778614163012514 1779097899.79356
 -0.616834644576409 -0.0484436678089887   0.140374920071248 0.634457946506702 1779097899.81414
  -0.59473551020442 0.00458167108214604   0.069466777077441 0.598796252431112 1779097899.83396
 -0.64505821859326 0.0342837796272765  0.014614508775051 0.646133938736372 1779097899.8538
-0.662007397050658 0.0529676936285018 -0.046024760387637 0.665715892019148 1779097899.87254
-0.653728598799239  0.130088003239365 0.0181101956971253 0.666792282995994 1779097899.89227
-0.633504746658612  0.155382893296813  0.113132458741307 0.662020438346985 1779097899.9145
-0.799604051644505  0.144570578965447  0.137081149381173 0.824050079318227 1779097899.93404
-0.874634787229431 0.0543819333987738  0.118786654778207 0.884337986894975 1779097899.95384
 -0.872241487212927 -0.0715406975638894   0.123921939784356 0.883900407615736 1779097899.97288
 -0.904102792102913 -0.0718140921466892    0.19024751247358 0.926689397005017 1779097899.99261
-0.889182317479576 -0.178769679308696  0.289775994427414 0.952141753577103 1779097900.01487
-0.934580732574283 -0.175384335736785  0.249143689050144 0.982992059334373 1779097900.03467
-0.894084879543985 -0.208830508278556  0.211750068365471 0.942250521076982 1779097900.05384
-0.740754933815973 -0.189563343607566  0.290420330150402 0.817921818621472 1779097900.07283
-0.667950172497951 -0.136895523303325  0.307950260198244 0.748151842874627 1779097900.09239
-0.336420803250015  0.107311818364842  0.452029504668726 0.573607406081205 1779097900.1155
 -0.313687311369714 -0.0128775639843022   0.454022431551363 0.551998124381181 1779097900.13489
 -0.307474827534107 -0.0505417401265149   0.433989485158666 0.534267826366541 1779097900.15403
  -0.29283941335093 -0.0167813069792895   0.490966383103778 0.571913038506428 1779097900.17287
-0.228029303541469  0.057701537519021  0.453905428375984 0.511230836916996 1779097900.19227
-0.0582008788247061   0.149425092369981    0.57722063959256 0.599081686665007 1779097900.21494
-0.134317718565576  0.153531092966407  0.502534404130679 0.542359542520547 1779097900.23488
-0.248570634106704  0.145910849164377  0.433464547375237 0.520546683665641 1779097900.2541
-0.381956418145452 0.0932792047657821  0.338958449514817 0.51911900938198 1779097900.2729
-0.506047339562178  0.105401248990968  0.239129781288326 0.569540503797418 1779097900.29225
-0.500256480281706  0.171994635543991  0.253872629160031 0.586762313510656 1779097900.31575
-0.749662148893648 0.0644390720795568 0.0917809017831791 0.758003605153992 1779097900.33496
-0.886804651235494 -0.127949336162739 0.0130485804363083 0.896082466924108 1779097900.35406
-0.853658533628527 -0.218719184065892 0.0426898305520774 0.882266056894303 1779097900.37299
 -0.67097780969603 -0.162515736188064 0.0853608016861005 0.695635717942749 1779097900.39279
 -0.427580117648856 -0.0634981663485559   0.224452613533636 0.487068526862821 1779097900.41461
-0.169392286908817 -0.122839589854337  0.271393312203135 0.342691758885983 1779097900.4348
0.0889669890985839 -0.159023764595981  0.336049301159168 0.38227322122418 1779097900.45405
  0.29612960738167 -0.116251974739053  0.339294528792675 0.465110786014896 1779097900.47255
 0.512873117496835 -0.015952501091197  0.261327400222951 0.575834461498506 1779097900.49225
 0.695268243591168 0.0710390292920582  0.232849362333881 0.736656839897927 1779097900.51469
0.757708387603142 0.113638427849872 0.161711860362612 0.783062206156242 1779097900.5348
 0.753016104569771 0.0856982698987212  0.144225991804864 0.771478181102462 1779097900.55376
 0.757732622196411 0.0216982968323542   0.12180905374657 0.76776753539122 1779097900.57258
  0.78090109532279 0.0213963025379243 0.0896815877667645 0.786325066129139 1779097900.5926
 0.958489506946971 0.0374190954007458 0.0751345345902432 0.962157742740841 1779097900.61572
 0.876271222042762 0.0497794015532694 0.0294195379352049 0.878176948349043 1779097900.63562
   0.73268205855794 -0.0171033790708978 -0.0221588330768195 0.733216569910739 1779097900.65413
 0.681411341864275 -0.061018960963216 -0.047991413319875 0.685819149755052 1779097900.67291
  0.710249470737921  -0.124112207298505 -0.0502254634531773 0.722759121604903 1779097900.69342
  0.83091517429701 -0.161706311760372 -0.028992578587535 0.847000311542639 1779097900.7156
  0.803864579505527   -0.16938755805935 -0.0144805801259774 0.821644749395804 1779097900.73484
   0.75649228823619  -0.135828804822706 -0.0441777903989532 0.769858248994531 1779097900.75391
  0.731715423724708  -0.119463076914776 -0.0550783078048955 0.74344637200892 1779097900.77258
  0.779650552691319  -0.107128439496192 -0.0741615349008999 0.790462788573647 1779097900.79253
  0.871784861548371 -0.0991713323961948 -0.0943805414201917 0.882468970895248 1779097900.81464
  0.903572473568949  -0.123890764443495 -0.0595043727653489 0.91396548451465 1779097900.83526
  0.934309905532872 -0.0314852356159473 -0.0316429509926939 0.935375644319522 1779097900.85407
 0.962636837973016 0.0458684030711138 -0.024508847977284 0.964040598653477 1779097900.87298
  0.976194643296091   0.019793595200904 0.00101043454423251 0.976395815737106 1779097900.89257
    1.01457327226845 -0.00525834958114361   0.0189110938244748 1.01476312729201 1779097900.91402
  1.08655721550964 -0.091400111032199 0.0815817199682938 1.09344233497051 1779097900.93482
  1.08062008872065 -0.128524058440428  0.040598427720175 1.08899331590142 1779097900.95399
   1.11749393427296  -0.115436214771268 0.00833614717294842 1.12347127429554 1779097900.97289
    1.11277820483575    -0.17172432856697 -0.00476492846196596 1.12596060442739 1779097900.99263
  1.14057300550131 -0.206961112720009 0.0234420346594265 1.15943486753054 1779097901.0139
  1.17408565924969 -0.213990163391459  0.055619925752394 1.19472277178632 1779097901.03478
  1.12727804303702  -0.12546596575112 0.0243664584996103 1.13450042713744 1779097901.05432
    1.02544918271202   -0.108230460866909 0.000119231544723863 1.03114493316913 1779097901.07296
   1.01114126662094  -0.146230290265509 -0.0580564249712295 1.02330860806277 1779097901.09259
   1.01884194739689   -0.17994878318424 -0.0841279133760221 1.03802600360201 1779097901.11364
   1.02844874981301  -0.125850868039372 -0.0756391068082928 1.03887754160775 1779097901.13482
  0.975697337582379  0.0166051072922777 -0.0803869822250796 0.979144060424607 1779097901.15415
 0.911305184285684  0.112875438998316 -0.128241756479808 0.927180646767421 1779097901.17282
0.873209459797925 0.151474115598781 -0.14762242941137 0.898460655812112 1779097901.19199
 0.828125825242836  0.120100227183198 -0.158270911098422 0.851625579878569 1779097901.21228
  0.79156233596744 0.0487081196036312 -0.147920653662062 0.806736594197489 1779097901.23486
  0.757194549549673 -0.0724289991690548 -0.0937524961818149 0.766406599872864 1779097901.25411
  0.756539461208589   -0.21358458118133 -0.0777800494709972 0.789949407101428 1779097901.27278
  0.779076060259738  -0.251875039631682 -0.0693790904997305 0.821714063076606 1779097901.29182
 0.763080684170191 -0.254746671541923 -0.082209339280615 0.808669507697854 1779097901.31204
  0.745055961984791  -0.210662130503074 -0.0704208336047378 0.777461261750554 1779097901.335
  0.740504100128004   -0.16359709119241 -0.0724028767402489 0.76180870769063 1779097901.35459
  0.859174824378899  -0.124774231847342 -0.0681905643009432 0.87086160831632 1779097901.37283
  0.834969238319356 -0.0609632671785353  -0.110597570663005 0.844465494571119 1779097901.3918
  0.851118425375943 -0.0338450757492896  -0.158335025569023 0.866382157877713 1779097901.41198
 0.837475858783247 0.0455520794677757 -0.211872910082575 0.865061232523707 1779097901.43571
0.766254118833166 0.156868137113813 -0.20320985608343 0.808113378604635 1779097901.45461
 0.897111448112227  0.201710420468606 -0.173786636224663 0.935787282981513 1779097901.47285
 0.868475523246952  0.215932487392445 -0.145981889479748 0.906745435966806 1779097901.49154
 0.801543366475739  0.167114198008996 -0.172053657104665 0.836660853895138 1779097901.51182
 0.768610541604603  0.161121430842454 -0.173944355603994 0.804349997817449 1779097901.53558
  0.715503961446249 0.00398606164949178  -0.156059927409711 0.732336335624468 1779097901.55467
  0.747932930972801 -0.0327191183574827  -0.113806844292333 0.757249105478135 1779097901.57252
  0.649263134413999 -0.0787933489531493  -0.134186437409067 0.667650364736574 1779097901.59081
 0.452134615897027 -0.133378637457073 -0.177856234355277 0.503833714554015 1779097901.6121
 0.174915534188913 -0.123776229316909 -0.191337730615665 0.287273608606251 1779097901.63431
 0.191527854625563 -0.187876755613853 -0.172330189441239 0.318870331938096 1779097901.65422
 0.266554575235732 -0.208432951347447 -0.102638588967235 0.353596262327098 1779097901.67267
  0.290880452388136  -0.213768002458818 -0.0797102483770933 0.369678130477173 1779097901.69041
  0.144613918590534  -0.239015989785351 -0.0522766086866897 0.284208853906704 1779097901.7116
-0.00824823635689735   -0.176506798711829  -0.0478536418376542 0.183064618186103 1779097901.73486
 -0.0403563621649055   -0.199330687211454 -0.00181247409679667 0.203382998044888 1779097901.75472
0.0200847969775329 -0.188644111723332 0.0323583891068794 0.192450163167262 1779097901.773
 0.0215084195057338 -0.0831652291107193 -0.0176092749503802 0.0876878213148847 1779097901.79073
 -0.161973579719954 0.00636282300379552 -0.0291215034529434 0.164693618599002 1779097901.8118
 -0.241407394857804   0.167612699052463 -0.0162169346721524 0.294337452842556 1779097901.83484
 -0.371643673946208   0.253222244668059 -0.0709455152835621 0.455273315402754 1779097901.8547
 -0.310999403184295   0.242100447976225 -0.0687183466890388 0.400069327570799 1779097901.87279
 -0.271504002841739   0.216478290188891 -0.0241543044039839 0.348081461878441 1779097901.89072
 -0.458249508444077   0.171331948537885 -0.0044761350059409 0.489251759693941 1779097901.91097
-0.612548714152105 0.0655942366805042 0.0444067093189181 0.617649161682933 1779097901.93537
 -0.634610415826058 -0.0161587761421353  0.0709878596429234 0.638772856450568 1779097901.95459
 -0.524349633917301 -0.0979500120266763   0.104528422929724 0.543565023383044 1779097901.97288
-0.440855264953862 -0.142441785590145  0.119147114146005 0.478371259304915 1779097901.99073
-0.606510497927102 -0.130286953074097   0.16723269629202 0.642492372675514 1779097902.0137
-0.628755129198573 -0.136976743544284  0.204939353195104 0.675348635338473 1779097902.03475
  -0.63342105022038 -0.0185159136762347   0.211523960514859 0.668062460997059 1779097902.05508
 -0.51987482746302 0.0108543706039898    0.2075451772802 0.559877356394402 1779097902.07281
-0.458086934346559 0.0828966767178954  0.221278820454921 0.515441378637592 1779097902.09167
-0.532445506292557  0.151323748451509  0.199909663991254 0.588524398622223 1779097902.11149
-0.644287351635343  0.214917564414639  0.239815343305431 0.720282687460907 1779097902.13471
-0.757344187071253  0.320466843458367  0.190174500198517 0.844058976596151 1779097902.15482
-0.720965512517782  0.320925733550293  0.144233600652758 0.802239321058299 1779097902.17293
-0.671916718127789  0.292577365560842  0.143314430544315 0.74673463622654 1779097902.1917
-0.764093932962428  0.287224368667015  0.134604628528141 0.827318428639998 1779097902.2117
-0.836804716296704  0.197767369557692  0.214318498934619 0.886163915234515 1779097902.23441
-0.81348072739104 0.103923556118806 0.195324103277554 0.843031734084912 1779097902.25429
 -0.730890981095854 0.00993735878108049   0.154941249347977 0.747199550385515 1779097902.27291
-0.745797616199786 -0.124366008131817   0.11221280253861 0.764377329178133 1779097902.29165
-0.846239000482955 -0.182056053910955 0.0249463176839219 0.865960259752147 1779097902.31114
 -0.911682417549727  -0.281768693080059 0.00877948339882732 0.954272239037744 1779097902.33392
 -0.988119839806974  -0.305483582364061 -0.0273323839490691 1.0346246160451 1779097902.35405
  -1.02816064894393  -0.241754283929353 -0.0531164779487255 1.05753525428927 1779097902.37282
  -1.03127679739973  -0.189000668198376 -0.0694853431312752 1.05075272940143 1779097902.3918
  -1.1276383708078 -0.184495886900518 -0.121937409021889 1.14911955832291 1779097902.41151
 -1.15728626694829 -0.183109339027423 -0.124620027032744 1.17829142610978 1779097902.43306
 -1.16830385848338   -0.1324824862733 -0.122095849691965 1.18211374724614 1779097902.45373
  -1.1916371566442 0.0203563394674437 -0.147649724880995 1.20092211858597 1779097902.47277
  -1.1449066522691 0.0750513053712479 -0.144133644488532 1.15638161880994 1779097902.49182
 -1.13564616819791 0.0426452060757242 -0.132794446309631 1.14417883126481 1779097902.51096
 -1.12920618904166 0.0251062132293256 -0.116795820792879 1.13550790533021 1779097902.53358
   -1.06806231269581 -0.00786436901211216  -0.0620084319255813 1.06988971288211 1779097902.55385
   -1.05019482973753 -0.00723693498052688  -0.0543157234158604 1.05162338859762 1779097902.57377
 -0.991240916619785   0.024321231545252 -0.0672979389129654 0.993820451423215 1779097902.59204
  -1.01948643343589 -0.0234819536973691 -0.0204659329943868 1.01996217798632 1779097902.6118
  -1.00699422602425 -0.0567613279965568 0.00257927264485662 1.00859599059756 1779097902.63344
  -0.921180393523396  -0.0803775455052036 -0.00434597339294909 0.924690626489797 1779097902.65385
 -0.880110448771166  -0.103650283241112 -0.0458539793707807 0.887378369511159 1779097902.67281
 -0.776991762584744 -0.0664527262069837 -0.0460626926377091 0.781187516283974 1779097902.69206
 -0.767692699363525 -0.0571327119032299  0.0116696219924492 0.769904154751044 1779097902.71149
 -0.724215723038293 -0.0696862481854605  0.0705040259289166 0.730968812162481 1779097902.73258
-0.693486050753634 -0.110420832800417  0.133936214731552 0.714880810011589 1779097902.75376
 -0.72900340088403 -0.104471292055381  0.109463200803353 0.744541739390289 1779097902.77379
-0.735256187688479 -0.115621242665018 0.0558810577574991 0.746386378429896 1779097902.79191
  -0.78487161879903  -0.157239975877945 0.00728022134031016 0.800500387028682 1779097902.81055
 -0.871826576697599  -0.164598137004092 -0.0339448097458351 0.887877455874488 1779097902.8316
-0.954197754470299 -0.153849097601037 -0.114443822616452 0.973272977126089 1779097902.85364
 -0.976861770572815 -0.0492294659653169  -0.186211708852061 0.995669252131193 1779097902.87283
 -1.00207158676634  -0.00370481423041 -0.226973021496813 1.02746189376555 1779097902.89176
 -0.988841509645511 0.00015506172024167  -0.211755800801716 1.01126063624336 1779097902.91057
-0.912433351933816 0.0145822056007729 -0.225133512021706 0.939910825917326 1779097902.93086
 -0.788755407990774  -0.020668109999556 -0.0912401202355639 0.794283969337318 1779097902.9536
  -0.494341376961965 -0.00191833478743738   0.0383374736184199 0.495829445342298 1779097902.97259
 -0.304334348104731 -0.0116294038793743  0.0445940197789972 0.307803939336342 1779097902.9919
 -0.108539236407054 -0.0387592975265935   0.136851123519407 0.178916961166641 1779097903.01088
  0.0458123508047761 -0.00346816147961847   0.0917800834405633 0.102637144088606 1779097903.03086
 0.144558232523001 0.0361312273332929  0.101373125408812 0.180219473792193 1779097903.05362
 0.232389201022897 0.0586886578861961  0.049586886630971 0.244761023535808 1779097903.07276
 0.170065888063071 0.0450617351953565 0.0174832408462575 0.176801102858511 1779097903.09188
  0.119147954698315  0.0345956392493701 -0.0289628419150599 0.127404629333714 1779097903.11065
0.0609792602043674 0.0709132587738304 -0.119261047099848 0.151559749934963 1779097903.13077
 0.129116346201243 0.0981975934813773 -0.137524076324581 0.21266562907725 1779097903.15373
 0.111313938667989  0.080779088627695 -0.165275497239387 0.215016380978354 1779097903.17286
0.0509807446382119 0.0454197129712852 -0.188308141843243 0.200304625345286 1779097903.19199
0.0337685890082602 0.0386164973671615 -0.164802472162673 0.172601872247799 1779097903.21044
0.0199727179913221 0.0544936904847066 -0.206872810738353 0.214860027900469 1779097903.23089
0.0952099239487159 0.0658943952839168 -0.148981493239595 0.188686211144463 1779097903.25378
  0.227281920244851  0.0883909013878204 -0.0596077633941505 0.25104403632668 1779097903.27381
   0.244772933430719   0.0941915449056124 -0.00679435868345886 0.262358532130947 1779097903.29208
  0.260167455929433   0.106639779564651 -0.0235777047680536 0.282161400394385 1779097903.31071
  0.295671336616924   0.146464267069926 -0.0640653949962624 0.336121548939064 1779097903.33078
 0.428206123525417  0.154443785149969 -0.088553883275001 0.46374039854125 1779097903.35362
 0.386646086292508  0.157332457538775 -0.141710955726603 0.440829551202561 1779097903.37285
 0.381474706283879  0.169070086874805 -0.160255597222263 0.446978189905605 1779097903.39199
 0.403351774658477  0.170165923655871 -0.168930775227364 0.469240559321886 1779097903.41027
 0.444262836888535   0.21540817123444 -0.196939401628689 0.531559287745667 1779097903.43054
  0.55837008843015  0.194238724593944 -0.182456253568241 0.618705198177237 1779097903.45358
 0.494999109628159  0.125314636571197 -0.133501164019087 0.527778777013715 1779097903.47287
  0.476965054257871  0.0527523971394575 -0.0956246340052346 0.48930823518086 1779097903.49166
   0.455569190918753 -0.00616229665074692  -0.0738270023821782 0.461553559075344 1779097903.51006
  0.454599597986175 0.00178002764064211 -0.0744355206954375 0.460656715710077 1779097903.53016
  0.529022821621983 0.00183124785048035 -0.0750479691326715 0.534322652464326 1779097903.55369
  0.559267690813426   0.042624807046357 -0.0551751420801709 0.563596948596325 1779097903.5738
  0.605126348260081   0.133718783334587 -0.0056789652196397 0.619750644228006 1779097903.59191
 0.641212110387964  0.230790102165766 0.0293317307964763 0.682112448352461 1779097903.61028
 0.693030130106027  0.293294841195194 0.0115250646099836 0.752625705261756 1779097903.63039
   0.781858504268703    0.278733092769764 -0.00332755898280317 0.830063811011584 1779097903.65254
 0.794440430463801  0.305037522428762 0.0620715052023021 0.853250466980866 1779097903.67273
 0.806668730505009  0.259019854723362 0.0656556904781652 0.849774320397857 1779097903.69168
 0.896645259922151   0.19802002444917 0.0699358800454621 0.920910245106136 1779097903.7103
0.980707204368066 0.119019298763542 0.114977709537033 0.994571308588768 1779097903.73024
 1.09163969973661 0.104649961374838 0.155763074650891 1.10765111108213 1779097903.75278
  1.13797292328772 0.0208968427364058  0.157081664798127 1.148953306966 1779097903.77282
   1.18321676183502 -0.0258568481862161  0.0804016635950464 1.18622717453038 1779097903.79189
   1.20930857780627 -0.0125347342412961  0.0402300673074936 1.21004248447478 1779097903.81056
   1.21730894753311 -0.0262213287381041   0.071710376994752 1.21970119701248 1779097903.83041
   1.2714370794514 -0.042217534773423  0.140372593174213 1.27985898917057 1779097903.85353
   1.22618920175118 -0.0604700935200442   0.148925524435199 1.23667918334944 1779097903.87271
   1.09983685621568 -0.0552959674123932  0.0923981665989206 1.10509555039069 1779097903.89214
   1.04458206136252 -0.0712136075839334   0.046297599299416 1.04802983188761 1779097903.91073
 0.998119930983538 -0.101482815555122  0.036802927595484 1.00394054303986 1779097903.93043
     1.00963870907077    -0.130825464326785 -0.000762870409091533 1.01807966630401 1779097903.95248
  0.935138886719673  -0.089854229850053 -0.0775410251436099 0.942640509769009 1779097903.97289
  0.796647901268702 -0.0122044142678049  -0.162270519008282 0.813098116873151 1779097903.99186
 0.688747037153525 0.0336637224095338 -0.222542106132206 0.72459003332642 1779097904.01036
 0.669546293887513  0.038240998223185 -0.302920416109688 0.735877294186793 1779097904.0303
 0.671226388257599 0.0469772981883628  -0.32028766621441 0.745208641903388 1779097904.05331
 0.614840993074355 0.0684299574140277 -0.239580297687077 0.663408490205072 1779097904.07287
   0.6163222343592 0.0858233639841046  -0.25324807605244 0.671828351884116 1779097904.09185
 0.672596624268376 0.0913722003017555 -0.218917819415685 0.713204114978957 1779097904.11013
  0.684713165815315   0.093367889115834 -0.0901577170886139 0.696906088443349 1779097904.12985
  0.729476135483385  0.0454715326142957 -0.0182153260121772 0.731118930557674 1779097904.15179
  0.747339054215541 -0.0433390471821882  0.0657532735134577 0.751476831275705 1779097904.17253
  0.719793076082479 -0.0888314269273908  0.0479626100371371 0.726838019608089 1779097904.19158
 0.759414899800609 -0.107765868356022 0.0197390427454398 0.767277070053708 1779097904.20982
  0.700122484825307   -0.10004337181923 -0.0362218682513974 0.708161135436381 1779097904.22833
  0.724123976013878 -0.0861425696967121 -0.0596085129249419 0.731661977804794 1779097904.25057
  0.689916519885166 -0.0850126337169484  -0.038450699210314 0.696197104684954 1779097904.27276
  0.652859176239725 -0.0297509468086382 -0.0518050770366497 0.655586751576934 1779097904.29177
    0.76171108209496 -0.00505851492930862  -0.0281712581246165 0.762248634596277 1779097904.31268
  0.660111045398265 0.00957184821945041 -0.0067253519310431 0.660214694545435 1779097904.32859
   0.734665434206582 -0.00556742954870691 -0.00976877190851333 0.734751471855842 1779097904.35057
   0.75024535768638 0.00164622926415803 -0.0211937733350398 0.750546456143077 1779097904.37281
    0.725017953773285 -0.000747811385778425    -0.110247074010033 0.733352582216251 1779097904.392
  0.822014080704268  0.0024229857790929 -0.0815932359922561 0.826057186819324 1779097904.41032
  0.769676813572536 -0.0381183826001826  -0.140400768761687 0.783305677441507 1779097904.42998
  0.755376991538688 -0.0623827706220054  -0.127284283687712 0.768561837649002 1779097904.45078
  0.742029090973687  -0.104286647728577 -0.0930455602102246 0.755076388864422 1779097904.4728
  0.678873298692818 -0.0955357431638837  -0.128351229118014 0.697474065407488 1779097904.4921
 0.745587216860417 -0.107618867442632 -0.116406353842072 0.762254916540459 1779097904.51017
  0.639197549758145 -0.0932164140660442  -0.123442609391263 0.657647994964991 1779097904.5286
   0.60347947973973 -0.0711419642829571  -0.100499354931612 0.615912966165386 1779097904.54998
   0.421281773298964 -0.00206767829629902   -0.109049086804358 0.435171588158419 1779097904.57257
  0.334799665858439 -0.0162983657732547  -0.212549002245102 0.396904939930445 1779097904.59216
  0.361414483733582 -0.0450966002484768  -0.242383962774953 0.437497563212496 1779097904.61012
   0.27680346891725 -0.0478889124110537  -0.300248185246103 0.411172082077705 1779097904.62861
  0.152396813780382 -0.0894327690065683   -0.24516935471144 0.302210227345499 1779097904.64987
 0.0311168420556709 -0.0804196791050035  -0.190875041728718 0.209448953689937 1779097904.67271
-0.00969464243633272 -0.00984633213653889   -0.207816412031158 0.208275292480926 1779097904.69222
 0.0619336537820753 -0.0301473110116834  -0.139646478851263 0.155710554836817 1779097904.71026
  0.114642994613149 -0.0409539587307242 -0.0962267913023634 0.155176796957332 1779097904.72983
  0.0769637898193152 -0.00250885524791548    -0.01155744827071 0.0778671555184653 1779097904.7501
0.0282673202196795 0.0297451330217371 0.0135536634772874 0.0432147674358927 1779097904.77291
 0.0458111097291376 -0.0358077459175137 -0.0690037921771569 0.0902351138811082 1779097904.79271
  0.101328122843439 -0.0632549081205158 -0.0612545945989384 0.13424119054817 1779097904.81139
  0.110545243081168 -0.0542563173238701 -0.0879572583557758 0.1513290389677 1779097904.83002
-0.0438705367190974 -0.0137237808819269 -0.0590636757975648 0.0748430621529922 1779097904.85015
   -0.13663162921671 -0.00300964724612672  0.00866231415919357 0.136939022070231 1779097904.87234
 -0.197325925652353 0.00976541114187451 -0.0286000095817127 0.199626763579942 1779097904.89215
  -0.18331347503262 -0.0195418004300101 -0.0298545312508447 0.186753862420002 1779097904.91034
 -0.196556833728734 -0.0182144304918236 -0.0272929737177619 0.199276844560438 1779097904.92891
 -0.346148387412233 -0.0263939173397654  0.0215039753956122 0.347818581933805 1779097904.94993
 -0.441218652221499 -0.0486651484827808  0.0864912852266297 0.452242123386535 1779097904.97271
 -0.426928631384391 -0.0446450774351571  0.0799747483290928 0.436643103237921 1779097904.9925
-0.317748218147247 -0.063006240509822 0.0985528279407436 0.338594708130605 1779097905.01053
 -0.292243060067907 -0.0451937646857576   0.110176811070967 0.315574733180737 1779097905.02988
-0.370711448484841 0.0125203768857626  0.142348604393212 0.397299462682478 1779097905.04991
-0.428411096214396  0.081157671124319  0.207816004933576 0.483021869948448 1779097905.07279
  -0.4181990673208 0.0182502693980587    0.1956326917724 0.462055929873434 1779097905.09273
 -0.336797664646456 -0.0475412350756652   0.185436908718428 0.38740119134932 1779097905.11068
 -0.354663146189927 -0.0622774063337001    0.18079547095697 0.402928560570659 1779097905.12965
 -0.482687743252279 0.00999644448601621   0.129836284438884 0.499944844103061 1779097905.15001
-0.607244254232955 0.0851408388729301  0.193040665776218 0.642852428933927 1779097905.17271
-0.580613788062094  0.131324370402451  0.130379205328524 0.609390842014804 1779097905.19266
-0.48829916868088 0.110992160934927 0.136918137900226 0.51913573794289 1779097905.21072
-0.451000233921764 0.0698204950539942  0.165352253550096 0.485404450207418 1779097905.22974
-0.542620532503703   0.10340321782789  0.142871470393269 0.570562463542861 1779097905.24978
-0.699292621296103 0.0239892698000721  0.215741886009605 0.732209134498947 1779097905.27287
  -0.596060886252768 0.000435158433171869     0.20597537431948 0.630646195825637 1779097905.2937
 -0.515311027406977 -0.0297211513954802   0.198092890124632 0.552873941260969 1779097905.31156
 -0.484096519002134 -0.0436254611539129   0.209022443397036 0.529096401815909 1779097905.32975
  -0.598451226053499 0.000582506564782908    0.235048162538894 0.642955556778028 1779097905.34969
 -0.691926640441557 0.00160453497225781   0.295873685119638 0.752533246994106 1779097905.37253
-0.666096647773616 0.0169559032253756   0.29151481864886 0.727291644611235 1779097905.3937
 -0.537478562277802 -0.0502278241750527    0.28958221637206 0.612587870650838 1779097905.41177
-0.479340591181012 -0.108701037764468  0.280134562060913 0.565737298422063 1779097905.43027
 -0.544536476849062 -0.0754792429125635   0.264664785946623 0.61013485365943 1779097905.44998
 -0.556504879029053 -0.0840722776690853    0.36205020889129 0.669213106576549 1779097905.47376
 -0.527932178402915 -0.0592896525780509   0.356419591830635 0.639736331105862 1779097905.49361
 -0.466403299039316 -0.0182244944739598   0.320759665311062 0.566348772792926 1779097905.51184
-0.472615725795427  -0.02290534557384   0.30164422182836 0.561141261793706 1779097905.53035
 -0.532869454036875 -0.0248224332526129   0.290664929943618 0.607496592366793 1779097905.55014
 -0.553444426033037 -0.0216418402296938   0.348315645426676 0.654288079369147 1779097905.5728
   -0.61165715803464 -0.00960282081404599    0.334676452246832 0.697298372887192 1779097905.59343
 -0.632995841087074 -0.0173818982117006   0.293602273053611 0.697988653175122 1779097905.61187
 -0.690843730943265 -0.0433849699273336   0.270576377143937 0.743208511837387 1779097905.63061
 -0.736105378028243 -0.0374362775396504   0.201911919362626 0.764212683497748 1779097905.65014
 -0.780956240242963 -0.0315917135161126   0.201311833053169 0.807104169029337 1779097905.67274
  -0.855479179488585 -0.00142749679813324    0.209816821844432 0.880834696758971 1779097905.69342
-0.802106745358885 -0.011802157753844  0.170439528389154 0.820100088230325 1779097905.71184
  -0.81024749580764 -0.0120903104027212    0.13627924935008 0.821717234741737 1779097905.73049
 -0.815073712928182 -0.0178437201363791   0.199168738539493 0.839244745152599 1779097905.75009
 -0.827047060292506 -0.0372438784519885   0.260521754909194 0.867908711329474 1779097905.77374
 -0.832196762413031 0.00134246550660638   0.300105906639276 0.884656322412353 1779097905.79361
-0.722795548603372 0.0585561447059933  0.270846078001569 0.774092904716553 1779097905.81231
-0.675011484538938 0.0416491017223151   0.22121219924516 0.711554628281355 1779097905.83103
-0.727720242136865 0.0487593824895626  0.261388779328251 0.774776304590695 1779097905.85064
-0.763543149577214 0.0428731295027361  0.272370544826613 0.811801675404033 1779097905.87285
-0.765799702772411 0.0556111777945205  0.247601069784803 0.806751558796502 1779097905.89284
-0.875552647676545 0.0734556765412327  0.174793858996218 0.895846565217687 1779097905.91202
-0.826398562296859 0.0696820911921354  0.126159971610698 0.838872169067514 1779097905.93083
-0.853952250414102 0.0443211192360575   0.14132831063363 0.866702082023691 1779097905.9505
-0.854580045873633 0.0325574463225998  0.162991924306456 0.870593710926946 1779097905.97272
 -0.82273560628195 0.0149387766188207  0.160329560129181 0.838345163248534 1779097905.99274
-0.780937415359824  0.029517973471096  0.113624725171777 0.789712058687902 1779097906.01199
-0.663158109740405 0.0450491278036089  0.122907891273053 0.675954474922329 1779097906.03073
-0.643630964904571 0.0520150433850296  0.178829267763034 0.670034544431105 1779097906.05014
-0.602921147445773 0.0459666815394436  0.238667544854554 0.650068490865368 1779097906.07284
-0.504322074634631 0.0510458264911311  0.230504167391642 0.55684701898354 1779097906.09377
-0.464448177712364 0.0959756699017424  0.203079225885236 0.515911437147473 1779097906.11253
-0.415227663888258  0.113918163142045  0.153811758682259 0.457219222978089 1779097906.13099
-0.498152006999804 0.0666811543804698  0.137059845769865 0.520948365723421 1779097906.15112
-0.511191646733305 0.0219854909356684   0.13528613315681 0.529247200584105 1779097906.17278
-0.551595064446654 0.0394286532510219  0.120793641244654 0.566041374445578 1779097906.1935
-0.547180227618098 0.0978443144100053  0.109284037086842 0.566500407873247 1779097906.21337
-0.560557116564455   0.10848527982259 0.0485032628102964 0.573014749698894 1779097906.23179
-0.586957247674516   0.10162539034358 0.0175241727889801 0.595947671521642 1779097906.25159
 -0.630303884213095  0.0825287705177275 0.00584373898797686 0.635710731152655 1779097906.27256
 -0.640484412787482 -0.0200050780020346   0.025226526188992 0.641293118467021 1779097906.29389
 -0.543653708569122 -0.0458167175208295  0.0187932234745101 0.545904489534485 1779097906.31281
 -0.461058203600452 -0.0647367418719881   -0.01655825841424 0.465875185835422 1779097906.3318
 -0.376996226249988 -0.0680796738167904  0.0429835442712318 0.385497836144186 1779097906.35167
 -0.308589185350452 -0.0837258553581525  0.0610056703531549 0.325513434416996 1779097906.3737
 -0.21619169025441   -0.0776295310357 0.0537800962002621 0.235918396423829 1779097906.39427
-0.0461749784770468  0.0257841563913553   0.120174884199595 0.131297197801613 1779097906.41367
0.0484057632014101  0.047667222562375 0.0933378541532961 0.115443653077438 1779097906.43256
 0.126343511034487 0.0481156923605387  0.121528211049522 0.181788087378554 1779097906.45176
 0.183314709185851 0.0274804057889521 0.0651327156980878 0.196473219448418 1779097906.47277
 0.204233113527372 0.0195580658292411 0.0573785583961228 0.213039859096091 1779097906.49452
 0.204087572561785 0.0868991069659942 0.0777112771231195 0.235036666624072 1779097906.51399
 0.236952018072583 0.0943066387594815 0.0498592670574914 0.259857552313362 1779097906.5335
 0.266157680592952 0.0845107030905906 0.0408610444980339 0.282226141299767 1779097906.5524
 0.280863686034353 0.0623372908926443  0.027590565100388 0.289018316463155 1779097906.57275
 0.300422635315903 0.0512796038969422 0.0107982463329779 0.304958947581223 1779097906.59544
 0.398394690710059  0.104249876431843 0.0306991410220226 0.412951333187712 1779097906.61479
   0.43499082342964   0.114011270478322 0.00858923928853842 0.449765896101109 1779097906.63376
  0.432596082852745  0.0564972073698285 -0.0458898975318562 0.438676632652815 1779097906.65337
  0.429664506431828 0.00554943585160745 -0.0772615629927908 0.436591036831571 1779097906.67361
  0.466451098647154 -0.0851357233335632 -0.0917726440335361 0.482956454568703 1779097906.69586
  0.457064669663399  -0.122506182858316 -0.0883158863759922 0.481368437768207 1779097906.71567
  0.481326398710536 -0.0779161822945734    -0.1101378148966 0.499876356541508 1779097906.73392
 0.488912775052415 -0.041751329499982 -0.093803889342204 0.499577866583572 1779097906.7535
  0.461715066242355 -0.0203211155643041 -0.0679530484560808 0.467130995468546 1779097906.77277
    0.526731636491979 -0.000700872610702115   -0.0444027355090093 0.528600332032262 1779097906.7958
   0.618835785145053   0.0732224511385184 -0.00278607950415169 0.623158903142554 1779097906.81579
   0.66039927874388   0.144542560288766 -0.0228492242848751 0.676418395780813 1779097906.83395
   0.692768883431181   0.0838310898385386 -0.00436644472208844 0.697836258239362 1779097906.85268
   0.70566210612827  0.0642967180353609 0.00545851267576852 0.708606287959778 1779097906.87274
    0.734217051738686    0.0134487694365634 -0.000421844670622552 0.734340334188537 1779097906.89577
  0.725946028852983 -0.0602077416744168 -0.0257772427056605 0.728894419793742 1779097906.91571
  0.767511845942588 -0.0776780203638573 -0.0928992439562626 0.777006163448844 1779097906.93433
  0.750190647203397 -0.0990353782852375  -0.162248510034006 0.773898308766602 1779097906.95363
  0.789694297956038 -0.0676221027186218  -0.199025595025639 0.817190932693013 1779097906.9728
   0.81687287188116 -0.0475346371227793  -0.250157791267271 0.855639965799569 1779097906.99616
 0.729581499591701  -0.05887988602083 -0.260628719257454 0.776970613875506 1779097907.01603
  0.751631309892468 -0.0514243865122945  -0.300250618997432 0.811014505263114 1779097907.03476
  0.774985732217765 -0.0889762235889551  -0.270917889813555 0.825782148345607 1779097907.05373
  0.801231472440004 -0.0541626918062486  -0.224604605074573 0.833878107538974 1779097907.0727
  0.864862886451106 -0.0480103633645903  -0.202889335507916 0.889638628777878 1779097907.09595
   0.847207843264439 -0.00105144993926041   -0.175581510359541 0.865211593782639 1779097907.11587
 0.782604530014657  0.011749965081917 -0.185419494521444 0.804355829858575 1779097907.13453
  0.759970901982846 -0.0356392222631554  -0.195447702878469 0.785509853906756 1779097907.15354
  0.768315543193882 -0.0437600985536788  -0.206802315305513 0.796863173797395 1779097907.17277
  0.774849546740746 -0.0686687717719149  -0.199293767387208 0.803010103311528 1779097907.19544
  0.729480217403649 -0.0111626639439801  -0.189328302299677 0.753731516324798 1779097907.21556
   0.65415827770811 -0.0313353961393912  -0.219965668755825 0.690861675573664 1779097907.23384
  0.634470790254789 -0.0795393708349135  -0.244397103091282 0.684550684170837 1779097907.25245
   0.65967999893217 -0.0482350261144719  -0.246550864984961 0.705897760132616 1779097907.2737
  0.668902122332328 -0.0320614941279251  -0.177027301446011 0.692673555236278 1779097907.29591
  0.606339809036403 -0.0130091150417605  -0.178675438492089 0.632251621917107 1779097907.31594
 0.597015868083147 0.0192770320949039 -0.184451775453632 0.625157586675118 1779097907.33414
 0.630122599224766 0.0466129325900851 -0.175415880152052 0.655742317185601 1779097907.3535
 0.610250027868643 0.0651728797994352 -0.138060910180549 0.629057561511594 1779097907.37267
  0.670375212255391  0.0926696942583883 -0.0954779573521787 0.683452001080214 1779097907.39608
 0.660753564332612 0.0698418855377591 -0.062983020023143 0.667412932572449 1779097907.41598
  0.725333001282083  0.0204257195625077 -0.0196233120697055 0.725885836165099 1779097907.43449
  0.801768561177676  0.0126656103758481 0.00338885534942883 0.80187575578745 1779097907.45271
 0.753282611557124 0.0218753012213522 -0.022128633904524 0.753924995020278 1779097907.47269
   0.735607028209877 -0.00861580924000578  -0.0272754425585162 0.736162945201258 1779097907.49593
   0.71056520657299  0.0177858549554966 -0.0150887607031739 0.71094790254151 1779097907.516
  0.695009472836912 -0.0531974259365861  0.0269640214930208 0.69756375473099 1779097907.53459
   0.680688609877818   -0.118278338219966 -0.00207828174457929 0.690891502454968 1779097907.5534
  0.597556018795471  -0.132606228669548 -0.0854250432638437 0.618025117205832 1779097907.57371
  0.529648037256672  -0.115974812841372 -0.0565725199903505 0.545140028434434 1779097907.59645
  0.510223759667188 -0.0942869289807885 -0.0749216486656563 0.524243801436248 1779097907.61645
  0.577759208753545 -0.0838646835675264 -0.0887609620402038 0.590523070532987 1779097907.63583
  0.583891519278861 -0.0626288373242664 -0.0481611888428963 0.589212336650488 1779097907.65357
    0.5291061073858 -0.0482625216228871 -0.0833195496275688 0.537796142805519 1779097907.67281
  0.500342399530639 -0.0515101500884204 -0.0432619013312679 0.504843940675736 1779097907.69684
  0.449075860709056 -0.0654291502233262 -0.0440356038666695 0.455948721654561 1779097907.71617
  0.419569332655884 -0.0554177659683691 -0.0445535615120214 0.425552080870995 1779097907.73471
  0.459671098876645 -0.0618274541729727 -0.0523461613784961 0.46675504693901 1779097907.75271
  0.324984251469033 -0.0506601277006886   -0.13820971612257 0.356767624473157 1779097907.77266
  0.215962776241153 -0.0460027238075453 -0.0981353307120925 0.241633429917037 1779097907.79616
  0.112805576359133 -0.0881644977391233 -0.0884610577531155 0.168295678667363 1779097907.81664
-0.00389911208568698  -0.0764607530442407     -0.1149990630243 0.138152938179454 1779097907.83539
 0.0182303867475694  -0.090090049837776 -0.0928249294148177 0.130633194868704 1779097907.85381
 -0.164707413705502 -0.0768405219620048  -0.108060579938884 0.211447598429674 1779097907.87264
 -0.251721934062019 -0.0391622034274391 -0.0678807746844578 0.263638786670281 1779097907.89617
   -0.356045950145535 -0.000294770920564031   -0.0153954377053234 0.356378766212398 1779097907.91746
  -0.354313108897481 -0.00418686040272582  -0.0626210703148163 0.359828719509718 1779097907.93558
   -0.251243028650463 -0.000910645483829408   -0.0280969443748917 0.252810852227234 1779097907.9537
 -0.384883365316052 -0.0173019331129147 -0.0163854581854543 0.385620337931495 1779097907.97274
 -0.477456673222029 -0.0554011213730098  0.0404449101259374 0.482358735599066 1779097907.99613
-0.462341642242185 -0.108021293227855  0.103304646513453 0.485901475541172 1779097908.01653
-0.412268726882191 -0.103566611744523 0.0897772685301633 0.434455411035517 1779097908.03563
-0.303826582688515 -0.136200889730277  0.130383492217963 0.357576746663499 1779097908.05369
-0.377162266380054 -0.121063682037888  0.134853223286541 0.418441372381221 1779097908.07277
-0.448460856329876 -0.128113421145798  0.177509471916176 0.49903887720073 1779097908.09583
 -0.434752636439202 -0.0934350565707281   0.204271864500519 0.489353613774059 1779097908.11668
  -0.41567152045502 -0.0103735196836043   0.185580111589646 0.455335481426212 1779097908.13567
  -0.343815620441532 -0.00175245499491671    0.209449689010908 0.402593373250071 1779097908.1539
-0.439595703165323 0.0542511930047709  0.209322827664764 0.489901643562693 1779097908.17367
-0.482824587213726 0.0479573325033405  0.241753377498916 0.542092412131986 1779097908.19587
-0.562562432143538 0.0146094573969361  0.254666941457569 0.617693433165707 1779097908.21732
-0.645954247353245 0.0727635799128549  0.196533407129818 0.679099998787724 1779097908.23575
-0.661267672173593 0.0433336285072762  0.175675585867664 0.685576143904845 1779097908.25394
  -0.813061844926483 -0.00674720017736776    0.141157077370445 0.825251724552731 1779097908.27269
 -0.872912790115181 -0.0661040828099551   0.133966072620253 0.885603408713015 1779097908.29477
 -0.97165407980528 -0.143295590317892  0.161517038278316 0.995355730711889 1779097908.31613
 -0.987982540477269 -0.0555856113802811   0.124712237928521 0.997372750163939 1779097908.33572
 -0.950596136816175 -0.0942326363385222   0.120577976097885 0.962835319980009 1779097908.35394
  -1.01180803026165 -0.0957561622542648  0.0966249077566323 1.0209118989955 1779097908.37377
 -1.02023680730808 -0.103859016567548 0.0824178148791592 1.02881608391297 1779097908.39421
 -1.08120591829634 -0.148500018752013 0.0883409661745077 1.09492585120319 1779097908.41585
 -1.11896582434574 -0.214121012492665 0.0499650195902266 1.14036346277285 1779097908.43548
   -1.143663924674 -0.237217303851169 0.0274781871101425 1.1683296934573 1779097908.45376
 -1.11600864978496 -0.236101130924099 0.0201865076248232 1.14088848951533 1779097908.47264
 -1.07891264787497  -0.22692188499057 0.0408641014701671 1.10327508737451 1779097908.49248
  -1.0524513937079 -0.210988542681327  0.107791551468877 1.07879058200772 1779097908.51555
 -0.987698680561708 -0.0985159076502672  0.0838753142010929 0.996137107016813 1779097908.5346
 -0.993269717734397 -0.0749724759723506  0.0545106276272903 0.997585591739333 1779097908.55381
 -0.962826519977275 -0.0201395187499785  0.0486911978178625 0.964267255760543 1779097908.57265
 -0.962132711813321 0.00582026326239049   0.071703446662631 0.964818436219478 1779097908.59337
  -0.941569406423572 0.000564419570223287    0.125943831542052 0.949955322310361 1779097908.6155
-0.914531996554765 0.0750380033240716 0.0893047423593165 0.921940785339911 1779097908.63612
-0.807258757396764 0.0988366172787384 0.0589954792303013 0.815423721066835 1779097908.6541
 -0.822485023060685    0.12583668870941 -0.0301398632648236 0.832601283173469 1779097908.67277
 -0.842378999642392   0.129300967577414 -0.0354483294441358 0.852981654735524 1779097908.69395
 -0.896028197781965  0.0948271735035717 0.00711311870190025 0.901060109267267 1779097908.71549
  -0.958638092784103   0.0790991105961711 -0.00670689797002144 0.961919250620461 1779097908.73481
 -0.975701173155416  0.0504245509191259 -0.0740766500844992 0.979807514116927 1779097908.75396
 -0.992520794890668  0.0167315168501727 -0.0963727646912547 0.997329023803453 1779097908.77268
  -1.01467774484301  0.0393999095552634 -0.0562456630420995 1.01699894462271 1779097908.79266
 -1.03480428827312 0.0334678856327426 0.0116009905887776 1.03541035216952 1779097908.81538
 -0.997438220334303 -0.0107031266741546  0.0598163589275337 0.999287524739307 1779097908.8354
 -0.945917488757867 -0.0315656842003325  0.0116073560747985 0.946515197274756 1779097908.85393
  -0.924207090300673 0.000134152564649995   0.0353458744332624 0.924882746405402 1779097908.87277
-0.925108528657633 0.0358655742966968  0.102756728579013 0.931488633576913 1779097908.89256
-0.859848831542875 0.0473442799092473  0.164309939679952 0.876686517646645 1779097908.91567
-0.765795448080482 0.0585424217839341  0.178636999602362 0.788530951247983 1779097908.9354
 -0.681621201267491 -0.0423036338672864   0.165065346176397 0.702597771106662 1779097908.95392
-0.594343317721584  -0.13329357273435  0.193539170964508 0.639115456353714 1779097908.97375
 -0.584869884896569 -0.0886251734083458   0.207934555296696 0.627027896434457 1779097908.99259
 -0.512027938681052 -0.0708911649364076   0.221903742183148 0.562529499716142 1779097909.01575
 -0.506785052263502 -0.0577897058985042   0.205170281830896 0.549786853109572 1779097909.03562
-0.512329724297304 -0.101845904484605  0.167853309891128 0.548661159824755 1779097909.05392
 -0.548737463472838 -0.0795307874305006   0.169925925543149 0.579924796969069 1779097909.07274
 -0.552602735995036 0.00245315682944334   0.136540138113452 0.569226678155258 1779097909.09257
-0.562478066225275 0.0306264448539427  0.140862683588565 0.580656395587518 1779097909.11453
-0.546959811149481 0.0679332206799742  0.132888513708368 0.566956183986248 1779097909.1345
  -0.52342405196649 0.00861379054636641   0.113258253198169 0.53560654167224 1779097909.1535
  -0.48420631602764 -0.0362260650280448   0.119949901505967 0.500156038791661 1779097909.17273
 -0.415921945315644 -0.0147874275794085   0.133952787210658 0.437210569189572 1779097909.19184
-0.396153787939104 0.0785531634697467  0.125731264293534 0.422985548228845 1779097909.21395
-0.281919721538029  0.118236131903201  0.151683660143704 0.341271805214117 1779097909.23433
-0.161469712724371 0.0514414397540183  0.138234572932802 0.218694963374037 1779097909.25282
-0.0703679709744598 -0.0490062702867095    0.11215879403548 0.141183784288316 1779097909.27272
 0.0203302562334987 -0.0506060380328665   0.094169547163106 0.108821845310618 1779097909.29188
 0.0841899640628566 -0.0532108159782248   0.125055441155953 0.159869335235634 1779097909.31544
 0.198408564442965 0.0161679160707419 0.0898495616211692 0.218403991900114 1779097909.33477
 0.282857815241129 0.0345362716644355  0.104247163491298 0.303428358594654 1779097909.354
 0.350491502063335 0.0240135843830732 0.0948841243908641 0.363901006202177 1779097909.37279
 0.429131915108946 0.0982563398691388 0.0223901268533214 0.440805883207177 1779097909.39328
     0.44528419858242     0.125061543743469 -0.000540543642544515 0.462513458634575 1779097909.41553
  0.51175114493772   0.15864956313473 0.0352541457892756 0.536937401400982 1779097909.43475
 0.574843710461902  0.110357281111964 0.0436926777107975 0.58696939531595 1779097909.45395
 0.607489369541635 0.0808327132704728 0.0186400184071203 0.613126994942302 1779097909.47259
   0.66103886948333  0.0708518856282747 0.00213844271715362 0.664828511423912 1779097909.49216
  0.699901394950656  0.0682196546174259 -0.0278049291344713 0.703767715950489 1779097909.51465
  0.714435181664587  0.0948016761553052 -0.0164754699866796 0.720885863166457 1779097909.53543
  0.688874493512429   0.109761538135122 -0.0278065803824934 0.698118090997763 1779097909.5538
 0.677100047906873  0.116767777822264 -0.068188137849941 0.690469992799457 1779097909.57259
 0.750887585136795  0.106415113177783 -0.074528286479944 0.762043835557276 1779097909.59226
 0.861882481866249 0.0957527488650671 -0.102781565857591 0.873254860704067 1779097909.6157
  0.903311661321637  0.0821043325816489 -0.0533701024023508 0.908604119921746 1779097909.63543
  0.907387111241473  0.0970459606468081 -0.0457339157459433 0.91370721742496 1779097909.65386
 0.934885495411197 0.0800622095142033 -0.050374534975927 0.939658683084755 1779097909.67259
  0.976220953697919  0.0371047027295076 -0.0132202801940812 0.977015294256917 1779097909.69247
    1.03638029940806    0.016542829361742 -0.00925667916363217 1.03655365336946 1779097909.71543
  1.09038006413147 0.0146031163185872 0.0412670254313912 1.09125840324349 1779097909.73563
  1.08518327168748 0.0561600727385198 0.0234739881253841 1.08688900769069 1779097909.75445
   1.08371742115553  0.0799155413816723 -0.0208173691084064 1.08685937707089 1779097909.77276
  1.03790092628016 0.0123065800610149 0.0202693488458567 1.03817177345016 1779097909.79221
     1.1045331422969 0.000783869145621473   0.0154227951096088 1.10464109080375 1779097909.81411
   1.14143939679694 -0.0588653689719139  0.0568963146322234 1.14437153881207 1779097909.83468
  1.10900414269279 -0.153317190093035 0.0231660133899715 1.11979150446152 1779097909.8539
    1.1248996973437  -0.187427153465591 -0.0449878743947746 1.14129407944785 1779097909.87276
  1.09347754377913 -0.199200992783004 -0.120764570846137 1.11801532004111 1779097909.89203
  1.12914481940086  -0.20471349474776 -0.180857858526371 1.16171648998471 1779097909.9137
   1.1404556202474 -0.181524491814134 -0.200648807970877 1.17211352138878 1779097909.93462
  1.02077657383727 -0.106652843807812 -0.252484396833651 1.05693330604712 1779097909.95402
  0.954458633295357 -0.0672929075787818  -0.270360203016806 0.994290831425964 1779097909.97262
  0.892137104618308 -0.0785341775447364  -0.307765864971548 0.946993166881922 1779097909.99235
  0.905175141589599 -0.0658494169365545  -0.341320013868694 0.96962752360376 1779097910.0135
  0.932601417424848 -0.0662445935755781  -0.329583814111675 0.991342140981219 1779097910.03484
  0.863458381851382 -0.0625484084404734   -0.29987604921609 0.916186839831971 1779097910.05431
 0.810208282366248 -0.110459609197219 -0.319288228840941 0.877829003368682 1779097910.07275
 0.825224945037634 -0.107190911564329 -0.339384495151485 0.898703475559979 1779097910.09207
 0.925371704943934 -0.116086625417021 -0.352289896039359 0.996943863897551 1779097910.11326
  0.997688585124218 -0.0853023132285292  -0.316529749252483 1.05016669138339 1779097910.13465
  0.922383284962465 -0.0051621760735233  -0.346611152995537 0.985371434445336 1779097910.15397
 0.898113326231431 0.0530673127611104 -0.339924400667819 0.961754794429197 1779097910.17266
 0.823344643861927 0.0651862464911896  -0.34241028455575 0.894086378532457 1779097910.19171
 0.841259858078821 0.0555847580318993 -0.361173951116927 0.917199235229552 1779097910.21207
 0.853228324960015 0.0124397909188946 -0.373200713048279 0.931360346553321 1779097910.23547
 0.774891291809811 0.0341029510150497 -0.374478130029246 0.861309117135545 1779097910.25435
  0.747310090156108 -0.0120346766471603  -0.390166700959964 0.843117583038756 1779097910.27276
   0.650228800078635 -0.00907585497749259   -0.458792358948289 0.795845645979551 1779097910.29167
  0.628059253909509 -0.0129469406347863  -0.505145388564452 0.806100436224358 1779097910.31223
  0.627554666560171 -0.0192934284309858  -0.511732989314777 0.809980091270833 1779097910.33537
  0.696564916282247 -0.0812391130919077  -0.472487926920694 0.845604705034846 1779097910.35445
  0.78740860731066 -0.119574481771136 -0.409173894556371 0.895395804962352 1779097910.37269
 0.729829949739645 -0.151729193272857 -0.408700109357244 0.850123098743251 1779097910.39073
 0.636521735749227 -0.189513603849605  -0.46158100167988 0.808784487510162 1779097910.41148
 0.559610932151119 -0.235061868607411 -0.460613324822081 0.761960046498439 1779097910.4339
 0.516922966506149 -0.184582127875295 -0.465816135288451 0.719905957141319 1779097910.45388
 0.550994719498006 -0.138283218721651 -0.453184841162496 0.726700715394022 1779097910.473
   0.47215035214353 -0.0879027648768215  -0.402531217154053 0.626645220109252 1779097910.49003
  0.364883737913892 -0.0624088177286315  -0.378314645220652 0.529298567457657 1779097910.51135
  0.251483189247117 -0.0996522948340923  -0.340748937787239 0.43506805553009 1779097910.53486
 0.183260856947777 -0.101176103854953 -0.342692986155799 0.401571448737183 1779097910.5542
0.213082726127927 -0.10538333100185 -0.34533508234209 0.419244813591502 1779097910.57273
 0.120004777267477 -0.124934749056712 -0.333362530611909 0.375686591329603 1779097910.59078
-0.014387706652008 -0.133559732528184 -0.328816549723067 0.355197876721535 1779097910.61166
 -0.151214171136087 -0.0911294679766397  -0.260441916847217 0.31464312726823 1779097910.63454
 -0.159581501503806 -0.0546486865431369  -0.253929493661383 0.304849015603177 1779097910.65461
-0.0986467232437353 -0.0353559733116621  -0.238499250349012 0.260505495666755 1779097910.67273
  -0.059759414527768 -0.00400892614443218   -0.151336743175534 0.162757700120488 1779097910.69143
 -0.163119878796794  0.0326369351303311 -0.0913009187148355 0.189760697067531 1779097910.71169
 -0.243738810447302  0.0371198531639401 0.00268534252472672 0.246563789477801 1779097910.73545
 -0.222353972235188 -0.0280246167776235  0.0132842771228865 0.2245064367295 1779097910.75546
-0.170358396501677 -0.051770714236899 0.0175550521177633 0.178914420788484 1779097910.77372
-0.151129617586916 -0.101267506746549  0.055625950337825 0.190235421479849 1779097910.79139
-0.259575818425054 -0.123830881371788  0.100911878058045 0.304789927368921 1779097910.81249
-0.388663429849122 -0.126796048373357  0.171094484006771 0.443181477549237 1779097910.83542
-0.294559448273323 -0.166962945242366  0.181169232799414 0.384010656836784 1779097910.85595
 -0.19728415317058 -0.188018474003392  0.187962630241988 0.331061828102068 1779097910.87362
-0.146876348312422 -0.162577946845585  0.159495586119926 0.271003860647513 1779097910.89149
-0.212788188948815   -0.1569681668869  0.170762463660435 0.314766004783445 1779097910.91065
-0.318502105532681 -0.126452548433517  0.281389840646189 0.443411863455376 1779097910.9342
 -0.312541021224693 -0.0538619206600134   0.306970416993904 0.441377200764574 1779097910.95507
 -0.238104223531758 -0.0168772698601221   0.305530933958718 0.387721053216457 1779097910.9727
-0.183703619071317 0.0125933195435556  0.297257396349786 0.349667800979271 1779097910.99067
    -0.3295676084745 -0.00165643921088433     0.33976514123531 0.473347550479678 1779097911.01042
-0.489007651011534 0.0361706456183065  0.394419383672853 0.629288048964174 1779097911.03455
  -0.58009497933461 -0.0696583478993993   0.355167063808396 0.683744187321232 1779097911.05435
 -0.647687504834276 -0.0858818233336147   0.263697152793695 0.704564390165341 1779097911.07264
-0.682468956340826 -0.104664065845366  0.243014120458526 0.731966055080733 1779097911.0914
-0.885076020899279  -0.12780855628813  0.211437658892118 0.91891265821575 1779097911.1106
-0.959125879366599 -0.111346557761424  0.266830996725794 1.00175809914857 1779097911.13385
  -1.0215131842373 -0.089209045878978  0.277068114242083 1.06217426977259 1779097911.15425
-0.928854459043106 -0.147643678074314  0.271695614452548 0.978972813040444 1779097911.17269
-0.846933871919266  -0.16602348761402  0.274322677675182 0.905601299320271 1779097911.19159
-0.874931114021366 -0.145693103824493  0.302185609388878 0.937041662524357 1779097911.21128
 -0.858590159940686 -0.0932801378179788   0.351797074293842 0.932544598579618 1779097911.23375
 -0.854404941898888 -0.0955738278433051   0.363606498736153 0.93346229020407 1779097911.25392
-0.819456765719286 -0.147026191418343   0.33675744684588 0.89807108285049 1779097911.27268
 -0.80119764635403 -0.160653480395226  0.318716067079252 0.877101556663083 1779097911.2916
-0.852948704232945 -0.143210138951295  0.292181974182638 0.912907959209674 1779097911.31063
-0.837344911068296 -0.140522057238522  0.334715859360573 0.912648703045156 1779097911.33343
-0.959010778465991 -0.181200380231183  0.369509200901614 1.04358626886368 1779097911.35364
 -1.08383950054243 -0.141830954011561  0.299753791718597 1.1334356700323 1779097911.3726
 -1.19157719731977 -0.173042021585265  0.263684271533735 1.23261070637125 1779097911.3916
 -1.21769194770396 -0.163855852689989  0.199336583519558 1.2447318962303 1779097911.41076
-1.23834410166778 -0.14081918071375 0.245591738466069 1.27029187897706 1779097911.43259
  -1.2731223824338 -0.108341808619665  0.310598461215544 1.31493344023884 1779097911.45343
  -1.23080286486414 -0.0251679239822617   0.319294132750712 1.27179316705366 1779097911.47257
  -1.17045274566104 -0.0245208200527373   0.312838183563452 1.21178736977112 1779097911.49174
  -1.08964766034481 -0.0462852262685941   0.348646985927671 1.14500177583361 1779097911.5113
  -1.10752074030254 -0.0728881927410116   0.415521481318309 1.18514681802649 1779097911.53217
 -1.08141844503238 -0.131210896360436   0.45858969574169 1.18194190281097 1779097911.55349
-0.931112769401377 -0.132796875982619  0.386870715336745 1.01699309240437 1779097911.57259
-0.918557090765078 -0.139833296770717  0.335429191518239 0.987832588247194 1779097911.59143
 -0.959569353666899 -0.0972223965235141   0.245398705731736 0.995211567284714 1779097911.60978
 -0.973208239794554 -0.0883314328644705   0.191703590296284 0.99583481891747 1779097911.63026
 -1.02637141342678 -0.105707669960078   0.21196877012712 1.05334854122331 1779097911.65038
 -1.17540418184617 -0.132466811677858  0.231990118893659 1.20538038069394 1779097911.67717
-0.890220654243485 -0.135685160356814   0.09937657726093 0.905968531512464 1779097911.68866
 -1.08123029577539 -0.267821376535296  0.120660637885588 1.12042234526395 1779097911.70856
  -1.2395960992072 -0.267370571879735  0.100061179175336 1.27204471283637 1779097911.73028
 -1.34478512570006 -0.292153728060745 0.0934329384634758 1.37932249641403 1779097911.75231
  -1.3638532214874 -0.304531542133084 0.0260130027284322 1.3976808456248 1779097911.77269
  -1.29152117875727  -0.332809394071494 -0.0344268267687812 1.33415675779204 1779097911.79171
 -1.25697585801212 -0.270747830236463 0.0171240145227414 1.28591832053067 1779097911.81016
 -1.26844861455215 -0.233690060267387 0.0878399403835867 1.29278334888474 1779097911.83078
 -1.24324878326667 -0.259965376167294  0.311227569902426 1.30771255792977 1779097911.85366
-0.908102888595422 -0.183486518865993  0.497439464270349 1.05155322237844 1779097911.87257
-0.661170476382075 -0.190800618205337   0.54687472359311 0.878989896444708 1779097911.89171
-0.541601671610852 -0.237345489071064  0.577241927474106 0.826361600455922 1779097911.91053
-0.494032402916887 -0.220997330363771  0.544364653795358 0.767620160926931 1779097911.93057
-0.471631105720756 -0.242866545439644  0.546426177759883 0.761578378447317 1779097911.95347
-0.314226727023048 -0.213382422991895  0.563660118120751 0.679693477368592 1779097911.97259
-0.242261069468559  -0.21504890626612  0.516373677905609 0.609572172183138 1779097911.99161
 -0.22687962221505 -0.195308686488244  0.517083114287773 0.59749041253877 1779097912.01131
 -0.277587258509311 -0.0694604800055528   0.444172138520992 0.528363826361749 1779097912.03064
-0.288521285773688 -0.036764194056393  0.457659604484773 0.542262345997099 1779097912.05363
 -0.172945292299253 -0.0145428485880763   0.533410408682676 0.560935141228065 1779097912.07364
 -0.113371415562286 -0.0876838150844316   0.564048689493645 0.581972897490816 1779097912.09198
-0.119015550813103 -0.104528710835184   0.57879587060862 0.600079671841834 1779097912.11139
 -0.154906444442729 -0.0170771509660016     0.5108615364159 0.534104058217327 1779097912.13032
-0.172662332224481 0.0222375515092999  0.453053845490242 0.485349952693746 1779097912.15382
 -0.137799974297304 -0.0324693169705098   0.437798776975289 0.460120482680273 1779097912.17259
-0.117079915582898 -0.152978392916336  0.441343650790154 0.481554060750135 1779097912.19192
-0.0510180433610213  -0.245733464108513   0.404166921709224 0.47575064554351 1779097912.2106
-0.116145872039885 -0.149356018144833  0.244814985011117 0.309405010680142 1779097912.23033
-0.123293426757726 -0.131117891263202  0.175920812148915 0.251676980747356 1779097912.2536
-0.0540894937449529 -0.0521796499823304   0.123237426893396 0.144346294005662 1779097912.27262
  0.072597389570793 -0.0289060465330224  0.0876450074075696 0.117420559622818 1779097912.29204
  0.152413996058234 -0.0254546085895222  0.0603735752015625 0.16590036731576 1779097912.31131
  0.173002670361234  0.0767322654259286 -0.0277720478580894 0.191282647283398 1779097912.33073
  0.264854614800955   0.138736660222166 -0.0726216110829705 0.307684458930328 1779097912.35372
  0.401513790280584   0.195302373988747 -0.0267456791178316 0.447293720526675 1779097912.37271
 0.567839370767631  0.154939364069948 0.0647312810046365 0.592146853637406 1779097912.39194
 0.688950673815157  0.132403515683844 0.0705919118308727 0.705100659432211 1779097912.41062
 0.756284007059352  0.181277764007711 0.0202107511837502 0.777968894957116 1779097912.43051
   0.81015196640802    0.22848797135643 -0.0780033900011403 0.845362342774404 1779097912.45356
   0.84932229780916   0.232380876458596 -0.0567121074542608 0.882363587435134 1779097912.47253
  0.872480914048261    0.16420967013497 -0.0718865185070077 0.890705020019188 1779097912.49191
  0.865120751616037   0.110240686656631 -0.0867158253888122 0.876416886101634 1779097912.51058
 0.903538606644563   0.15629126854277 -0.134096230358215 0.926709648874009 1779097912.53048
 0.856511367740365  0.184154238154199 -0.226270249201603 0.9048329857893 1779097912.55349
 0.871754709724537  0.218061316654318 -0.226705814025466 0.926769948725613 1779097912.57362
 0.935321668813962  0.159471179980963 -0.233869236882481 0.977216711562717 1779097912.59199
  1.00202565639453  0.128861977800463 -0.279810803939585 1.04831050333231 1779097912.61231
  1.02014287963373   0.15870588915696 -0.321023160388151 1.08117293881511 1779097912.6306
  1.09748269824722   0.16866922872133 -0.383099658728042 1.17459905081989 1779097912.65322
  1.09476447124014  0.110046466559801 -0.320458919589879 1.14599886188282 1779097912.6728
   1.08008312394869 -0.0197997190032629  -0.308122818509162 1.12334823398508 1779097912.69173
  1.09656738686619 -0.132858916715136 -0.317799450440292 1.14939463039872 1779097912.71147
  1.09192176391194 -0.180790055827652 -0.303370506340511 1.14761136579768 1779097912.73055
  1.08851675630966 -0.180616488576866 -0.358969282428298 1.16032322670876 1779097912.75236
  1.10438091180833 -0.155579126567247 -0.368923404324188 1.17471977137025 1779097912.77256
  1.11528100912792 -0.155124003591154 -0.403795117393393 1.19622977836296 1779097912.79175
  1.13880551221394 -0.126297243757337 -0.452209403074541 1.23179638441529 1779097912.81004
  1.20958678142751 -0.110441382709474 -0.467291612870428 1.30140652076052 1779097912.83025
   1.17101385135735 -0.0773895899970332  -0.499130483299628 1.27530146556397 1779097912.85226
   1.18661740086448 -0.0533595070428632  -0.441672701603363 1.2672737937667 1779097912.87261
   1.12080577707529 -0.0254817499436911  -0.457253601003456 1.21075834299672 1779097912.89164
    1.03908388596261 -0.00591451210884706   -0.462192620509474 1.13725648908857 1779097912.91045
 0.990236236508087  0.036904974267373 -0.463426556351091 1.09393507775864 1779097912.93031
  1.03215527176522 0.0359422336368069 -0.452438648255766 1.12753584405421 1779097912.95243
    1.02708106514735 -0.00230646603619416    -0.41459359346779 1.10760493043066 1779097912.97269
  0.90605412934083 -0.063160000022304  -0.43171079312902 1.00563287525939 1779097912.99197
 0.874769714457947 -0.150450086882836 -0.449522640238434 0.994951197829734 1779097913.01147
 0.876139412320556 -0.166859425349792 -0.406447718765163 0.980133708092358 1779097913.0305
 0.987216298003118 -0.144071500490935 -0.348496895856302 1.05678886383145 1779097913.05241
  1.03582990498138 -0.126170978323342 -0.254674425280824 1.07411441230296 1779097913.07254
   1.12259007292699 -0.0386792043261877  -0.217026608358269 1.14403020126963 1779097913.09195
  1.15314536254218 0.0235169877230802 -0.222948045775104 1.17473533486442 1779097913.11022
  1.16224518112985 0.0593047118540503 -0.238420899242884 1.18792905305975 1779097913.12993
1.23856937752838 0.10008121340009 -0.2451647798549 1.26656074528938 1779097913.15145
  1.21495287786164 0.0823360557353943 -0.249028096580816 1.24294195937904 1779097913.17245
  1.08183877862472   0.12601536163969 -0.330975927758408 1.13833214795197 1779097913.19156
  1.02928574476148  0.130887410615383 -0.345683035572573 1.09364410102623 1779097913.20993
  1.00085344157662  0.101124183846824 -0.427648258739632 1.09307673348099 1779097913.22968
 0.996386341034872  0.127915306978779 -0.440971935912224 1.09708901854978 1779097913.2513
 0.926244518709955  0.115415105610355 -0.389734204646408 1.0115049704844 1779097913.27267
 0.869451949568595 0.0551692775516108 -0.326779479454791 0.930470402531398 1779097913.2918
   0.9199438078741 0.0143350575594955 -0.258424206193473 0.955659549142821 1779097913.31019
 0.866217032903033 0.0716560771789732 -0.226098344700611 0.89810188896604 1779097913.32858
 0.911460200439016  0.135136119231002 -0.156235047392528 0.934575228506989 1779097913.35024
 0.930159302551436  0.188625193544249 -0.117805350879147 0.956375393064009 1779097913.37268
 0.830382065673968  0.163814349542494 -0.131215867181967 0.856497005195764 1779097913.3918
  0.859456166597747   0.108348726791867 -0.0972754060892584 0.871703420625469 1779097913.41004
 0.742698026329161 0.0374402871392136 -0.137566779217106 0.756258389810299 1779097913.42969
  0.693139502912876 -0.0514115712109139  -0.110667152729044 0.703798791449543 1779097913.45005
  0.681022505295875 -0.0699373467995326 -0.0889992968663709 0.690364946995093 1779097913.47267
  0.552036159028298 -0.0259439424750951  -0.142147071352376 0.570633681901029 1779097913.49198
  0.582758690369091 -0.0273996293450777   -0.11569409232136 0.594763443637055 1779097913.51014
 0.487658477394487 0.0356123536663137 -0.101015866790917 0.499282721162954 1779097913.52962
   0.41732775930718  0.0493886349063743 -0.0385713153501616 0.422006448190201 1779097913.54983
 0.403337674017129 0.0620598727733933 0.0510630832488444 0.411266514028405 1779097913.57255
  0.303418173371058   0.123414300766807 0.00132528139952712 0.32755981734086 1779097913.5922
 0.298114482161999   0.13219178563965 0.0198425849613746 0.326711862109819 1779097913.61015
  0.15333795314815  0.160198494751294 0.0271056054047368 0.223407250197038 1779097913.62831
0.0619191029596117  0.185985609004762  0.108668452993617 0.224128210505106 1779097913.64976
-0.0196012245058064   0.252663329867022   0.155910349193746 0.297541599187969 1779097913.67355
-0.100668105218395  0.172726575426594  0.138358717033119 0.243128920217055 1779097913.69221
-0.0943816908048575   0.136652672503303   0.173292754304705 0.24002548855484 1779097913.71058
-0.18043322558608 0.112832366234547 0.174070006238875 0.274932098594337 1779097913.7297
-0.241244332533968 0.0803521823902693   0.26353745226551 0.366206621924337 1779097913.74994
-0.316395056537756  0.103251239064532   0.33558010700058 0.47263163074895 1779097913.77252
-0.300781533083521  0.065259327513642  0.290960533642593 0.423540249101769 1779097913.79233
-0.244039382894683 0.0317018991441895  0.270752689722567 0.365878736475586 1779097913.81151
-0.257741470374888 0.0183222997151456  0.208004214238691 0.331710906300827 1779097913.82951
-0.334314829411508  0.024297581247025  0.195335476263972 0.387959696239409 1779097913.84993
-0.451242019022208 0.0138192172195907  0.189487177032124 0.489607721298801 1779097913.87251
 -0.537028912339166 -0.0102118248006215   0.033872552726437 0.538192980149455 1779097913.89222
   -0.54917787056663  -0.0370677942350161 -0.00971258749030925 0.550513114508006 1779097913.91038
 -0.657528688164572 -0.0878499214538062  -0.125604521907143 0.675157818870807 1779097913.92943
 -0.879898788307743 -0.0795090611782152  -0.145444744982209 0.895375754819068 1779097913.94974
 -0.993559609974717 -0.0743473404908661 -0.0700106145843287 0.998794128820175 1779097913.97256
-0.897223414444862 0.0355869135461455 -0.037656344389277 0.898718133853213 1779097913.99247
  -0.815275891754527    0.069750698219062 -0.00701110569594558 0.818284238624493 1779097914.01127
 -0.799483007808636  0.0932886838798587 -0.0202972146128545 0.805163235149134 1779097914.02964
 -0.893784705304733   0.109561694000188 -0.0946383228194853 0.90543430262772 1779097914.04965
-0.931803759577663  0.070459872508277 -0.100652675525972 0.939869034008189 1779097914.07254
-0.953561573276399 0.0356661654527708 -0.177502472339942 0.970597175492623 1779097914.09258
 -0.951668262453708 -0.0657869379201449  -0.198616534624883 0.974396700932924 1779097914.11136
 -0.948889680251565 -0.0730514419503833  -0.318884053635881 1.00370074131795 1779097914.12996
   -1.04935639735119 -0.00854481174302551   -0.425790782731599 1.1324838423257 1779097914.14996
   -1.12414201036652 -0.00211129573442678   -0.449220706330326 1.21057794463491 1779097914.17251
 -1.22352742112928  0.136473219188093 -0.508025144854661 1.33181599240113 1779097914.19325
 -1.20963202638992  0.235293941220856 -0.538847531755789 1.34496451273732 1779097914.21159
 -1.26479586217203  0.267250717340147 -0.556524305074577 1.40742702156277 1779097914.23028
 -1.34588371501348  0.347051211088972 -0.592699336522737 1.51100629415344 1779097914.25018
 -1.39251555958838   0.34212946157753 -0.576133829890076 1.54534214403118 1779097914.27257
 -1.45206644794117  0.294658601920277 -0.524945226486947 1.57190589786206 1779097914.2932
 -1.46623785865215  0.177384706845398 -0.544697291002991 1.57417087102813 1779097914.31179
 -1.54527181896438 0.0612889769484105 -0.539434176378195 1.63786768813164 1779097914.33032
 -1.67455282159014 0.0585647897126352 -0.463427791894958 1.73848275953206 1779097914.35001
 -1.69791194709066 0.0351885123245757 -0.412033329637967 1.74754532879847 1779097914.37251
  -1.7675991146794  0.124715105048143 -0.363920545553359 1.80897723897191 1779097914.39222
-1.76968339524515  0.14217148440652 -0.36685203406375 1.81289063798164 1779097914.41137
-1.61933734170958 0.123991235537495 -0.35813026209983 1.66309486722101 1779097914.42998
 -1.50372597125996  0.121096261180898 -0.279770675064627 1.53431669864465 1779097914.44975
 -1.44419666588925 0.0736515875310319 -0.208479335196656 1.46102436643456 1779097914.4736
  -1.14308790822947  0.0531106942135277 -0.0986881220814545 1.14856869939078 1779097914.49349
 -0.75996682488307  0.186730105112902 0.0276508977819036 0.783059563013233 1779097914.51171
-0.571027046106705  0.207600263000001 0.0748362158137302 0.612184788916172 1779097914.53034
-0.435386685887405  0.153076963693253 0.0671838926597166 0.466377313443177 1779097914.55019
-0.489240733737979 0.0603031615446259 0.0238376859629546 0.493519201361834 1779097914.57366
-0.554615306750172 0.0225163582772001 -0.111998913203221 0.566258670070805 1779097914.59247
 -0.724520689785986 -0.0820389737499053  -0.215753268837672 0.760401273115741 1779097914.61159
 -0.852522032031109 -0.0401974447863599  -0.263921241937202 0.893344318620474 1779097914.63024
-0.942024184023351 0.0285807315587344 -0.361876784045919 1.00954506008039 1779097914.64966
 -1.05652969183162  0.148695451511078 -0.384640359227847 1.13415763144672 1779097914.6725
-1.07823298905716  0.26840647136211 -0.44404942945842 1.19658192714187 1779097914.69168
 -1.11940232725391  0.235728844555508 -0.513610903818977 1.2539640421235 1779097914.71037
 -1.22955511952094  0.190667439068761 -0.540226065394609 1.3564674953691 1779097914.72988
 -1.20971258722657  0.212333191465283 -0.652544246357161 1.39079255151373 1779097914.74953
 -1.29235601173531  0.305427669684019 -0.650715439454181 1.47881733341919 1779097914.77249
 -1.15895438260401  0.218715852177097 -0.557235454656262 1.3044244849268 1779097914.79182
 -1.09955011793292 0.0800850376652324 -0.482443090060159 1.20340159973757 1779097914.81144
  -1.07851388726928 -0.0481300337253564  -0.458155171358154 1.17278082616545 1779097914.83062
 -0.953214768666688 -0.0764938475414118  -0.387038765719017 1.03163400006266 1779097914.85023
 -0.968950384210221 0.00684619213431477  -0.383901347414766 1.04225330987949 1779097914.87262
-0.922776237503513 0.0724878489510528 -0.367746768695703 0.995996063562915 1779097914.89183
-0.945197118185585 0.0295315810828564 -0.307504607391294 0.994398707800077 1779097914.91022
 -0.980919230444491 -0.0404533262650999  -0.300530018385299 1.0267216274202 1779097914.93054
 -1.02156904088899 -0.106110419869706 -0.323846140196546 1.07691181116561 1779097914.94993
  -1.06722434698544 -0.0753555676122302   -0.36753053303116 1.13124929218932 1779097914.97265
  -1.04083503136035 -0.0752559122359777  -0.406058325928265 1.11976978834448 1779097914.9913
-0.967631127127162 -0.146609380876817 -0.325967002140762 1.03153225603037 1779097915.01011
-0.932080567190246 -0.221176463277309 -0.312775800379438 1.00773107173717 1779097915.0317
-0.746918149564315 -0.321436508301625 -0.281357593562137 0.860447701183981 1779097915.05136
-0.531640684981483 -0.275137131719116 -0.280701056388258 0.661162114942838 1779097915.07247
-0.365262303217716 -0.284516501216252 -0.228698814561296 0.516400365412332 1779097915.09343
-0.234558537221057 -0.336909119868004 -0.143715860698301 0.434947940620217 1779097915.11177
-0.176969931037681  -0.37082111444023 -0.101461713641248 0.423227048688047 1779097915.13328
-0.0194592828238794  -0.327754211204871 -0.0227701790012158 0.329119989824827 1779097915.15171
  0.106306233718749  -0.107150862532059 -0.0890812470225394 0.175264917310682 1779097915.1718
  0.145839600082981   0.042957062262645 -0.0949749708459114 0.179261661371813 1779097915.19268
  0.176333367626936   0.114599687304403 -0.0219075458779586 0.211439082090606 1779097915.21164
 0.205407986470393  0.102346736452732 0.0128118375167078 0.229850905042597 1779097915.23347
 0.364135666403822  0.050253967427815 0.0528453546646326 0.371366229346749 1779097915.25249
  0.59171795781836 0.0690142715560047 0.0384938817410646 0.59697143165702 1779097915.27252
  0.73556332416405 0.0959479183051124  0.107264514726797 0.749509895199474 1779097915.29363
 0.862993571405454 0.0947668056624957   0.24513980474064 0.902126474287776 1779097915.31322
 0.865980983499041 0.0700658454276655  0.309058045138965 0.922143785828749 1779097915.33355
0.981366828502854 0.011719185758317 0.428455470504087 1.07088387867475 1779097915.3525
  1.21796510300253 0.0084722086134349  0.433111353576451 1.29270886708786 1779097915.37352
  1.36742562360636 0.0388119346071017  0.522155185170887 1.46424220665983 1779097915.39546
 1.50623433619089 0.176666655883427 0.693323086087885 1.66752807608264 1779097915.41406
 1.51666175551282 0.291948920350231 0.757103146447324 1.72008785446829 1779097915.43343
 1.66667401984965 0.420096738980253 0.806751072236203 1.89871821266292 1779097915.45241
  1.8409423815046 0.499894655012122 0.757930611969347 2.05266225441248 1779097915.47233
 1.90970354784313  0.55476500211496 0.776577731070873 2.13490159506508 1779097915.49539
 1.88642278748558 0.474512412067858  0.76676476398014 2.09085656266345 1779097915.51441
 1.83403193986078 0.351354952981484 0.797914068871216 2.03071177686956 1779097915.53424
 1.79564140057941 0.059715989438309  0.81988368833891 1.97486791995657 1779097915.55259
  1.87064838288905 -0.070894018774747  0.857086311767353 2.05887063219679 1779097915.57361
 1.84814739680702 -0.13836409691464 0.847012469002443 2.03770055363519 1779097915.59545
  1.69164522402745 -0.233928620170871  0.673838501658706 1.83587703554121 1779097915.61448
  1.62536110539343 -0.236543874829662  0.590753562694098 1.74549176436927 1779097915.63421
 1.45124971520706 -0.26886137768979 0.371588338220809 1.52200199388947 1779097915.65337
  1.41990041414052 -0.224312662835914  0.278600497486979 1.46425803531514 1779097915.67265
 1.39895308886663  -0.2125525904725 0.298273640312229 1.4461035623603 1779097915.69594
 1.21860292854183 -0.12642130719564  0.29444623088072 1.2600293755479 1779097915.71574
   1.16784879526912 -0.0989550137935284   0.256749118470457 1.19982624292094 1779097915.73419
  1.13555030907087 -0.140493439523898  0.256078684353182 1.17251405260673 1779097915.75224
 1.17675255868361 -0.18930958279907 0.326616559154461 1.23582485782649 1779097915.77258
  1.23104923658896 -0.179168893716531   0.40839319157854 1.30933903718998 1779097915.79585
  1.22177843429839 -0.115346159613606  0.369569817878851 1.28165093896163 1779097915.81577
   1.28694916219957 -0.0337856137427774   0.324824009383653 1.32773877357492 1779097915.83425
   1.28407848735745 -0.0167028266035725   0.263689659064643 1.31098008467267 1779097915.85233
  1.29984361646495 0.0293232489026936  0.303501551770246 1.33512788605355 1779097915.87255
  1.33028421788612 0.0757418563396578  0.398827785525914 1.39084741494751 1779097915.89585
 1.36147207385325 0.117100138324322 0.342742683243761 1.40882617706904 1779097915.9158
 1.34316859242533 0.167065063242665 0.266421942335176 1.37949021540269 1779097915.93438
 1.35926658408614 0.206252214735656 0.216825878667678 1.3918186248059 1779097915.95349
 1.35563503775946 0.215522548660457  0.24303365182149 1.39400921105274 1779097915.97356
 1.37941854737319 0.270893483770899 0.370630959072786 1.45380401574968 1779097915.99858
 1.31517019545549 0.289382772462347 0.301687141218563 1.38001092864841 1779097916.01609
 1.31512967904412 0.204599468062104 0.283556166431822 1.36082001548901 1779097916.03448
  1.29987845603412 0.0932407239081469  0.261419854791022 1.32917951140376 1779097916.05348
   1.20679016376377 -0.0401708676662071   0.307645701618235 1.24603454032792 1779097916.07352
  1.11307730260358 -0.165357899949303  0.406572288552641 1.19648875567882 1779097916.0972
  1.13332446287409 -0.319582857754428  0.376287324373904 1.23618351857797 1779097916.11621
  1.21277087837541 -0.471386185169409   0.35186694074391 1.34789780139019 1779097916.13458
  1.25250229524938 -0.561406274432531  0.339753259935463 1.41399125959603 1779097916.15359
  1.21113897914279 -0.522049263454111  0.317785048027467 1.35660620558135 1779097916.17255
  0.91468129969193 -0.470724073264302  0.348110165505948 1.08600355454539 1779097916.19601
  1.17957002123808 -0.356095835862255   0.29631095090794 1.26727655188203 1779097916.21574
  1.36532400759666 -0.195963266290985  0.201791592394718 1.39399824039216 1779097916.23432
   1.4713288055443 -0.131180325761899  0.171866135213255 1.48712968510636 1779097916.25323
  1.38095729735049 -0.106677914166028   0.22179290994187 1.40271712379113 1779097916.27256
  0.830360378394187 -0.0540605343604512    0.15446957642443 0.846334301220869 1779097916.29607
 0.853050025018789 -0.230897494012635  0.189239650449688 0.903780749533974 1779097916.31568
 0.903784320166133 -0.353946704932257  0.117662055742885 0.977726304582321 1779097916.33442
   0.851646860586844    -0.41687370755221 -0.00803013435294344 0.948235490926953 1779097916.35352
  0.556090256367078  -0.406155629763817 -0.0497480706086155 0.690415555549355 1779097916.37357
-0.0813143124490422  -0.370745831261462 -0.0225043188517218 0.380224845550357 1779097916.39643
 -0.118889135929438  -0.327733705141504 -0.0862469822618571 0.359141406798358 1779097916.41605
-0.0547114333080832  -0.250078116912051  -0.188000637066334 0.317610838968461 1779097916.43465
-0.0442301721974964   -0.17469246116884  -0.220441407058206 0.284724740877305 1779097916.45351
 -0.162646263880961 -0.0474861094796271  -0.138662194724315 0.218942782465443 1779097916.4735
  -0.447161246207545    0.056653042064804 -0.00450114690381553 0.45075825850286 1779097916.49601
 -0.494744573540939   0.189840714249203 -0.0451129058231991 0.531833492840255 1779097916.51586
-0.422836928446511  0.179531587534612 -0.183131280914571 0.494529801963633 1779097916.53507
-0.364890991290559  0.128210382440118 -0.220816870734966 0.445357640657068 1779097916.55363
-0.523865600429546 0.0964200958039584 -0.204020275266463 0.570400100725847 1779097916.5736
 -0.822455101068843  0.0684807243322191 -0.0753981604786762 0.828738128411378 1779097916.59616
-0.847567205323579 0.0272524405280176 -0.063144549661414 0.850352925088576 1779097916.61601
 -0.834796325917864 -0.0450700852388524  -0.126783946441439 0.845571042210332 1779097916.63467
 -0.817290310927779 -0.0755013522893837  -0.175737783446724 0.839373382389934 1779097916.65365
 -0.914114430734213 -0.0458611019445175  -0.213963846477448 0.939940934712137 1779097916.67262
  -1.12315786395145 0.00197825648403733 -0.0957199654098509 1.12723103782355 1779097916.69594
 -1.16998467799052 0.0446315240157168 -0.165248590934162 1.18243951916124 1779097916.71628
 -1.09795616717469  0.120425987380514 -0.256341186468962 1.13389636534995 1779097916.73597
-0.974478136326004  0.148101371267397 -0.249595717447171 1.01677906966885 1779097916.75483
-0.993444317307886  0.146158988751149 -0.215397923841759 1.02698117177455 1779097916.77253
  -1.10659129062673   0.192849703645654 -0.0568750057048347 1.1247088774261 1779097916.79596
  -1.01751676097275   0.238075346487411 -0.0946687391943059 1.04927708430434 1779097916.81619
-0.958337481501297  0.286869061390925 -0.211059862666823 1.02237510360068 1779097916.8353
-0.853091124201491  0.243979781969758 -0.234498025871956 0.917758096852988 1779097916.85365
-0.870022658708383  0.234208307596745 -0.226886284829893 0.929123427891713 1779097916.87346
-0.934088046544938   0.23524234765058 -0.151589270765757 0.975109608114692 1779097916.8957
 -1.02037217054678  0.201142454990745 -0.190950654456149 1.05739292888844 1779097916.91623
 -1.11918709254881  0.163270845585276 -0.284958531740736 1.16637836140672 1779097916.93535
 -1.14819538214274 0.0144324000727628 -0.313650779424893 1.1903519400495 1779097916.95355
 -1.21963728265763 -0.076971776262627 -0.339810188179333 1.26842844480088 1779097916.97256
 -1.31789877591046 -0.153816605676399 -0.337538433543686 1.36910515514595 1779097916.99522
 -1.47093640153677 -0.227367485236863 -0.367629392751247 1.53313444978695 1779097917.01596
 -1.54343196721221 -0.285566556363899  -0.39840790060207 1.61940092342453 1779097917.03556
 -1.50438754603062 -0.368220538648623 -0.386575820796512 1.59631109717348 1779097917.05402
 -1.54042388892977 -0.372002904754058 -0.301208343034401 1.61307730274916 1779097917.07359
 -1.53083403551044 -0.348851298634757 -0.176417177188299 1.57995983912359 1779097917.09448
 -1.54046245370056 -0.283049796659507 -0.141579765972796 1.57263682672862 1779097917.116
 -1.42141342213182 -0.180443810872846 -0.164111908761121 1.44218889334789 1779097917.13555
  -1.2119970300948 -0.132109448396612 -0.157583544529279 1.22931781115409 1779097917.1537
  -1.14018490602944 -0.0498476205708344 -0.0946472109581427 1.14519190520895 1779097917.17267
   -1.12843649208123  -0.0604234049382746 -0.00753164374496816 1.13007815224542 1779097917.19381
  -1.14719626265963 -0.0379081640620463  0.0709932986353714 1.15001580094098 1779097917.21549
 -1.09156309412929 0.0706173897020018 0.0837294801793017 1.09704486236641 1779097917.2346
 -1.02878921175824 0.0975873261440072 0.0627873326215789 1.03531288874031 1779097917.25351
 -1.05897918937684 0.0205469582006105  0.144760452730912 1.06902511181889 1779097917.2725
   -1.1194599133943 -0.0564752518244773   0.211861569617124 1.14073015058165 1779097917.29319
   -1.173941732157 -0.175044618612157  0.254674131505845 1.21393522160909 1779097917.31458
 -1.23078469198921 -0.302704345856977   0.23366567955824 1.28882137196707 1779097917.3345
 -1.19313162281941 -0.360794627613181  0.203439699938439 1.26298200470049 1779097917.35353
 -1.14308831571058 -0.376304189832623  0.196049701374085 1.2192994817552 1779097917.37353
-1.13108788392642 -0.31013450514962  0.19959346820229 1.18969776203814 1779097917.39228
 -1.19260652311253 -0.285972193420793  0.189842223358546 1.24101993704782 1779097917.4151
-1.12583069664895 -0.22474212163083  0.19880470324444 1.16512964462514 1779097917.43433
 -1.19864437027605 -0.227921281999578  0.186796388158813 1.23433760690176 1779097917.45356
 -1.21756037240794 -0.210010297768304  0.161090037342516 1.24599662349379 1779097917.4726
 -1.25702239322268 -0.125753358537874 0.0786781092647312 1.26574462239596 1779097917.49231
  -1.33614533254432 -0.0950454327318342  0.0245708745885656 1.33974688349748 1779097917.51525
  -1.26215294620397 0.00703593672091971 0.00863859756444418 1.26220211906999 1779097917.53399
  -1.29176397519461 -0.0367985334520609  0.0226830317472497 1.29248706748039 1779097917.55367
 -1.27297940736828 -0.137025897426069 0.0838831536777991 1.28307796007104 1779097917.57356
 -1.20735717674662 -0.102055232605074   0.10588625556333 1.21628060983511 1779097917.59333
 -1.14187538577729 -0.194038020145294  0.161182820547907 1.16940585407536 1779097917.61579
-0.918123600821793 -0.236288312614734  0.286569109817758 0.990406465935091 1779097917.63437
-0.779608260095029 -0.284275087024255   0.39351200089015 0.918397005197434 1779097917.65382
-0.591440467674013 -0.285733020995805  0.488875855592037 0.818806929789124 1779097917.67252
-0.456825764361719  -0.14342765391463  0.465196492828062 0.667584487410884 1779097917.69201
 -0.463257307878771 -0.0322203937252294   0.442792616841059 0.64164693453943 1779097917.71558
-0.40164544338706 0.204520802338552 0.262943944221789 0.521811592996652 1779097917.73431
-0.342076233363707  0.286773258972031   0.21712154118334 0.496383737787178 1779097917.75409
-0.310679157352889  0.286648452289602  0.136545094897834 0.444222283270644 1779097917.77347
   -0.262051700412346     0.342376576413852 -0.000241509592773627 0.431152956725053 1779097917.79337
 -0.264522617693961   0.311081578694743 -0.0703486362524419 0.414358413088786 1779097917.8152
-0.226593830386998  0.165384431127475 -0.127614797536869 0.308192002782659 1779097917.83377
 -0.200169629903533  0.0675798180503174 -0.0750012578815438 0.224187647356506 1779097917.85405
 -0.137855909253526 -0.0259378312628614 -0.0375974156310739 0.145225991023896 1779097917.87361
-0.0191450310522273 -0.0419593887165026 -0.0374724566978942 0.0594248056490626 1779097917.89351
0.00277193140250007 -0.0813084017824765 -0.0369148053981902 0.089338920195551 1779097917.91545
 0.0894893522247841 -0.0332682564093238 -0.0450012121514996 0.105547288649364 1779097917.93518
  0.169316279885454 -0.0680154211682755  0.0253776367268368 0.184223029496278 1779097917.95386
 0.262434228607713 -0.135604930058436 0.0540747240361922 0.300307337873501 1779097917.97346
 0.390457381766544  -0.14344427361554 0.0336866515483123 0.4173344187838 1779097917.99261
  0.480430883947262  -0.203449635880256 0.00746119523137062 0.521786601997825 1779097918.0156
  0.56776203547324  -0.20025698296836 0.0351304126307521 0.603067769030906 1779097918.03538
 0.569301985377761 -0.207810588851629 0.0447503968976781 0.60769448690639 1779097918.05362
 0.586917131816983 -0.204656757662075 0.0354345128941319 0.622584703298331 1779097918.07264
  0.674010094989306 -0.0723236455940382 -0.0997804340395209 0.685183517662691 1779097918.09243
  0.773410337163923 -0.0121621460496749  -0.183423019669857 0.794956270227083 1779097918.11534
 0.906292643639229  0.166813385428988 -0.122365234005058 0.929605460378743 1779097918.13504
  0.942651931440958    0.16490803794197 -0.0551976511654827 0.958558347478871 1779097918.15343
   0.94957675554029   0.168180168434639 -0.0590709441446296 0.966162491592002 1779097918.1725
   1.02881033294302   0.240588181730101 -0.0692929432699716 1.0588365720665 1779097918.19193
 1.05921169834235 0.296270680509044 -0.10403830163443 1.10477586244521 1779097918.2153
   1.14367293709556   0.323599005647974 -0.0519495770859527 1.18970704884041 1779097918.23524
  1.14084519504143  0.203092071649572 -0.041677456272122 1.15953057699111 1779097918.25353
   1.20122455745798  0.0710672182607067 -0.0137328212655341 1.20340333111195 1779097918.27346
   1.1993783396034 0.0434244198182017 -0.012220141563139 1.20022640097865 1779097918.29291
   1.33216281341344  0.0787941369779341 -0.0237020087891387 1.33470148823037 1779097918.31528
   1.28333596074132  0.0924882326285359 0.00923877674054136 1.28669756209541 1779097918.33518
  1.25821882866684 0.0681076150247199 0.0329137542819072 1.26049061212571 1779097918.35367
   1.2311119066369 0.0230227894854482  0.040457357697413 1.23199162874214 1779097918.37349
   1.20888373096757  0.0631031074089621 -0.0646833043624277 1.21225649390959 1779097918.3922
  1.19413696384639 0.0475213901605303 -0.119218152702923 1.20101387955384 1779097918.41445
  1.22994297483356 0.0976166010290816 -0.109842903362129 1.23869051241944 1779097918.43447
  1.29363695269279 0.0881558969362888 -0.101352304347286 1.30059229473861 1779097918.45357
   1.3178904417006 0.0396260546543573 -0.130701113266365 1.32494838448234 1779097918.47256
  1.26720638018399 0.0232990798037515 -0.169373484446257 1.27868770007856 1779097918.49232
   1.29248798588381 0.00205312988146589  -0.182003097434226 1.30524117942699 1779097918.51537
    1.35234828616678 -0.00483363918307598   -0.127394437455297 1.35834406313737 1779097918.53537
   1.39227001539142 -0.0417752857314889   -0.10952529990625 1.39719603548519 1779097918.5541
  1.46955370859944 -0.084840501779399 -0.106275464458854 1.47583213393207 1779097918.57257
   1.44567732589248  -0.126228270391088 -0.0356291794169579 1.45161494387165 1779097918.59175
   1.48512478145643  -0.104829058322392 -0.0347869106362101 1.48922626793794 1779097918.61561
   1.43189852767512 -0.0969883253083902 -0.0833716395854437 1.43759902583838 1779097918.63633
   1.31668203539952 -0.0851955102724141  -0.174775766622557 1.33096071539054 1779097918.65525
  1.27162007269423 -0.116610337281591 -0.216074099825873 1.2951075618092 1779097918.67362
   1.2778910356467  -0.16044372740311 -0.252004307954002 1.31234669957164 1779097918.69223
  1.33414634062375 -0.178930346222059 -0.275087364459477 1.37391250998167 1779097918.71549
  1.31450614303158 -0.170438962098464 -0.264716086352012 1.35168429976917 1779097918.73564
  1.27877667100064   -0.1335906235473 -0.299003333534375 1.32004515925021 1779097918.75446
  1.31482669926152 -0.162670006928311 -0.305294570396105 1.35957182780401 1779097918.77344
  1.26789535333525 -0.136761509886909 -0.336159268496653 1.31881211375688 1779097918.79201
  1.31408364123733 -0.125551040713437 -0.368655487674537 1.37057861816983 1779097918.81426
   1.30220297696134 -0.0862210685592957   -0.38533881584656 1.36075444841034 1779097918.83544
   1.18492488722853 -0.0538235712449859  -0.425104779887533 1.2600230311698 1779097918.85426
  1.20939527701655   -0.1065985128196 -0.421452538171084 1.28515462919297 1779097918.87349
   1.16206071204805 -0.0523533177768776  -0.426377842676182 1.23892051120847 1779097918.89184
   1.21472963261591 -0.0375617584073868  -0.427661219668425 1.28836061910403 1779097918.91357
   1.25812588220318 -0.0176475685611864  -0.377447685190831 1.3136433790042 1779097918.93545
  1.25306864038302 0.0293047624816589  -0.44755050116613 1.33091744210883 1779097918.95584
  1.32735404976395 0.0421689900606832 -0.456550673742388 1.40430962214254 1779097918.97341
   1.29231096848984 -0.0225558907643845  -0.494325442122899 1.38381142147958 1779097918.99151
    1.3945633469508 -0.0050703814088998  -0.449847220312213 1.46533107489361 1779097919.01353
   1.43927113248965 -0.0305272386196654  -0.332868567307227 1.47757733747406 1779097919.0354
  1.37843248144849 -0.117073213960142 -0.304542112747847 1.41651972869287 1779097919.05463
  1.36662085010454 -0.201317820340396  -0.30506359140961 1.41465374121401 1779097919.07255
  1.26019123996308 -0.305211006700929 -0.331878875584319 1.3384241883462 1779097919.09166
  1.17940632206729 -0.317093234147007 -0.244423395181967 1.24550800390298 1779097919.11231
   1.0672190964378 -0.268419522325666 -0.244651327712538 1.12732422661742 1779097919.13508
 0.954422574614864 -0.164441776990537 -0.214292091870363 0.991909597489835 1779097919.15411
 0.964005570759042 -0.139844236157632 -0.248997381711099 1.00541675286418 1779097919.17351
 0.903706271665298 -0.113683443058382 -0.291105322709805 0.956217161309491 1779097919.19189
  0.836943302314321 -0.0370730150149333  -0.206925291635448 0.862940656157487 1779097919.21218
 0.551290087009097   0.13253923327176 -0.187449154711019 0.597180537185062 1779097919.23466
  0.620801876033274 -0.0630989853063718  -0.221723799958564 0.662221937647184 1779097919.25381
 0.817006098884511 -0.210776399092435 -0.335722348263097 0.908094241338502 1779097919.27344
 0.826344661293699 -0.262876197508252 -0.419390605500202 0.963243413913026 1779097919.29187
  0.68666829376976 -0.159907457915965  -0.31322911892246 0.771489612183314 1779097919.31211
  0.322030305260124 -0.0260610142638209  -0.202565317476309 0.38133371450039 1779097919.334
  0.317571964996884  0.0381777905167076 -0.0969618292454369 0.334232094466317 1779097919.35376
 0.370852322254123 0.0121264338273624 -0.111983558216149 0.387580717566541 1779097919.3735
 0.283380286427398 0.0702465730654467 -0.134481877642073 0.321441041525893 1779097919.39223
-0.0393021456674834   0.152922347714319   -0.11326845348109 0.194318413019778 1779097919.41212
 -0.286109386952313   0.166559154612381 -0.0763914476937857 0.339759012489988 1779097919.43416
-0.312207335792438  0.152976965993665 0.0324081269555737 0.349178549369814 1779097919.45381
-0.223258274830302 0.0528756415795907 0.0337541746701607 0.231903934982397 1779097919.47342
-0.194698679150241 0.0106178119644141 0.0452035627671708 0.200159125898885 1779097919.49232
-0.318800549093677 0.0926443864466344  0.204875146136091 0.390116133922693 1779097919.51224
-0.503892155978955  0.100342766602276  0.238276079738418 0.566349243702177 1779097919.53413
-0.489282132302868 0.0396249694602696  0.293269562486975 0.571816561037602 1779097919.55381
 -0.358522702305483 -0.0891978942712987   0.213265155851019 0.426587410867947 1779097919.57343
 -0.330061970762667 -0.0991836160873384   0.144661206299861 0.373771532961014 1779097919.59181
-0.378936801796603 0.0542753758968168  0.203350512918632 0.433463201770173 1779097919.61159
-0.490887178600948  0.134414661073486  0.278679782003184 0.580258514908348 1779097919.63426
-0.57291665571982 0.109926343243831 0.254760324973205 0.636569021018614 1779097919.65401
-0.541243321677383  0.103435533574733  0.196001827241857 0.584858922432072 1779097919.67348
-0.557706863589525  0.107733606229684  0.149098472475075 0.587259593451242 1779097919.69164
-0.760939865167073  0.185777123655225  0.164678223991395 0.80041335291901 1779097919.71167
-0.868157980125495  0.204881937146497  0.291494350138054 0.938426258577032 1779097919.73395
-0.96463710691124 0.162333705350604 0.249296635609504 1.00946807401183 1779097919.75415
-0.917233155241812 0.0891363648266549  0.123988110352575 0.929857518181233 1779097919.77259
-0.889852591191348 0.0319331492204862 0.0390945348244383 0.891283200067315 1779097919.79153
 -1.00244713864169 0.0976454328032983 0.0598445499902148 1.00896792143347 1779097919.8116
-1.05514561777429 0.168751046007081 0.194462004862714 1.08610527186456 1779097919.83351
-0.984487224156571  0.195685189985121  0.213489925574793 1.02619965719589 1779097919.85414
-0.869845648205442   0.21262509730322  0.127077684144374 0.904427786787119 1779097919.87266
-0.760221539468802   0.23535629464233  0.103445913194336 0.802515066186731 1779097919.89141
-0.77468432311465 0.280368559777677 0.154141295908272 0.83815384560097 1779097919.91124
-0.881127141602753  0.363092384308166  0.265754672281036 0.989366800054877 1779097919.93402
-0.834595911502212  0.346070324422422   0.24458317035456 0.93602133104045 1779097919.95429
-0.827482980872831  0.367867945881049  0.140583376699186 0.916416169131184 1779097919.97251
-0.793230502972151  0.421611295405397 0.0637075535163723 0.900571689336229 1779097919.99141
 -0.93988624126458  0.444717485969054 0.0334658058075831 1.04032675107557 1779097920.01157
-1.12223187614052 0.403760691051542 0.108611587865791 1.19759072995871 1779097920.03421
 -1.20080371751967  0.358782728425493 0.0882035297460687 1.25635762300595 1779097920.05499
 -1.20943886433963   0.31327173754416 0.0352409888447912 1.24984938109111 1779097920.07352
  -1.21547686555667   0.292087814401988 -0.0297080671682204 1.2504326736296 1779097920.09173
  -1.32086576400371   0.306365703408319 -0.0920109818615023 1.35904831831877 1779097920.11154
  -1.43747226389948   0.302913932430458 -0.0865630727602469 1.47158979525766 1779097920.13363
 -1.40434883420939  0.380992665848525 -0.080019225693986 1.45731058325132 1779097920.15365
 -1.37405065627961  0.469849328775956 -0.143767150425474 1.45926097436857 1779097920.17343
 -1.29350214405344  0.487507730675096 -0.166624284667004 1.3923272734453 1779097920.19141
 -1.22177851011174  0.454612628225083 -0.209499385274673 1.32034289559306 1779097920.21021
 -1.24978097787915  0.399916015670711 -0.245676740850506 1.33500650682063 1779097920.23363
 -1.33358358456579  0.267221737473079 -0.232479580318806 1.37981860737804 1779097920.25361
 -1.39873007609674  0.141587742859892 -0.259843454084074 1.4296893142694 1779097920.27254
  -1.42724260281012 -0.0274542461017525  -0.269273282025778 1.45268141150018 1779097920.29144
  -1.41785127791005 -0.0914216508153074  -0.174324644833522 1.43145005023064 1779097920.3104
 -1.39884352842456 -0.196005756978105  -0.10074439908846 1.41609706861201 1779097920.33339
   -1.30232780010221    -0.24952738602749 -0.00199223411397744 1.32601869681145 1779097920.35407
  -1.10564401342434  -0.215427495959293 0.00134204892109331 1.12643663449467 1779097920.37348
   -0.90247323631032   -0.169977125136243 -0.00752642482718887 0.918371826874433 1779097920.39145
 -0.87003488402697 -0.163327742881023 0.0229020800805142 0.885528743909788 1779097920.41124
-0.815681582741775 -0.220061838005602 0.0296460572366689 0.845365332669971 1779097920.43233
  -0.8766003784285 -0.304944778370427 0.0267937400863796 0.928513567926821 1779097920.45361
-0.949440853521622  -0.27400921599607 -0.033044583690707 0.988742094430059 1779097920.47254
 -0.98229826418609 -0.201142280892959 -0.097048940026068 1.00736616666732 1779097920.49145
 -1.10927767608562  -0.19597278674076 -0.101892276884444 1.13105452206936 1779097920.51046
  -1.13287901092914  -0.213542902005743 -0.0866691198228939 1.1560825925217 1779097920.53227
 -1.19405613598807 -0.166225171218803  -0.04412901084453 1.206378146783 1779097920.55373
  -1.21832033903941  -0.118345645394366 -0.0849667233341068 1.22700019738183 1779097920.57353
  -1.22928779881263 -0.0154516321307793 -0.0562958845728209 1.23067317833166 1779097920.59183
   -1.25899059193265 -0.00467042107857441  -0.0476069703107143 1.25989902255305 1779097920.61136
   -1.29999772759113   0.0315821627649087 -0.00986762926217715 1.30041873827405 1779097920.63216
  -1.3646886094751 0.0390374412704285 0.0474037686512398 1.36606955896629 1779097920.65364
 -1.27843833923489 0.0217767635833126 0.0705427884405897 1.28056827215842 1779097920.6734
   -1.28061659432918 -0.00473054657369465    0.101112748694645 1.28461084679009 1779097920.69184
  -1.12456469189492 -0.0796787325189105   0.113664198121587 1.13309928806224 1779097920.71044
  -1.08942694191648 -0.0883605288708558   0.108597246097513 1.09838609181644 1779097920.7313
 -1.07393754146334 -0.126369877951206   0.10700249995788 1.08662814431385 1779097920.75355
-0.917058566281091 -0.157190268361615 0.0920833190741615 0.934978359166051 1779097920.77253
 -0.91901903800176 -0.171678195817817 0.0747942813939911 0.937903822179111 1779097920.79199
-0.805618543874864 -0.182298228192649 0.0705701929526656 0.828995798765356 1779097920.81041
  -0.756717612022957   -0.130140128127765 -0.00836430204340717 0.767872358431732 1779097920.8303
 -0.729960058828299 -0.0568844845083186 -0.0475527557848404 0.733715746488463 1779097920.85362
  -0.533270514874456 -0.00381934350474894   0.0304549461608479 0.534153098994038 1779097920.87352
-0.531903356794715 0.0312436781263642 0.0688283861150638 0.537247331428974 1779097920.89217
-0.412353673689395 0.0427905579664925 0.0717127948000527 0.420724742550588 1779097920.91122
-0.257313306650481  0.051079855980632 0.0235533702489647 0.263389541775089 1779097920.93057
  -0.168636228783229   0.0786455047584418 -0.00506964707037064 0.186142403547278 1779097920.95336
0.00328404974783642  0.0801320944849745  0.0494938813438757 0.0942421447112532 1779097920.97342
-0.0329926223766877  0.0682501286099017   0.101444520004358 0.126639582380366 1779097920.99194
-0.00642711932687503   0.0456073002559891    0.109472131631751 0.118766499078997 1779097921.01101
 0.137585422686075 0.0616402520915898 0.0687985439355264 0.16571816092773 1779097921.03045
 0.215081549926406 0.0534676453219608 0.0586565711852592 0.229258490700413 1779097921.05346
  0.311504145849569 -0.0385868645860473    0.11727439365923 0.335077696076883 1779097921.07256
   0.26366113857652 -0.0632879083826922    0.11157493180339 0.293209005233219 1779097921.09158
0.236163311210518 -0.12212531957919 0.122698590054338 0.292818454414263 1779097921.11042
  0.296440497298649 -0.0982359169887247  0.0766177305530589 0.321554879391352 1779097921.13019
  0.378138818565852 -0.0614640206680983  0.0432108153050127 0.385530759476323 1779097921.15366
  0.439978122374565 -0.0619022594688805  0.0581666309352416 0.448102661061008 1779097921.17352
  0.408005396679736 -0.0765386525451119  0.0349325508647644 0.416589548792489 1779097921.19162
  0.44742282511041 -0.137506057908133 0.0672570704743794 0.47288329841517 1779097921.21106
 0.542489036479914 -0.111103138597811 0.0206908663118795 0.554135700037388 1779097921.23023
   0.66510869267432 -0.0351163369007801  0.0194082353187294 0.666317799391896 1779097921.25368
  0.708533263344313 -0.0359887541824895  0.0861396262091695 0.714656988279276 1779097921.27266
 0.673790885835666 0.0030962651554008  0.118389830438523 0.684119796997855 1779097921.29164
 0.700405162546214 0.0157200921525454  0.133552950179079 0.713197660904892 1779097921.31121
 0.809324474532957 0.0361612685940586 0.0285920985639282 0.810636324454233 1779097921.33035
 0.896688025280665 0.0770287966299878 0.0103387113149084 0.900049853699036 1779097921.35329
     1.00249544457963    0.0306234977797718 -0.000371497914859846 1.0029631364262 1779097921.37341
  1.01621646322154 0.0281275115893869 0.0153594678050134 1.01672167788532 1779097921.39158
   1.03372164725999 0.00547760019492146  0.0409967861330439 1.03454878308905 1779097921.41029
   1.09899096643185 -0.0253037512143615  0.0159985828069832 1.09939864415787 1779097921.43013
    1.1362100711566 -0.0377737766024791   0.028691599649755 1.13719980297526 1779097921.45372
  1.17271004140306 -0.012795589750919 0.0982631758955316 1.17688921316398 1779097921.47351
  1.14924265073069 0.0594323918055212   0.16367350456439 1.16235962401944 1779097921.49183
  1.16009296240165 0.0124364438973665  0.214218266188743 1.17977108462598 1779097921.51024
 1.26335664792749  -0.1150787971157 0.239004706737921 1.29090526346865 1779097921.53029
  1.33994619838237 -0.152324369893343  0.273712122481173 1.37607298288132 1779097921.55353
  1.30970722789202 -0.288046984704979  0.290979298512636 1.37221464806099 1779097921.57339
  1.20626211597974 -0.359443125297687  0.248058808857806 1.28288769010527 1779097921.5917
  1.23085172068419 -0.367938896860849  0.207650933407858 1.30134311397093 1779097921.6102
  1.27828048230484 -0.390272082860805  0.260138347577994 1.36161126977659 1779097921.63024
  1.41691345037178 -0.389583312384887  0.325180678522401 1.50504530058651 1779097921.65328
  1.46456252358111 -0.343995580939611  0.315356470943995 1.53711614686415 1779097921.67254
  1.49343785641504 -0.271100127451731   0.26759277299217 1.54125202424378 1779097921.69162
  1.54393268761538 -0.243066407151762   0.24209512741602 1.58158764312683 1779097921.70993
  1.58693546403655 -0.309556240484296  0.282545643343008 1.6413473957733 1779097921.73
  1.62811544028479 -0.279780070057614  0.279853599267479 1.67551628208088 1779097921.75229
  1.54662629242905 -0.245601014561717  0.233012384127134 1.5832458804441 1779097921.77246
   1.3286741379302 -0.167162210496644  0.071197091604838 1.3410395949694 1779097921.79181
    1.20065526891873   -0.175004151214456 -0.00255169106041753 1.21334497932446 1779097921.81012
   1.15801414265533  -0.186531120076126 -0.0694519007476207 1.17499539567782 1779097921.8299
  1.18282194828671 -0.221439940907611 -0.094929961083102 1.20711022955204 1779097921.85229
  1.17884517372221 -0.215740674227866 -0.016055994603854 1.19853150859173 1779097921.87339
    1.20855988879848   -0.182635430181193 -0.00626044092649316 1.22229779443909 1779097921.89173
  1.32008133729883 -0.103782159379055 0.0400419702161612 1.32475991525591 1779097921.9102
   1.36752462854524 -0.0425872646239261   0.202911942314257 1.3831523925872 1779097921.93
  1.48851267173676 0.0860448555593028  0.308239903506447 1.52252603564037 1779097921.95312
 1.50262663349778 0.135637383539624 0.326692719512305 1.54370088828526 1779097921.9734
 1.44636207567526 0.189421960464676 0.226414295065807 1.47617999108105 1779097921.99164
 1.46615185555731 0.152846685425041 0.189732542885641 1.48625765284133 1779097922.01014
  1.35645497824473  0.070000403236909 0.0605230695454422 1.35960773990347 1779097922.03009
    1.33339711926522 -0.00170084891500856    0.020771941806433 1.33355998894621 1779097922.05224
   1.26888907623999  -0.101758576477284 -0.0687640552636172 1.27481872867641 1779097922.07256
  1.17050202129774 -0.108629743077468 -0.269427680058038 1.20601271872424 1779097922.09198
  1.17761899309432 -0.155432206511927  -0.37299400097043 1.2450181478507 1779097922.11035
  1.10182567275479 -0.190049647592526 -0.470726616246246 1.21314559263686 1779097922.12983
  1.06802214288627 -0.162581066156945 -0.446821870495107 1.16908241143251 1779097922.15142
  1.01019206188864 -0.160593574362624  -0.36494471819582 1.08603082155545 1779097922.17249
 0.935921026944495 -0.112035105967876 -0.367807623970993 1.01182136857118 1779097922.19192
  0.985661811836252 -0.0916170509196132  -0.321713275562601 1.04087574811058 1779097922.21122
   0.90550922960094 -0.0667417776355799  -0.261940447331354 0.944994300365138 1779097922.23017
 0.769518436717374 -0.114980366675705 -0.137432268458267 0.79010552306791 1779097922.25145
  0.703951701878997   -0.13000802330371 -0.0898829518982568 0.721476977972006 1779097922.27345
  0.637508552541268 -0.0886239429849362  -0.177480547179475 0.66766061922251 1779097922.29216
 0.675954149721913 -0.101648959937831 -0.231404326859046 0.721660921812873 1779097922.31149
 0.616384835522746 -0.107800416968001 -0.258586441978729 0.677065833827181 1779097922.33046
 0.379816577741739 -0.189053966981148  -0.18851322230029 0.464262070538606 1779097922.35118
  0.313558764273571  -0.170122387052131 -0.0948792479266699 0.369137910429442 1779097922.3725
  0.280987812440605   -0.10937979544901 -0.0974537042689675 0.316883756081575 1779097922.39171
  0.345563928378321  -0.081892483769466 -0.0895800927938535 0.366258652483658 1779097922.41123
  0.266474585076259 -0.0025578114795854 -0.0458019793707934 0.270394282863769 1779097922.43036
 0.12723698336501 0.023509519847765 0.110028818421154 0.169847838792419 1779097922.45004
0.0110097579046355  0.070007036843244  0.175209144968453 0.188998530304515 1779097922.47238
-0.0139304003543954   0.135297380358646   0.110684048096882 0.175357907403854 1779097922.49186
  0.04384586860585  0.150303683398549 0.0332501198380726 0.160060075928443 1779097922.51138
-0.0031021192387558     0.1676657652303 0.00494724197841913 0.167767419892024 1779097922.53041
-0.202481111212128  0.178150488336361  0.135411567763869 0.301782188964907 1779097922.5502
-0.33787673214229 0.190235002088808 0.246314733098144 0.45937021005295 1779097922.57254
-0.42412563515834 0.294258223075971 0.132290166588087 0.532889429827799 1779097922.59443
-0.386914346806817  0.305958457608001  0.111704227193629 0.505757969704619 1779097922.61154
-0.435946333203722  0.293614109186556 0.0705777138258845 0.5303203411487 1779097922.63042
-0.599297577213507  0.322509270455817  0.180940279302596 0.704208208030852 1779097922.65019
-0.779383070774756  0.315717631881635  0.235043743867455 0.873132954149862 1779097922.67252
-0.85522503579798  0.38250736662146 0.170239798649053 0.952209712416026 1779097922.69321
-0.790842246502366  0.379150366458732  0.142900870076676 0.888598400801718 1779097922.71143
-0.810298790322499  0.320575650086298  0.133939698797464 0.881642058853996 1779097922.73031
-1.00574995994016 0.285812753761133 0.202619757332913 1.06502426178647 1779097922.75122
-1.21110567323033 0.233878685626252 0.211438629101666 1.25147212721553 1779097922.77352
-1.18191030570547 0.200085904674422 0.113667476051758 1.20410407984283 1779097922.79309
-1.04333668324315 0.161720683796484 0.096296490719741 1.06017830023698 1779097922.81149
-0.940261386978644  0.140374372393852  0.146820114720715 0.961952486536926 1779097922.83005
-0.931548478195302  0.160404457874086  0.269363645949472 0.982888056236851 1779097922.85001
-0.986308641426657  0.180516631562766   0.38199325943293 1.07299107203921 1779097922.87343
 -0.908879792501073 -0.0325809082619028   0.387683839181387 0.988646929880624 1779097922.89231
-0.808576955985143 -0.175913546729712  0.376996232844093 0.909323060992002 1779097922.91126
-0.841452860668127 -0.236336559173493   0.32118755756273 0.931160208053186 1779097922.92968
 -1.05005160382108 -0.255815717377562  0.254719631022368 1.11037477563784 1779097922.94955
 -1.26831585407719 -0.316622782656779  0.288674727498059 1.33873380120805 1779097922.97334
  -1.2818512660724 -0.260283525263743  0.212353530657169 1.32513554168534 1779097922.9923
 -1.24001429919925 -0.289095205291379  0.198841028810991 1.28870060707663 1779097923.01132
 -1.21100980035793 -0.295395571318481  0.197485992944208 1.26206338887026 1779097923.02977
 -1.34240975857732 -0.246941070770377  0.169727309777553 1.375445823012 1779097923.04958
-1.42938014654459 -0.18688488023828 0.203564804469369 1.45584758522868 1779097923.07257
   -1.58347631508891 -0.00695606152988401    0.125219272309993 1.5884349194718 1779097923.09315
 -1.62685025645491  0.220329081530562 0.0580423434918114 1.64272808910469 1779097923.11149
  -1.62126364744931   0.344408533456452 -0.0313150988520219 1.65773752080189 1779097923.13022
 -1.69434920483541  0.430188426370639 -0.104800997240353 1.75124657291091 1779097923.1498
 -1.70861728212977  0.447429472100198 -0.112209263597524 1.76979011979767 1779097923.17249
  -1.7281254423592  0.445988308980189 -0.127294626492375 1.78928115124762 1779097923.19326
 -1.62023609584824  0.406150963556815 -0.127399425441464 1.67521766498879 1779097923.21159
 -1.64226705943671  0.364423108808431 -0.161787087645883 1.68997643725392 1779097923.23037
  -1.7115366822796  0.399228824552947 -0.147934592252397 1.76369671789894 1779097923.25007
 -1.75796530161448  0.326147460793774 -0.162957268227269 1.79537440082307 1779097923.27353
-1.82346603407712 0.248673078138085 -0.18054656337877 1.84917920677567 1779097923.29341
 -1.76103908371293 0.0956032386254871 -0.178822692073735 1.77267486832771 1779097923.31153
   -1.68626627371187 -0.00457534741434182   -0.161047772270266 1.69394547273969 1779097923.33015
  -1.70892738432589 -0.0912906456152252  -0.104363705138487 1.71454325399682 1779097923.34982
   -1.7775944372431  -0.183525173423307 -0.0577085689418724 1.78797476255315 1779097923.37342
   -1.74099395410853   -0.284589003134325 -0.00760766130671653 1.76411698179515 1779097923.39315
  -1.72409658276197  -0.357566998200901 0.00674452600054495 1.76079773782365 1779097923.41144
 -1.75401445984062 -0.431592502869058 0.0224337435266457 1.80647227676247 1779097923.43027
 -1.81062596528822 -0.448449838127707 0.0587157467315405 1.86625860544752 1779097923.44977
 -1.83896392573132 -0.431509148623774  0.112652999903143 1.8922682589618 1779097923.47261
  -1.8213567053078 -0.287404094627376  0.195219718678579 1.8541985061312 1779097923.49327
 -1.75367321803089 -0.157360160125716  0.263115498734646 1.78027013155532 1779097923.51173
 -1.77754579554017 -0.144434311430204  0.271553475096654 1.8039599816509 1779097923.53138
  -1.8093251259319 -0.170390013475526  0.184950446588622 1.82671750298562 1779097923.55119
 -1.93901453456339 -0.237233269693839   0.19715092341166 1.96339641338671 1779097923.57337
 -1.80142564160804 -0.363279185374172  0.166681743032739 1.84523410770273 1779097923.59336
 -1.62730726764029 -0.484189772131506  0.168178993413662 1.70612216812785 1779097923.61187
-1.46929740709094 -0.60121014674792 0.172968066390715 1.59693658704025 1779097923.63089
 -1.29075560899694 -0.611006495420762  0.111789119582875 1.43243700973569 1779097923.65109
 -1.17645684544274 -0.618427964737214   0.17462363067262 1.34052126769678 1779097923.67336
-0.883183654284278 -0.479906394489663  0.231421831803055 1.03144538338299 1779097923.6931
  -0.6557541478438 -0.328177942349914  0.259749751819642 0.777935857143593 1779097923.71143
-0.434584115296246 -0.274469674216605  0.276577186737985 0.583688183498937 1779097923.73026
-0.278687854059194 -0.159399488801393  0.207394420816274 0.382214027497659 1779097923.74943
 -0.144867125214989 -0.0940310152619272   0.170110353708025 0.242416683084959 1779097923.77246
-0.0864562981394424 -0.0437827047854783  0.0492233619591444 0.108694784092289 1779097923.79231
  -0.010871788617751 -0.00279805805167439 -0.00116348926601497 0.0112862138860528 1779097923.81155
 0.0535108097596497  0.0247242790903399 -0.0544809081161031 0.0802674659300124 1779097923.83057
 0.118424230470136   0.11050485085524 -0.111034523863058 0.196377916055952 1779097923.84986
 0.164618931566256  0.142979050377998 -0.139602552085037 0.258903986113898 1779097923.87336
 0.231225570671191  0.202880851138716 -0.159154944803284 0.346346936966857 1779097923.89354
 0.324146676855973  0.174119881928937 -0.106787944052787 0.383135049812385 1779097923.91193
 0.408684813458124  0.119555210994427 -0.100701222678098 0.437558523486958 1779097923.93123
  0.45388752686135 0.0543587419782003 -0.130318814041938 0.475343826259543 1779097923.95014
   0.553994285129793 0.000654534134083094   -0.188227416353083 0.585097988920112 1779097923.97343
 0.597508646057705  -0.04998803937357 -0.193268282455614 0.629974614724648 1779097923.99376
  0.691548540705884 -0.0229387721890925  -0.164316897705498 0.711172000498852 1779097924.01302
  0.756424586393687 -0.0265069886671585  -0.159807883896799 0.773575681562337 1779097924.0317
  0.812691003109682 -0.0290760061077606  -0.199229856662683 0.837260184442348 1779097924.0505
  0.894736680212686 -0.0385324732066843   -0.25786156418494 0.931950140669203 1779097924.07252
  0.904978886297999 -0.0875699360653277  -0.285483202474141 0.952972159741586 1779097924.09431
 0.970450178464945 -0.065380497308632 -0.335408704308609 1.02885720935266 1779097924.11379
  0.992052542276793 -0.0401009225741819  -0.353049528802962 1.05376482215774 1779097924.13298
   1.02312184557772 0.00805188490252988    -0.3969283519111 1.09744943405139 1779097924.15158
  1.00032107083876 0.0156826018456115 -0.466058101937336 1.10367492639186 1779097924.17336
  1.05580550262917 0.0317039381791846 -0.500604125919817 1.16890328512074 1779097924.19523
    1.1149782313561 0.00959079037507291  -0.440939652426711 1.19903970607323 1779097924.2142
    1.0624654286015 -0.0801089965021443  -0.444620339063789 1.15452911795379 1779097924.23302
  1.09732209802831 -0.254483758135764 -0.462164774906291 1.21756890940116 1779097924.25182
  1.13205028988496 -0.329116000879937 -0.522328620851268 1.28945042131298 1779097924.27345
  1.16715621436931 -0.461268598125046 -0.541455591197531 1.36681985118604 1779097924.29522
  1.23614843985082 -0.548115319468297 -0.506238169966205 1.44387342018342 1779097924.31413
  1.29291064662045 -0.542371527291051 -0.510346024267945 1.49205826905206 1779097924.33325
  1.38361081768536 -0.372883756429027 -0.528465810539646 1.52731702784127 1779097924.35223
  1.38086352180324 -0.317231649281857 -0.555654272352561 1.52189738666462 1779097924.37334
  1.42622498025227 -0.234659276641605 -0.537971890801466 1.54226989392325 1779097924.39532
   1.41547670279919 -0.0198910221668455  -0.461056165107043 1.4888058087989 1779097924.41513
   1.29415259931657 -0.0444386737177056  -0.392243493759774 1.35301910719564 1779097924.43333
  1.32209769241754 -0.156991015969423 -0.296839392644407 1.36407555231241 1779097924.452
  1.37188589307959 -0.177037681449182 -0.268340648207284 1.40904930636368 1779097924.47304
  1.43387206280611 -0.208536648517618 -0.222014457260292 1.46586733557419 1779097924.49575
  1.61041411390706 -0.160300337488825 -0.222758984886281 1.63363134819875 1779097924.51555
 1.69635229034967 -0.19507099053391 -0.21529742384341 1.72105106404083 1779097924.53693
   1.45029503352199 -0.0968445209138313  -0.266675472840274 1.47778562494841 1779097924.55342
   1.40557911864768 -0.0327975788894744  -0.309373484955452 1.43959726769429 1779097924.57345
   1.34456510724329 -0.0681714350315818  -0.266282942909892 1.37237359266898 1779097924.59531
  1.12225964747464 -0.218533803386646 -0.283025569734578 1.17784855252962 1779097924.6153
 0.917108534648229 -0.297480806900901 -0.285483515863905 1.00552659469009 1779097924.6334
 0.839485275302636 -0.463402259027562 -0.215225364157318 0.982750801830474 1779097924.65237
 0.864640347600744 -0.497644763052057  -0.20487653816206 1.01844373275186 1779097924.67253
 0.835060006445423 -0.538527530883732 -0.155844182395284 1.00579546880607 1779097924.69557
 0.699755603308809 -0.457975099921663 -0.186222803303028 0.85678353682851 1779097924.71524
 0.591270227859106 -0.319240461177513 -0.191968103872774 0.698832388566743 1779097924.73382
 0.458517367015541 0.0358606451346777 -0.245434120341738 0.521308036723263 1779097924.75311
 0.381220044568562  0.262092588963339 -0.223007677405726 0.51356953935398 1779097924.77348
 0.353959867915623  0.449652723190244 -0.116817607225819 0.584056087139937 1779097924.79578
 0.168867968187122  0.993448686502474 -0.179458315063467 1.0235535991039 1779097924.81533
0.0578975722355656    1.1087004675093  -0.21072880411083 1.13003339968698 1779097924.83343
-0.0452809840639979    1.16450258491801  -0.237406730284876 1.1893185415956 1779097924.8517
-0.136974652335983   1.22020688700854 -0.310791425387918 1.26659315195539 1779097924.87244
-0.154483136951174   1.27035720378995 -0.264941361603112 1.30685362222072 1779097924.89519
-0.275187849616308   1.26843085590803  -0.19533918553815 1.312555745941 1779097924.91522
-0.298732927868039   1.13975196008768 -0.164890416009145 1.18973305493627 1779097924.93363
-0.336133084387105   1.03802517773099 -0.106450248224178 1.09627249138617 1779097924.95241
-0.398371768180024   1.00447206010129 -0.199988385631924 1.09893563942329 1779097924.97333
-0.402596502711229   1.00024058348966   -0.2205526155005 1.10054923790767 1779097924.99554
-0.479010344066413  0.833726043950938 -0.208324705553328 0.98384409792842 1779097925.0155
-0.533150799450139  0.663109113243792 -0.230691313067841 0.88157923804174 1779097925.03422
-0.577155516390771   0.61659357333071 -0.241707190262883 0.878475093897265 1779097925.05351
-0.568807677555414  0.652250194942993 -0.212698498889224 0.891186367870876 1779097925.07339
-0.543083533258753  0.689392203887513 -0.150541991754245 0.890429237030674 1779097925.09573
-0.485523223823886  0.728331992568582 -0.087255505565954 0.879666877586527 1779097925.11562
 -0.422848668847844   0.745290157754745 -0.0556330430822304 0.858692873776809 1779097925.1343
-0.372009289429465  0.786924434192088 0.0044980057965231 0.870437366274277 1779097925.15336
-0.347480599768366  0.890833426688244 0.0922982275132741 0.960648699641338 1779097925.17339
-0.291021371256362  0.924167749211047  0.144947243113184 0.97968830272483 1779097925.19553
-0.239262359979991  0.992906597841524  0.184897855804874 1.03792928758257 1779097925.21549
-0.158811816343264   1.03326411308982  0.152206962990169 1.05641984077934 1779097925.23446
-0.117919347930129   1.06580794250617  0.150764220863754 1.08285797462925 1779097925.25337
-0.163582225126327   1.11646210974061  0.158731438067562 1.13949219229213 1779097925.27337
-0.172367037516136   1.06321884902893  0.191147035002669 1.09392957065014 1779097925.2958
-0.278086762157261   1.00282262431159  0.172810666336784 1.05491657941188 1779097925.31543
-0.242115254430568   0.92297636124934  0.145175305799668 0.965184453494293 1779097925.33429
-0.222421722814022  0.896850125744247  0.167571494297913 0.93909093091578 1779097925.35345
-0.204984582511286  0.952450318843948  0.221362056296188 0.999090310683144 1779097925.37329
-0.202760917630256  0.893148571255439   0.28235052690145 0.958409192409704 1779097925.39531
-0.18646779546904  1.00112739039614 0.319256570068807 1.06721649541251 1779097925.41547
-0.0985950263886107    1.07593816413683   0.260683006298426 1.11144929801025 1779097925.43418
-0.0966759212754926    1.12538242480703    0.22220716456472 1.15117672831017 1779097925.4534
-0.098748204912082   1.19897662933199  0.227087469498068 1.22428137470955 1779097925.47337
-0.165925935389689   1.14184042225649  0.176827637057276 1.16730415023724 1779097925.49583
-0.179057237053025    1.1343218562889  0.157998967557595 1.15918559408968 1779097925.51557
-0.11399300923241  1.12564918973294  0.10023370755647 1.13583770875544 1779097925.53509
-0.141909154347151   1.06210469651026 0.0410487635132377 1.0723290518412 1779097925.55339
-0.163300138312425  0.982498439704402   0.12117235822841 1.00332091555647 1779097925.57343
-0.213691020160315  0.798769085959468  0.144852698582597 0.839451135604891 1779097925.59553
-0.222093376617358  0.745572447949386  0.207376214317702 0.805114052382195 1779097925.61549
-0.175666982619738  0.749099464002561  0.186377458801318 0.791672566722433 1779097925.63431
-0.179124852358682  0.755078804564315  0.160516876208021 0.792461596156165 1779097925.65351
-0.159556933368192  0.766630128391784  0.267881361847588 0.827611377863537 1779097925.67346
-0.188693024751081  0.796976552633106   0.30355247813036 0.873453370258393 1779097925.6955
-0.271336966677586  0.811535452573792  0.323073237669086 0.914652861564391 1779097925.71557
-0.242819741962055  0.855556523920793  0.284390200026738 0.933710971650862 1779097925.73415
-0.162311705507503  0.879062677198312  0.171237595085902 0.91017503490187 1779097925.75347
-0.13704462884781 0.822430336903376 0.175696856604971 0.852081143304968 1779097925.77329
-0.124969076823579  0.720542692370276  0.129939104585886 0.742753803484657 1779097925.79435
-0.0623827016398488   0.628646484820036   0.116476466616393 0.642382107172915 1779097925.81412
-0.00917951699113325    0.646018076951213    0.158975062449998 0.665354559434978 1779097925.83348
 0.128791033870761  0.643328647378708 0.0725234249524581 0.660089786400647 1779097925.8536
0.128022995725933  0.58706086365343  0.12946142820139 0.614646733058996 1779097925.87338
0.161207320869137 0.551222411608389 0.112296055801272 0.585187449890798 1779097925.89449
 0.135062426396265  0.481447325826515 0.0812841706199051 0.5065969827811 1779097925.91512
0.00794675841538739   0.466271924099652   0.109001466974619 0.478909154198918 1779097925.93361
0.0168548281391709  0.496349024030994 0.0447269643089316 0.49864510448255 1779097925.95363
-0.0120371140321421   0.471462198784473   0.039419538082775 0.473260390249989 1779097925.97336
-0.0681756563457237   0.418442952053782 -0.0078247992346089 0.424032606912152 1779097925.9933
-0.0761530393566329   0.347433558575965 -0.0288736133551285 0.356851577796978 1779097926.01537
  -0.190103928255421    0.274845344141786 -0.00547150389344175 0.334229567946068 1779097926.03414
 -0.188083190225192   0.264463218832634 -0.0375758588071617 0.32669255535702 1779097926.05417
  -0.184580594665243    0.117240193789504 -0.00516784789877724 0.218728063171328 1779097926.07343
  -0.14620759910533 0.00185797961303654  0.0122776932490923 0.146733962925787 1779097926.09322
 -0.105316147242085 -0.0785866881727704  0.0219560962271168 0.133226981461771 1779097926.11449
-0.0970002025073277  -0.128532637077163    0.06137120150237 0.172325571098188 1779097926.13374
-0.0487540566252216 -0.0993892823239109   0.029799451201522 0.11464377335987 1779097926.154
-0.0612942517252294  -0.239198706916915   0.035395468440604 0.249451089136548 1779097926.17338
-0.0424047037071269  -0.398559637513214  0.0494599322199028 0.403849264511341 1779097926.19321
 -0.026487685521754  -0.591732241325274 0.00858840892354902 0.592387038747447 1779097926.21502
-0.0499986966789925  -0.737692060322218  0.0683687168674008 0.742538704027023 1779097926.23412
 0.0183464642880738  -0.810058094968534 -0.0072722197008412 0.810298460541115 1779097926.25379
 0.0419122898878942  -0.943961076761039 -0.0192929933984625 0.945088024512944 1779097926.27332
0.0502450082607434  -1.21138715694345 0.0547599467319458 1.213664721671 1779097926.29334
0.0883413476843556  -1.38166501469919 0.0533102403058552 1.38551231978495 1779097926.3155
0.0925094222801947  -1.40571676389718 0.0995005249109242 1.41226696058844 1779097926.33524
 0.0974169135315958   -1.37669731705708 0.00295258065782425 1.38014284607309 1779097926.35373
   0.11173326193653   -1.33086447153547 -0.0348773298245935 1.33600186809527 1779097926.37348
0.0867857538499782  -1.24875591522125 0.0109135272591584 1.25181556466942 1779097926.39326
0.0804669297700422  -1.33918888371672 0.0134216747702617 1.3416713213044 1779097926.41558
 0.070112671931453  -1.31029482326517 0.0389142625188967 1.31274621708396 1779097926.43535
0.0153339443341753  -1.27981032743273 -0.088527399772184 1.28296013366072 1779097926.45579
-0.00936770576779279    -1.28670940032579   -0.103334739865084 1.29088609228742 1779097926.47328
-0.0573713395389714   -1.31908181120505  -0.117510255965836 1.3255477945022 1779097926.49317
